
[32m	*********Welcome to OpenHarmony!*********[0m

+++++++++++++++++++++++++++++++++++++++++++++++++++++++++
[32mSystem shell: bash 5.1.16(1)-release[0m
+++++++++++++++++++++++++++++++++++++++++++++++++++++++++
[32mCurrent time: 2026-08-04 09:54:35[0m
+++++++++++++++++++++++++++++++++++++++++++++++++++++++++
[32mBuild args: -p rk3568 --build-target third_party/sane-airscan:sane-airscan[0m
+++++++++++++++++++++++++++++++++++++++++++++++++++++++++
[OHOS INFO] Current Node.js version is v14.21.1
[32m[OHOS INFO] Node.js version check passed![0m
[OHOS INFO] Ohpm initialization started...
[OHOS INFO] Current ohpm version is 5.0.8
ohpm [33mWARN: [39m[33mYour "NodeJs" version is less than the recommended version "18.x.x", please upgrade it as soon as possible.[39m
ohpm [90mDEBUG: [39m[90mconfig set registry https://repo.harmonyos.com/ohpm/[39m
ohpm [90mDEBUG: [39m[90mstart to write trace data[39m
ohpm [90mDEBUG: [39m[90mstart to get key[39m
ohpm [90mDEBUG: [39m[90mstart to get root key[39m
ohpm [90mDEBUG: [39m[90mstart to get trace log dir[39m
ohpm [90mDEBUG: [39m[90mAudit failed, detail: the trace log file path is not exist! trace path: /root/Library/Caches/Huawei/DevEcoStudio5.0/TraceLogData[39m
ohpm [33mWARN: [39m[33mYour "NodeJs" version is less than the recommended version "18.x.x", please upgrade it as soon as possible.[39m
ohpm [90mDEBUG: [39m[90mconfig set strict_ssl false[39m
ohpm [90mDEBUG: [39m[90mstart to write trace data[39m
ohpm [90mDEBUG: [39m[90mstart to get key[39m
ohpm [90mDEBUG: [39m[90mstart to get root key[39m
ohpm [90mDEBUG: [39m[90mstart to get trace log dir[39m
ohpm [90mDEBUG: [39m[90mAudit failed, detail: the trace log file path is not exist! trace path: /root/Library/Caches/Huawei/DevEcoStudio5.0/TraceLogData[39m
ohpm [33mWARN: [39m[33mYour "NodeJs" version is less than the recommended version "18.x.x", please upgrade it as soon as possible.[39m
ohpm [90mDEBUG: [39m[90mconfig set log_level debug[39m
ohpm [90mDEBUG: [39m[90mstart to write trace data[39m
ohpm [90mDEBUG: [39m[90mstart to get key[39m
ohpm [90mDEBUG: [39m[90mstart to get root key[39m
ohpm [90mDEBUG: [39m[90mstart to get trace log dir[39m
ohpm [90mDEBUG: [39m[90mAudit failed, detail: the trace log file path is not exist! trace path: /root/Library/Caches/Huawei/DevEcoStudio5.0/TraceLogData[39m
[OHOS INFO] installing pnpm...
[OHOS INFO] installing hypium...
[32m[OHOS INFO] ohpm initialization successful![0m
+++++++++++++++++++++++++++++++++++++++++++++++++++++++++

[32m[OHOS INFO] Start building...[0m

[OHOS INFO]  Set cache size limit to 100.0 GB
[OHOS INFO] [PRELOAD] generated build prop info to /srv/workspace/openharmony_master_default_20260723175927_huawei_33e607913/code/out/preloader/rk3568/build.prop
[OHOS INFO] [PRELOAD] generated build config info to /srv/workspace/openharmony_master_default_20260723175927_huawei_33e607913/code/out/preloader/rk3568/build_config.json
[OHOS INFO] [PRELOAD] generated product parts info to /srv/workspace/openharmony_master_default_20260723175927_huawei_33e607913/code/out/preloader/rk3568/parts.json
[OHOS INFO] [PRELOAD] generated parts config info to /srv/workspace/openharmony_master_default_20260723175927_huawei_33e607913/code/out/preloader/rk3568/parts_config.json
[OHOS INFO] [PRELOAD] generated build gnargs prop info to /srv/workspace/openharmony_master_default_20260723175927_huawei_33e607913/code/out/preloader/rk3568/build_gnargs.prop
[OHOS INFO] [PRELOAD] generated features info to /srv/workspace/openharmony_master_default_20260723175927_huawei_33e607913/code/out/preloader/rk3568/features.json
[OHOS INFO] [PRELOAD] generated syscap info to /srv/workspace/openharmony_master_default_20260723175927_huawei_33e607913/code/out/preloader/rk3568/syscap.json
[OHOS INFO] [PRELOAD] generated exclusion modules info to /srv/workspace/openharmony_master_default_20260723175927_huawei_33e607913/code/out/preloader/rk3568/exclusion_modules.json
[OHOS INFO] [PRELOAD] generated dependency pruning info to /srv/workspace/openharmony_master_default_20260723175927_huawei_33e607913/code/out/preloader/rk3568/dependency_pruning.json
[OHOS INFO] [PRELOAD] generated platforms build info to /srv/workspace/openharmony_master_default_20260723175927_huawei_33e607913/code/out/preloader/rk3568/platforms.build
[OHOS INFO] [PRELOAD] generated subsystem config info to /srv/workspace/openharmony_master_default_20260723175927_huawei_33e607913/code/out/preloader/rk3568/subsystem_config.json
[OHOS INFO] [PRELOAD] generated system capability info to /srv/workspace/openharmony_master_default_20260723175927_huawei_33e607913/code/out/preloader/rk3568/systemcapability.json
[OHOS INFO] [PRELOAD] generated compile_standard_whitelist info to /srv/workspace/openharmony_master_default_20260723175927_huawei_33e607913/code/out/preloader/rk3568/compile_standard_whitelist.json
[OHOS INFO] [PRELOAD] generated compile_env_allowlist info to /srv/workspace/openharmony_master_default_20260723175927_huawei_33e607913/code/out/preloader/rk3568/compile_env_allowlist.json
[OHOS INFO] [PRELOAD] generated hvigor_compile_whitelist info to /srv/workspace/openharmony_master_default_20260723175927_huawei_33e607913/code/out/preloader/rk3568/hvigor_compile_hap_whitelist.json
[OHOS INFO]  The run time for _prebuild_and_preload is 0.01 s
[OHOS INFO] [LOAD] Checking all build args...
[OHOS INFO] [LOAD] subsytem config scan completed costed is 2.11 s
[93m[OHOS WARNING][0m [LOAD] condition target '//arkcompiler/ets_runtime/compiler_service:static_app_install_aot_enable_list.conf' in '/srv/workspace/openharmony_master_default_20260723175927_huawei_33e607913/code/arkcompiler/ets_runtime/bundle.json' does not exist in 'sub_component', 'modules', 'group_type', 'inner_kits', 'inner_api' or 'test'
warning: subsystem name config incorrect in '/srv/workspace/openharmony_master_default_20260723175927_huawei_33e607913/code/device/board/hihope/rk3568/ohos.build', build file subsystem name is rockchip_products,configured subsystem name is device_rk3568.
warning: subsystem name config incorrect in '/srv/workspace/openharmony_master_default_20260723175927_huawei_33e607913/code/vendor/hihope/rk3568/ohos.build', build file subsystem name is product_hihope,configured subsystem name is product_rk3568.
[OHOS INFO] [LOAD] all parts scan completed
[OHOS INFO] [LOAD] Loading configuration file...

[OHOS INFO] [LOAD] loader args:['platforms_config_file="/srv/workspace/openharmony_master_default_20260723175927_huawei_33e607913/code/out/preloader/rk3568/platforms.build"', 'subsystem_config_file="/srv/workspace/openharmony_master_default_20260723175927_huawei_33e607913/code/out/preloader/rk3568/subsystem_config.json"', 'example_subsystem_file=""', 'exclusion_modules_config_file="/srv/workspace/openharmony_master_default_20260723175927_huawei_33e607913/code/out/preloader/rk3568/exclusion_modules.json"', 'source_root_dir="/srv/workspace/openharmony_master_default_20260723175927_huawei_33e607913/code/"', 'gn_root_out_dir="out/rk3568"', 'build_platform_name=phone', 'build_xts=False', 'load_test_config=True', 'target_os=ohos', 'target_cpu=arm', 'os_level=standard', "ignore_api_check=['xts', 'common', 'testfwk']", 'scalable_build=False', 'skip_partlist_check=False', 'enable_scan_optimization=False']
[OHOS INFO] [LOAD] Checking parts config...
[OHOS INFO] [LOAD] generated subsystem build config to '/srv/workspace/openharmony_master_default_20260723175927_huawei_33e607913/code/out/rk3568/build_configs/subsystem_info/subsystem_build_config.json'
[OHOS INFO] [LOAD] generated src subsystem info to '/srv/workspace/openharmony_master_default_20260723175927_huawei_33e607913/code/out/rk3568/build_configs/subsystem_info/src_subsystem_info.json'
[OHOS INFO] [LOAD] generated no src subsystem info to '/srv/workspace/openharmony_master_default_20260723175927_huawei_33e607913/code/out/rk3568/build_configs/subsystem_info/no_src_subsystem_info.json'
[OHOS INFO] [LOAD] generate target platform parts to '/srv/workspace/openharmony_master_default_20260723175927_huawei_33e607913/code/out/rk3568/build_configs/target_platforms_parts.json'
[OHOS INFO] [LOAD] generated system capabilities to '/srv/workspace/openharmony_master_default_20260723175927_huawei_33e607913/code/out/rk3568/build_configs/phone_system_capabilities.json'
[OHOS INFO] [LOAD] generated platforms parts by src to '/srv/workspace/openharmony_master_default_20260723175927_huawei_33e607913/code/out/rk3568/build_configs/platforms_parts_by_src.json'
[OHOS INFO] [LOAD] generate required parts targets to '/srv/workspace/openharmony_master_default_20260723175927_huawei_33e607913/code/out/rk3568/build_configs/required_parts_targets.json'
[OHOS INFO] [LOAD] generate build targets list file to '/srv/workspace/openharmony_master_default_20260723175927_huawei_33e607913/code/out/rk3568/build_configs/required_parts_targets_list.json'
[OHOS INFO] [LOAD] generated parts src flag to '/srv/workspace/openharmony_master_default_20260723175927_huawei_33e607913/code/out/rk3568/build_configs/subsystem_info/parts_src_flag.json'
[OHOS INFO] [LOAD] generate auto install part to '/srv/workspace/openharmony_master_default_20260723175927_huawei_33e607913/code/out/rk3568/build_configs/auto_install_parts.json'
[OHOS INFO] [LOAD] generate platforms list to '/srv/workspace/openharmony_master_default_20260723175927_huawei_33e607913/code/out/rk3568/build_configs/platforms_list.gni'
[OHOS INFO] [LOAD] generate part different info to '/srv/workspace/openharmony_master_default_20260723175927_huawei_33e607913/code/out/rk3568/build_configs/parts_different_info.json'
[OHOS INFO] [LOAD] generate infos for testfwk to '/srv/workspace/openharmony_master_default_20260723175927_huawei_33e607913/code/out/rk3568/build_configs/infos_for_testfwk.json'
[OHOS INFO] [LOAD] Checking all product features...
[OHOS INFO] [LOAD] generate syscap info file to '/srv/workspace/openharmony_master_default_20260723175927_huawei_33e607913/code/out/preloader/rk3568/system/etc/SystemCapability.json'
[OHOS INFO] [LOAD] generate syscap info with part name list to '/srv/workspace/openharmony_master_default_20260723175927_huawei_33e607913/code/out/preloader/rk3568/system/etc/syscap.json'
[OHOS INFO] [LOAD] generate target syscap for init list to '/srv/workspace/openharmony_master_default_20260723175927_huawei_33e607913/code/out/preloader/rk3568/system/etc/param/syscap.para'

[OHOS INFO] [GN] Excuting gn command: /srv/workspace/openharmony_master_default_20260723175927_huawei_33e607913/code/prebuilts/build-tools/linux-x86/bin/gn gen --args="product_name=\"rk3568\" target_cpu=\"arm\" precise_branch=\"\" is_standard_system=true product_path=\"/srv/workspace/openharmony_master_default_20260723175927_huawei_33e607913/code/vendor/hihope/rk3568\" product_config_path=\"/srv/workspace/openharmony_master_default_20260723175927_huawei_33e607913/code/vendor/hihope/rk3568\" device_name=\"rk3568\" device_path=\"/srv/workspace/openharmony_master_default_20260723175927_huawei_33e607913/code/device/board/rockchip/rk3568\" device_company=\"rockchip\" device_config_path=\"/srv/workspace/openharmony_master_default_20260723175927_huawei_33e607913/code/device/board/rockchip/rk3568\" ohos_build_compiler_specified=\"\" ohos_build_time=1785779682537 ohos_build_datetime=\"2026-08-04 09:54:42\" ace_engine_feature_enable_accessibility=true ace_engine_feature_enable_web=true ace_engine_feature_enable_upgrade_skia=true os_account_multiple_active_accounts=false datamgr_service_udmf=true access_token_enhance_capability=false code_signature_support_oh_code_sign=false code_signature_support_oh_release_app=true code_signature_support_app_allow_list=false init_feature_ab_partition=true hiview_feature_bbox_userspace=true hiview_enable_leak_detector=true hiview_enable_performance_monitor=true t2stack_feature_vtp=true t2stack_feature_coap=true t2stack_feature_dfile=true dsoftbus_feature_coap=true dsoftbus_feature_vtp=true dsoftbus_feature_dfile=true dsoftbus_feature_disc_ble=true dsoftbus_feature_disc_coap=true dsoftbus_feature_disc_lnn_coap=true dsoftbus_feature_conn_pv1=true dsoftbus_feature_conn_br=true dsoftbus_feature_conn_ble=true dsoftbus_feature_conn_tcp_proxy=true dsoftbus_feature_conn_tcp_comm=true dsoftbus_feature_trans_udp_stream=true dsoftbus_feature_trans_udp_file=true dsoftbus_feature_trans_udp=true dsoftbus_feature_trans_proxy_file=true dsoftbus_feature_trans_qos=true dsoftbus_feature_trans_br_proxy=true dsoftbus_feature_lnn_ble=true dsoftbus_feature_lnn_wifi=true dsoftbus_feature_lnn_cloud_sync=true dsoftbus_feature_lnn_channel_rating=true dsoftbus_feature_lnn_lane_mgr=true dsoftbus_feature_lnn_lane_qos=true dsoftbus_feature_lnn_frame=true wifi_feature_non_seperate_p2p=true wifi_feature_non_hdf_driver=true wifi_feature_p2p_random_mac_addr=true fusion_connectivity_partner_agent_feature=true updater_feature_use_ptable=false updater_feature_updater_gen_executable=true updater_feature_sign_on_server=false sys_installer_feature_ohos_cfg=true graphic_2d_feature_rs_enable_eglimage=true graphic_2d_feature_use_texgine=true graphic_2d_feature_upgrade_skia=true audio_framework_feature_dtmf_tone=true audio_framework_feature_opensl_es=true audio_framework_feature_support_os_account=false audio_framework_feature_audiosuite_support=true audio_framework_feature_hdmi_detect_audio=true image_framework_feature_upgrade_skia=true input_feature_combination_key=true input_feature_pointer_drawing=true input_feature_interceptor=true input_feature_monitor=true input_feature_keyboard=true input_feature_mouse=true input_feature_touchscreen=true input_feature_input_device=true battery_manager_feature_enable_charger=true memmgr_purgeable_memory=true memmgr_hyperhold_memory=true usb_manager_feature_pop_up_func_switch_model=false usb_manager_feature_host=true usb_manager_feature_device=true usb_manager_feature_port=true device_status_interaction_coordination=false wpa_supplicant_driver_nl80211=true skia_feature_upgrade=true libuv_use_ffrt=true hdf_core_platform_test_support=false hdf_core_default_peripheral_config=false drivers_interface_display_community=true drivers_interface_display_vdi_default=true drivers_peripheral_input_feature_model=true drivers_peripheral_input_feature_support_ddk=true drivers_peripheral_display_community=true drivers_peripheral_display_vdi_default=true drivers_peripheral_wlan_feature_enable_HDF_NL80211=true drivers_peripheral_wlan_feature_enable_HDF_UT=false drivers_peripheral_wlan_feature_vendor=\"default\" drivers_peripheral_wlan_p2p_name=\"p2p-dev-wlan0\" drivers_peripheral_sensor_feature_model=true drivers_peripheral_audio_feature_full_test_suite=true drivers_peripheral_audio_feature_alsa_lib=false drivers_peripheral_audio_feature_effect=true drivers_peripheral_light_feature_model=true drivers_peripheral_vibrator_feature_model=true drivers_peripheral_codec_feature_support_omx_extend_test=true drivers_peripheral_codec_feature_support_hdi_v1=true smartperf_host_device=true drivers_interface_audio_community=true qrcodegen_feature_ace_engine_qrcode_able=true alsa_lib_feature_config_enable=true ohos_build_enable_ccache=true ohos_build_type=\"debug\" device_type=\"default\" build_variant=\"root\" ohos_components_checktype=4 ohos_interception_rule_switch=1023 root_perf_main=\"main\" runtime_mode=\"release\"" --args=product_name="rk3568" target_cpu="arm" precise_branch="" is_standard_system=true product_path="/srv/workspace/openharmony_master_default_20260723175927_huawei_33e607913/code/vendor/hihope/rk3568" product_config_path="/srv/workspace/openharmony_master_default_20260723175927_huawei_33e607913/code/vendor/hihope/rk3568" device_name="rk3568" device_path="/srv/workspace/openharmony_master_default_20260723175927_huawei_33e607913/code/device/board/rockchip/rk3568" device_company="rockchip" device_config_path="/srv/workspace/openharmony_master_default_20260723175927_huawei_33e607913/code/device/board/rockchip/rk3568" ohos_build_compiler_specified="" ohos_build_time=1785779682537 ohos_build_datetime="2026-08-04 09:54:42" ace_engine_feature_enable_accessibility=true ace_engine_feature_enable_web=true ace_engine_feature_enable_upgrade_skia=true os_account_multiple_active_accounts=false datamgr_service_udmf=true access_token_enhance_capability=false code_signature_support_oh_code_sign=false code_signature_support_oh_release_app=true code_signature_support_app_allow_list=false init_feature_ab_partition=true hiview_feature_bbox_userspace=true hiview_enable_leak_detector=true hiview_enable_performance_monitor=true t2stack_feature_vtp=true t2stack_feature_coap=true t2stack_feature_dfile=true dsoftbus_feature_coap=true dsoftbus_feature_vtp=true dsoftbus_feature_dfile=true dsoftbus_feature_disc_ble=true dsoftbus_feature_disc_coap=true dsoftbus_feature_disc_lnn_coap=true dsoftbus_feature_conn_pv1=true dsoftbus_feature_conn_br=true dsoftbus_feature_conn_ble=true dsoftbus_feature_conn_tcp_proxy=true dsoftbus_feature_conn_tcp_comm=true dsoftbus_feature_trans_udp_stream=true dsoftbus_feature_trans_udp_file=true dsoftbus_feature_trans_udp=true dsoftbus_feature_trans_proxy_file=true dsoftbus_feature_trans_qos=true dsoftbus_feature_trans_br_proxy=true dsoftbus_feature_lnn_ble=true dsoftbus_feature_lnn_wifi=true dsoftbus_feature_lnn_cloud_sync=true dsoftbus_feature_lnn_channel_rating=true dsoftbus_feature_lnn_lane_mgr=true dsoftbus_feature_lnn_lane_qos=true dsoftbus_feature_lnn_frame=true wifi_feature_non_seperate_p2p=true wifi_feature_non_hdf_driver=true wifi_feature_p2p_random_mac_addr=true fusion_connectivity_partner_agent_feature=true updater_feature_use_ptable=false updater_feature_updater_gen_executable=true updater_feature_sign_on_server=false sys_installer_feature_ohos_cfg=true graphic_2d_feature_rs_enable_eglimage=true graphic_2d_feature_use_texgine=true graphic_2d_feature_upgrade_skia=true audio_framework_feature_dtmf_tone=true audio_framework_feature_opensl_es=true audio_framework_feature_support_os_account=false audio_framework_feature_audiosuite_support=true audio_framework_feature_hdmi_detect_audio=true image_framework_feature_upgrade_skia=true input_feature_combination_key=true input_feature_pointer_drawing=true input_feature_interceptor=true input_feature_monitor=true input_feature_keyboard=true input_feature_mouse=true input_feature_touchscreen=true input_feature_input_device=true battery_manager_feature_enable_charger=true memmgr_purgeable_memory=true memmgr_hyperhold_memory=true usb_manager_feature_pop_up_func_switch_model=false usb_manager_feature_host=true usb_manager_feature_device=true usb_manager_feature_port=true device_status_interaction_coordination=false wpa_supplicant_driver_nl80211=true skia_feature_upgrade=true libuv_use_ffrt=true hdf_core_platform_test_support=false hdf_core_default_peripheral_config=false drivers_interface_display_community=true drivers_interface_display_vdi_default=true drivers_peripheral_input_feature_model=true drivers_peripheral_input_feature_support_ddk=true drivers_peripheral_display_community=true drivers_peripheral_display_vdi_default=true drivers_peripheral_wlan_feature_enable_HDF_NL80211=true drivers_peripheral_wlan_feature_enable_HDF_UT=false drivers_peripheral_wlan_feature_vendor="default" drivers_peripheral_wlan_p2p_name="p2p-dev-wlan0" drivers_peripheral_sensor_feature_model=true drivers_peripheral_audio_feature_full_test_suite=true drivers_peripheral_audio_feature_alsa_lib=false drivers_peripheral_audio_feature_effect=true drivers_peripheral_light_feature_model=true drivers_peripheral_vibrator_feature_model=true drivers_peripheral_codec_feature_support_omx_extend_test=true drivers_peripheral_codec_feature_support_hdi_v1=true smartperf_host_device=true drivers_interface_audio_community=true qrcodegen_feature_ace_engine_qrcode_able=true alsa_lib_feature_config_enable=true ohos_build_enable_ccache=true ohos_build_type="debug" device_type="default" build_variant="root" ohos_components_checktype=4 ohos_interception_rule_switch=1023 root_perf_main="main" runtime_mode="release" /srv/workspace/openharmony_master_default_20260723175927_huawei_33e607913/code/out/rk3568
[OHOS INFO] [GN] root_out_dir=//out/rk3568
[OHOS INFO] [GN] root_build_dir=//out/rk3568
[OHOS INFO] [GN] root_gen_dir=//out/rk3568/gen
[OHOS INFO] [GN] current_toolchain=//build/toolchain/ohos:ohos_clang_arm
[OHOS INFO] [GN] host_toolchain=//build/toolchain/linux:clang_x64
[OHOS INFO] [GN] current_cpu = arm
[OHOS INFO] [GN] current_os = ohos
[OHOS INFO] [GN] host_os = linux
[OHOS INFO] [GN] is_mingw = false
[OHOS INFO] [GN] ffmpeg selected cplatform
[OHOS INFO] [GN] Support dsoftbus.
[OHOS INFO] [GN] support hearing aid
[OHOS INFO] [GN] Msdp motion ability is disabled.
[OHOS INFO] [GN] partitionslot_interface_service
[OHOS INFO] [GN] light_service
[OHOS INFO] [GN] audio_service
[OHOS INFO] [GN] effect_host
[OHOS INFO] [GN] audio_service
[OHOS INFO] [GN] nearlink_hci
[OHOS INFO] [GN] off_find
[OHOS INFO] [GN] nearlink_hci
[OHOS INFO] [GN] usbd
[OHOS INFO] [GN] usbd
[OHOS INFO] [GN] serial
[OHOS INFO] [GN] usbd
[OHOS INFO] [GN] usbfn_mtp
[OHOS INFO] [GN] usb_ddk
[OHOS INFO] [GN] usbd
[OHOS INFO] [GN] usb_ddk
[OHOS INFO] [GN] usbd
[OHOS INFO] [GN] usb_ddk
[OHOS INFO] [GN] usb_serial_ddk
[OHOS INFO] [GN] scsi_ddk
[OHOS INFO] [GN] default_toolchain =  //build/toolchain/ohos:ohos_clang_arm
[OHOS INFO] [GN] current_toolchain =  //build/toolchain/ohos:ohos_clang_arm
[OHOS INFO] [GN] host_toolchain =  //build/toolchain/linux:clang_x64
[OHOS INFO] [GN] root_out_dir =  //out/rk3568
[OHOS INFO] [GN] root_output_dir_proto =  out/rk3568/clang_x64
[OHOS INFO] [GN] memory_tracker_interface_service
[OHOS INFO] [GN] Cares install
[OHOS INFO] [GN] location_agnss
[OHOS INFO] [GN] location_agnss
[OHOS INFO] [GN] av_codec_enable_start_stop_on_demand = false
[OHOS INFO] [GN] av_codec_support_fcodec = true
[OHOS INFO] [GN] av_codec_support_avc_encoder = true
[OHOS INFO] [GN] av_codec_support_hevc_decoder = true
[OHOS INFO] [GN] av_codec_support_hcodec = true
[OHOS INFO] [GN] av_codec_support_vp8_decoder = false
[OHOS INFO] [GN] av_codec_support_vp9_decoder = false
[OHOS INFO] [GN] av_codec_support_av1_decoder = false
[OHOS INFO] [GN] hisysevent_usage = false
[OHOS INFO] [GN] ans_hitrace_usage = true
[OHOS INFO] [GN] distributed_camera_provider_service
[OHOS INFO] [GN] drivers_peripheral_pin_auth
[OHOS INFO] [GN] daudio
[OHOS INFO] [GN] daudio
[OHOS INFO] [GN] daudioext
[OHOS INFO] [GN] daudioext
[OHOS INFO] [GN] wpa_supplicant_vendor_ext = false
[OHOS INFO] [GN] wpa_supplicant_wapi = false
[OHOS INFO] [GN] native_media_venc: FAST_KIT_ENABLED=false
[OHOS INFO] [GN] midi
[OHOS INFO] [GN] input_feature_combination_key = true
[OHOS INFO] [GN] input_feature_pointer_drawing = true
[OHOS INFO] [GN] input_feature_monitor = true
[OHOS INFO] [GN] input_feature_interceptor = true
[OHOS INFO] [GN] input_feature_keyboard = true
[OHOS INFO] [GN] input_feature_switch = true
[OHOS INFO] [GN] input_feature_mouse = true
[OHOS INFO] [GN] input_feature_joystick = true
[OHOS INFO] [GN] input_feature_touchscreen = true
[OHOS INFO] [GN] input_feature_input_device = true
[OHOS INFO] [GN] input_feature_short_key = true
[OHOS INFO] [GN] input_ext_feature_keyboard_ext_flag = false
[OHOS INFO] [GN] input_feature_one_hand_mode_enable = false
[OHOS INFO] [GN] input_feature_move_event_filters = false
[OHOS INFO] [GN] input_feature_external_screen = true
[OHOS INFO] [GN] input_feature_touchpad = true
[OHOS INFO] [GN] input_feature_pen = true
[OHOS INFO] [GN] input_feature_touch_gesture = true
[OHOS INFO] [GN] input_controller_inject_enable = false
[OHOS INFO] [GN] miscdevice_feature_vibrator_custom = true
[OHOS INFO] [GN] ethernet_service
[OHOS INFO] [GN] bundle_framework_power_mgr_enable = true
[OHOS INFO] [GN] bundle_framework_graphics = true
[OHOS INFO] [GN] bundle_framework_free_install = true
[OHOS INFO] [GN] bundle_framework_default_app = true
[OHOS INFO] [GN] bundle_framework_launcher = true
[OHOS INFO] [GN] bundle_framework_sandbox_app = true
[OHOS INFO] [GN] bundle_framework_quick_fix = true
[OHOS INFO] [GN] bundle_framework_app_control = true
[OHOS INFO] [GN] distributed_bundle_framework = true
[OHOS INFO] [GN] ability_runtime_enable = true
[OHOS INFO] [GN] account_enable = true
[OHOS INFO] [GN] configpolicy_enable = true
[OHOS INFO] [GN] global_resmgr_enable = true
[OHOS INFO] [GN] hicollie_enable = true
[OHOS INFO] [GN] support_jsapi = true
[OHOS INFO] [GN] hisysevent_enable = true
[OHOS INFO] [GN] bundle_framework_overlay_install = true
[OHOS INFO] [GN] bundle_framework_bundle_resource = true
[OHOS INFO] [GN] verify_abc_enabled = true
[OHOS INFO] [GN] user_auth_framework_impl_enabled = true
[OHOS INFO] [GN] bundle_framework_bss_enable = false
[OHOS INFO] [GN] bundle_framework_npapi_enable = false
[OHOS INFO] [GN] bms_accesscontrol_sandbox_manager = true
[OHOS INFO] [GN] accessibility_feature_display_manager = true
[OHOS INFO] [GN] accessibility_feature_power_manager = true
[OHOS INFO] [GN] accessibility_use_rosen_drawing = true
[OHOS INFO] [GN] accessibility_feature_data_share = true
[OHOS INFO] [GN] accessibility_feature_hiviewdfx_hitrace = true
[OHOS INFO] [GN] accessibility_feature_hiviewdfx_hisysevent = true
[OHOS INFO] [GN] power_interface_service
[OHOS INFO] [GN] power_interface_service
[OHOS INFO] [GN] power_interface_service
[OHOS INFO] [GN] Debug info gen_utils_abc file path:  //out/rk3568/obj/commonlibrary/ets_utils/js_concurrent_module/utils/utils.abc
[OHOS INFO] [GN] ["OS_ACCOUNT_EDM_ENABLE"]
[OHOS INFO] [GN] location_gnss
[OHOS INFO] [GN] backends_action is exec
[OHOS INFO] [GN] nnrt
[OHOS INFO] [GN] nnrt
[OHOS INFO] [GN] nnrt
[OHOS INFO] [GN] has_hisysevent_part = true
[OHOS INFO] [GN] event ces_hitrace_usage = true
[OHOS INFO] [GN] vibrator_service
[OHOS INFO] [GN] drivers_peripheral_fingerprint_auth
[OHOS INFO] [GN] intell_voice_engine_service
[OHOS INFO] [GN] intell_voice_engine_service
[OHOS INFO] [GN] intell_voice_engine_service
[OHOS INFO] [GN] intell_voice_trigger_service
[OHOS INFO] [GN] intell_voice_engine_service
[OHOS INFO] [GN] intell_voice_trigger_service
[OHOS INFO] [GN] intell_voice_trigger_service
[OHOS INFO] [GN] E2FSPROGS_DIR is /srv/workspace/openharmony_master_default_20260723175927_huawei_33e607913/code/out/rk3568/gen/third_party/e2fsprogs/e2fsprogs
[OHOS INFO] [GN] distributed_bundle_framework_graphics = true
[OHOS INFO] [GN] ability_runtime_enable_dbms = true
[OHOS INFO] [GN] account_enable_dbms = true
[OHOS INFO] [GN] distributed_bundle_framework_enable = true
[OHOS INFO] [GN] hisysevent_enable_dbms = true
[OHOS INFO] [GN] distributed_bundle_image_framework_enable = true
[OHOS INFO] [GN] display_buffer
[OHOS INFO] [GN] display_buffer
[OHOS INFO] [GN] display_composer
[OHOS INFO] [GN] display_composer
[OHOS INFO] [GN] display_commontype
[OHOS INFO] [GN] display_composer
[OHOS INFO] [GN] display_commontype
[OHOS INFO] [GN] display_buffer
[OHOS INFO] [GN] display_buffer
[OHOS INFO] [GN] display_composer
[OHOS INFO] [GN] display_buffer
[OHOS INFO] [GN] display_commontype
[OHOS INFO] [GN] display_composer
[OHOS INFO] [GN] display_commontype
[OHOS INFO] [GN] display_composer
[OHOS INFO] [GN] display_commontype
[OHOS INFO] [GN] display_commontype
[OHOS INFO] [GN] openssl detecting os now...
[OHOS INFO] [GN] current_cpu = arm
[OHOS INFO] [GN] current_os = ohos
[OHOS INFO] [GN] host_os = linux
[OHOS INFO] [GN] is_mingw = false
[OHOS INFO] [GN] openssl selected linux-armv4
[OHOS INFO] [GN] openssl detecting os done. openssl_selected_platform = linux-armv4
[OHOS INFO] [GN] output_values: ["//out/rk3568/gen/domains/game/game_controller_framework/frameworks/native/igame_controller_server_interface.h", "//out/rk3568/gen/domains/game/game_controller_framework/frameworks/native/game_controller_server_interface_proxy.cpp", "//out/rk3568/gen/domains/game/game_controller_framework/frameworks/native/game_controller_server_interface_stub.cpp", "//out/rk3568/gen/domains/game/game_controller_framework/frameworks/native/game_controller_server_interface_proxy.h", "//out/rk3568/gen/domains/game/game_controller_framework/frameworks/native/game_controller_server_interface_stub.h"]
[OHOS INFO] [GN] ril_service
[OHOS INFO] [GN] ril_service
[OHOS INFO] [GN] ril_service
[OHOS INFO] [GN] ril_service
[OHOS INFO] [GN] ril_service
[OHOS INFO] [GN] low_power_player_service
[OHOS INFO] [GN] wlan_service
[OHOS INFO] [GN] wlan_service
[OHOS INFO] [GN] wlan_service
[OHOS INFO] [GN] wpa_service
[OHOS INFO] [GN] chip
[OHOS INFO] [GN] chip
[OHOS INFO] [GN] hostapd_service
[OHOS INFO] [GN] input_service
[OHOS INFO] [GN] hid_ddk
[OHOS INFO] [GN] hid_ddk
[OHOS INFO] [GN] sensor_service
[OHOS INFO] [GN] sensor_service
[OHOS INFO] [GN] sensor_convert_service
[OHOS INFO] [GN] ["--haptobin", "../../developtools/packing_tool/adapter/ohos", "--haptobinOutput", "obj/developtools/packing_tool/jar/haptobin_tool.jar", "--unpackOutput", "obj/developtools/packing_tool/jar/app_unpacking_tool.jar", "--packOutput", "obj/developtools/packing_tool/jar/app_packing_tool.jar", "--outpath", "obj/developtools/packing_tool/jar", "--checkOutput", "obj/developtools/packing_tool/jar/app_check_tool.jar", "--toolchain", "//build/toolchain/ohos:ohos_clang_arm", "--compileTarget", "image"]
[OHOS INFO] [GN] Reading plugin sources: ets (//build/toolchain/ohos:ohos_clang_arm)
[OHOS INFO] [GN] bluetooth_hci
[OHOS INFO] [GN] bluetooth_a2dp
[OHOS INFO] [GN] bluetooth_lp_ble
[OHOS INFO] [GN] thermal_interface_service
[OHOS INFO] [GN] ************libhilog_base use_musl ***************
[OHOS INFO] [GN] codec_service
[OHOS INFO] [GN] ########## ets_runtime disable cmc-gc ##############
[OHOS INFO] [GN] codec_service
[OHOS INFO] [GN] codec_service
[OHOS INFO] [GN] drivers_peripheral_face_auth
[OHOS INFO] [GN] rk3568_group in
[OHOS INFO] [GN] battery_interface_service
[OHOS INFO] [GN] //out/rk3568/obj/foundation/arkui/advanced_ui_component/customappbar/atomicservicemenubar/atomicservicemenubar.abc
[OHOS INFO] [GN] drivers_peripheral_huks
[OHOS INFO] [GN] drivers_peripheral_huks
[OHOS INFO] [GN] current_cpu = arm
[OHOS INFO] [GN] current_os = ohos
[OHOS INFO] [GN] host_os = linux
[OHOS INFO] [GN] openhitls detecting os done, openhitls_selected_platform = 
[OHOS INFO] [GN] Build curl is_cares_on: true
[OHOS INFO] [GN] Build curl support_gmssl: true
[OHOS INFO] [GN] account_enable_bm = true
[OHOS INFO] [GN] overlay_install_bm = true
[OHOS INFO] [GN] quick_fix_bm = true
[OHOS INFO] [GN] distributed_bundle_framework_bm = true
[OHOS INFO] [GN] libunwind_action is exec
[OHOS INFO] [GN] drivers_peripheral_user_auth
[OHOS INFO] [GN] drivers_peripheral_user_auth
[OHOS INFO] [GN] location_geofence
[OHOS INFO] [GN] location_geofence
[OHOS INFO] [GN] motion_service
[OHOS INFO] [GN] time_system_ability_static output_values: ["//out/rk3568/gen/base/time/time_service/services/itime_service.h", "//out/rk3568/gen/base/time/time_service/services/time_service_proxy.cpp", "//out/rk3568/gen/base/time/time_service/services/time_service_stub.cpp", "//out/rk3568/gen/base/time/time_service/services/time_service_proxy.h", "//out/rk3568/gen/base/time/time_service/services/time_service_stub.h", "//out/rk3568/gen/base/time/time_service/services/itimer_callback.h", "//out/rk3568/gen/base/time/time_service/services/timer_callback_proxy.cpp", "//out/rk3568/gen/base/time/time_service/services/timer_callback_stub.cpp", "//out/rk3568/gen/base/time/time_service/services/timer_callback_proxy.h", "//out/rk3568/gen/base/time/time_service/services/timer_callback_stub.h"]
[OHOS INFO] [GN] motion_service
[OHOS INFO] [GN] cups_action is exec
[OHOS INFO] [GN] drm_interface_service
[OHOS INFO] [GN] drm_interface_service
[OHOS INFO] [GN] window_manager_use_sceneboard = false
[OHOS INFO] [GN] window_manager_feature_subscribe_motion = false
[OHOS INFO] [GN] window_scene_common imf_enable:  true
[OHOS INFO] [GN] imf_enable:  true
[OHOS INFO] [GN] window manager fold ability is enabled.
[OHOS INFO] [GN] window manager active mode ability is enabled.
[OHOS INFO] [GN] window manager screen color gamut ability is enabled.
[OHOS INFO] [GN] window manager screen hdr format ability is enabled.
[OHOS INFO] [GN] window manager screen color space ability is enabled.
[OHOS INFO] [GN] window manager screen multi screen ability is enabled.
[OHOS INFO] [GN] window manager screen multi screen frame ctl ability is enabled.
[OHOS INFO] [GN] window manager screen camera mode ability is enabled.
[OHOS INFO] [GN] window manager screen multi usr ability is enabled.
[OHOS INFO] [GN] window manager screen lock manager ability is enabled.
[OHOS INFO] [GN] imf_enable:  true
[OHOS INFO] [GN] imf_enable:  true
[OHOS INFO] [GN] imf_enable:  true
[OHOS INFO] [GN] imf_enable:  true
[OHOS INFO] [GN] imf_enable:  true
[OHOS INFO] [GN] imf_enable:  true
[OHOS INFO] [GN] camera_service
[OHOS INFO] [GN] camera_service
[OHOS INFO] [GN] camera_service
[OHOS INFO] [GN] camera_service
[OHOS INFO] [GN] camera_service
[OHOS INFO] [GN] camera_service
[OHOS INFO] [GN] camera_service
[OHOS INFO] [GN] camera_service
[OHOS INFO] [GN] Set module_install_dir or relative_install_dir field in the //foundation/distributeddatamgr/data_share/test/unittest/native/resource/datashare_ext_bundle:datashare_ext(//build/toolchain/ohos:ohos_clang_arm). Do not install the module to app.
[OHOS INFO] [GN] Set module_install_dir or relative_install_dir field in the //foundation/distributeddatamgr/data_share/test/unittest/native/resource/errorcode_ext_bundle:errorcode_ext(//build/toolchain/ohos:ohos_clang_arm). Do not install the module to app.
[OHOS INFO] [GN] Set module_install_dir or relative_install_dir field in the //foundation/distributeddatamgr/data_share/test/unittest/native/resource/datashare_proxy_bundle:proxydatas_with_permission(//build/toolchain/ohos:ohos_clang_arm). Do not install the module to app.
[OHOS INFO] [GN] Set module_install_dir or relative_install_dir field in the //foundation/distributeddatamgr/data_share/test/native/resource/datashareproxy_bundle:proxydatas_with_permission_native(//build/toolchain/ohos:ohos_clang_arm). Do not install the module to app.
[OHOS INFO] [GN] Set module_install_dir or relative_install_dir field in the //foundation/distributeddatamgr/data_share/test/native/resource/datashare_ext_bundle:datashare_ext_native(//build/toolchain/ohos:ohos_clang_arm). Do not install the module to app.
[OHOS INFO] [GN] Set module_install_dir or relative_install_dir field in the //foundation/distributeddatamgr/data_share/test/native/resource/errorcode_ext_bundle:errorcode_ext_native(//build/toolchain/ohos:ohos_clang_arm). Do not install the module to app.
[OHOS INFO] [GN] target_out_dir //out/rk3568/obj/arkcompiler/runtime_core/libark_defect_scan_aux/tests/unittest
[OHOS INFO] [GN] target_dir /srv/workspace/openharmony_master_default_20260723175927_huawei_33e607913/code/out/rk3568/obj/arkcompiler/runtime_core/libark_defect_scan_aux/tests/unittest
[OHOS INFO] [GN] test_abc_dir /srv/workspace/openharmony_master_default_20260723175927_huawei_33e607913/code/out/rk3568/obj/arkcompiler/runtime_core/libark_defect_scan_aux/tests/unittest
[OHOS INFO] [GN] target_out_dir //out/rk3568/clang_x64/obj/arkcompiler/runtime_core/libark_defect_scan_aux/tests/unittest
[OHOS INFO] [GN] target_dir /srv/workspace/openharmony_master_default_20260723175927_huawei_33e607913/code/out/rk3568/clang_x64/obj/arkcompiler/runtime_core/libark_defect_scan_aux/tests/unittest
[OHOS INFO] [GN] test_abc_dir /srv/workspace/openharmony_master_default_20260723175927_huawei_33e607913/code/out/rk3568/clang_x64/obj/arkcompiler/runtime_core/libark_defect_scan_aux/tests/unittest
[OHOS INFO] [GN] Reading plugin sources: ets (//build/toolchain/linux:clang_x64)
[OHOS INFO] [GN] ########## ets_runtime disable cmc-gc ##############
[OHOS INFO] [GN] Set module_install_dir or relative_install_dir field in the //foundation/systemabilitymgr/selectionfwk/test/unittest/PerformanceTest:performanceTest(//build/toolchain/ohos:ohos_clang_arm). Do not install the module to app.
[OHOS INFO] [GN] include_dirs= ["//out/rk3568/gen/foundation/multimedia/audio_framework/services/audio_service/idl", "//foundation/multimedia/audio_framework/services/audio_service/idl/"]
[OHOS INFO] [GN] target_gen_dir= //out/rk3568/gen/foundation/multimedia/audio_framework/services/audio_service/idl
[OHOS INFO] [GN] histreamer plugin: ffmpeg_adapter = true
[OHOS INFO] [GN] histreamer plugin: wav_demuxer = false
[OHOS INFO] [GN] histreamer plugin: hdi_adapter = false
[OHOS INFO] [GN] histreamer plugin: file_source = false
[OHOS INFO] [GN] histreamer plugin: file_fd_source = false
[OHOS INFO] [GN] histreamer plugin: std_stream_source = false
[OHOS INFO] [GN] histreamer plugin: http_source = false
[OHOS INFO] [GN] histreamer plugin: stream_source = false
[OHOS INFO] [GN] histreamer plugin: audio_server_sink = false
[OHOS INFO] [GN] histreamer plugin: lite_aac_decoder = false
[OHOS INFO] [GN] histreamer plugin: std_video_surface_sink = false
[OHOS INFO] [GN] histreamer plugin: std_video_capture = false
[OHOS INFO] [GN] histreamer plugin: file_fd_sink = false
[OHOS INFO] [GN] histreamer plugin: codec_adapter = true
[OHOS INFO] [GN] imf_enable:  true
[OHOS INFO] [GN] E2FSPROGS_DIR is /srv/workspace/openharmony_master_default_20260723175927_huawei_33e607913/code/out/rk3568/clang_x64/gen/third_party/e2fsprogs/e2fsprogs
[OHOS INFO] [GN] ************libhilog_base use_musl ***************
[OHOS INFO] [GN] Set module_install_dir or relative_install_dir field in the //foundation/bundlemanager/bundle_framework/test/sceneProject/unittest/test_bundle/resourceManagerTest:resourceManagerTest(//build/toolchain/ohos:ohos_clang_arm). Do not install the module to app.
[OHOS INFO] [GN] Set module_install_dir or relative_install_dir field in the //foundation/ability/ability_runtime/test/moduletest/ui_extension_ability_test/ui_extension_user_bundle:ui_extension_user_hap(//build/toolchain/ohos:ohos_clang_arm). Do not install the module to app.
[OHOS INFO] [GN] Set module_install_dir or relative_install_dir field in the //foundation/ability/ability_runtime/test/moduletest/ui_extension_ability_test/ui_extension_provider_bundle:ui_extension_provider_hap(//build/toolchain/ohos:ohos_clang_arm). Do not install the module to app.
[OHOS INFO] [GN] Set module_install_dir or relative_install_dir field in the //foundation/ability/ability_runtime/tools/test/resource/aa/serviceAbilityBundleForStart:serviceAbilityBundleForStart(//build/toolchain/ohos:ohos_clang_arm). Do not install the module to app.
[OHOS INFO] [GN] Set module_install_dir or relative_install_dir field in the //foundation/ability/ability_runtime/tools/test/resource/aa/pageAbilityBundleForStart:pageAbilityBundleForStart(//build/toolchain/ohos:ohos_clang_arm). Do not install the module to app.
[OHOS INFO] [GN] Set module_install_dir or relative_install_dir field in the //foundation/ability/ability_runtime/tools/test/resource/aa/serviceAbilityBundleForStop:serviceAbilityBundleForStop(//build/toolchain/ohos:ohos_clang_arm). Do not install the module to app.
[OHOS INFO] [GN] Set module_install_dir or relative_install_dir field in the //foundation/ability/ability_runtime/tools/test/resource/aa/pageAbilityBundleForDump:pageAbilityBundleForDump(//build/toolchain/ohos:ohos_clang_arm). Do not install the module to app.
[OHOS INFO] [GN] Set module_install_dir or relative_install_dir field in the //foundation/ability/ability_runtime/tools/test/resource/aa/dataAbilityBundleForDump:dataAbilityBundleForDump(//build/toolchain/ohos:ohos_clang_arm). Do not install the module to app.
[OHOS INFO] [GN] ########## ets_runtime disable cmc-gc ##############
[OHOS INFO] [GN] ************libhilog_base use_musl ***************
[OHOS INFO] [GN] Set module_install_dir or relative_install_dir field in the //foundation/bundlemanager/bundle_tool/test/sceneProject/tools/bm/test_app_one:test_app_one(//build/toolchain/ohos:ohos_clang_arm). Do not install the module to app.
[OHOS INFO] [GN] openssl detecting os now...
[OHOS INFO] [GN] current_cpu = x64
[OHOS INFO] [GN] current_os = linux
[OHOS INFO] [GN] host_os = linux
[OHOS INFO] [GN] is_mingw = false
[OHOS INFO] [GN] openssl selected linux-x86_64
[OHOS INFO] [GN] openssl detecting os done. openssl_selected_platform = linux-x86_64
[OHOS INFO] [GN] Set module_install_dir or relative_install_dir field in the //foundation/bundlemanager/bundle_framework/test/sceneProject/benchmark/benchmarktesthap:benchmarktesthap(//build/toolchain/ohos:ohos_clang_arm). Do not install the module to app.
[OHOS INFO] [GN] Set module_install_dir or relative_install_dir field in the //foundation/bundlemanager/bundle_framework/test/sceneProject/moduletest/other_bundle/bmsThirdBundle2:mstbmsThirdBundle2(//build/toolchain/ohos:ohos_clang_arm). Do not install the module to app.
[OHOS INFO] [GN] Set module_install_dir or relative_install_dir field in the //foundation/bundlemanager/bundle_framework/test/sceneProject/moduletest/other_bundle/bmsThirdBundle14:mstbmsThirdBundle14(//build/toolchain/ohos:ohos_clang_arm). Do not install the module to app.
[OHOS INFO] [GN] Set module_install_dir or relative_install_dir field in the //foundation/bundlemanager/bundle_framework/test/sceneProject/moduletest/other_bundle/bmsThirdBundle1:mstbmsThirdBundle1(//build/toolchain/ohos:ohos_clang_arm). Do not install the module to app.
[OHOS INFO] [GN] Set module_install_dir or relative_install_dir field in the //foundation/bundlemanager/bundle_framework/test/sceneProject/unittest/test_bundle/bmsThirdBundle1:bmsThirdBundle1(//build/toolchain/ohos:ohos_clang_arm). Do not install the module to app.
[OHOS INFO] [GN] Set module_install_dir or relative_install_dir field in the //foundation/bundlemanager/bundle_framework/test/sceneProject/unittest/test_bundle/defaultAppTest:defaultAppTest(//build/toolchain/ohos:ohos_clang_arm). Do not install the module to app.
[OHOS INFO] [GN] Set module_install_dir or relative_install_dir field in the //foundation/bundlemanager/bundle_framework/test/sceneProject/unittest/permission_bundle/bmsGrantPermission1:bmsGrantPermission1(//build/toolchain/ohos:ohos_clang_arm). Do not install the module to app.
[OHOS INFO] [GN] Set module_install_dir or relative_install_dir field in the //foundation/bundlemanager/bundle_framework/test/sceneProject/unittest/permission_bundle/bmsGrantPermission4:bmsGrantPermission4(//build/toolchain/ohos:ohos_clang_arm). Do not install the module to app.
[OHOS INFO] [GN] Set module_install_dir or relative_install_dir field in the //foundation/bundlemanager/bundle_framework/test/sceneProject/unittest/test_bundle/wrong_bundle_name:wrong_bundle_name(//build/toolchain/ohos:ohos_clang_arm). Do not install the module to app.
[OHOS INFO] [GN] Set module_install_dir or relative_install_dir field in the //foundation/bundlemanager/bundle_framework/test/sceneProject/unittest/permission_bundle/bmsGrantPermission7:bmsGrantPermission7(//build/toolchain/ohos:ohos_clang_arm). Do not install the module to app.
[OHOS INFO] [GN] Set module_install_dir or relative_install_dir field in the //foundation/bundlemanager/bundle_framework/test/sceneProject/unittest/permission_bundle/bmsGrantPermission6:bmsGrantPermission6(//build/toolchain/ohos:ohos_clang_arm). Do not install the module to app.
[OHOS INFO] [GN] Set module_install_dir or relative_install_dir field in the //foundation/bundlemanager/bundle_framework/test/sceneProject/unittest/permission_bundle/bmsGrantPermission3:bmsGrantPermission3(//build/toolchain/ohos:ohos_clang_arm). Do not install the module to app.
[OHOS INFO] [GN] Set module_install_dir or relative_install_dir field in the //foundation/bundlemanager/bundle_framework/test/sceneProject/unittest/test_bundle/first_right:first_right(//build/toolchain/ohos:ohos_clang_arm). Do not install the module to app.
[OHOS INFO] [GN] Set module_install_dir or relative_install_dir field in the //foundation/bundlemanager/bundle_framework/test/sceneProject/unittest/test_bundle/bmsAccessTokentest1:bmsAccessTokentest1(//build/toolchain/ohos:ohos_clang_arm). Do not install the module to app.
[OHOS INFO] [GN] Set module_install_dir or relative_install_dir field in the //foundation/bundlemanager/bundle_framework/test/sceneProject/unittest/test_bundle/bmsThirdBundle2:bmsThirdBundle2(//build/toolchain/ohos:ohos_clang_arm). Do not install the module to app.
[OHOS INFO] [GN] Set module_install_dir or relative_install_dir field in the //foundation/bundlemanager/bundle_framework/test/sceneProject/unittest/test_bundle/bmsAccessTokentest3:bmsAccessTokentest3(//build/toolchain/ohos:ohos_clang_arm). Do not install the module to app.
[OHOS INFO] [GN] Set module_install_dir or relative_install_dir field in the //foundation/bundlemanager/bundle_framework/test/sceneProject/unittest/test_bundle/thumbnailTest:thumbnailTest(//build/toolchain/ohos:ohos_clang_arm). Do not install the module to app.
[OHOS INFO] [GN] Set module_install_dir or relative_install_dir field in the //foundation/bundlemanager/bundle_framework/test/sceneProject/unittest/test_bundle/thumbnailTest2:thumbnailTest2(//build/toolchain/ohos:ohos_clang_arm). Do not install the module to app.
[OHOS INFO] [GN] Set module_install_dir or relative_install_dir field in the //foundation/bundlemanager/bundle_framework/test/sceneProject/unittest/bundle_so/compressNativeLibsTrue:compressNativeLibsTrue01(//build/toolchain/ohos:ohos_clang_arm). Do not install the module to app.
[OHOS INFO] [GN] Set module_install_dir or relative_install_dir field in the //foundation/bundlemanager/bundle_framework/test/sceneProject/unittest/test_bundle/sandboxTest:sandboxTest(//build/toolchain/ohos:ohos_clang_arm). Do not install the module to app.
[OHOS INFO] [GN] Set module_install_dir or relative_install_dir field in the //foundation/bundlemanager/bundle_framework/test/sceneProject/unittest/bundle_so/compressNativeLibsFalse:compressNativeLibsFalse01(//build/toolchain/ohos:ohos_clang_arm). Do not install the module to app.
[OHOS INFO] [GN] Set module_install_dir or relative_install_dir field in the //foundation/bundlemanager/bundle_framework/test/sceneProject/unittest/bundle_dependencies/dependencies_entry_A:dependencies_entry_A(//build/toolchain/ohos:ohos_clang_arm). Do not install the module to app.
[OHOS INFO] [GN] Set module_install_dir or relative_install_dir field in the //foundation/bundlemanager/bundle_framework/test/sceneProject/unittest/test_bundle/bmsAccessTokentest2:bmsAccessTokentest2(//build/toolchain/ohos:ohos_clang_arm). Do not install the module to app.
[OHOS INFO] [GN] Set module_install_dir or relative_install_dir field in the //foundation/bundlemanager/bundle_framework/test/sceneProject/unittest/bundle_dependencies/dependencies_entry_C:dependencies_entry_C(//build/toolchain/ohos:ohos_clang_arm). Do not install the module to app.
[OHOS INFO] [GN] Set module_install_dir or relative_install_dir field in the //foundation/bundlemanager/bundle_framework/test/sceneProject/unittest/bundle_hsp/hsp_A:hsp_A(//build/toolchain/ohos:ohos_clang_arm). Do not install the module to app.
[OHOS INFO] [GN] Set module_install_dir or relative_install_dir field in the //foundation/bundlemanager/bundle_framework/test/sceneProject/unittest/test_bundle/second_right:second_right(//build/toolchain/ohos:ohos_clang_arm). Do not install the module to app.
[OHOS INFO] [GN] Set module_install_dir or relative_install_dir field in the //foundation/bundlemanager/bundle_framework/test/sceneProject/unittest/test_bundle/third_right:third_right(//build/toolchain/ohos:ohos_clang_arm). Do not install the module to app.
[OHOS INFO] [GN] Set module_install_dir or relative_install_dir field in the //foundation/bundlemanager/bundle_framework/test/sceneProject/unittest/bundle_dependencies/dependencies_entry_B:dependencies_entry_B(//build/toolchain/ohos:ohos_clang_arm). Do not install the module to app.
[OHOS INFO] [GN] Set module_install_dir or relative_install_dir field in the //foundation/bundlemanager/bundle_framework/test/sceneProject/unittest/test_bundle/rightTest1:rightTest1(//build/toolchain/ohos:ohos_clang_arm). Do not install the module to app.
[OHOS INFO] [GN] Set module_install_dir or relative_install_dir field in the //foundation/bundlemanager/bundle_framework/test/sceneProject/unittest/test_bundle/fourth_right:fourth_right(//build/toolchain/ohos:ohos_clang_arm). Do not install the module to app.
[OHOS INFO] [GN] Set module_install_dir or relative_install_dir field in the //foundation/bundlemanager/bundle_framework/test/sceneProject/unittest/test_bundle/versionTest2:versionTest2(//build/toolchain/ohos:ohos_clang_arm). Do not install the module to app.
[OHOS INFO] [GN] Set module_install_dir or relative_install_dir field in the //foundation/bundlemanager/bundle_framework/test/sceneProject/unittest/test_bundle/fifth_right:fifth_right(//build/toolchain/ohos:ohos_clang_arm). Do not install the module to app.
[OHOS INFO] [GN] Set module_install_dir or relative_install_dir field in the //foundation/bundlemanager/bundle_framework/test/sceneProject/unittest/test_bundle/versionTest1:versionTest1(//build/toolchain/ohos:ohos_clang_arm). Do not install the module to app.
[OHOS INFO] [GN] Set module_install_dir or relative_install_dir field in the //foundation/bundlemanager/bundle_framework/test/sceneProject/unittest/test_bundle/seventh_right:seventh_right(//build/toolchain/ohos:ohos_clang_arm). Do not install the module to app.
[OHOS INFO] [GN] Set module_install_dir or relative_install_dir field in the //foundation/bundlemanager/bundle_framework/test/sceneProject/unittest/test_bundle/rightTest:rightTest(//build/toolchain/ohos:ohos_clang_arm). Do not install the module to app.
[OHOS INFO] [GN] Set module_install_dir or relative_install_dir field in the //foundation/bundlemanager/bundle_framework/test/sceneProject/unittest/test_bundle/versionTest3:versionTest3(//build/toolchain/ohos:ohos_clang_arm). Do not install the module to app.
[OHOS INFO] [GN] Set module_install_dir or relative_install_dir field in the //foundation/bundlemanager/bundle_framework/test/sceneProject/unittest/test_bundle/versionNormalHapTest1:versionNormalHapTest1(//build/toolchain/ohos:ohos_clang_arm). Do not install the module to app.
[OHOS INFO] [GN] Set module_install_dir or relative_install_dir field in the //foundation/bundlemanager/bundle_framework/test/sceneProject/unittest/test_bundle/signatureTest:signatureTest(//build/toolchain/ohos:ohos_clang_arm). Do not install the module to app.
[OHOS INFO] [GN] Set module_install_dir or relative_install_dir field in the //foundation/bundlemanager/bundle_framework/test/sceneProject/unittest/test_bundle/versionNormalHapTest2:versionNormalHapTest2(//build/toolchain/ohos:ohos_clang_arm). Do not install the module to app.
[OHOS INFO] [GN] Set module_install_dir or relative_install_dir field in the //foundation/bundlemanager/bundle_framework/test/sceneProject/unittest/test_bundle/moduleJsonTest:moduleJsonTest(//build/toolchain/ohos:ohos_clang_arm). Do not install the module to app.
[OHOS INFO] [GN] Set module_install_dir or relative_install_dir field in the //foundation/bundlemanager/bundle_framework/test/sceneProject/unittest/test_bundle/backupTest:backupTest(//build/toolchain/ohos:ohos_clang_arm). Do not install the module to app.
[OHOS INFO] [GN] Set module_install_dir or relative_install_dir field in the //foundation/bundlemanager/bundle_framework/test/sceneProject/unittest/test_bundle/system_module:system_module(//build/toolchain/ohos:ohos_clang_arm). Do not install the module to app.
[OHOS INFO] [GN] Set module_install_dir or relative_install_dir field in the //foundation/bundlemanager/bundle_framework/test/sceneProject/unittest/install_daemon/right:right(//build/toolchain/ohos:ohos_clang_arm). Do not install the module to app.
[OHOS INFO] [GN] Set module_install_dir or relative_install_dir field in the //foundation/bundlemanager/bundle_framework/test/sceneProject/unittest/bundle_share_library/libA_v10000:libA_v10000(//build/toolchain/ohos:ohos_clang_arm). Do not install the module to app.
[OHOS INFO] [GN] Set module_install_dir or relative_install_dir field in the //foundation/bundlemanager/bundle_framework/test/sceneProject/unittest/parse_bundle/new:new(//build/toolchain/ohos:ohos_clang_arm). Do not install the module to app.
[OHOS INFO] [GN] Set module_install_dir or relative_install_dir field in the //foundation/bundlemanager/bundle_framework/test/sceneProject/unittest/bundle_app_service/app_service_version1_library1:appService_v1_library1(//build/toolchain/ohos:ohos_clang_arm). Do not install the module to app.
[OHOS INFO] [GN] Set module_install_dir or relative_install_dir field in the //foundation/bundlemanager/bundle_framework/test/sceneProject/unittest/bundle_hsp/hsp_B:hsp_B(//build/toolchain/ohos:ohos_clang_arm). Do not install the module to app.
[OHOS INFO] [GN] Set module_install_dir or relative_install_dir field in the //foundation/bundlemanager/bundle_framework/test/sceneProject/unittest/bundle_hsp/hsp_C:hsp_C(//build/toolchain/ohos:ohos_clang_arm). Do not install the module to app.
[OHOS INFO] [GN] Set module_install_dir or relative_install_dir field in the //foundation/bundlemanager/bundle_framework/test/sceneProject/unittest/bundle_hsp/hsp_C2:hsp_C2(//build/toolchain/ohos:ohos_clang_arm). Do not install the module to app.
[OHOS INFO] [GN] Set module_install_dir or relative_install_dir field in the //foundation/bundlemanager/bundle_framework/test/sceneProject/unittest/bundle_share_library/libA_v10001:libA_v10001(//build/toolchain/ohos:ohos_clang_arm). Do not install the module to app.
[OHOS INFO] [GN] Set module_install_dir or relative_install_dir field in the //foundation/bundlemanager/bundle_framework/test/sceneProject/unittest/bundle_share_library/libA_normal_hap:libA_normal_hap(//build/toolchain/ohos:ohos_clang_arm). Do not install the module to app.
[OHOS INFO] [GN] Set module_install_dir or relative_install_dir field in the //foundation/bundlemanager/bundle_framework/test/sceneProject/unittest/bundle_share_library/libB_v10001:libB_v10001(//build/toolchain/ohos:ohos_clang_arm). Do not install the module to app.
[OHOS INFO] [GN] Set module_install_dir or relative_install_dir field in the //foundation/bundlemanager/bundle_framework/test/sceneProject/unittest/bundle_share_library/libA_v10002:libA_v10002(//build/toolchain/ohos:ohos_clang_arm). Do not install the module to app.
[OHOS INFO] [GN] Set module_install_dir or relative_install_dir field in the //foundation/bundlemanager/bundle_framework/test/sceneProject/unittest/bundle_share_library/libA_without_provision:libA_without_provision(//build/toolchain/ohos:ohos_clang_arm). Do not install the module to app.
[OHOS INFO] [GN] Set module_install_dir or relative_install_dir field in the //foundation/bundlemanager/bundle_framework/test/sceneProject/systemtest/stMatchShareBundle/matchShareBundle2:matchShareBundle2(//build/toolchain/ohos:ohos_clang_arm). Do not install the module to app.
[OHOS INFO] [GN] Set module_install_dir or relative_install_dir field in the //foundation/bundlemanager/bundle_framework/test/sceneProject/systemtest/stMatchShareBundle/matchShareBundle1:matchShareBundle1(//build/toolchain/ohos:ohos_clang_arm). Do not install the module to app.
[OHOS INFO] [GN] Set module_install_dir or relative_install_dir field in the //foundation/bundlemanager/bundle_framework/test/sceneProject/systemtest/stMatchShareBundle/matchShareBundle3:matchShareBundle3(//build/toolchain/ohos:ohos_clang_arm). Do not install the module to app.
[OHOS INFO] [GN] Set module_install_dir or relative_install_dir field in the //foundation/bundlemanager/bundle_framework/test/sceneProject/systemtest/jsBundle/jsThirdBundle/bmsThirdBundle2:bmsThirdBundle2(//build/toolchain/ohos:ohos_clang_arm). Do not install the module to app.
[OHOS INFO] [GN] Set module_install_dir or relative_install_dir field in the //foundation/bundlemanager/bundle_framework/test/sceneProject/systemtest/jsBundle/jsThirdBundle/bmsThirdBundle1:bmsThirdBundle1(//build/toolchain/ohos:ohos_clang_arm). Do not install the module to app.
[OHOS INFO] [GN] Set module_install_dir or relative_install_dir field in the //foundation/bundlemanager/bundle_framework/test/sceneProject/systemtest/jsBundle/jsThirdBundle/bmsThirdBundle3:bmsThirdBundle3(//build/toolchain/ohos:ohos_clang_arm). Do not install the module to app.
[OHOS INFO] [GN] Set module_install_dir or relative_install_dir field in the //foundation/bundlemanager/bundle_framework/test/sceneProject/systemtest/jsBundle/jsThirdBundle/bmsThirdBundle4:bmsThirdBundle4(//build/toolchain/ohos:ohos_clang_arm). Do not install the module to app.
[OHOS INFO] [GN] Set module_install_dir or relative_install_dir field in the //foundation/bundlemanager/bundle_framework/test/sceneProject/systemtest/jsBundle/jsThirdBundle/bmsThirdBundle5:bmsThirdBundle5(//build/toolchain/ohos:ohos_clang_arm). Do not install the module to app.
[OHOS INFO] [GN] Set module_install_dir or relative_install_dir field in the //foundation/bundlemanager/bundle_framework/test/sceneProject/systemtest/permissionBundle/permissionGrantBundle2:permissionGrantBundle2(//build/toolchain/ohos:ohos_clang_arm). Do not install the module to app.
[OHOS INFO] [GN] Set module_install_dir or relative_install_dir field in the //foundation/bundlemanager/bundle_framework/test/sceneProject/systemtest/permissionBundle/permissionGrantBundle4:permissionGrantBundle4(//build/toolchain/ohos:ohos_clang_arm). Do not install the module to app.
[OHOS INFO] [GN] Set module_install_dir or relative_install_dir field in the //foundation/bundlemanager/bundle_framework/test/sceneProject/systemtest/permissionBundle/permissionGrantBundle3:permissionGrantBundle3(//build/toolchain/ohos:ohos_clang_arm). Do not install the module to app.
[OHOS INFO] [GN] Set module_install_dir or relative_install_dir field in the //foundation/bundlemanager/bundle_framework/test/sceneProject/systemtest/permissionBundle/permissionGrantBundle5:permissionGrantBundle5(//build/toolchain/ohos:ohos_clang_arm). Do not install the module to app.
[OHOS INFO] [GN] Set module_install_dir or relative_install_dir field in the //foundation/bundlemanager/bundle_framework/test/sceneProject/systemtest/BundleClient/bundleClient1:bundleClient1(//build/toolchain/ohos:ohos_clang_arm). Do not install the module to app.
[OHOS INFO] [GN] Set module_install_dir or relative_install_dir field in the //foundation/bundlemanager/bundle_framework/test/sceneProject/systemtest/jsBundle/jsThirdBundle/bmsThirdBundleDataAbility:bmsThirdBundleDataAbility(//build/toolchain/ohos:ohos_clang_arm). Do not install the module to app.
[OHOS INFO] [GN] Set module_install_dir or relative_install_dir field in the //foundation/bundlemanager/bundle_framework/test/sceneProject/systemtest/jsBundle/jsThirdBundle/bmsThirdBundle6:bmsThirdBundle6(//build/toolchain/ohos:ohos_clang_arm). Do not install the module to app.
[OHOS INFO] [GN] Set module_install_dir or relative_install_dir field in the //foundation/bundlemanager/bundle_framework/test/sceneProject/systemtest/stThirdBundle/bmsThirdBundle3:stbmsThirdBundle3(//build/toolchain/ohos:ohos_clang_arm). Do not install the module to app.
[OHOS INFO] [GN] Set module_install_dir or relative_install_dir field in the //foundation/bundlemanager/bundle_framework/test/sceneProject/systemtest/CodeSignature/CodeSignatureWithoutLibs:CodeSignatureWithoutLibs(//build/toolchain/ohos:ohos_clang_arm). Do not install the module to app.
[OHOS INFO] [GN] Set module_install_dir or relative_install_dir field in the //foundation/bundlemanager/bundle_framework/test/sceneProject/systemtest/CodeSignature/CodeSigntureWithLibs:CodeSigntureWithLibs(//build/toolchain/ohos:ohos_clang_arm). Do not install the module to app.
[OHOS INFO] [GN] Set module_install_dir or relative_install_dir field in the //foundation/bundlemanager/bundle_framework/test/sceneProject/systemtest/CodeSignature/CodeSignatureWithoutLibs2:CodeSignatureWithoutLibs2(//build/toolchain/ohos:ohos_clang_arm). Do not install the module to app.
[OHOS INFO] [GN] Set module_install_dir or relative_install_dir field in the //foundation/bundlemanager/bundle_framework/test/sceneProject/systemtest/stVendorBundle/bmsVendorBundle1:bmsVendorBundle1(//build/toolchain/ohos:ohos_clang_arm). Do not install the module to app.
[OHOS INFO] [GN] Set module_install_dir or relative_install_dir field in the //foundation/bundlemanager/bundle_framework/test/sceneProject/systemtest/testOverlay/target_module_entry:entry_hap(//build/toolchain/ohos:ohos_clang_arm). Do not install the module to app.
[OHOS INFO] [GN] Set module_install_dir or relative_install_dir field in the //foundation/bundlemanager/bundle_framework/test/sceneProject/systemtest/testOverlay/target_module_feature1:feature1_hap(//build/toolchain/ohos:ohos_clang_arm). Do not install the module to app.
[OHOS INFO] [GN] Set module_install_dir or relative_install_dir field in the //foundation/bundlemanager/bundle_framework/test/sceneProject/systemtest/testOverlay/target_module_entry_higher_version:higher_version_entry_hap(//build/toolchain/ohos:ohos_clang_arm). Do not install the module to app.
[OHOS INFO] [GN] target_out_dir //out/rk3568/mingw_x86_64/obj/arkcompiler/runtime_core/libark_defect_scan_aux/tests/unittest
[OHOS INFO] [GN] target_dir /srv/workspace/openharmony_master_default_20260723175927_huawei_33e607913/code/out/rk3568/mingw_x86_64/obj/arkcompiler/runtime_core/libark_defect_scan_aux/tests/unittest
[OHOS INFO] [GN] test_abc_dir /srv/workspace/openharmony_master_default_20260723175927_huawei_33e607913/code/out/rk3568/mingw_x86_64/obj/arkcompiler/runtime_core/libark_defect_scan_aux/tests/unittest
[OHOS INFO] [GN] Set module_install_dir or relative_install_dir field in the //foundation/bundlemanager/bundle_framework/test/sceneProject/unittest/test_bundle/versionUpdateTest2:versionUpdateTest2(//build/toolchain/ohos:ohos_clang_arm). Do not install the module to app.
[OHOS INFO] [GN] Set module_install_dir or relative_install_dir field in the //foundation/bundlemanager/bundle_framework/test/sceneProject/unittest/test_bundle/versionUpdateTest4:versionUpdateTest4(//build/toolchain/ohos:ohos_clang_arm). Do not install the module to app.
[OHOS INFO] [GN] Set module_install_dir or relative_install_dir field in the //foundation/bundlemanager/bundle_framework/test/sceneProject/unittest/test_bundle/versionUpdateTest3:versionUpdateTest3(//build/toolchain/ohos:ohos_clang_arm). Do not install the module to app.
[OHOS INFO] [GN] Set module_install_dir or relative_install_dir field in the //foundation/bundlemanager/bundle_framework/test/sceneProject/unittest/test_bundle/versionUpdateTest1:versionUpdateTest1(//build/toolchain/ohos:ohos_clang_arm). Do not install the module to app.
[OHOS INFO] [GN] Set module_install_dir or relative_install_dir field in the //foundation/bundlemanager/bundle_framework/test/sceneProject/unittest/test_bundle/otaUpdateTestAplUp:otaUpdateTestAplUp(//build/toolchain/ohos:ohos_clang_arm). Do not install the module to app.
[OHOS INFO] [GN] Set module_install_dir or relative_install_dir field in the //foundation/bundlemanager/bundle_framework/test/sceneProject/unittest/test_bundle/otaUpdateTestAppField2:otaUpdateTestAppField2(//build/toolchain/ohos:ohos_clang_arm). Do not install the module to app.
[OHOS INFO] [GN] Set module_install_dir or relative_install_dir field in the //foundation/bundlemanager/bundle_framework/test/sceneProject/unittest/test_bundle/otaUpdateTestBasis/feature1:otaUpdateTestBasisFeature1(//build/toolchain/ohos:ohos_clang_arm). Do not install the module to app.
[OHOS INFO] [GN] Set module_install_dir or relative_install_dir field in the //foundation/bundlemanager/bundle_framework/test/sceneProject/unittest/test_bundle/otaUpdateTestBasis:otaUpdateTestBasis(//build/toolchain/ohos:ohos_clang_arm). Do not install the module to app.
[OHOS INFO] [GN] Set module_install_dir or relative_install_dir field in the //foundation/bundlemanager/bundle_framework/test/sceneProject/unittest/test_bundle/otaUpdateTestBasis/feature2:otaUpdateTestBasisFeature2(//build/toolchain/ohos:ohos_clang_arm). Do not install the module to app.
[OHOS INFO] [GN] Set module_install_dir or relative_install_dir field in the //foundation/bundlemanager/bundle_framework/test/sceneProject/unittest/test_bundle/otaUpdateTestBasis2:otaUpdateTestBasis2(//build/toolchain/ohos:ohos_clang_arm). Do not install the module to app.
[OHOS INFO] [GN] Set module_install_dir or relative_install_dir field in the //foundation/bundlemanager/bundle_framework/test/sceneProject/unittest/test_bundle/otaUpdateTestSignaIcon:otaUpdateTestSignaIcon(//build/toolchain/ohos:ohos_clang_arm). Do not install the module to app.
[OHOS INFO] [GN] Set module_install_dir or relative_install_dir field in the //foundation/bundlemanager/bundle_framework/test/sceneProject/unittest/test_bundle/otaUpdateTestAppField:otaUpdateTestAppField(//build/toolchain/ohos:ohos_clang_arm). Do not install the module to app.
[OHOS INFO] [GN] Set module_install_dir or relative_install_dir field in the //foundation/bundlemanager/bundle_framework/test/sceneProject/unittest/test_bundle/otaUpdateTestSoChanged/feature1:otaUpdateTestSoChangedFeature1(//build/toolchain/ohos:ohos_clang_arm). Do not install the module to app.
[OHOS INFO] [GN] Set module_install_dir or relative_install_dir field in the //foundation/bundlemanager/bundle_framework/test/sceneProject/unittest/test_bundle/otaUpdateTestAplDown:otaUpdateTestAplDown(//build/toolchain/ohos:ohos_clang_arm). Do not install the module to app.
[OHOS INFO] [GN] Set module_install_dir or relative_install_dir field in the //foundation/bundlemanager/bundle_framework/test/sceneProject/unittest/test_bundle/otaUpdateTestModuleField:otaUpdateTestModuleField(//build/toolchain/ohos:ohos_clang_arm). Do not install the module to app.
[OHOS INFO] [GN] Set module_install_dir or relative_install_dir field in the //foundation/bundlemanager/bundle_framework/test/sceneProject/unittest/test_bundle/otaUpdateTestSoChanged/feature2:otaUpdateTestSoChangedFeature2(//build/toolchain/ohos:ohos_clang_arm). Do not install the module to app.
[OHOS INFO] [GN] Set module_install_dir or relative_install_dir field in the //foundation/bundlemanager/bundle_framework/test/sceneProject/unittest/test_bundle/otaUpdateTestSoChanged:otaUpdateTestSoChanged(//build/toolchain/ohos:ohos_clang_arm). Do not install the module to app.
[OHOS INFO] [GN] Set module_install_dir or relative_install_dir field in the //foundation/bundlemanager/bundle_framework/test/sceneProject/unittest/test_bundle/first_right_with_diff_moduleType:first_right_with_diff_moduleType(//build/toolchain/ohos:ohos_clang_arm). Do not install the module to app.
[OHOS INFO] [GN] Set module_install_dir or relative_install_dir field in the //foundation/bundlemanager/bundle_framework/test/sceneProject/unittest/test_bundle/sixth_right:sixth_right(//build/toolchain/ohos:ohos_clang_arm). Do not install the module to app.
[OHOS INFO] [GN] Set module_install_dir or relative_install_dir field in the //foundation/bundlemanager/bundle_framework/test/sceneProject/unittest/test_bundle/thirteenth_right:thirteenth_right(//build/toolchain/ohos:ohos_clang_arm). Do not install the module to app.
[OHOS INFO] [GN] Set module_install_dir or relative_install_dir field in the //foundation/bundlemanager/bundle_framework/test/sceneProject/unittest/test_bundle/eleventh_right:eleventh_right(//build/toolchain/ohos:ohos_clang_arm). Do not install the module to app.
[OHOS INFO] [GN] Set module_install_dir or relative_install_dir field in the //foundation/bundlemanager/bundle_framework/test/sceneProject/unittest/test_bundle/fifteenth_right:fifteenth_right(//build/toolchain/ohos:ohos_clang_arm). Do not install the module to app.
[OHOS INFO] [GN] Set module_install_dir or relative_install_dir field in the //foundation/bundlemanager/bundle_framework/test/sceneProject/unittest/test_bundle/first_diff_release_type:first_diff_release_type(//build/toolchain/ohos:ohos_clang_arm). Do not install the module to app.
[OHOS INFO] [GN] Set module_install_dir or relative_install_dir field in the //foundation/bundlemanager/bundle_framework/test/sceneProject/unittest/test_bundle/first_right_compCode:first_right_compCode(//build/toolchain/ohos:ohos_clang_arm). Do not install the module to app.
[OHOS INFO] [GN] Set module_install_dir or relative_install_dir field in the //foundation/bundlemanager/bundle_framework/test/sceneProject/unittest/test_bundle/sixteenth_right:sixteenth_right(//build/toolchain/ohos:ohos_clang_arm). Do not install the module to app.
[OHOS INFO] [GN] Set module_install_dir or relative_install_dir field in the //foundation/bundlemanager/bundle_framework/test/sceneProject/unittest/test_bundle/eighth_right:eighth_right(//build/toolchain/ohos:ohos_clang_arm). Do not install the module to app.
[OHOS INFO] [GN] Set module_install_dir or relative_install_dir field in the //foundation/bundlemanager/bundle_framework/test/sceneProject/unittest/test_bundle/ninth_right:ninth_right(//build/toolchain/ohos:ohos_clang_arm). Do not install the module to app.
[OHOS INFO] [GN] Set module_install_dir or relative_install_dir field in the //foundation/bundlemanager/bundle_framework/test/sceneProject/unittest/test_bundle/second_backup_right:second_backup_right(//build/toolchain/ohos:ohos_clang_arm). Do not install the module to app.
[OHOS INFO] [GN] Set module_install_dir or relative_install_dir field in the //foundation/bundlemanager/bundle_framework/test/sceneProject/unittest/test_bundle/twelfth_right:twelfth_right(//build/toolchain/ohos:ohos_clang_arm). Do not install the module to app.
[OHOS INFO] [GN] Set module_install_dir or relative_install_dir field in the //foundation/bundlemanager/bundle_framework/test/sceneProject/unittest/test_bundle/fourteenth_right:fourteenth_right(//build/toolchain/ohos:ohos_clang_arm). Do not install the module to app.
[OHOS INFO] [GN] Set module_install_dir or relative_install_dir field in the //foundation/bundlemanager/bundle_framework/test/sceneProject/unittest/test_bundle/first_diff_minCompCode:first_diff_minCompCode(//build/toolchain/ohos:ohos_clang_arm). Do not install the module to app.
[OHOS INFO] [GN] Set module_install_dir or relative_install_dir field in the //foundation/bundlemanager/bundle_framework/test/sceneProject/unittest/test_bundle/tenth_right:tenth_right(//build/toolchain/ohos:ohos_clang_arm). Do not install the module to app.
[OHOS INFO] [GN] Set module_install_dir or relative_install_dir field in the //foundation/bundlemanager/bundle_framework/test/sceneProject/unittest/driver_test/lower_version_non_driver_feature12:lower_version_non_driver_feature12_hap(//build/toolchain/ohos:ohos_clang_arm). Do not install the module to app.
[OHOS INFO] [GN] Set module_install_dir or relative_install_dir field in the //foundation/bundlemanager/bundle_framework/test/sceneProject/unittest/driver_test/lower_version_driver_feature14:lower_version_driver_feature14_hap(//build/toolchain/ohos:ohos_clang_arm). Do not install the module to app.
[OHOS INFO] [GN] Set module_install_dir or relative_install_dir field in the //foundation/bundlemanager/bundle_framework/test/sceneProject/unittest/driver_test/high_version_non_driver_feature11:high_version_non_driver_feature11_hap(//build/toolchain/ohos:ohos_clang_arm). Do not install the module to app.
[OHOS INFO] [GN] Set module_install_dir or relative_install_dir field in the //foundation/bundlemanager/bundle_framework/test/sceneProject/unittest/bundle_app_service/app_service_version1_library2:appService_v1_library2(//build/toolchain/ohos:ohos_clang_arm). Do not install the module to app.
[OHOS INFO] [GN] Set module_install_dir or relative_install_dir field in the //foundation/bundlemanager/bundle_framework/test/sceneProject/unittest/bundle_app_service/app_service_version2_library1:appService_v2_library1(//build/toolchain/ohos:ohos_clang_arm). Do not install the module to app.
[OHOS INFO] [GN] Set module_install_dir or relative_install_dir field in the //foundation/bundlemanager/bundle_framework/test/sceneProject/unittest/bundle_app_service/app_service_version2_library2:appService_v2_library2(//build/toolchain/ohos:ohos_clang_arm). Do not install the module to app.
[OHOS INFO] [GN] Set module_install_dir or relative_install_dir field in the //foundation/bundlemanager/bundle_framework/test/sceneProject/systemtest/bundle_hsp/hsp_A/feature2:hspASystemtestFeature2(//build/toolchain/ohos:ohos_clang_arm). Do not install the module to app.
[OHOS INFO] [GN] Set module_install_dir or relative_install_dir field in the //foundation/bundlemanager/bundle_framework/test/sceneProject/systemtest/testHapSo/hapIncludeso7/hapnoso3:hapnoso3(//build/toolchain/ohos:ohos_clang_arm). Do not install the module to app.
[OHOS INFO] [GN] Set module_install_dir or relative_install_dir field in the //foundation/bundlemanager/bundle_framework/test/sceneProject/systemtest/testHapSo/hapIncludeso5/feature3:hapIncludeso5Feature3(//build/toolchain/ohos:ohos_clang_arm). Do not install the module to app.
[OHOS INFO] [GN] Set module_install_dir or relative_install_dir field in the //foundation/bundlemanager/bundle_framework/test/sceneProject/systemtest/testHapNoSo/hapSectionContainso2/feature5:hapSectionContainsoFeature5(//build/toolchain/ohos:ohos_clang_arm). Do not install the module to app.
[OHOS INFO] [GN] Set module_install_dir or relative_install_dir field in the //foundation/bundlemanager/bundle_framework/test/sceneProject/systemtest/bundle_hsp/hsp_A/feature1:hspASystemtestFeature1(//build/toolchain/ohos:ohos_clang_arm). Do not install the module to app.
[OHOS INFO] [GN] Set module_install_dir or relative_install_dir field in the //foundation/bundlemanager/bundle_framework/test/sceneProject/systemtest/bundle_hsp/hsp_A:hsp_A(//build/toolchain/ohos:ohos_clang_arm). Do not install the module to app.
[OHOS INFO] [GN] Set module_install_dir or relative_install_dir field in the //foundation/bundlemanager/bundle_framework/test/sceneProject/systemtest/testHapNoSo/hapSectionContainso2:hapSectionContainso2(//build/toolchain/ohos:ohos_clang_arm). Do not install the module to app.
[OHOS INFO] [GN] Set module_install_dir or relative_install_dir field in the //foundation/bundlemanager/bundle_framework/test/sceneProject/systemtest/testHapNoSo/hapSectionContainso1/feature3:hapSectionContainsoFeature3(//build/toolchain/ohos:ohos_clang_arm). Do not install the module to app.
[OHOS INFO] [GN] Set module_install_dir or relative_install_dir field in the //foundation/bundlemanager/bundle_framework/test/sceneProject/systemtest/testHapSo/hapIncludeso3:hapIncludeso3(//build/toolchain/ohos:ohos_clang_arm). Do not install the module to app.
[OHOS INFO] [GN] Set module_install_dir or relative_install_dir field in the //foundation/bundlemanager/bundle_framework/test/sceneProject/systemtest/testHapSo/hapIncludeso5/feature1:hapIncludeso5Feature1(//build/toolchain/ohos:ohos_clang_arm). Do not install the module to app.
[OHOS INFO] [GN] Set module_install_dir or relative_install_dir field in the //foundation/bundlemanager/bundle_framework/test/sceneProject/systemtest/testHapNoSo/hapSectionContainso1/feature2:hapSectionContainsoFeature2(//build/toolchain/ohos:ohos_clang_arm). Do not install the module to app.
[OHOS INFO] [GN] Set module_install_dir or relative_install_dir field in the //foundation/bundlemanager/bundle_framework/test/sceneProject/systemtest/testHapNoSo/hapSectionContainso1/feature1:hapSectionContainsoFeature1(//build/toolchain/ohos:ohos_clang_arm). Do not install the module to app.
[OHOS INFO] [GN] Set module_install_dir or relative_install_dir field in the //foundation/bundlemanager/bundle_framework/test/sceneProject/systemtest/testHapNoSo/hapSectionContainso2/feature4:hapSectionContainsoFeature4(//build/toolchain/ohos:ohos_clang_arm). Do not install the module to app.
[OHOS INFO] [GN] Set module_install_dir or relative_install_dir field in the //foundation/bundlemanager/bundle_framework/test/sceneProject/systemtest/testHapNoSo/hapNotIncludeso2:hapNotIncludeso2(//build/toolchain/ohos:ohos_clang_arm). Do not install the module to app.
[OHOS INFO] [GN] Set module_install_dir or relative_install_dir field in the //foundation/bundlemanager/bundle_framework/test/sceneProject/systemtest/testHapSo/hapIncludeso7/feature1:hapIncludeso7Feature1(//build/toolchain/ohos:ohos_clang_arm). Do not install the module to app.
[OHOS INFO] [GN] Set module_install_dir or relative_install_dir field in the //foundation/bundlemanager/bundle_framework/test/sceneProject/systemtest/testHapSo/hapIncludeso7:hapIncludeso7(//build/toolchain/ohos:ohos_clang_arm). Do not install the module to app.
[OHOS INFO] [GN] Set module_install_dir or relative_install_dir field in the //foundation/bundlemanager/bundle_framework/test/sceneProject/systemtest/testHapNoSo/hapSectionContainso1:hapSectionContainso1(//build/toolchain/ohos:ohos_clang_arm). Do not install the module to app.
[OHOS INFO] [GN] Set module_install_dir or relative_install_dir field in the //foundation/bundlemanager/bundle_framework/test/sceneProject/systemtest/testHapNoSo/hapNotIncludeso1:hapNotIncludeso1(//build/toolchain/ohos:ohos_clang_arm). Do not install the module to app.
[OHOS INFO] [GN] Set module_install_dir or relative_install_dir field in the //foundation/bundlemanager/bundle_framework/test/sceneProject/systemtest/bundle_hsp/hsp_A/feature4:hspASystemtestFeature4(//build/toolchain/ohos:ohos_clang_arm). Do not install the module to app.
[OHOS INFO] [GN] Set module_install_dir or relative_install_dir field in the //foundation/bundlemanager/bundle_framework/test/sceneProject/systemtest/testHapNoSo/hapSectionContainso2/feature6:hapSectionContainsoFeature6(//build/toolchain/ohos:ohos_clang_arm). Do not install the module to app.
[OHOS INFO] [GN] Set module_install_dir or relative_install_dir field in the //foundation/bundlemanager/bundle_framework/test/sceneProject/systemtest/bundle_hsp/hsp_A/feature3:hspASystemtestFeature3(//build/toolchain/ohos:ohos_clang_arm). Do not install the module to app.
[OHOS INFO] [GN] Set module_install_dir or relative_install_dir field in the //foundation/bundlemanager/bundle_framework/test/sceneProject/systemtest/testHapSo/hapIncludeso6/feature2:hapIncludeso6Feature2(//build/toolchain/ohos:ohos_clang_arm). Do not install the module to app.
[OHOS INFO] [GN] Set module_install_dir or relative_install_dir field in the //foundation/bundlemanager/bundle_framework/test/sceneProject/systemtest/bundle_hsp/hsp_A/feature6:hspASystemtestFeature6(//build/toolchain/ohos:ohos_clang_arm). Do not install the module to app.
[OHOS INFO] [GN] Set module_install_dir or relative_install_dir field in the //foundation/bundlemanager/bundle_framework/test/sceneProject/systemtest/bundle_hsp/hsp_A/feature8:hspASystemtestFeature8(//build/toolchain/ohos:ohos_clang_arm). Do not install the module to app.
[OHOS INFO] [GN] Set module_install_dir or relative_install_dir field in the //foundation/bundlemanager/bundle_framework/test/sceneProject/systemtest/bundle_hsp/hsp_A/feature7:hspASystemtestFeature7(//build/toolchain/ohos:ohos_clang_arm). Do not install the module to app.
[OHOS INFO] [GN] Set module_install_dir or relative_install_dir field in the //foundation/bundlemanager/bundle_framework/test/sceneProject/systemtest/bundle_hsp/hsp_A/feature5:hspASystemtestFeature5(//build/toolchain/ohos:ohos_clang_arm). Do not install the module to app.
[OHOS INFO] [GN] Set module_install_dir or relative_install_dir field in the //foundation/bundlemanager/bundle_framework/test/sceneProject/systemtest/extensionDirTest/oneExtensionDir/version2/entry:version2_oneExtension_entry_hap(//build/toolchain/ohos:ohos_clang_arm). Do not install the module to app.
[OHOS INFO] [GN] Set module_install_dir or relative_install_dir field in the //foundation/bundlemanager/bundle_framework/test/sceneProject/systemtest/extensionDirTest/oneExtensionDir/version1/entry_ex2:version1_oneExtension2_entry_hap(//build/toolchain/ohos:ohos_clang_arm). Do not install the module to app.
[OHOS INFO] [GN] Set module_install_dir or relative_install_dir field in the //foundation/bundlemanager/bundle_framework/test/sceneProject/systemtest/extensionDirTest/twoExtensionDir/version1/entry:version1_twoExtension_entry_hap(//build/toolchain/ohos:ohos_clang_arm). Do not install the module to app.
[OHOS INFO] [GN] Set module_install_dir or relative_install_dir field in the //foundation/bundlemanager/bundle_framework/test/sceneProject/systemtest/extensionDirTest/withoutExtensionDir/version1/entry:version1_withoutExtension_entry_hap(//build/toolchain/ohos:ohos_clang_arm). Do not install the module to app.
[OHOS INFO] [GN] Set module_install_dir or relative_install_dir field in the //foundation/bundlemanager/bundle_framework/test/sceneProject/systemtest/extensionDirTest/twoExtensionDir/version2/entry:version2_twoExtension_entry_hap(//build/toolchain/ohos:ohos_clang_arm). Do not install the module to app.
[OHOS INFO] [GN] Set module_install_dir or relative_install_dir field in the //foundation/bundlemanager/bundle_framework/test/sceneProject/systemtest/extensionDirTest/withoutExtensionDir/version1/feature:version1_withoutExtension_feature_hap(//build/toolchain/ohos:ohos_clang_arm). Do not install the module to app.
[OHOS INFO] [GN] Set module_install_dir or relative_install_dir field in the //foundation/bundlemanager/bundle_framework/test/sceneProject/systemtest/extensionDirTest/withoutExtensionDir/version2/entry:version2_withoutExtension_entry_hap(//build/toolchain/ohos:ohos_clang_arm). Do not install the module to app.
[OHOS INFO] [GN] Set module_install_dir or relative_install_dir field in the //foundation/bundlemanager/bundle_framework/test/sceneProject/systemtest/extensionDirTest/withoutExtensionDir/version2_form/entry:version2_withoutExtension_entry_form_hap(//build/toolchain/ohos:ohos_clang_arm). Do not install the module to app.
[OHOS INFO] [GN] Set module_install_dir or relative_install_dir field in the //foundation/bundlemanager/bundle_framework/test/sceneProject/systemtest/extensionDirTest/oneExtensionDir/version1/entry:version1_oneExtension_entry_hap(//build/toolchain/ohos:ohos_clang_arm). Do not install the module to app.
[OHOS INFO] [GN] Set module_install_dir or relative_install_dir field in the //foundation/bundlemanager/bundle_framework/test/sceneProject/systemtest/extensionDirTest/oneExtensionDir/version1/feature:version1_oneExtension_feature_hap(//build/toolchain/ohos:ohos_clang_arm). Do not install the module to app.
[OHOS INFO] [GN] Set module_install_dir or relative_install_dir field in the //foundation/bundlemanager/bundle_framework/test/sceneProject/systemtest/extensionDirTest/oneExtensionDir/version2/entry_ex2:version2_oneExtension2_entry_hap(//build/toolchain/ohos:ohos_clang_arm). Do not install the module to app.
[OHOS INFO] [GN] Set module_install_dir or relative_install_dir field in the //foundation/bundlemanager/bundle_framework/test/sceneProject/systemtest/extensionDirTest/oneExtensionDir/version2/feature:version2_oneExtension_feature_hap(//build/toolchain/ohos:ohos_clang_arm). Do not install the module to app.
[OHOS INFO] [GN] Set module_install_dir or relative_install_dir field in the //foundation/bundlemanager/bundle_framework/test/sceneProject/systemtest/extensionDirTest/twoExtensionDir/version1/feature:version1_twoExtension_feature_hap(//build/toolchain/ohos:ohos_clang_arm). Do not install the module to app.
[OHOS INFO] [GN] Set module_install_dir or relative_install_dir field in the //foundation/bundlemanager/bundle_framework/test/sceneProject/systemtest/extensionDirTest/twoExtensionDir/version2/feature:version2_twoExtension_feature_hap(//build/toolchain/ohos:ohos_clang_arm). Do not install the module to app.
[OHOS INFO] [GN] Set module_install_dir or relative_install_dir field in the //foundation/bundlemanager/bundle_framework/test/sceneProject/systemtest/extensionDirTest/withoutExtensionDir/version1_form/entry:version1_withoutExtension_entry_form_hap(//build/toolchain/ohos:ohos_clang_arm). Do not install the module to app.
[OHOS INFO] [GN] Set module_install_dir or relative_install_dir field in the //foundation/bundlemanager/bundle_framework/test/sceneProject/systemtest/extensionDirTest/withoutExtensionDir/version2/feature:version2_withoutExtension_feature_hap(//build/toolchain/ohos:ohos_clang_arm). Do not install the module to app.
[OHOS INFO] [GN] Set module_install_dir or relative_install_dir field in the //foundation/bundlemanager/distributed_bundle_framework/services/dbms/test/sceneProject/unittest/system_module:distributed_system_module(//build/toolchain/ohos:ohos_clang_arm). Do not install the module to app.
[OHOS INFO] [GN] ########## ets_runtime disable cmc-gc ##############
[OHOS INFO] [GN] Set module_install_dir or relative_install_dir field in the //foundation/bundlemanager/bundle_framework/test/sceneProject/systemtest/driverBundle/driverBundle1:driverBundle1(//build/toolchain/ohos:ohos_clang_arm). Do not install the module to app.
[OHOS INFO] [GN] Set module_install_dir or relative_install_dir field in the //foundation/bundlemanager/bundle_framework/test/sceneProject/systemtest/driverBundle/driverBundle2:driverBundle2(//build/toolchain/ohos:ohos_clang_arm). Do not install the module to app.
[OHOS INFO] [GN] Set module_install_dir or relative_install_dir field in the //foundation/bundlemanager/bundle_framework/test/sceneProject/systemtest/multiUser/lower_versionCode_entry/feature:lower_versionCode_entry_hapB(//build/toolchain/ohos:ohos_clang_arm). Do not install the module to app.
[OHOS INFO] [GN] Set module_install_dir or relative_install_dir field in the //foundation/bundlemanager/bundle_framework/test/sceneProject/systemtest/multiUser/lower_versionCode_entry:lower_versionCode_entry_hap(//build/toolchain/ohos:ohos_clang_arm). Do not install the module to app.
[OHOS INFO] [GN] ########## ets_runtime disable cmc-gc ##############
[OHOS INFO] [GN] ************libhilog_base use_musl ***************
[OHOS INFO] [GN] ########## ets_runtime disable cmc-gc ##############
[OHOS INFO] [GN] WARNING at the command-line "--args":1:477: Build argument has no effect.
[OHOS INFO] [GN] product_name="rk3568" target_cpu="arm" precise_branch="" is_standard_system=true product_path="/srv/workspace/openharmony_master_default_20260723175927_huawei_33e607913/code/vendor/hihope/rk3568" product_config_path="/srv/workspace/openharmony_master_default_20260723175927_huawei_33e607913/code/vendor/hihope/rk3568" device_name="rk3568" device_path="/srv/workspace/openharmony_master_default_20260723175927_huawei_33e607913/code/device/board/rockchip/rk3568" device_company="rockchip" device_config_path="/srv/workspace/openharmony_master_default_20260723175927_huawei_33e607913/code/device/board/rockchip/rk3568" ohos_build_compiler_specified="" ohos_build_time=1785779682537 ohos_build_datetime="2026-08-04 09:54:42" ace_engine_feature_enable_accessibility=true ace_engine_feature_enable_web=true ace_engine_feature_enable_upgrade_skia=true os_account_multiple_active_accounts=false datamgr_service_udmf=true access_token_enhance_capability=false code_signature_support_oh_code_sign=false code_signature_support_oh_release_app=true code_signature_support_app_allow_list=false init_feature_ab_partition=true hiview_feature_bbox_userspace=true hiview_enable_leak_detector=true hiview_enable_performance_monitor=true t2stack_feature_vtp=true t2stack_feature_coap=true t2stack_feature_dfile=true dsoftbus_feature_coap=true dsoftbus_feature_vtp=true dsoftbus_feature_dfile=true dsoftbus_feature_disc_ble=true dsoftbus_feature_disc_coap=true dsoftbus_feature_disc_lnn_coap=true dsoftbus_feature_conn_pv1=true dsoftbus_feature_conn_br=true dsoftbus_feature_conn_ble=true dsoftbus_feature_conn_tcp_proxy=true dsoftbus_feature_conn_tcp_comm=true dsoftbus_feature_trans_udp_stream=true dsoftbus_feature_trans_udp_file=true dsoftbus_feature_trans_udp=true dsoftbus_feature_trans_proxy_file=true dsoftbus_feature_trans_qos=true dsoftbus_feature_trans_br_proxy=true dsoftbus_feature_lnn_ble=true dsoftbus_feature_lnn_wifi=true dsoftbus_feature_lnn_cloud_sync=true dsoftbus_feature_lnn_channel_rating=true dsoftbus_feature_lnn_lane_mgr=true dsoftbus_feature_lnn_lane_qos=true dsoftbus_feature_lnn_frame=true wifi_feature_non_seperate_p2p=true wifi_feature_non_hdf_driver=true wifi_feature_p2p_random_mac_addr=true fusion_connectivity_partner_agent_feature=true updater_feature_use_ptable=false updater_feature_updater_gen_executable=true updater_feature_sign_on_server=false sys_installer_feature_ohos_cfg=true graphic_2d_feature_rs_enable_eglimage=true graphic_2d_feature_use_texgine=true graphic_2d_feature_upgrade_skia=true audio_framework_feature_dtmf_tone=true audio_framework_feature_opensl_es=true audio_framework_feature_support_os_account=false audio_framework_feature_audiosuite_support=true audio_framework_feature_hdmi_detect_audio=true image_framework_feature_upgrade_skia=true input_feature_combination_key=true input_feature_pointer_drawing=true input_feature_interceptor=true input_feature_monitor=true input_feature_keyboard=true input_feature_mouse=true input_feature_touchscreen=true input_feature_input_device=true battery_manager_feature_enable_charger=true memmgr_purgeable_memory=true memmgr_hyperhold_memory=true usb_manager_feature_pop_up_func_switch_model=false usb_manager_feature_host=true usb_manager_feature_device=true usb_manager_feature_port=true device_status_interaction_coordination=false wpa_supplicant_driver_nl80211=true skia_feature_upgrade=true libuv_use_ffrt=true hdf_core_platform_test_support=false hdf_core_default_peripheral_config=false drivers_interface_display_community=true drivers_interface_display_vdi_default=true drivers_peripheral_input_feature_model=true drivers_peripheral_input_feature_support_ddk=true drivers_peripheral_display_community=true drivers_peripheral_display_vdi_default=true drivers_peripheral_wlan_feature_enable_HDF_NL80211=true drivers_peripheral_wlan_feature_enable_HDF_UT=false drivers_peripheral_wlan_feature_vendor="default" drivers_peripheral_wlan_p2p_name="p2p-dev-wlan0" drivers_peripheral_sensor_feature_model=true drivers_peripheral_audio_feature_full_test_suite=true drivers_peripheral_audio_feature_alsa_lib=false drivers_peripheral_audio_feature_effect=true drivers_peripheral_light_feature_model=true drivers_peripheral_vibrator_feature_model=true drivers_peripheral_codec_feature_support_omx_extend_test=true drivers_peripheral_codec_feature_support_hdi_v1=true smartperf_host_device=true drivers_interface_audio_community=true qrcodegen_feature_ace_engine_qrcode_able=true alsa_lib_feature_config_enable=true ohos_build_enable_ccache=true ohos_build_type="debug" device_type="default" build_variant="root" ohos_components_checktype=4 ohos_interception_rule_switch=1023 root_perf_main="main" runtime_mode="release"
[OHOS INFO] [GN]                                                                                                                                                                                                                                                                                                                                                                                                                                                                                             ^---------
[OHOS INFO] [GN] The variable "device_company" was set as a build argument
[OHOS INFO] [GN] but never appeared in a declare_args() block in any buildfile.
[OHOS INFO] [GN] 
[OHOS INFO] [GN] To view all possible args, run "gn args --list <out_dir>"
[OHOS INFO] [GN] 
[OHOS INFO] [GN] The build continued as if that argument was unspecified.
[OHOS INFO] [GN] 
[OHOS INFO] [GN] Done. Made 140472 targets from 18023 files in 21556ms
[OHOS INFO]  The run time for _gn is 21.75 s

[OHOS INFO] [NINJA] Excuting ninja command: /srv/workspace/openharmony_master_default_20260723175927_huawei_33e607913/code/prebuilts/build-tools/linux-x86/bin/ninja -w dupbuild=warn -C /srv/workspace/openharmony_master_default_20260723175927_huawei_33e607913/code/out/rk3568 third_party/sane-airscan:sane-airscan
[OHOS INFO] [NINJA] [1/37] ACTION //third_party/sane-airscan:airscan_action(//build/toolchain/ohos:ohos_clang_arm)
[OHOS INFO] [NINJA] [2/37] STAMP obj/third_party/sane-airscan/airscan_action.stamp
[OHOS INFO] [NINJA] [3/37] STAMP obj/third_party/sane-airscan/sane-airscan.inputdeps.stamp
[OHOS INFO] [NINJA] [4/37] CC obj/out/rk3568/gen/third_party/sane-airscan/patched/sane-airscan/airscan-init.o
[OHOS INFO] [NINJA] [5/37] CC obj/out/rk3568/gen/third_party/sane-airscan/patched/sane-airscan/airscan-image.o
[OHOS INFO] [NINJA] [6/37] CC obj/out/rk3568/gen/third_party/sane-airscan/patched/sane-airscan/airscan-array.o
[OHOS INFO] [NINJA] [7/37] CC obj/out/rk3568/gen/third_party/sane-airscan/patched/sane-airscan/airscan-devid.o
[OHOS INFO] [NINJA] [8/37] CC obj/out/rk3568/gen/third_party/sane-airscan/patched/sane-airscan/airscan-os.o
[OHOS INFO] [NINJA] [9/37] CC obj/out/rk3568/gen/third_party/sane-airscan/patched/sane-airscan/airscan-jpeg.o
[OHOS INFO] [NINJA] [10/37] CC obj/out/rk3568/gen/third_party/sane-airscan/patched/sane-airscan/airscan-filter.o
[OHOS INFO] [NINJA] [11/37] CC obj/out/rk3568/gen/third_party/sane-airscan/patched/sane-airscan/airscan-pollable.o
[OHOS INFO] [NINJA] [12/37] CC obj/out/rk3568/gen/third_party/sane-airscan/patched/sane-airscan/airscan-log.o
[OHOS INFO] [NINJA] [13/37] CC obj/out/rk3568/gen/third_party/sane-airscan/patched/sane-airscan/airscan-id.o
[OHOS INFO] [NINJA] [14/37] CC obj/out/rk3568/gen/third_party/sane-airscan/patched/sane-airscan/airscan-math.o
[OHOS INFO] [NINJA] [15/37] CC obj/out/rk3568/gen/third_party/sane-airscan/patched/sane-airscan/airscan-rand.o
[OHOS INFO] [NINJA] [16/37] CC obj/out/rk3568/gen/third_party/sane-airscan/patched/sane-airscan/airscan-png.o
[OHOS INFO] [NINJA] [17/37] CC obj/out/rk3568/gen/third_party/sane-airscan/patched/sane-airscan/airscan-memstr.o
[OHOS INFO] [NINJA] [18/37] CC obj/out/rk3568/gen/third_party/sane-airscan/patched/sane-airscan/airscan-devcaps.o
[OHOS INFO] [NINJA] [19/37] CC obj/out/rk3568/gen/third_party/sane-airscan/patched/sane-airscan/airscan-conf.o
[OHOS INFO] [NINJA] [20/37] CC obj/out/rk3568/gen/third_party/sane-airscan/patched/sane-airscan/airscan-tiff.o
[OHOS INFO] [NINJA] [21/37] CC obj/out/rk3568/gen/third_party/sane-airscan/patched/sane-airscan/airscan-trace.o
[OHOS INFO] [NINJA] [22/37] CC obj/out/rk3568/gen/third_party/sane-airscan/patched/sane-airscan/airscan-bmp.o
[OHOS INFO] [NINJA] [23/37] CC obj/out/rk3568/gen/third_party/sane-airscan/patched/sane-airscan/airscan-ip.o
[OHOS INFO] [NINJA] [24/37] CC obj/out/rk3568/gen/third_party/sane-airscan/patched/sane-airscan/sane_strstatus.o
[OHOS INFO] [NINJA] [25/37] CC obj/out/rk3568/gen/third_party/sane-airscan/patched/sane-airscan/airscan-eloop.o
[OHOS INFO] [NINJA] [26/37] CC obj/out/rk3568/gen/third_party/sane-airscan/patched/sane-airscan/airscan-mdns.o
[OHOS INFO] [NINJA] [27/37] CC obj/out/rk3568/gen/third_party/sane-airscan/patched/sane-airscan/airscan-devops.o
[OHOS INFO] [NINJA] [28/37] CC obj/out/rk3568/gen/third_party/sane-airscan/patched/sane-airscan/airscan-netif.o
[OHOS INFO] [NINJA] [29/37] CC obj/out/rk3568/gen/third_party/sane-airscan/patched/sane-airscan/airscan-wsd.o
[OHOS INFO] [NINJA] [30/37] CC obj/out/rk3568/gen/third_party/sane-airscan/patched/sane-airscan/airscan.o
[OHOS INFO] [NINJA] [31/37] CC obj/out/rk3568/gen/third_party/sane-airscan/patched/sane-airscan/airscan-escl.o
[OHOS INFO] [NINJA] [32/37] CC obj/out/rk3568/gen/third_party/sane-airscan/patched/sane-airscan/airscan-device.o
[OHOS INFO] [NINJA] [33/37] CC obj/out/rk3568/gen/third_party/sane-airscan/patched/sane-airscan/airscan-xml.o
[OHOS INFO] [NINJA] [34/37] CC obj/out/rk3568/gen/third_party/sane-airscan/patched/sane-airscan/airscan-zeroconf.o
[OHOS INFO] [NINJA] [35/37] CC obj/out/rk3568/gen/third_party/sane-airscan/patched/sane-airscan/airscan-http.o
[OHOS INFO] [NINJA] [36/37] CC obj/out/rk3568/gen/third_party/sane-airscan/patched/sane-airscan/http_parser.o

[91m[OHOS ERROR][0m [NINJA] command failed: "/srv/workspace/openharmony_master_default_20260723175927_huawei_33e607913/code/prebuilts/build-tools/linux-x86/bin/ninja -w dupbuild=warn -C /srv/workspace/openharmony_master_default_20260723175927_huawei_33e607913/code/out/rk3568 third_party/sane-airscan:sane-airscan" , ret_code: 1

[91m[OHOS ERROR][0m [NINJA] [20/37] CC obj/out/rk3568/gen/third_party/sane-airscan/patched/sane-airscan/airscan-tiff.o
[91m[OHOS ERROR][0m [NINJA] FAILED: [code=1] obj/out/rk3568/gen/third_party/sane-airscan/patched/sane-airscan/airscan-tiff.o 
[91m[OHOS ERROR][0m [NINJA] /usr/bin/ccache ../../prebuilts/clang/ohos/linux-x86_64/llvm/bin/clang -MMD -MF obj/out/rk3568/gen/third_party/sane-airscan/patched/sane-airscan/airscan-tiff.o.d -DV8_DEPRECATION_WARNINGS -D_GNU_SOURCE -DHAVE_SYS_UIO_H -D__MUSL__ -D_LIBCPP_HAS_MUSL_LIBC -D__BUILD_LINUX_WITH_CLANG -D__STDC_CONSTANT_MACROS -D__STDC_FORMAT_MACROS -DCOMPONENT_BUILD -D__GNU_SOURCE=1 -DCHROMIUM_CXX_TWEAK_INLINES -DNDEBUG -DNVALGRIND -DDYNAMIC_ANNOTATIONS_ENABLED=0 -DHAVE_UNSIGNED_SHORT=1 -DNEON_INTRINSICS -DC_ARITH_CODING_SUPPORTED=1 -DD_ARITH_CODING_SUPPORTED=1 -DBMP_SUPPORTED=1 -DPPM_SUPPORTED=1 -DSK_ENABLE_HI_JPEG -DUSE_FFRT -DASYNC_STACKTRACE -DENABLE_WORKER_PRIORITY -DIS_OHOS -DUSE_OHOS_DFX -DSUPPORT_INTERRUPT -Igen/third_party/sane-airscan/patched -I../../third_party/sane-airscan -Iobj/third_party/musl/usr/include/arm-linux-ohos -Ioverride/third_party -I../.. -Igen -Igen/third_party/backends/sane/include -Igen/third_party/backends/sane/include/sane -I../../base/hiviewdfx/hilog/interfaces/native/innerkits/include -Igen/third_party/libjpeg-turbo/libjpeg-turbo-3.1.0/simd/arm -Igen/third_party/libjpeg-turbo/libjpeg-turbo-3.1.0/src -Igen/third_party/libpng/libpng-1.6.55 -I../../third_party/libuv/include -I../../third_party/libuv/src -I../../third_party/libuv/src/unix -Iobj/third_party/libxml2/include -Igen/third_party/libxml2/libxml2-2.14.0/include -fno-strict-aliasing -Wno-builtin-macro-redefined -D__DATE__= -D__TIME__= -D__TIMESTAMP__= -funwind-tables -fPIC -fcolor-diagnostics -fmerge-all-constants -Xclang -mllvm -Xclang -instcombine-lower-dbg-declare=0 -no-canonical-prefixes -flto=thin -fsplit-lto-unit -ffunction-sections -fno-short-enums --target=arm-linux-ohos -march=armv7-a -mfloat-abi=softfp -mtune=generic-armv7-a -fstack-protector-strong -mfpu=neon -mthumb -Wall -Werror -Wextra -Wimplicit-fallthrough -Wthread-safety -Wno-missing-field-initializers -Wno-unused-parameter -Wno-c++11-narrowing -Wno-unneeded-internal-declaration -Wno-error=c99-designator -Wno-error=anon-enum-enum-conversion -Wno-error=sizeof-array-div -Wno-error=implicit-fallthrough -Wno-error=reorder-init-list -Wno-error=range-loop-construct -Wno-error=deprecated-copy -Wno-error=implicit-int-float-conversion -Wno-error=inconsistent-dllimport -Wno-error=unknown-warning-option -Wno-error=sign-compare -Wno-error=int-in-bool-context -Wno-error=return-stack-address -Wno-error=dangling-gsl -Wno-unused-but-set-variable -Wno-deprecated-declarations -Wno-unused-but-set-parameter -Wno-null-pointer-subtraction -Wno-unqualified-std-cast-call -Wno-user-defined-warnings -Wno-unused-lambda-capture -Wno-null-pointer-arithmetic -Wno-enum-compare-switch -O2 -fno-ident -fdata-sections -ffunction-sections -fomit-frame-pointer -gdwarf-3 -g2 -ggnu-pubnames -fno-common -Wheader-hygiene -Wstring-conversion -Wtautological-overlap-compare -fno-exceptions -fdata-sections -ffunction-sections -fno-asynchronous-unwind-tables -fno-unwind-tables -flto -Os -DOH_AIRSCAN -ftrivial-auto-var-init=zero -enable-trivial-auto-var-init-zero-knowing-it-will-be-removed-from-clang -DNEON_INTRINSICS -Wno-pointer-sign -mfpu=neon -mfloat-abi=softfp -Wno-unused-parameter -Wno-incompatible-pointer-types -D_GNU_SOURCE -D_POSIX_C_SOURCE=200112 --sysroot=obj/third_party/musl -c gen/third_party/sane-airscan/patched/airscan-tiff.c -o obj/out/rk3568/gen/third_party/sane-airscan/patched/sane-airscan/airscan-tiff.o
[91m[OHOS ERROR][0m [NINJA] gen/third_party/sane-airscan/patched/airscan-tiff.c:11:10: fatal [91merror[0m: 'tiffio.h' file not found
[91m[OHOS ERROR][0m [NINJA] #include <tiffio.h>
[91m[OHOS ERROR][0m [NINJA]          ^~~~~~~~~~
[91m[OHOS ERROR][0m [NINJA] 1 error generated.

[91m[OHOS ERROR][0m [NINJA] [26/37] CC obj/out/rk3568/gen/third_party/sane-airscan/patched/sane-airscan/airscan-mdns.o
[91m[OHOS ERROR][0m [NINJA] FAILED: [code=1] obj/out/rk3568/gen/third_party/sane-airscan/patched/sane-airscan/airscan-mdns.o 
[91m[OHOS ERROR][0m [NINJA] /usr/bin/ccache ../../prebuilts/clang/ohos/linux-x86_64/llvm/bin/clang -MMD -MF obj/out/rk3568/gen/third_party/sane-airscan/patched/sane-airscan/airscan-mdns.o.d -DV8_DEPRECATION_WARNINGS -D_GNU_SOURCE -DHAVE_SYS_UIO_H -D__MUSL__ -D_LIBCPP_HAS_MUSL_LIBC -D__BUILD_LINUX_WITH_CLANG -D__STDC_CONSTANT_MACROS -D__STDC_FORMAT_MACROS -DCOMPONENT_BUILD -D__GNU_SOURCE=1 -DCHROMIUM_CXX_TWEAK_INLINES -DNDEBUG -DNVALGRIND -DDYNAMIC_ANNOTATIONS_ENABLED=0 -DHAVE_UNSIGNED_SHORT=1 -DNEON_INTRINSICS -DC_ARITH_CODING_SUPPORTED=1 -DD_ARITH_CODING_SUPPORTED=1 -DBMP_SUPPORTED=1 -DPPM_SUPPORTED=1 -DSK_ENABLE_HI_JPEG -DUSE_FFRT -DASYNC_STACKTRACE -DENABLE_WORKER_PRIORITY -DIS_OHOS -DUSE_OHOS_DFX -DSUPPORT_INTERRUPT -Igen/third_party/sane-airscan/patched -I../../third_party/sane-airscan -Iobj/third_party/musl/usr/include/arm-linux-ohos -Ioverride/third_party -I../.. -Igen -Igen/third_party/backends/sane/include -Igen/third_party/backends/sane/include/sane -I../../base/hiviewdfx/hilog/interfaces/native/innerkits/include -Igen/third_party/libjpeg-turbo/libjpeg-turbo-3.1.0/simd/arm -Igen/third_party/libjpeg-turbo/libjpeg-turbo-3.1.0/src -Igen/third_party/libpng/libpng-1.6.55 -I../../third_party/libuv/include -I../../third_party/libuv/src -I../../third_party/libuv/src/unix -Iobj/third_party/libxml2/include -Igen/third_party/libxml2/libxml2-2.14.0/include -fno-strict-aliasing -Wno-builtin-macro-redefined -D__DATE__= -D__TIME__= -D__TIMESTAMP__= -funwind-tables -fPIC -fcolor-diagnostics -fmerge-all-constants -Xclang -mllvm -Xclang -instcombine-lower-dbg-declare=0 -no-canonical-prefixes -flto=thin -fsplit-lto-unit -ffunction-sections -fno-short-enums --target=arm-linux-ohos -march=armv7-a -mfloat-abi=softfp -mtune=generic-armv7-a -fstack-protector-strong -mfpu=neon -mthumb -Wall -Werror -Wextra -Wimplicit-fallthrough -Wthread-safety -Wno-missing-field-initializers -Wno-unused-parameter -Wno-c++11-narrowing -Wno-unneeded-internal-declaration -Wno-error=c99-designator -Wno-error=anon-enum-enum-conversion -Wno-error=sizeof-array-div -Wno-error=implicit-fallthrough -Wno-error=reorder-init-list -Wno-error=range-loop-construct -Wno-error=deprecated-copy -Wno-error=implicit-int-float-conversion -Wno-error=inconsistent-dllimport -Wno-error=unknown-warning-option -Wno-error=sign-compare -Wno-error=int-in-bool-context -Wno-error=return-stack-address -Wno-error=dangling-gsl -Wno-unused-but-set-variable -Wno-deprecated-declarations -Wno-unused-but-set-parameter -Wno-null-pointer-subtraction -Wno-unqualified-std-cast-call -Wno-user-defined-warnings -Wno-unused-lambda-capture -Wno-null-pointer-arithmetic -Wno-enum-compare-switch -O2 -fno-ident -fdata-sections -ffunction-sections -fomit-frame-pointer -gdwarf-3 -g2 -ggnu-pubnames -fno-common -Wheader-hygiene -Wstring-conversion -Wtautological-overlap-compare -fno-exceptions -fdata-sections -ffunction-sections -fno-asynchronous-unwind-tables -fno-unwind-tables -flto -Os -DOH_AIRSCAN -ftrivial-auto-var-init=zero -enable-trivial-auto-var-init-zero-knowing-it-will-be-removed-from-clang -DNEON_INTRINSICS -Wno-pointer-sign -mfpu=neon -mfloat-abi=softfp -Wno-unused-parameter -Wno-incompatible-pointer-types -D_GNU_SOURCE -D_POSIX_C_SOURCE=200112 --sysroot=obj/third_party/musl -c gen/third_party/sane-airscan/patched/airscan-mdns.c -o obj/out/rk3568/gen/third_party/sane-airscan/patched/sane-airscan/airscan-mdns.o
[91m[OHOS ERROR][0m [NINJA] gen/third_party/sane-airscan/patched/airscan-mdns.c:64:5: [91merror[0m: unknown type name 'AvahiServiceResolver'
[91m[OHOS ERROR][0m [NINJA]     AvahiServiceResolver **resolvers;    /* Array of pending resolvers */
[91m[OHOS ERROR][0m [NINJA]     ^
[91m[OHOS ERROR][0m [NINJA] gen/third_party/sane-airscan/patched/airscan-mdns.c:77:14: [91merror[0m: unknown type name 'AvahiPoll'
[91m[OHOS ERROR][0m [NINJA] static const AvahiPoll *mdns_avahi_poll;
[91m[OHOS ERROR][0m [NINJA]              ^
[91m[OHOS ERROR][0m [NINJA] gen/third_party/sane-airscan/patched/airscan-mdns.c:78:8: [91merror[0m: unknown type name 'AvahiTimeout'
[91m[OHOS ERROR][0m [NINJA] static AvahiTimeout *mdns_avahi_restart_timer;
[91m[OHOS ERROR][0m [NINJA]        ^
[91m[OHOS ERROR][0m [NINJA] gen/third_party/sane-airscan/patched/airscan-mdns.c:79:8: [91merror[0m: unknown type name 'AvahiClient'
[91m[OHOS ERROR][0m [NINJA] static AvahiClient *mdns_avahi_client;
[91m[OHOS ERROR][0m [NINJA]        ^
[91m[OHOS ERROR][0m [NINJA] gen/third_party/sane-airscan/patched/airscan-mdns.c:81:8: [91merror[0m: unknown type name 'AvahiServiceBrowser'
[91m[OHOS ERROR][0m [NINJA] static AvahiServiceBrowser *mdns_avahi_browser[NUM_MDNS_SERVICE];
[91m[OHOS ERROR][0m [NINJA]        ^
[91m[OHOS ERROR][0m [NINJA] gen/third_party/sane-airscan/patched/airscan-mdns.c:99:33: [91merror[0m: unknown type name 'AvahiIfIndex'
[91m[OHOS ERROR][0m [NINJA] mdns_debug (const char *action, AvahiIfIndex interface, AvahiProtocol protocol,
[91m[OHOS ERROR][0m [NINJA]                                 ^
[91m[OHOS ERROR][0m [NINJA] gen/third_party/sane-airscan/patched/airscan-mdns.c:99:57: [91merror[0m: unknown type name 'AvahiProtocol'
[91m[OHOS ERROR][0m [NINJA] mdns_debug (const char *action, AvahiIfIndex interface, AvahiProtocol protocol,
[91m[OHOS ERROR][0m [NINJA]                                                         ^
[91m[OHOS ERROR][0m [NINJA] gen/third_party/sane-airscan/patched/airscan-mdns.c:100:9: [91merror[0m: unknown type name 'AvahiLookupResultFlags'
[91m[OHOS ERROR][0m [NINJA]         AvahiLookupResultFlags flags, const char *in_type, const char *in_name,
[91m[OHOS ERROR][0m [NINJA]         ^
[91m[OHOS ERROR][0m [NINJA] gen/third_party/sane-airscan/patched/airscan-mdns.c:103:34: [91merror[0m: use of undeclared identifier 'AVAHI_PROTO_INET'
[91m[OHOS ERROR][0m [NINJA]     const char *af = protocol == AVAHI_PROTO_INET ? "ipv4" : "ipv6";
[91m[OHOS ERROR][0m [NINJA]                                  ^
[91m[OHOS ERROR][0m [NINJA] gen/third_party/sane-airscan/patched/airscan-mdns.c:108:22: [91merror[0m: use of undeclared identifier 'AVAHI_IF_UNSPEC'
[91m[OHOS ERROR][0m [NINJA]     if (interface == AVAHI_IF_UNSPEC) {
[91m[OHOS ERROR][0m [NINJA]                      ^
[91m[OHOS ERROR][0m [NINJA] gen/third_party/sane-airscan/patched/airscan-mdns.c:122:14: [91merror[0m: use of undeclared identifier 'AVAHI_LOOKUP_RESULT_CACHED'
[91m[OHOS ERROR][0m [NINJA]     flags &= AVAHI_LOOKUP_RESULT_CACHED |
[91m[OHOS ERROR][0m [NINJA]              ^
[91m[OHOS ERROR][0m [NINJA] gen/third_party/sane-airscan/patched/airscan-mdns.c:123:14: [91merror[0m: use of undeclared identifier 'AVAHI_LOOKUP_RESULT_WIDE_AREA'
[91m[OHOS ERROR][0m [NINJA]              AVAHI_LOOKUP_RESULT_WIDE_AREA |
[91m[OHOS ERROR][0m [NINJA]              ^
[91m[OHOS ERROR][0m [NINJA] gen/third_party/sane-airscan/patched/airscan-mdns.c:124:14: [91merror[0m: use of undeclared identifier 'AVAHI_LOOKUP_RESULT_MULTICAST'
[91m[OHOS ERROR][0m [NINJA]              AVAHI_LOOKUP_RESULT_MULTICAST |
[91m[OHOS ERROR][0m [NINJA]              ^
[91m[OHOS ERROR][0m [NINJA] gen/third_party/sane-airscan/patched/airscan-mdns.c:125:14: [91merror[0m: use of undeclared identifier 'AVAHI_LOOKUP_RESULT_STATIC'
[91m[OHOS ERROR][0m [NINJA]              AVAHI_LOOKUP_RESULT_STATIC;
[91m[OHOS ERROR][0m [NINJA]              ^
[91m[OHOS ERROR][0m [NINJA] gen/third_party/sane-airscan/patched/airscan-mdns.c:130:22: [91merror[0m: use of undeclared identifier 'AVAHI_LOOKUP_RESULT_CACHED'
[91m[OHOS ERROR][0m [NINJA]         if ((flags & AVAHI_LOOKUP_RESULT_CACHED) != 0) {
[91m[OHOS ERROR][0m [NINJA]                      ^
[91m[OHOS ERROR][0m [NINJA] gen/third_party/sane-airscan/patched/airscan-mdns.c:135:22: [91merror[0m: use of undeclared identifier 'AVAHI_LOOKUP_RESULT_WIDE_AREA'
[91m[OHOS ERROR][0m [NINJA]         if ((flags & AVAHI_LOOKUP_RESULT_WIDE_AREA) != 0) {
[91m[OHOS ERROR][0m [NINJA]                      ^
[91m[OHOS ERROR][0m [NINJA] gen/third_party/sane-airscan/patched/airscan-mdns.c:140:22: [91merror[0m: use of undeclared identifier 'AVAHI_LOOKUP_RESULT_MULTICAST'
[91m[OHOS ERROR][0m [NINJA]         if ((flags & AVAHI_LOOKUP_RESULT_MULTICAST) != 0) {
[91m[OHOS ERROR][0m [NINJA]                      ^
[91m[OHOS ERROR][0m [NINJA] gen/third_party/sane-airscan/patched/airscan-mdns.c:145:22: [91merror[0m: use of undeclared identifier 'AVAHI_LOOKUP_RESULT_STATIC'
[91m[OHOS ERROR][0m [NINJA]         if ((flags & AVAHI_LOOKUP_RESULT_STATIC) != 0) {
[91m[OHOS ERROR][0m [NINJA]                      ^
[91m[OHOS ERROR][0m [NINJA] gen/third_party/sane-airscan/patched/airscan-mdns.c:162:34: [91merror[0m: unknown type name 'AvahiIfIndex'
[91m[OHOS ERROR][0m [NINJA] mdns_perror (const char *action, AvahiIfIndex interface, AvahiProtocol protocol,
[91m[OHOS ERROR][0m [NINJA]                                  ^
[91m[OHOS ERROR][0m [NINJA] fatal [91merror[0m: too many errors emitted, stopping now [-ferror-limit=]
[91m[OHOS ERROR][0m [NINJA] 20 errors generated.

[91m[OHOS ERROR][0m [NINJA] [29/37] CC obj/out/rk3568/gen/third_party/sane-airscan/patched/sane-airscan/airscan-wsd.o
[91m[OHOS ERROR][0m [NINJA] FAILED: [code=1] obj/out/rk3568/gen/third_party/sane-airscan/patched/sane-airscan/airscan-wsd.o 
[91m[OHOS ERROR][0m [NINJA] /usr/bin/ccache ../../prebuilts/clang/ohos/linux-x86_64/llvm/bin/clang -MMD -MF obj/out/rk3568/gen/third_party/sane-airscan/patched/sane-airscan/airscan-wsd.o.d -DV8_DEPRECATION_WARNINGS -D_GNU_SOURCE -DHAVE_SYS_UIO_H -D__MUSL__ -D_LIBCPP_HAS_MUSL_LIBC -D__BUILD_LINUX_WITH_CLANG -D__STDC_CONSTANT_MACROS -D__STDC_FORMAT_MACROS -DCOMPONENT_BUILD -D__GNU_SOURCE=1 -DCHROMIUM_CXX_TWEAK_INLINES -DNDEBUG -DNVALGRIND -DDYNAMIC_ANNOTATIONS_ENABLED=0 -DHAVE_UNSIGNED_SHORT=1 -DNEON_INTRINSICS -DC_ARITH_CODING_SUPPORTED=1 -DD_ARITH_CODING_SUPPORTED=1 -DBMP_SUPPORTED=1 -DPPM_SUPPORTED=1 -DSK_ENABLE_HI_JPEG -DUSE_FFRT -DASYNC_STACKTRACE -DENABLE_WORKER_PRIORITY -DIS_OHOS -DUSE_OHOS_DFX -DSUPPORT_INTERRUPT -Igen/third_party/sane-airscan/patched -I../../third_party/sane-airscan -Iobj/third_party/musl/usr/include/arm-linux-ohos -Ioverride/third_party -I../.. -Igen -Igen/third_party/backends/sane/include -Igen/third_party/backends/sane/include/sane -I../../base/hiviewdfx/hilog/interfaces/native/innerkits/include -Igen/third_party/libjpeg-turbo/libjpeg-turbo-3.1.0/simd/arm -Igen/third_party/libjpeg-turbo/libjpeg-turbo-3.1.0/src -Igen/third_party/libpng/libpng-1.6.55 -I../../third_party/libuv/include -I../../third_party/libuv/src -I../../third_party/libuv/src/unix -Iobj/third_party/libxml2/include -Igen/third_party/libxml2/libxml2-2.14.0/include -fno-strict-aliasing -Wno-builtin-macro-redefined -D__DATE__= -D__TIME__= -D__TIMESTAMP__= -funwind-tables -fPIC -fcolor-diagnostics -fmerge-all-constants -Xclang -mllvm -Xclang -instcombine-lower-dbg-declare=0 -no-canonical-prefixes -flto=thin -fsplit-lto-unit -ffunction-sections -fno-short-enums --target=arm-linux-ohos -march=armv7-a -mfloat-abi=softfp -mtune=generic-armv7-a -fstack-protector-strong -mfpu=neon -mthumb -Wall -Werror -Wextra -Wimplicit-fallthrough -Wthread-safety -Wno-missing-field-initializers -Wno-unused-parameter -Wno-c++11-narrowing -Wno-unneeded-internal-declaration -Wno-error=c99-designator -Wno-error=anon-enum-enum-conversion -Wno-error=sizeof-array-div -Wno-error=implicit-fallthrough -Wno-error=reorder-init-list -Wno-error=range-loop-construct -Wno-error=deprecated-copy -Wno-error=implicit-int-float-conversion -Wno-error=inconsistent-dllimport -Wno-error=unknown-warning-option -Wno-error=sign-compare -Wno-error=int-in-bool-context -Wno-error=return-stack-address -Wno-error=dangling-gsl -Wno-unused-but-set-variable -Wno-deprecated-declarations -Wno-unused-but-set-parameter -Wno-null-pointer-subtraction -Wno-unqualified-std-cast-call -Wno-user-defined-warnings -Wno-unused-lambda-capture -Wno-null-pointer-arithmetic -Wno-enum-compare-switch -O2 -fno-ident -fdata-sections -ffunction-sections -fomit-frame-pointer -gdwarf-3 -g2 -ggnu-pubnames -fno-common -Wheader-hygiene -Wstring-conversion -Wtautological-overlap-compare -fno-exceptions -fdata-sections -ffunction-sections -fno-asynchronous-unwind-tables -fno-unwind-tables -flto -Os -DOH_AIRSCAN -ftrivial-auto-var-init=zero -enable-trivial-auto-var-init-zero-knowing-it-will-be-removed-from-clang -DNEON_INTRINSICS -Wno-pointer-sign -mfpu=neon -mfloat-abi=softfp -Wno-unused-parameter -Wno-incompatible-pointer-types -D_GNU_SOURCE -D_POSIX_C_SOURCE=200112 --sysroot=obj/third_party/musl -c gen/third_party/sane-airscan/patched/airscan-wsd.c -o obj/out/rk3568/gen/third_party/sane-airscan/patched/sane-airscan/airscan-wsd.o
[91m[OHOS ERROR][0m [NINJA] gen/third_party/sane-airscan/patched/airscan-wsd.c:9:9: [91merror[0m: '_GNU_SOURCE' macro redefined [-Werror,-Wmacro-redefined]
[91m[OHOS ERROR][0m [NINJA] #define _GNU_SOURCE
[91m[OHOS ERROR][0m [NINJA]         ^
[91m[OHOS ERROR][0m [NINJA] <command line>:33:9: note: previous definition is here
[91m[OHOS ERROR][0m [NINJA] #define _GNU_SOURCE 1
[91m[OHOS ERROR][0m [NINJA]         ^
[91m[OHOS ERROR][0m [NINJA] 1 error generated.

[OHOS INFO]  User Cpu%: 1.1%

[OHOS INFO]  System Cpu%: 0.7%

[OHOS INFO]  Idle CPU%: 97.8%

[OHOS INFO]  Total Memory: 93.9GB

[OHOS INFO]  Free Memory: 9.2GB

[OHOS INFO]  Swap Memory: 0.0GB

[OHOS INFO]  Filesystem: overlay, Size: 492G, Used: 24G, Available: 443G, Use%: 6%, Mounted on: /

[OHOS INFO]  Filesystem: tmpfs, Size: 64M, Used: 0, Available: 64M, Use%: 0%, Mounted on: /dev

[OHOS INFO]  Filesystem: tmpfs, Size: 47G, Used: 0, Available: 47G, Use%: 0%, Mounted on: /sys/fs/cgroup

[OHOS INFO]  Filesystem: /dev/sdb, Size: 196G, Used: 18G, Available: 178G, Use%: 10%, Mounted on: /root

[OHOS INFO]  Filesystem: tmpfs, Size: 49G, Used: 12K, Available: 49G, Use%: 1%, Mounted on: /gituser

[OHOS INFO]  Filesystem: /dev/vda1, Size: 197G, Used: 3.6G, Available: 186G, Use%: 2%, Mounted on: /srv/workspace

[OHOS INFO]  Filesystem: /dev/mapper/vgpaas-share, Size: 492G, Used: 24G, Available: 443G, Use%: 6%, Mounted on: /etc/hosts

[OHOS INFO]  Filesystem: shm, Size: 64M, Used: 0, Available: 64M, Use%: 0%, Mounted on: /dev/shm

[OHOS INFO]  Filesystem: tmpfs, Size: 49G, Used: 12K, Available: 49G, Use%: 1%, Mounted on: /run/secrets/kubernetes.io/serviceaccount

[OHOS INFO]  Filesystem: tmpfs, Size: 47G, Used: 0, Available: 47G, Use%: 0%, Mounted on: /proc/acpi

[OHOS INFO]  Filesystem: tmpfs, Size: 47G, Used: 0, Available: 47G, Use%: 0%, Mounted on: /proc/scsi

[OHOS INFO]  Filesystem: tmpfs, Size: 47G, Used: 0, Available: 47G, Use%: 0%, Mounted on: /sys/firmware

[OHOS INFO]  Filesystem: /dev/sdc, Size: 787G, Used: 251G, Available: 536G, Use%: 32%, Mounted on: /srv/workspace/openharmony_master_default_20260723175927_huawei_33e607913

[91m[OHOS ERROR][0m [NINJA] Traceback (most recent call last):
[91m[OHOS ERROR][0m [NINJA]   File "/srv/workspace/openharmony_master_default_20260723175927_huawei_33e607913/code/build/hb/containers/status.py", line 47, in wrapper
[91m[OHOS ERROR][0m [NINJA]     return func(*args, **kwargs)
[91m[OHOS ERROR][0m [NINJA]            ^^^^^^^^^^^^^^^^^^^^^
[91m[OHOS ERROR][0m [NINJA]   File "/srv/workspace/openharmony_master_default_20260723175927_huawei_33e607913/code/build/hb/modules/ohos_build_module.py", line 71, in run
[91m[OHOS ERROR][0m [NINJA]     raise exception
[91m[OHOS ERROR][0m [NINJA]   File "/srv/workspace/openharmony_master_default_20260723175927_huawei_33e607913/code/build/hb/modules/ohos_build_module.py", line 68, in run
[91m[OHOS ERROR][0m [NINJA]     super().run()
[91m[OHOS ERROR][0m [NINJA]   File "/srv/workspace/openharmony_master_default_20260723175927_huawei_33e607913/code/build/hb/modules/interface/build_module_interface.py", line 70, in run
[91m[OHOS ERROR][0m [NINJA]     raise exception
[91m[OHOS ERROR][0m [NINJA]   File "/srv/workspace/openharmony_master_default_20260723175927_huawei_33e607913/code/build/hb/modules/interface/build_module_interface.py", line 68, in run
[91m[OHOS ERROR][0m [NINJA]     self._ninja()
[91m[OHOS ERROR][0m [NINJA]   File "/srv/workspace/openharmony_master_default_20260723175927_huawei_33e607913/code/build/hb/util/timer_util.py", line 30, in inner
[91m[OHOS ERROR][0m [NINJA]     res = func(*arg, **kwarg)
[91m[OHOS ERROR][0m [NINJA]           ^^^^^^^^^^^^^^^^^^^
[91m[OHOS ERROR][0m [NINJA]   File "/srv/workspace/openharmony_master_default_20260723175927_huawei_33e607913/code/build/hb/modules/interface/build_module_interface.py", line 125, in _ninja
[91m[OHOS ERROR][0m [NINJA]     self._target_compilation()
[91m[OHOS ERROR][0m [NINJA]   File "/srv/workspace/openharmony_master_default_20260723175927_huawei_33e607913/code/build/hb/modules/ohos_build_module.py", line 133, in _target_compilation
[91m[OHOS ERROR][0m [NINJA]     self.target_compiler.run()
[91m[OHOS ERROR][0m [NINJA]   File "/srv/workspace/openharmony_master_default_20260723175927_huawei_33e607913/code/build/hb/services/ninja.py", line 39, in run
[91m[OHOS ERROR][0m [NINJA]     self._execute_ninja_cmd()
[91m[OHOS ERROR][0m [NINJA]   File "/srv/workspace/openharmony_master_default_20260723175927_huawei_33e607913/code/build/hb/services/ninja.py", line 70, in _execute_ninja_cmd
[91m[OHOS ERROR][0m [NINJA]     SystemUtil.exec_command(
[91m[OHOS ERROR][0m [NINJA]   File "/srv/workspace/openharmony_master_default_20260723175927_huawei_33e607913/code/build/hb/util/system_util.py", line 142, in exec_command
[91m[OHOS ERROR][0m [NINJA]     LogUtil.get_failed_log(log_path, cmd)
[91m[OHOS ERROR][0m [NINJA]   File "/srv/workspace/openharmony_master_default_20260723175927_huawei_33e607913/code/build/hb/util/log_util.py", line 221, in get_failed_log
[91m[OHOS ERROR][0m [NINJA]     LogUtil.get_compiler_failed_log(log_path, cmd)
[91m[OHOS ERROR][0m [NINJA]   File "/srv/workspace/openharmony_master_default_20260723175927_huawei_33e607913/code/build/hb/util/log_util.py", line 208, in get_compiler_failed_log
[91m[OHOS ERROR][0m [NINJA]     raise OHOSException(
[91m[OHOS ERROR][0m [NINJA] exceptions.ohos_exception.OHOSException: COMPILE Failed! Please check error in /srv/workspace/openharmony_master_default_20260723175927_huawei_33e607913/code/out/rk3568/error.log, and for more build information in /srv/workspace/openharmony_master_default_20260723175927_huawei_33e607913/code/out/rk3568/build.log
[91m[OHOS ERROR][0m [NINJA] 

[91m[OHOS ERROR][0m [NINJA] Code:        4000
[91m[OHOS ERROR][0m [NINJA] 
[91m[OHOS ERROR][0m [NINJA] Reason:      COMPILE Failed! Please check error in /srv/workspace/openharmony_master_default_20260723175927_huawei_33e607913/code/out/rk3568/error.log, and for more build information in /srv/workspace/openharmony_master_default_20260723175927_huawei_33e607913/code/out/rk3568/build.log
[91m[OHOS ERROR][0m [NINJA] 
[91m[OHOS ERROR][0m [NINJA] Error Type:  Ninja build error
[91m[OHOS ERROR][0m [NINJA] 
[91m[OHOS ERROR][0m [NINJA] Description: An unknown error occurred while executing 'ninja -C'.
[91m[OHOS ERROR][0m [NINJA] 
[91m[OHOS ERROR][0m [NINJA] Solution:    no solution
[91m[OHOS ERROR][0m [NINJA] 
[31m=====build  error=====[0m
real 46.42
user 197.67
sys 53.96
