
[32m	*********Welcome to OpenHarmony!*********[0m

+++++++++++++++++++++++++++++++++++++++++++++++++++++++++
[32mSystem shell: bash 5.1.16(1)-release[0m
+++++++++++++++++++++++++++++++++++++++++++++++++++++++++
[32mCurrent time: 2026-08-04 09:37:13[0m
+++++++++++++++++++++++++++++++++++++++++++++++++++++++++
[32mBuild args: -p rk3568 --build-target make_all[0m
+++++++++++++++++++++++++++++++++++++++++++++++++++++++++
[OHOS INFO] Current Node.js version is v14.21.1
[32m[OHOS INFO] Node.js version check passed![0m
[OHOS INFO] Ohpm initialization started...
[OHOS INFO] Current ohpm version is 5.0.8
ohpm [33mWARN: [39m[33mYour "NodeJs" version is less than the recommended version "18.x.x", please upgrade it as soon as possible.[39m
ohpm [90mDEBUG: [39m[90mconfig set registry https://repo.harmonyos.com/ohpm/[39m
ohpm [90mDEBUG: [39m[90mstart to write trace data[39m
ohpm [90mDEBUG: [39m[90mstart to get key[39m
ohpm [90mDEBUG: [39m[90mstart to get root key[39m
ohpm [90mDEBUG: [39m[90mstart to get trace log dir[39m
ohpm [90mDEBUG: [39m[90mAudit failed, detail: the trace log file path is not exist! trace path: /root/Library/Caches/Huawei/DevEcoStudio5.0/TraceLogData[39m
ohpm [33mWARN: [39m[33mYour "NodeJs" version is less than the recommended version "18.x.x", please upgrade it as soon as possible.[39m
ohpm [90mDEBUG: [39m[90mconfig set strict_ssl false[39m
ohpm [90mDEBUG: [39m[90mstart to write trace data[39m
ohpm [90mDEBUG: [39m[90mstart to get key[39m
ohpm [90mDEBUG: [39m[90mstart to get root key[39m
ohpm [90mDEBUG: [39m[90mstart to get trace log dir[39m
ohpm [90mDEBUG: [39m[90mAudit failed, detail: the trace log file path is not exist! trace path: /root/Library/Caches/Huawei/DevEcoStudio5.0/TraceLogData[39m
ohpm [33mWARN: [39m[33mYour "NodeJs" version is less than the recommended version "18.x.x", please upgrade it as soon as possible.[39m
ohpm [90mDEBUG: [39m[90mconfig set log_level debug[39m
ohpm [90mDEBUG: [39m[90mstart to write trace data[39m
ohpm [90mDEBUG: [39m[90mstart to get key[39m
ohpm [90mDEBUG: [39m[90mstart to get root key[39m
ohpm [90mDEBUG: [39m[90mstart to get trace log dir[39m
ohpm [90mDEBUG: [39m[90mAudit failed, detail: the trace log file path is not exist! trace path: /root/Library/Caches/Huawei/DevEcoStudio5.0/TraceLogData[39m
[OHOS INFO] installing pnpm...
[OHOS INFO] installing hypium...
[32m[OHOS INFO] ohpm initialization successful![0m
+++++++++++++++++++++++++++++++++++++++++++++++++++++++++

[32m[OHOS INFO] Start building...[0m

[OHOS INFO]  Set cache size limit to 100.0 GB
[OHOS INFO] [PRELOAD] generated build prop info to /srv/workspace/openharmony_master_default_20260723175927_huawei_33e607913/code/out/preloader/rk3568/build.prop
[OHOS INFO] [PRELOAD] generated build config info to /srv/workspace/openharmony_master_default_20260723175927_huawei_33e607913/code/out/preloader/rk3568/build_config.json
[OHOS INFO] [PRELOAD] generated product parts info to /srv/workspace/openharmony_master_default_20260723175927_huawei_33e607913/code/out/preloader/rk3568/parts.json
[OHOS INFO] [PRELOAD] generated parts config info to /srv/workspace/openharmony_master_default_20260723175927_huawei_33e607913/code/out/preloader/rk3568/parts_config.json
[OHOS INFO] [PRELOAD] generated build gnargs prop info to /srv/workspace/openharmony_master_default_20260723175927_huawei_33e607913/code/out/preloader/rk3568/build_gnargs.prop
[OHOS INFO] [PRELOAD] generated features info to /srv/workspace/openharmony_master_default_20260723175927_huawei_33e607913/code/out/preloader/rk3568/features.json
[OHOS INFO] [PRELOAD] generated syscap info to /srv/workspace/openharmony_master_default_20260723175927_huawei_33e607913/code/out/preloader/rk3568/syscap.json
[OHOS INFO] [PRELOAD] generated exclusion modules info to /srv/workspace/openharmony_master_default_20260723175927_huawei_33e607913/code/out/preloader/rk3568/exclusion_modules.json
[OHOS INFO] [PRELOAD] generated dependency pruning info to /srv/workspace/openharmony_master_default_20260723175927_huawei_33e607913/code/out/preloader/rk3568/dependency_pruning.json
[OHOS INFO] [PRELOAD] generated platforms build info to /srv/workspace/openharmony_master_default_20260723175927_huawei_33e607913/code/out/preloader/rk3568/platforms.build
[OHOS INFO] [PRELOAD] generated subsystem config info to /srv/workspace/openharmony_master_default_20260723175927_huawei_33e607913/code/out/preloader/rk3568/subsystem_config.json
[OHOS INFO] [PRELOAD] generated system capability info to /srv/workspace/openharmony_master_default_20260723175927_huawei_33e607913/code/out/preloader/rk3568/systemcapability.json
[OHOS INFO] [PRELOAD] generated compile_standard_whitelist info to /srv/workspace/openharmony_master_default_20260723175927_huawei_33e607913/code/out/preloader/rk3568/compile_standard_whitelist.json
[OHOS INFO] [PRELOAD] generated compile_env_allowlist info to /srv/workspace/openharmony_master_default_20260723175927_huawei_33e607913/code/out/preloader/rk3568/compile_env_allowlist.json
[OHOS INFO] [PRELOAD] generated hvigor_compile_whitelist info to /srv/workspace/openharmony_master_default_20260723175927_huawei_33e607913/code/out/preloader/rk3568/hvigor_compile_hap_whitelist.json
[OHOS INFO]  The run time for _prebuild_and_preload is 0.01 s
[OHOS INFO] [LOAD] Checking all build args...
[OHOS INFO] [LOAD] subsytem config scan completed costed is 1.76 s
[93m[OHOS WARNING][0m [LOAD] condition target '//arkcompiler/ets_runtime/compiler_service:static_app_install_aot_enable_list.conf' in '/srv/workspace/openharmony_master_default_20260723175927_huawei_33e607913/code/arkcompiler/ets_runtime/bundle.json' does not exist in 'sub_component', 'modules', 'group_type', 'inner_kits', 'inner_api' or 'test'
warning: subsystem name config incorrect in '/srv/workspace/openharmony_master_default_20260723175927_huawei_33e607913/code/vendor/hihope/rk3568/ohos.build', build file subsystem name is product_hihope,configured subsystem name is product_rk3568.
warning: subsystem name config incorrect in '/srv/workspace/openharmony_master_default_20260723175927_huawei_33e607913/code/device/board/hihope/rk3568/ohos.build', build file subsystem name is rockchip_products,configured subsystem name is device_rk3568.
[OHOS INFO] [LOAD] all parts scan completed
[OHOS INFO] [LOAD] Loading configuration file...

[OHOS INFO] [LOAD] loader args:['platforms_config_file="/srv/workspace/openharmony_master_default_20260723175927_huawei_33e607913/code/out/preloader/rk3568/platforms.build"', 'subsystem_config_file="/srv/workspace/openharmony_master_default_20260723175927_huawei_33e607913/code/out/preloader/rk3568/subsystem_config.json"', 'example_subsystem_file=""', 'exclusion_modules_config_file="/srv/workspace/openharmony_master_default_20260723175927_huawei_33e607913/code/out/preloader/rk3568/exclusion_modules.json"', 'source_root_dir="/srv/workspace/openharmony_master_default_20260723175927_huawei_33e607913/code/"', 'gn_root_out_dir="out/rk3568"', 'build_platform_name=phone', 'build_xts=False', 'load_test_config=True', 'target_os=ohos', 'target_cpu=arm', 'os_level=standard', "ignore_api_check=['xts', 'common', 'testfwk']", 'scalable_build=False', 'skip_partlist_check=False', 'enable_scan_optimization=False']
[OHOS INFO] [LOAD] Checking parts config...
[OHOS INFO] [LOAD] generated subsystem build config to '/srv/workspace/openharmony_master_default_20260723175927_huawei_33e607913/code/out/rk3568/build_configs/subsystem_info/subsystem_build_config.json'
[OHOS INFO] [LOAD] generated src subsystem info to '/srv/workspace/openharmony_master_default_20260723175927_huawei_33e607913/code/out/rk3568/build_configs/subsystem_info/src_subsystem_info.json'
[OHOS INFO] [LOAD] generated no src subsystem info to '/srv/workspace/openharmony_master_default_20260723175927_huawei_33e607913/code/out/rk3568/build_configs/subsystem_info/no_src_subsystem_info.json'
[OHOS INFO] [LOAD] generate target platform parts to '/srv/workspace/openharmony_master_default_20260723175927_huawei_33e607913/code/out/rk3568/build_configs/target_platforms_parts.json'
[OHOS INFO] [LOAD] generated system capabilities to '/srv/workspace/openharmony_master_default_20260723175927_huawei_33e607913/code/out/rk3568/build_configs/phone_system_capabilities.json'
[OHOS INFO] [LOAD] generated platforms parts by src to '/srv/workspace/openharmony_master_default_20260723175927_huawei_33e607913/code/out/rk3568/build_configs/platforms_parts_by_src.json'
[OHOS INFO] [LOAD] generate required parts targets to '/srv/workspace/openharmony_master_default_20260723175927_huawei_33e607913/code/out/rk3568/build_configs/required_parts_targets.json'
[OHOS INFO] [LOAD] generate build targets list file to '/srv/workspace/openharmony_master_default_20260723175927_huawei_33e607913/code/out/rk3568/build_configs/required_parts_targets_list.json'
[OHOS INFO] [LOAD] generated parts src flag to '/srv/workspace/openharmony_master_default_20260723175927_huawei_33e607913/code/out/rk3568/build_configs/subsystem_info/parts_src_flag.json'
[OHOS INFO] [LOAD] generate auto install part to '/srv/workspace/openharmony_master_default_20260723175927_huawei_33e607913/code/out/rk3568/build_configs/auto_install_parts.json'
[OHOS INFO] [LOAD] generate platforms list to '/srv/workspace/openharmony_master_default_20260723175927_huawei_33e607913/code/out/rk3568/build_configs/platforms_list.gni'
[OHOS INFO] [LOAD] generate part different info to '/srv/workspace/openharmony_master_default_20260723175927_huawei_33e607913/code/out/rk3568/build_configs/parts_different_info.json'
[OHOS INFO] [LOAD] generate infos for testfwk to '/srv/workspace/openharmony_master_default_20260723175927_huawei_33e607913/code/out/rk3568/build_configs/infos_for_testfwk.json'
[OHOS INFO] [LOAD] Checking all product features...
[OHOS INFO] [LOAD] generate syscap info file to '/srv/workspace/openharmony_master_default_20260723175927_huawei_33e607913/code/out/preloader/rk3568/system/etc/SystemCapability.json'
[OHOS INFO] [LOAD] generate syscap info with part name list to '/srv/workspace/openharmony_master_default_20260723175927_huawei_33e607913/code/out/preloader/rk3568/system/etc/syscap.json'
[OHOS INFO] [LOAD] generate target syscap for init list to '/srv/workspace/openharmony_master_default_20260723175927_huawei_33e607913/code/out/preloader/rk3568/system/etc/param/syscap.para'

[OHOS INFO] [GN] Excuting gn command: /srv/workspace/openharmony_master_default_20260723175927_huawei_33e607913/code/prebuilts/build-tools/linux-x86/bin/gn gen --args="product_name=\"rk3568\" target_cpu=\"arm\" precise_branch=\"\" is_standard_system=true product_path=\"/srv/workspace/openharmony_master_default_20260723175927_huawei_33e607913/code/vendor/hihope/rk3568\" product_config_path=\"/srv/workspace/openharmony_master_default_20260723175927_huawei_33e607913/code/vendor/hihope/rk3568\" device_name=\"rk3568\" device_path=\"/srv/workspace/openharmony_master_default_20260723175927_huawei_33e607913/code/device/board/rockchip/rk3568\" device_company=\"rockchip\" device_config_path=\"/srv/workspace/openharmony_master_default_20260723175927_huawei_33e607913/code/device/board/rockchip/rk3568\" ohos_build_compiler_specified=\"\" ohos_build_time=1785778640066 ohos_build_datetime=\"2026-08-04 09:37:20\" ace_engine_feature_enable_accessibility=true ace_engine_feature_enable_web=true ace_engine_feature_enable_upgrade_skia=true os_account_multiple_active_accounts=false datamgr_service_udmf=true access_token_enhance_capability=false code_signature_support_oh_code_sign=false code_signature_support_oh_release_app=true code_signature_support_app_allow_list=false init_feature_ab_partition=true hiview_feature_bbox_userspace=true hiview_enable_leak_detector=true hiview_enable_performance_monitor=true t2stack_feature_vtp=true t2stack_feature_coap=true t2stack_feature_dfile=true dsoftbus_feature_coap=true dsoftbus_feature_vtp=true dsoftbus_feature_dfile=true dsoftbus_feature_disc_ble=true dsoftbus_feature_disc_coap=true dsoftbus_feature_disc_lnn_coap=true dsoftbus_feature_conn_pv1=true dsoftbus_feature_conn_br=true dsoftbus_feature_conn_ble=true dsoftbus_feature_conn_tcp_proxy=true dsoftbus_feature_conn_tcp_comm=true dsoftbus_feature_trans_udp_stream=true dsoftbus_feature_trans_udp_file=true dsoftbus_feature_trans_udp=true dsoftbus_feature_trans_proxy_file=true dsoftbus_feature_trans_qos=true dsoftbus_feature_trans_br_proxy=true dsoftbus_feature_lnn_ble=true dsoftbus_feature_lnn_wifi=true dsoftbus_feature_lnn_cloud_sync=true dsoftbus_feature_lnn_channel_rating=true dsoftbus_feature_lnn_lane_mgr=true dsoftbus_feature_lnn_lane_qos=true dsoftbus_feature_lnn_frame=true wifi_feature_non_seperate_p2p=true wifi_feature_non_hdf_driver=true wifi_feature_p2p_random_mac_addr=true fusion_connectivity_partner_agent_feature=true updater_feature_use_ptable=false updater_feature_updater_gen_executable=true updater_feature_sign_on_server=false sys_installer_feature_ohos_cfg=true graphic_2d_feature_rs_enable_eglimage=true graphic_2d_feature_use_texgine=true graphic_2d_feature_upgrade_skia=true audio_framework_feature_dtmf_tone=true audio_framework_feature_opensl_es=true audio_framework_feature_support_os_account=false audio_framework_feature_audiosuite_support=true audio_framework_feature_hdmi_detect_audio=true image_framework_feature_upgrade_skia=true input_feature_combination_key=true input_feature_pointer_drawing=true input_feature_interceptor=true input_feature_monitor=true input_feature_keyboard=true input_feature_mouse=true input_feature_touchscreen=true input_feature_input_device=true battery_manager_feature_enable_charger=true memmgr_purgeable_memory=true memmgr_hyperhold_memory=true usb_manager_feature_pop_up_func_switch_model=false usb_manager_feature_host=true usb_manager_feature_device=true usb_manager_feature_port=true device_status_interaction_coordination=false wpa_supplicant_driver_nl80211=true skia_feature_upgrade=true libuv_use_ffrt=true hdf_core_platform_test_support=false hdf_core_default_peripheral_config=false drivers_interface_display_community=true drivers_interface_display_vdi_default=true drivers_peripheral_input_feature_model=true drivers_peripheral_input_feature_support_ddk=true drivers_peripheral_display_community=true drivers_peripheral_display_vdi_default=true drivers_peripheral_wlan_feature_enable_HDF_NL80211=true drivers_peripheral_wlan_feature_enable_HDF_UT=false drivers_peripheral_wlan_feature_vendor=\"default\" drivers_peripheral_wlan_p2p_name=\"p2p-dev-wlan0\" drivers_peripheral_sensor_feature_model=true drivers_peripheral_audio_feature_full_test_suite=true drivers_peripheral_audio_feature_alsa_lib=false drivers_peripheral_audio_feature_effect=true drivers_peripheral_light_feature_model=true drivers_peripheral_vibrator_feature_model=true drivers_peripheral_codec_feature_support_omx_extend_test=true drivers_peripheral_codec_feature_support_hdi_v1=true smartperf_host_device=true drivers_interface_audio_community=true qrcodegen_feature_ace_engine_qrcode_able=true alsa_lib_feature_config_enable=true ohos_build_enable_ccache=true ohos_build_type=\"debug\" device_type=\"default\" build_variant=\"root\" ohos_components_checktype=4 ohos_interception_rule_switch=1023 root_perf_main=\"main\" runtime_mode=\"release\"" --args=product_name="rk3568" target_cpu="arm" precise_branch="" is_standard_system=true product_path="/srv/workspace/openharmony_master_default_20260723175927_huawei_33e607913/code/vendor/hihope/rk3568" product_config_path="/srv/workspace/openharmony_master_default_20260723175927_huawei_33e607913/code/vendor/hihope/rk3568" device_name="rk3568" device_path="/srv/workspace/openharmony_master_default_20260723175927_huawei_33e607913/code/device/board/rockchip/rk3568" device_company="rockchip" device_config_path="/srv/workspace/openharmony_master_default_20260723175927_huawei_33e607913/code/device/board/rockchip/rk3568" ohos_build_compiler_specified="" ohos_build_time=1785778640066 ohos_build_datetime="2026-08-04 09:37:20" ace_engine_feature_enable_accessibility=true ace_engine_feature_enable_web=true ace_engine_feature_enable_upgrade_skia=true os_account_multiple_active_accounts=false datamgr_service_udmf=true access_token_enhance_capability=false code_signature_support_oh_code_sign=false code_signature_support_oh_release_app=true code_signature_support_app_allow_list=false init_feature_ab_partition=true hiview_feature_bbox_userspace=true hiview_enable_leak_detector=true hiview_enable_performance_monitor=true t2stack_feature_vtp=true t2stack_feature_coap=true t2stack_feature_dfile=true dsoftbus_feature_coap=true dsoftbus_feature_vtp=true dsoftbus_feature_dfile=true dsoftbus_feature_disc_ble=true dsoftbus_feature_disc_coap=true dsoftbus_feature_disc_lnn_coap=true dsoftbus_feature_conn_pv1=true dsoftbus_feature_conn_br=true dsoftbus_feature_conn_ble=true dsoftbus_feature_conn_tcp_proxy=true dsoftbus_feature_conn_tcp_comm=true dsoftbus_feature_trans_udp_stream=true dsoftbus_feature_trans_udp_file=true dsoftbus_feature_trans_udp=true dsoftbus_feature_trans_proxy_file=true dsoftbus_feature_trans_qos=true dsoftbus_feature_trans_br_proxy=true dsoftbus_feature_lnn_ble=true dsoftbus_feature_lnn_wifi=true dsoftbus_feature_lnn_cloud_sync=true dsoftbus_feature_lnn_channel_rating=true dsoftbus_feature_lnn_lane_mgr=true dsoftbus_feature_lnn_lane_qos=true dsoftbus_feature_lnn_frame=true wifi_feature_non_seperate_p2p=true wifi_feature_non_hdf_driver=true wifi_feature_p2p_random_mac_addr=true fusion_connectivity_partner_agent_feature=true updater_feature_use_ptable=false updater_feature_updater_gen_executable=true updater_feature_sign_on_server=false sys_installer_feature_ohos_cfg=true graphic_2d_feature_rs_enable_eglimage=true graphic_2d_feature_use_texgine=true graphic_2d_feature_upgrade_skia=true audio_framework_feature_dtmf_tone=true audio_framework_feature_opensl_es=true audio_framework_feature_support_os_account=false audio_framework_feature_audiosuite_support=true audio_framework_feature_hdmi_detect_audio=true image_framework_feature_upgrade_skia=true input_feature_combination_key=true input_feature_pointer_drawing=true input_feature_interceptor=true input_feature_monitor=true input_feature_keyboard=true input_feature_mouse=true input_feature_touchscreen=true input_feature_input_device=true battery_manager_feature_enable_charger=true memmgr_purgeable_memory=true memmgr_hyperhold_memory=true usb_manager_feature_pop_up_func_switch_model=false usb_manager_feature_host=true usb_manager_feature_device=true usb_manager_feature_port=true device_status_interaction_coordination=false wpa_supplicant_driver_nl80211=true skia_feature_upgrade=true libuv_use_ffrt=true hdf_core_platform_test_support=false hdf_core_default_peripheral_config=false drivers_interface_display_community=true drivers_interface_display_vdi_default=true drivers_peripheral_input_feature_model=true drivers_peripheral_input_feature_support_ddk=true drivers_peripheral_display_community=true drivers_peripheral_display_vdi_default=true drivers_peripheral_wlan_feature_enable_HDF_NL80211=true drivers_peripheral_wlan_feature_enable_HDF_UT=false drivers_peripheral_wlan_feature_vendor="default" drivers_peripheral_wlan_p2p_name="p2p-dev-wlan0" drivers_peripheral_sensor_feature_model=true drivers_peripheral_audio_feature_full_test_suite=true drivers_peripheral_audio_feature_alsa_lib=false drivers_peripheral_audio_feature_effect=true drivers_peripheral_light_feature_model=true drivers_peripheral_vibrator_feature_model=true drivers_peripheral_codec_feature_support_omx_extend_test=true drivers_peripheral_codec_feature_support_hdi_v1=true smartperf_host_device=true drivers_interface_audio_community=true qrcodegen_feature_ace_engine_qrcode_able=true alsa_lib_feature_config_enable=true ohos_build_enable_ccache=true ohos_build_type="debug" device_type="default" build_variant="root" ohos_components_checktype=4 ohos_interception_rule_switch=1023 root_perf_main="main" runtime_mode="release" /srv/workspace/openharmony_master_default_20260723175927_huawei_33e607913/code/out/rk3568
[OHOS INFO] [GN] root_out_dir=//out/rk3568
[OHOS INFO] [GN] root_build_dir=//out/rk3568
[OHOS INFO] [GN] root_gen_dir=//out/rk3568/gen
[OHOS INFO] [GN] current_toolchain=//build/toolchain/ohos:ohos_clang_arm
[OHOS INFO] [GN] host_toolchain=//build/toolchain/linux:clang_x64
[OHOS INFO] [GN] memory_tracker_interface_service
[OHOS INFO] [GN] battery_interface_service
[OHOS INFO] [GN] rk3568_group in
[OHOS INFO] [GN] drivers_peripheral_face_auth
[OHOS INFO] [GN] backends_action is exec
[OHOS INFO] [GN] Debug info gen_utils_abc file path:  //out/rk3568/obj/commonlibrary/ets_utils/js_concurrent_module/utils/utils.abc
[OHOS INFO] [GN] input_service
[OHOS INFO] [GN] hid_ddk
[OHOS INFO] [GN] hid_ddk
[OHOS INFO] [GN] drivers_peripheral_huks
[OHOS INFO] [GN] drivers_peripheral_huks
[OHOS INFO] [GN] miscdevice_feature_vibrator_custom = true
[OHOS INFO] [GN] output_values: ["//out/rk3568/gen/domains/game/game_controller_framework/frameworks/native/igame_controller_server_interface.h", "//out/rk3568/gen/domains/game/game_controller_framework/frameworks/native/game_controller_server_interface_proxy.cpp", "//out/rk3568/gen/domains/game/game_controller_framework/frameworks/native/game_controller_server_interface_stub.cpp", "//out/rk3568/gen/domains/game/game_controller_framework/frameworks/native/game_controller_server_interface_proxy.h", "//out/rk3568/gen/domains/game/game_controller_framework/frameworks/native/game_controller_server_interface_stub.h"]
[OHOS INFO] [GN] nearlink_hci
[OHOS INFO] [GN] nearlink_hci
[OHOS INFO] [GN] off_find
[OHOS INFO] [GN] drivers_peripheral_user_auth
[OHOS INFO] [GN] drivers_peripheral_user_auth
[OHOS INFO] [GN] thermal_interface_service
[OHOS INFO] [GN] openssl detecting os now...
[OHOS INFO] [GN] current_cpu = arm
[OHOS INFO] [GN] current_os = ohos
[OHOS INFO] [GN] host_os = linux
[OHOS INFO] [GN] is_mingw = false
[OHOS INFO] [GN] openssl selected linux-armv4
[OHOS INFO] [GN] openssl detecting os done. openssl_selected_platform = linux-armv4
[OHOS INFO] [GN] location_agnss
[OHOS INFO] [GN] location_agnss
[OHOS INFO] [GN] av_codec_support_fcodec = true
[OHOS INFO] [GN] av_codec_support_avc_encoder = true
[OHOS INFO] [GN] av_codec_support_hevc_decoder = true
[OHOS INFO] [GN] av_codec_support_hcodec = true
[OHOS INFO] [GN] av_codec_support_vp8_decoder = false
[OHOS INFO] [GN] av_codec_support_vp9_decoder = false
[OHOS INFO] [GN] av_codec_support_av1_decoder = false
[OHOS INFO] [GN] av_codec_enable_start_stop_on_demand = false
[OHOS INFO] [GN] bundle_framework_power_mgr_enable = true
[OHOS INFO] [GN] bundle_framework_graphics = true
[OHOS INFO] [GN] bundle_framework_free_install = true
[OHOS INFO] [GN] bundle_framework_default_app = true
[OHOS INFO] [GN] bundle_framework_launcher = true
[OHOS INFO] [GN] bundle_framework_sandbox_app = true
[OHOS INFO] [GN] bundle_framework_quick_fix = true
[OHOS INFO] [GN] bundle_framework_app_control = true
[OHOS INFO] [GN] distributed_bundle_framework = true
[OHOS INFO] [GN] ability_runtime_enable = true
[OHOS INFO] [GN] account_enable = true
[OHOS INFO] [GN] configpolicy_enable = true
[OHOS INFO] [GN] global_resmgr_enable = true
[OHOS INFO] [GN] hicollie_enable = true
[OHOS INFO] [GN] support_jsapi = true
[OHOS INFO] [GN] hisysevent_enable = true
[OHOS INFO] [GN] bundle_framework_overlay_install = true
[OHOS INFO] [GN] bundle_framework_bundle_resource = true
[OHOS INFO] [GN] verify_abc_enabled = true
[OHOS INFO] [GN] user_auth_framework_impl_enabled = true
[OHOS INFO] [GN] bundle_framework_bss_enable = false
[OHOS INFO] [GN] bundle_framework_npapi_enable = false
[OHOS INFO] [GN] bms_accesscontrol_sandbox_manager = true
[OHOS INFO] [GN] motion_service
[OHOS INFO] [GN] motion_service
[OHOS INFO] [GN] drm_interface_service
[OHOS INFO] [GN] drm_interface_service
[OHOS INFO] [GN] native_media_venc: FAST_KIT_ENABLED=false
[OHOS INFO] [GN] ["--haptobin", "../../developtools/packing_tool/adapter/ohos", "--haptobinOutput", "obj/developtools/packing_tool/jar/haptobin_tool.jar", "--unpackOutput", "obj/developtools/packing_tool/jar/app_unpacking_tool.jar", "--packOutput", "obj/developtools/packing_tool/jar/app_packing_tool.jar", "--outpath", "obj/developtools/packing_tool/jar", "--checkOutput", "obj/developtools/packing_tool/jar/app_check_tool.jar", "--toolchain", "//build/toolchain/ohos:ohos_clang_arm", "--compileTarget", "image"]
[OHOS INFO] [GN] light_service
[OHOS INFO] [GN] camera_service
[OHOS INFO] [GN] camera_service
[OHOS INFO] [GN] camera_service
[OHOS INFO] [GN] camera_service
[OHOS INFO] [GN] camera_service
[OHOS INFO] [GN] camera_service
[OHOS INFO] [GN] camera_service
[OHOS INFO] [GN] partitionslot_interface_service
[OHOS INFO] [GN] camera_service
[OHOS INFO] [GN] effect_host
[OHOS INFO] [GN] audio_service
[OHOS INFO] [GN] audio_service
[OHOS INFO] [GN] power_interface_service
[OHOS INFO] [GN] power_interface_service
[OHOS INFO] [GN] power_interface_service
[OHOS INFO] [GN] window_manager_use_sceneboard = false
[OHOS INFO] [GN] window_manager_feature_subscribe_motion = false
[OHOS INFO] [GN] imf_enable:  true
[OHOS INFO] [GN] imf_enable:  true
[OHOS INFO] [GN] window_scene_common imf_enable:  true
[OHOS INFO] [GN] imf_enable:  true
[OHOS INFO] [GN] imf_enable:  true
[OHOS INFO] [GN] imf_enable:  true
[OHOS INFO] [GN] imf_enable:  true
[OHOS INFO] [GN] window manager fold ability is enabled.
[OHOS INFO] [GN] window manager active mode ability is enabled.
[OHOS INFO] [GN] window manager screen color gamut ability is enabled.
[OHOS INFO] [GN] window manager screen hdr format ability is enabled.
[OHOS INFO] [GN] window manager screen color space ability is enabled.
[OHOS INFO] [GN] window manager screen multi screen ability is enabled.
[OHOS INFO] [GN] window manager screen multi screen frame ctl ability is enabled.
[OHOS INFO] [GN] window manager screen camera mode ability is enabled.
[OHOS INFO] [GN] window manager screen multi usr ability is enabled.
[OHOS INFO] [GN] window manager screen lock manager ability is enabled.
[OHOS INFO] [GN] imf_enable:  true
[OHOS INFO] [GN] hisysevent_usage = false
[OHOS INFO] [GN] ans_hitrace_usage = true
[OHOS INFO] [GN] Build curl is_cares_on: true
[OHOS INFO] [GN] Build curl support_gmssl: true
[OHOS INFO] [GN] current_cpu = arm
[OHOS INFO] [GN] current_os = ohos
[OHOS INFO] [GN] host_os = linux
[OHOS INFO] [GN] openhitls detecting os done, openhitls_selected_platform = 
[OHOS INFO] [GN] accessibility_feature_display_manager = true
[OHOS INFO] [GN] accessibility_feature_power_manager = true
[OHOS INFO] [GN] accessibility_use_rosen_drawing = true
[OHOS INFO] [GN] accessibility_feature_data_share = true
[OHOS INFO] [GN] accessibility_feature_hiviewdfx_hitrace = true
[OHOS INFO] [GN] accessibility_feature_hiviewdfx_hisysevent = true
[OHOS INFO] [GN] daudio
[OHOS INFO] [GN] daudio
[OHOS INFO] [GN] daudioext
[OHOS INFO] [GN] daudioext
[OHOS INFO] [GN] drivers_peripheral_pin_auth
[OHOS INFO] [GN] distributed_bundle_framework_graphics = true
[OHOS INFO] [GN] ability_runtime_enable_dbms = true
[OHOS INFO] [GN] account_enable_dbms = true
[OHOS INFO] [GN] distributed_bundle_framework_enable = true
[OHOS INFO] [GN] hisysevent_enable_dbms = true
[OHOS INFO] [GN] distributed_bundle_image_framework_enable = true
[OHOS INFO] [GN] location_gnss
[OHOS INFO] [GN] libunwind_action is exec
[OHOS INFO] [GN] distributed_camera_provider_service
[OHOS INFO] [GN] midi
[OHOS INFO] [GN] E2FSPROGS_DIR is /srv/workspace/openharmony_master_default_20260723175927_huawei_33e607913/code/out/rk3568/gen/third_party/e2fsprogs/e2fsprogs
[OHOS INFO] [GN] usbd
[OHOS INFO] [GN] usbd
[OHOS INFO] [GN] usb_ddk
[OHOS INFO] [GN] serial
[OHOS INFO] [GN] usbfn_mtp
[OHOS INFO] [GN] usbd
[OHOS INFO] [GN] usb_ddk
[OHOS INFO] [GN] usb_ddk
[OHOS INFO] [GN] usbd
[OHOS INFO] [GN] scsi_ddk
[OHOS INFO] [GN] usbd
[OHOS INFO] [GN] usb_serial_ddk
[OHOS INFO] [GN] cups_action is exec
[OHOS INFO] [GN] input_feature_combination_key = true
[OHOS INFO] [GN] input_feature_pointer_drawing = true
[OHOS INFO] [GN] input_feature_monitor = true
[OHOS INFO] [GN] input_feature_interceptor = true
[OHOS INFO] [GN] input_feature_keyboard = true
[OHOS INFO] [GN] input_feature_switch = true
[OHOS INFO] [GN] input_feature_mouse = true
[OHOS INFO] [GN] input_feature_joystick = true
[OHOS INFO] [GN] input_feature_touchscreen = true
[OHOS INFO] [GN] input_feature_input_device = true
[OHOS INFO] [GN] input_feature_short_key = true
[OHOS INFO] [GN] input_ext_feature_keyboard_ext_flag = false
[OHOS INFO] [GN] input_feature_one_hand_mode_enable = false
[OHOS INFO] [GN] input_feature_move_event_filters = false
[OHOS INFO] [GN] input_feature_external_screen = true
[OHOS INFO] [GN] input_feature_touchpad = true
[OHOS INFO] [GN] input_feature_pen = true
[OHOS INFO] [GN] input_feature_touch_gesture = true
[OHOS INFO] [GN] input_controller_inject_enable = false
[OHOS INFO] [GN] ethernet_service
[OHOS INFO] [GN] ["OS_ACCOUNT_EDM_ENABLE"]
[OHOS INFO] [GN] current_cpu = arm
[OHOS INFO] [GN] current_os = ohos
[OHOS INFO] [GN] host_os = linux
[OHOS INFO] [GN] is_mingw = false
[OHOS INFO] [GN] ffmpeg selected cplatform
[OHOS INFO] [GN] has_hisysevent_part = true
[OHOS INFO] [GN] event ces_hitrace_usage = true
[OHOS INFO] [GN] ril_service
[OHOS INFO] [GN] ril_service
[OHOS INFO] [GN] ril_service
[OHOS INFO] [GN] ril_service
[OHOS INFO] [GN] ril_service
[OHOS INFO] [GN] ########## ets_runtime disable cmc-gc ##############
[OHOS INFO] [GN] default_toolchain =  //build/toolchain/ohos:ohos_clang_arm
[OHOS INFO] [GN] current_toolchain =  //build/toolchain/ohos:ohos_clang_arm
[OHOS INFO] [GN] host_toolchain =  //build/toolchain/linux:clang_x64
[OHOS INFO] [GN] root_out_dir =  //out/rk3568
[OHOS INFO] [GN] root_output_dir_proto =  out/rk3568/clang_x64
[OHOS INFO] [GN] nnrt
[OHOS INFO] [GN] nnrt
[OHOS INFO] [GN] nnrt
[OHOS INFO] [GN] drivers_peripheral_fingerprint_auth
[OHOS INFO] [GN] Cares install
[OHOS INFO] [GN] Reading plugin sources: ets (//build/toolchain/ohos:ohos_clang_arm)
[OHOS INFO] [GN] intell_voice_engine_service
[OHOS INFO] [GN] intell_voice_engine_service
[OHOS INFO] [GN] intell_voice_engine_service
[OHOS INFO] [GN] intell_voice_trigger_service
[OHOS INFO] [GN] intell_voice_trigger_service
[OHOS INFO] [GN] intell_voice_trigger_service
[OHOS INFO] [GN] intell_voice_engine_service
[OHOS INFO] [GN] account_enable_bm = true
[OHOS INFO] [GN] overlay_install_bm = true
[OHOS INFO] [GN] quick_fix_bm = true
[OHOS INFO] [GN] distributed_bundle_framework_bm = true
[OHOS INFO] [GN] vibrator_service
[OHOS INFO] [GN] Support dsoftbus.
[OHOS INFO] [GN] support hearing aid
[OHOS INFO] [GN] //out/rk3568/obj/foundation/arkui/advanced_ui_component/customappbar/atomicservicemenubar/atomicservicemenubar.abc
[OHOS INFO] [GN] codec_service
[OHOS INFO] [GN] codec_service
[OHOS INFO] [GN] codec_service
[OHOS INFO] [GN] Msdp motion ability is disabled.
[OHOS INFO] [GN] wpa_supplicant_vendor_ext = false
[OHOS INFO] [GN] wpa_supplicant_wapi = false
[OHOS INFO] [GN] low_power_player_service
[OHOS INFO] [GN] sensor_service
[OHOS INFO] [GN] sensor_service
[OHOS INFO] [GN] sensor_convert_service
[OHOS INFO] [GN] time_system_ability_static output_values: ["//out/rk3568/gen/base/time/time_service/services/itime_service.h", "//out/rk3568/gen/base/time/time_service/services/time_service_proxy.cpp", "//out/rk3568/gen/base/time/time_service/services/time_service_stub.cpp", "//out/rk3568/gen/base/time/time_service/services/time_service_proxy.h", "//out/rk3568/gen/base/time/time_service/services/time_service_stub.h", "//out/rk3568/gen/base/time/time_service/services/itimer_callback.h", "//out/rk3568/gen/base/time/time_service/services/timer_callback_proxy.cpp", "//out/rk3568/gen/base/time/time_service/services/timer_callback_stub.cpp", "//out/rk3568/gen/base/time/time_service/services/timer_callback_proxy.h", "//out/rk3568/gen/base/time/time_service/services/timer_callback_stub.h"]
[OHOS INFO] [GN] wlan_service
[OHOS INFO] [GN] wlan_service
[OHOS INFO] [GN] wlan_service
[OHOS INFO] [GN] wpa_service
[OHOS INFO] [GN] hostapd_service
[OHOS INFO] [GN] chip
[OHOS INFO] [GN] chip
[OHOS INFO] [GN] location_geofence
[OHOS INFO] [GN] location_geofence
[OHOS INFO] [GN] bluetooth_a2dp
[OHOS INFO] [GN] bluetooth_hci
[OHOS INFO] [GN] bluetooth_lp_ble
[OHOS INFO] [GN] ************libhilog_base use_musl ***************
[OHOS INFO] [GN] display_buffer
[OHOS INFO] [GN] display_buffer
[OHOS INFO] [GN] display_commontype
[OHOS INFO] [GN] display_buffer
[OHOS INFO] [GN] display_commontype
[OHOS INFO] [GN] display_composer
[OHOS INFO] [GN] display_buffer
[OHOS INFO] [GN] display_buffer
[OHOS INFO] [GN] display_composer
[OHOS INFO] [GN] display_composer
[OHOS INFO] [GN] display_composer
[OHOS INFO] [GN] display_composer
[OHOS INFO] [GN] display_commontype
[OHOS INFO] [GN] display_commontype
[OHOS INFO] [GN] display_commontype
[OHOS INFO] [GN] display_commontype
[OHOS INFO] [GN] display_composer
[OHOS INFO] [GN] Set module_install_dir or relative_install_dir field in the //foundation/systemabilitymgr/selectionfwk/test/unittest/PerformanceTest:performanceTest(//build/toolchain/ohos:ohos_clang_arm). Do not install the module to app.
[OHOS INFO] [GN] imf_enable:  true
[OHOS INFO] [GN] ########## ets_runtime disable cmc-gc ##############
[OHOS INFO] [GN] target_out_dir //out/rk3568/obj/arkcompiler/runtime_core/libark_defect_scan_aux/tests/unittest
[OHOS INFO] [GN] target_dir /srv/workspace/openharmony_master_default_20260723175927_huawei_33e607913/code/out/rk3568/obj/arkcompiler/runtime_core/libark_defect_scan_aux/tests/unittest
[OHOS INFO] [GN] test_abc_dir /srv/workspace/openharmony_master_default_20260723175927_huawei_33e607913/code/out/rk3568/obj/arkcompiler/runtime_core/libark_defect_scan_aux/tests/unittest
[OHOS INFO] [GN] target_out_dir //out/rk3568/clang_x64/obj/arkcompiler/runtime_core/libark_defect_scan_aux/tests/unittest
[OHOS INFO] [GN] target_dir /srv/workspace/openharmony_master_default_20260723175927_huawei_33e607913/code/out/rk3568/clang_x64/obj/arkcompiler/runtime_core/libark_defect_scan_aux/tests/unittest
[OHOS INFO] [GN] test_abc_dir /srv/workspace/openharmony_master_default_20260723175927_huawei_33e607913/code/out/rk3568/clang_x64/obj/arkcompiler/runtime_core/libark_defect_scan_aux/tests/unittest
[OHOS INFO] [GN] include_dirs= ["//out/rk3568/gen/foundation/multimedia/audio_framework/services/audio_service/idl", "//foundation/multimedia/audio_framework/services/audio_service/idl/"]
[OHOS INFO] [GN] target_gen_dir= //out/rk3568/gen/foundation/multimedia/audio_framework/services/audio_service/idl
[OHOS INFO] [GN] Reading plugin sources: ets (//build/toolchain/linux:clang_x64)
[OHOS INFO] [GN] Set module_install_dir or relative_install_dir field in the //foundation/distributeddatamgr/data_share/test/unittest/native/resource/errorcode_ext_bundle:errorcode_ext(//build/toolchain/ohos:ohos_clang_arm). Do not install the module to app.
[OHOS INFO] [GN] Set module_install_dir or relative_install_dir field in the //foundation/distributeddatamgr/data_share/test/unittest/native/resource/datashare_ext_bundle:datashare_ext(//build/toolchain/ohos:ohos_clang_arm). Do not install the module to app.
[OHOS INFO] [GN] Set module_install_dir or relative_install_dir field in the //foundation/distributeddatamgr/data_share/test/unittest/native/resource/datashare_proxy_bundle:proxydatas_with_permission(//build/toolchain/ohos:ohos_clang_arm). Do not install the module to app.
[OHOS INFO] [GN] histreamer plugin: ffmpeg_adapter = true
[OHOS INFO] [GN] histreamer plugin: wav_demuxer = false
[OHOS INFO] [GN] histreamer plugin: hdi_adapter = false
[OHOS INFO] [GN] histreamer plugin: file_source = false
[OHOS INFO] [GN] histreamer plugin: file_fd_source = false
[OHOS INFO] [GN] histreamer plugin: std_stream_source = false
[OHOS INFO] [GN] histreamer plugin: http_source = false
[OHOS INFO] [GN] histreamer plugin: stream_source = false
[OHOS INFO] [GN] histreamer plugin: audio_server_sink = false
[OHOS INFO] [GN] histreamer plugin: lite_aac_decoder = false
[OHOS INFO] [GN] histreamer plugin: std_video_surface_sink = false
[OHOS INFO] [GN] histreamer plugin: std_video_capture = false
[OHOS INFO] [GN] histreamer plugin: file_fd_sink = false
[OHOS INFO] [GN] histreamer plugin: codec_adapter = true
[OHOS INFO] [GN] Set module_install_dir or relative_install_dir field in the //foundation/distributeddatamgr/data_share/test/native/resource/datashare_ext_bundle:datashare_ext_native(//build/toolchain/ohos:ohos_clang_arm). Do not install the module to app.
[OHOS INFO] [GN] Set module_install_dir or relative_install_dir field in the //foundation/distributeddatamgr/data_share/test/native/resource/errorcode_ext_bundle:errorcode_ext_native(//build/toolchain/ohos:ohos_clang_arm). Do not install the module to app.
[OHOS INFO] [GN] Set module_install_dir or relative_install_dir field in the //foundation/distributeddatamgr/data_share/test/native/resource/datashareproxy_bundle:proxydatas_with_permission_native(//build/toolchain/ohos:ohos_clang_arm). Do not install the module to app.
[OHOS INFO] [GN] E2FSPROGS_DIR is /srv/workspace/openharmony_master_default_20260723175927_huawei_33e607913/code/out/rk3568/clang_x64/gen/third_party/e2fsprogs/e2fsprogs
[OHOS INFO] [GN] ************libhilog_base use_musl ***************
[OHOS INFO] [GN] Set module_install_dir or relative_install_dir field in the //foundation/bundlemanager/bundle_framework/test/sceneProject/unittest/test_bundle/resourceManagerTest:resourceManagerTest(//build/toolchain/ohos:ohos_clang_arm). Do not install the module to app.
[OHOS INFO] [GN] ########## ets_runtime disable cmc-gc ##############
[OHOS INFO] [GN] Set module_install_dir or relative_install_dir field in the //foundation/bundlemanager/bundle_tool/test/sceneProject/tools/bm/test_app_one:test_app_one(//build/toolchain/ohos:ohos_clang_arm). Do not install the module to app.
[OHOS INFO] [GN] Set module_install_dir or relative_install_dir field in the //foundation/ability/ability_runtime/tools/test/resource/aa/pageAbilityBundleForStart:pageAbilityBundleForStart(//build/toolchain/ohos:ohos_clang_arm). Do not install the module to app.
[OHOS INFO] [GN] Set module_install_dir or relative_install_dir field in the //foundation/ability/ability_runtime/tools/test/resource/aa/serviceAbilityBundleForStart:serviceAbilityBundleForStart(//build/toolchain/ohos:ohos_clang_arm). Do not install the module to app.
[OHOS INFO] [GN] Set module_install_dir or relative_install_dir field in the //foundation/ability/ability_runtime/tools/test/resource/aa/serviceAbilityBundleForStop:serviceAbilityBundleForStop(//build/toolchain/ohos:ohos_clang_arm). Do not install the module to app.
[OHOS INFO] [GN] Set module_install_dir or relative_install_dir field in the //foundation/ability/ability_runtime/tools/test/resource/aa/pageAbilityBundleForDump:pageAbilityBundleForDump(//build/toolchain/ohos:ohos_clang_arm). Do not install the module to app.
[OHOS INFO] [GN] Set module_install_dir or relative_install_dir field in the //foundation/ability/ability_runtime/tools/test/resource/aa/dataAbilityBundleForDump:dataAbilityBundleForDump(//build/toolchain/ohos:ohos_clang_arm). Do not install the module to app.
[OHOS INFO] [GN] Set module_install_dir or relative_install_dir field in the //foundation/ability/ability_runtime/test/moduletest/ui_extension_ability_test/ui_extension_provider_bundle:ui_extension_provider_hap(//build/toolchain/ohos:ohos_clang_arm). Do not install the module to app.
[OHOS INFO] [GN] Set module_install_dir or relative_install_dir field in the //foundation/ability/ability_runtime/test/moduletest/ui_extension_ability_test/ui_extension_user_bundle:ui_extension_user_hap(//build/toolchain/ohos:ohos_clang_arm). Do not install the module to app.
[OHOS INFO] [GN] ************libhilog_base use_musl ***************
[OHOS INFO] [GN] openssl detecting os now...
[OHOS INFO] [GN] current_cpu = x64
[OHOS INFO] [GN] current_os = linux
[OHOS INFO] [GN] host_os = linux
[OHOS INFO] [GN] is_mingw = false
[OHOS INFO] [GN] openssl selected linux-x86_64
[OHOS INFO] [GN] openssl detecting os done. openssl_selected_platform = linux-x86_64
[OHOS INFO] [GN] Set module_install_dir or relative_install_dir field in the //foundation/bundlemanager/bundle_framework/test/sceneProject/moduletest/other_bundle/bmsThirdBundle2:mstbmsThirdBundle2(//build/toolchain/ohos:ohos_clang_arm). Do not install the module to app.
[OHOS INFO] [GN] Set module_install_dir or relative_install_dir field in the //foundation/bundlemanager/bundle_framework/test/sceneProject/moduletest/other_bundle/bmsThirdBundle1:mstbmsThirdBundle1(//build/toolchain/ohos:ohos_clang_arm). Do not install the module to app.
[OHOS INFO] [GN] Set module_install_dir or relative_install_dir field in the //foundation/bundlemanager/bundle_framework/test/sceneProject/moduletest/other_bundle/bmsThirdBundle14:mstbmsThirdBundle14(//build/toolchain/ohos:ohos_clang_arm). Do not install the module to app.
[OHOS INFO] [GN] Set module_install_dir or relative_install_dir field in the //foundation/bundlemanager/bundle_framework/test/sceneProject/benchmark/benchmarktesthap:benchmarktesthap(//build/toolchain/ohos:ohos_clang_arm). Do not install the module to app.
[OHOS INFO] [GN] Set module_install_dir or relative_install_dir field in the //foundation/bundlemanager/bundle_framework/test/sceneProject/unittest/test_bundle/defaultAppTest:defaultAppTest(//build/toolchain/ohos:ohos_clang_arm). Do not install the module to app.
[OHOS INFO] [GN] Set module_install_dir or relative_install_dir field in the //foundation/bundlemanager/bundle_framework/test/sceneProject/unittest/test_bundle/bmsThirdBundle1:bmsThirdBundle1(//build/toolchain/ohos:ohos_clang_arm). Do not install the module to app.
[OHOS INFO] [GN] Set module_install_dir or relative_install_dir field in the //foundation/bundlemanager/bundle_framework/test/sceneProject/unittest/test_bundle/first_right:first_right(//build/toolchain/ohos:ohos_clang_arm). Do not install the module to app.
[OHOS INFO] [GN] Set module_install_dir or relative_install_dir field in the //foundation/bundlemanager/bundle_framework/test/sceneProject/unittest/permission_bundle/bmsGrantPermission4:bmsGrantPermission4(//build/toolchain/ohos:ohos_clang_arm). Do not install the module to app.
[OHOS INFO] [GN] Set module_install_dir or relative_install_dir field in the //foundation/bundlemanager/bundle_framework/test/sceneProject/unittest/permission_bundle/bmsGrantPermission1:bmsGrantPermission1(//build/toolchain/ohos:ohos_clang_arm). Do not install the module to app.
[OHOS INFO] [GN] Set module_install_dir or relative_install_dir field in the //foundation/bundlemanager/bundle_framework/test/sceneProject/unittest/test_bundle/wrong_bundle_name:wrong_bundle_name(//build/toolchain/ohos:ohos_clang_arm). Do not install the module to app.
[OHOS INFO] [GN] Set module_install_dir or relative_install_dir field in the //foundation/bundlemanager/bundle_framework/test/sceneProject/unittest/permission_bundle/bmsGrantPermission6:bmsGrantPermission6(//build/toolchain/ohos:ohos_clang_arm). Do not install the module to app.
[OHOS INFO] [GN] Set module_install_dir or relative_install_dir field in the //foundation/bundlemanager/bundle_framework/test/sceneProject/unittest/permission_bundle/bmsGrantPermission7:bmsGrantPermission7(//build/toolchain/ohos:ohos_clang_arm). Do not install the module to app.
[OHOS INFO] [GN] Set module_install_dir or relative_install_dir field in the //foundation/bundlemanager/bundle_framework/test/sceneProject/unittest/permission_bundle/bmsGrantPermission3:bmsGrantPermission3(//build/toolchain/ohos:ohos_clang_arm). Do not install the module to app.
[OHOS INFO] [GN] Set module_install_dir or relative_install_dir field in the //foundation/bundlemanager/bundle_framework/test/sceneProject/unittest/test_bundle/bmsAccessTokentest1:bmsAccessTokentest1(//build/toolchain/ohos:ohos_clang_arm). Do not install the module to app.
[OHOS INFO] [GN] Set module_install_dir or relative_install_dir field in the //foundation/bundlemanager/bundle_framework/test/sceneProject/unittest/test_bundle/bmsAccessTokentest3:bmsAccessTokentest3(//build/toolchain/ohos:ohos_clang_arm). Do not install the module to app.
[OHOS INFO] [GN] Set module_install_dir or relative_install_dir field in the //foundation/bundlemanager/bundle_framework/test/sceneProject/unittest/test_bundle/thumbnailTest:thumbnailTest(//build/toolchain/ohos:ohos_clang_arm). Do not install the module to app.
[OHOS INFO] [GN] Set module_install_dir or relative_install_dir field in the //foundation/bundlemanager/bundle_framework/test/sceneProject/unittest/test_bundle/bmsThirdBundle2:bmsThirdBundle2(//build/toolchain/ohos:ohos_clang_arm). Do not install the module to app.
[OHOS INFO] [GN] Set module_install_dir or relative_install_dir field in the //foundation/bundlemanager/bundle_framework/test/sceneProject/unittest/test_bundle/bmsAccessTokentest2:bmsAccessTokentest2(//build/toolchain/ohos:ohos_clang_arm). Do not install the module to app.
[OHOS INFO] [GN] Set module_install_dir or relative_install_dir field in the //foundation/bundlemanager/bundle_framework/test/sceneProject/unittest/test_bundle/thumbnailTest2:thumbnailTest2(//build/toolchain/ohos:ohos_clang_arm). Do not install the module to app.
[OHOS INFO] [GN] Set module_install_dir or relative_install_dir field in the //foundation/bundlemanager/bundle_framework/test/sceneProject/unittest/bundle_so/compressNativeLibsFalse:compressNativeLibsFalse01(//build/toolchain/ohos:ohos_clang_arm). Do not install the module to app.
[OHOS INFO] [GN] Set module_install_dir or relative_install_dir field in the //foundation/bundlemanager/bundle_framework/test/sceneProject/unittest/bundle_so/compressNativeLibsTrue:compressNativeLibsTrue01(//build/toolchain/ohos:ohos_clang_arm). Do not install the module to app.
[OHOS INFO] [GN] Set module_install_dir or relative_install_dir field in the //foundation/bundlemanager/bundle_framework/test/sceneProject/unittest/bundle_hsp/hsp_A:hsp_A(//build/toolchain/ohos:ohos_clang_arm). Do not install the module to app.
[OHOS INFO] [GN] Set module_install_dir or relative_install_dir field in the //foundation/bundlemanager/bundle_framework/test/sceneProject/unittest/test_bundle/sandboxTest:sandboxTest(//build/toolchain/ohos:ohos_clang_arm). Do not install the module to app.
[OHOS INFO] [GN] Set module_install_dir or relative_install_dir field in the //foundation/bundlemanager/bundle_framework/test/sceneProject/unittest/bundle_dependencies/dependencies_entry_A:dependencies_entry_A(//build/toolchain/ohos:ohos_clang_arm). Do not install the module to app.
[OHOS INFO] [GN] Set module_install_dir or relative_install_dir field in the //foundation/bundlemanager/bundle_framework/test/sceneProject/unittest/bundle_dependencies/dependencies_entry_B:dependencies_entry_B(//build/toolchain/ohos:ohos_clang_arm). Do not install the module to app.
[OHOS INFO] [GN] Set module_install_dir or relative_install_dir field in the //foundation/bundlemanager/bundle_framework/test/sceneProject/unittest/bundle_dependencies/dependencies_entry_C:dependencies_entry_C(//build/toolchain/ohos:ohos_clang_arm). Do not install the module to app.
[OHOS INFO] [GN] Set module_install_dir or relative_install_dir field in the //foundation/bundlemanager/bundle_framework/test/sceneProject/unittest/test_bundle/seventh_right:seventh_right(//build/toolchain/ohos:ohos_clang_arm). Do not install the module to app.
[OHOS INFO] [GN] Set module_install_dir or relative_install_dir field in the //foundation/bundlemanager/bundle_framework/test/sceneProject/unittest/test_bundle/rightTest:rightTest(//build/toolchain/ohos:ohos_clang_arm). Do not install the module to app.
[OHOS INFO] [GN] Set module_install_dir or relative_install_dir field in the //foundation/bundlemanager/bundle_framework/test/sceneProject/unittest/test_bundle/versionTest1:versionTest1(//build/toolchain/ohos:ohos_clang_arm). Do not install the module to app.
[OHOS INFO] [GN] Set module_install_dir or relative_install_dir field in the //foundation/bundlemanager/bundle_framework/test/sceneProject/unittest/test_bundle/versionTest3:versionTest3(//build/toolchain/ohos:ohos_clang_arm). Do not install the module to app.
[OHOS INFO] [GN] Set module_install_dir or relative_install_dir field in the //foundation/bundlemanager/bundle_framework/test/sceneProject/unittest/test_bundle/fifth_right:fifth_right(//build/toolchain/ohos:ohos_clang_arm). Do not install the module to app.
[OHOS INFO] [GN] Set module_install_dir or relative_install_dir field in the //foundation/bundlemanager/bundle_framework/test/sceneProject/unittest/test_bundle/third_right:third_right(//build/toolchain/ohos:ohos_clang_arm). Do not install the module to app.
[OHOS INFO] [GN] Set module_install_dir or relative_install_dir field in the //foundation/bundlemanager/bundle_framework/test/sceneProject/unittest/test_bundle/second_right:second_right(//build/toolchain/ohos:ohos_clang_arm). Do not install the module to app.
[OHOS INFO] [GN] Set module_install_dir or relative_install_dir field in the //foundation/bundlemanager/bundle_framework/test/sceneProject/unittest/test_bundle/rightTest1:rightTest1(//build/toolchain/ohos:ohos_clang_arm). Do not install the module to app.
[OHOS INFO] [GN] Set module_install_dir or relative_install_dir field in the //foundation/bundlemanager/bundle_framework/test/sceneProject/unittest/test_bundle/fourth_right:fourth_right(//build/toolchain/ohos:ohos_clang_arm). Do not install the module to app.
[OHOS INFO] [GN] Set module_install_dir or relative_install_dir field in the //foundation/bundlemanager/bundle_framework/test/sceneProject/unittest/test_bundle/versionTest2:versionTest2(//build/toolchain/ohos:ohos_clang_arm). Do not install the module to app.
[OHOS INFO] [GN] Set module_install_dir or relative_install_dir field in the //foundation/bundlemanager/bundle_framework/test/sceneProject/unittest/test_bundle/moduleJsonTest:moduleJsonTest(//build/toolchain/ohos:ohos_clang_arm). Do not install the module to app.
[OHOS INFO] [GN] Set module_install_dir or relative_install_dir field in the //foundation/bundlemanager/bundle_framework/test/sceneProject/unittest/test_bundle/versionNormalHapTest1:versionNormalHapTest1(//build/toolchain/ohos:ohos_clang_arm). Do not install the module to app.
[OHOS INFO] [GN] Set module_install_dir or relative_install_dir field in the //foundation/bundlemanager/bundle_framework/test/sceneProject/unittest/test_bundle/system_module:system_module(//build/toolchain/ohos:ohos_clang_arm). Do not install the module to app.
[OHOS INFO] [GN] Set module_install_dir or relative_install_dir field in the //foundation/bundlemanager/bundle_framework/test/sceneProject/unittest/test_bundle/versionNormalHapTest2:versionNormalHapTest2(//build/toolchain/ohos:ohos_clang_arm). Do not install the module to app.
[OHOS INFO] [GN] Set module_install_dir or relative_install_dir field in the //foundation/bundlemanager/bundle_framework/test/sceneProject/unittest/test_bundle/signatureTest:signatureTest(//build/toolchain/ohos:ohos_clang_arm). Do not install the module to app.
[OHOS INFO] [GN] Set module_install_dir or relative_install_dir field in the //foundation/bundlemanager/bundle_framework/test/sceneProject/unittest/install_daemon/right:right(//build/toolchain/ohos:ohos_clang_arm). Do not install the module to app.
[OHOS INFO] [GN] Set module_install_dir or relative_install_dir field in the //foundation/bundlemanager/bundle_framework/test/sceneProject/unittest/bundle_share_library/libA_v10000:libA_v10000(//build/toolchain/ohos:ohos_clang_arm). Do not install the module to app.
[OHOS INFO] [GN] Set module_install_dir or relative_install_dir field in the //foundation/bundlemanager/bundle_framework/test/sceneProject/unittest/bundle_app_service/app_service_version1_library1:appService_v1_library1(//build/toolchain/ohos:ohos_clang_arm). Do not install the module to app.
[OHOS INFO] [GN] Set module_install_dir or relative_install_dir field in the //foundation/bundlemanager/bundle_framework/test/sceneProject/unittest/test_bundle/backupTest:backupTest(//build/toolchain/ohos:ohos_clang_arm). Do not install the module to app.
[OHOS INFO] [GN] Set module_install_dir or relative_install_dir field in the //foundation/bundlemanager/bundle_framework/test/sceneProject/unittest/parse_bundle/new:new(//build/toolchain/ohos:ohos_clang_arm). Do not install the module to app.
[OHOS INFO] [GN] Set module_install_dir or relative_install_dir field in the //foundation/bundlemanager/bundle_framework/test/sceneProject/unittest/bundle_share_library/libA_without_provision:libA_without_provision(//build/toolchain/ohos:ohos_clang_arm). Do not install the module to app.
[OHOS INFO] [GN] Set module_install_dir or relative_install_dir field in the //foundation/bundlemanager/bundle_framework/test/sceneProject/unittest/bundle_hsp/hsp_C2:hsp_C2(//build/toolchain/ohos:ohos_clang_arm). Do not install the module to app.
[OHOS INFO] [GN] Set module_install_dir or relative_install_dir field in the //foundation/bundlemanager/bundle_framework/test/sceneProject/unittest/bundle_hsp/hsp_B:hsp_B(//build/toolchain/ohos:ohos_clang_arm). Do not install the module to app.
[OHOS INFO] [GN] Set module_install_dir or relative_install_dir field in the //foundation/bundlemanager/bundle_framework/test/sceneProject/unittest/bundle_hsp/hsp_C:hsp_C(//build/toolchain/ohos:ohos_clang_arm). Do not install the module to app.
[OHOS INFO] [GN] Set module_install_dir or relative_install_dir field in the //foundation/bundlemanager/bundle_framework/test/sceneProject/unittest/bundle_share_library/libA_v10002:libA_v10002(//build/toolchain/ohos:ohos_clang_arm). Do not install the module to app.
[OHOS INFO] [GN] Set module_install_dir or relative_install_dir field in the //foundation/bundlemanager/bundle_framework/test/sceneProject/unittest/bundle_share_library/libA_normal_hap:libA_normal_hap(//build/toolchain/ohos:ohos_clang_arm). Do not install the module to app.
[OHOS INFO] [GN] Set module_install_dir or relative_install_dir field in the //foundation/bundlemanager/bundle_framework/test/sceneProject/unittest/bundle_share_library/libA_v10001:libA_v10001(//build/toolchain/ohos:ohos_clang_arm). Do not install the module to app.
[OHOS INFO] [GN] Set module_install_dir or relative_install_dir field in the //foundation/bundlemanager/bundle_framework/test/sceneProject/unittest/bundle_share_library/libB_v10001:libB_v10001(//build/toolchain/ohos:ohos_clang_arm). Do not install the module to app.
[OHOS INFO] [GN] Set module_install_dir or relative_install_dir field in the //foundation/bundlemanager/bundle_framework/test/sceneProject/unittest/test_bundle/versionUpdateTest2:versionUpdateTest2(//build/toolchain/ohos:ohos_clang_arm). Do not install the module to app.
[OHOS INFO] [GN] Set module_install_dir or relative_install_dir field in the //foundation/bundlemanager/bundle_framework/test/sceneProject/unittest/test_bundle/versionUpdateTest1:versionUpdateTest1(//build/toolchain/ohos:ohos_clang_arm). Do not install the module to app.
[OHOS INFO] [GN] Set module_install_dir or relative_install_dir field in the //foundation/bundlemanager/bundle_framework/test/sceneProject/unittest/test_bundle/versionUpdateTest4:versionUpdateTest4(//build/toolchain/ohos:ohos_clang_arm). Do not install the module to app.
[OHOS INFO] [GN] Set module_install_dir or relative_install_dir field in the //foundation/bundlemanager/bundle_framework/test/sceneProject/unittest/test_bundle/versionUpdateTest3:versionUpdateTest3(//build/toolchain/ohos:ohos_clang_arm). Do not install the module to app.
[OHOS INFO] [GN] Set module_install_dir or relative_install_dir field in the //foundation/bundlemanager/bundle_framework/test/sceneProject/unittest/test_bundle/otaUpdateTestBasis/feature1:otaUpdateTestBasisFeature1(//build/toolchain/ohos:ohos_clang_arm). Do not install the module to app.
[OHOS INFO] [GN] Set module_install_dir or relative_install_dir field in the //foundation/bundlemanager/bundle_framework/test/sceneProject/unittest/test_bundle/otaUpdateTestAplDown:otaUpdateTestAplDown(//build/toolchain/ohos:ohos_clang_arm). Do not install the module to app.
[OHOS INFO] [GN] Set module_install_dir or relative_install_dir field in the //foundation/bundlemanager/bundle_framework/test/sceneProject/unittest/test_bundle/otaUpdateTestBasis2:otaUpdateTestBasis2(//build/toolchain/ohos:ohos_clang_arm). Do not install the module to app.
[OHOS INFO] [GN] Set module_install_dir or relative_install_dir field in the //foundation/bundlemanager/bundle_framework/test/sceneProject/unittest/test_bundle/otaUpdateTestModuleField:otaUpdateTestModuleField(//build/toolchain/ohos:ohos_clang_arm). Do not install the module to app.
[OHOS INFO] [GN] Set module_install_dir or relative_install_dir field in the //foundation/bundlemanager/bundle_framework/test/sceneProject/unittest/test_bundle/otaUpdateTestSoChanged:otaUpdateTestSoChanged(//build/toolchain/ohos:ohos_clang_arm). Do not install the module to app.
[OHOS INFO] [GN] Set module_install_dir or relative_install_dir field in the //foundation/bundlemanager/bundle_framework/test/sceneProject/unittest/test_bundle/otaUpdateTestSoChanged/feature2:otaUpdateTestSoChangedFeature2(//build/toolchain/ohos:ohos_clang_arm). Do not install the module to app.
[OHOS INFO] [GN] Set module_install_dir or relative_install_dir field in the //foundation/bundlemanager/bundle_framework/test/sceneProject/unittest/test_bundle/otaUpdateTestAplUp:otaUpdateTestAplUp(//build/toolchain/ohos:ohos_clang_arm). Do not install the module to app.
[OHOS INFO] [GN] Set module_install_dir or relative_install_dir field in the //foundation/bundlemanager/bundle_framework/test/sceneProject/unittest/test_bundle/otaUpdateTestAppField:otaUpdateTestAppField(//build/toolchain/ohos:ohos_clang_arm). Do not install the module to app.
[OHOS INFO] [GN] Set module_install_dir or relative_install_dir field in the //foundation/bundlemanager/bundle_framework/test/sceneProject/unittest/test_bundle/otaUpdateTestAppField2:otaUpdateTestAppField2(//build/toolchain/ohos:ohos_clang_arm). Do not install the module to app.
[OHOS INFO] [GN] Set module_install_dir or relative_install_dir field in the //foundation/bundlemanager/bundle_framework/test/sceneProject/unittest/test_bundle/otaUpdateTestBasis:otaUpdateTestBasis(//build/toolchain/ohos:ohos_clang_arm). Do not install the module to app.
[OHOS INFO] [GN] Set module_install_dir or relative_install_dir field in the //foundation/bundlemanager/bundle_framework/test/sceneProject/unittest/test_bundle/otaUpdateTestBasis/feature2:otaUpdateTestBasisFeature2(//build/toolchain/ohos:ohos_clang_arm). Do not install the module to app.
[OHOS INFO] [GN] Set module_install_dir or relative_install_dir field in the //foundation/bundlemanager/bundle_framework/test/sceneProject/unittest/test_bundle/otaUpdateTestSignaIcon:otaUpdateTestSignaIcon(//build/toolchain/ohos:ohos_clang_arm). Do not install the module to app.
[OHOS INFO] [GN] Set module_install_dir or relative_install_dir field in the //foundation/bundlemanager/bundle_framework/test/sceneProject/unittest/test_bundle/otaUpdateTestSoChanged/feature1:otaUpdateTestSoChangedFeature1(//build/toolchain/ohos:ohos_clang_arm). Do not install the module to app.
[OHOS INFO] [GN] Set module_install_dir or relative_install_dir field in the //foundation/bundlemanager/bundle_framework/test/sceneProject/unittest/test_bundle/eighth_right:eighth_right(//build/toolchain/ohos:ohos_clang_arm). Do not install the module to app.
[OHOS INFO] [GN] Set module_install_dir or relative_install_dir field in the //foundation/bundlemanager/bundle_framework/test/sceneProject/unittest/test_bundle/first_right_compCode:first_right_compCode(//build/toolchain/ohos:ohos_clang_arm). Do not install the module to app.
[OHOS INFO] [GN] Set module_install_dir or relative_install_dir field in the //foundation/bundlemanager/bundle_framework/test/sceneProject/unittest/test_bundle/first_diff_minCompCode:first_diff_minCompCode(//build/toolchain/ohos:ohos_clang_arm). Do not install the module to app.
[OHOS INFO] [GN] Set module_install_dir or relative_install_dir field in the //foundation/bundlemanager/bundle_framework/test/sceneProject/unittest/test_bundle/sixteenth_right:sixteenth_right(//build/toolchain/ohos:ohos_clang_arm). Do not install the module to app.
[OHOS INFO] [GN] Set module_install_dir or relative_install_dir field in the //foundation/bundlemanager/bundle_framework/test/sceneProject/unittest/test_bundle/ninth_right:ninth_right(//build/toolchain/ohos:ohos_clang_arm). Do not install the module to app.
[OHOS INFO] [GN] Set module_install_dir or relative_install_dir field in the //foundation/bundlemanager/bundle_framework/test/sceneProject/unittest/test_bundle/fifteenth_right:fifteenth_right(//build/toolchain/ohos:ohos_clang_arm). Do not install the module to app.
[OHOS INFO] [GN] Set module_install_dir or relative_install_dir field in the //foundation/bundlemanager/bundle_framework/test/sceneProject/unittest/test_bundle/second_backup_right:second_backup_right(//build/toolchain/ohos:ohos_clang_arm). Do not install the module to app.
[OHOS INFO] [GN] Set module_install_dir or relative_install_dir field in the //foundation/bundlemanager/bundle_framework/test/sceneProject/unittest/test_bundle/twelfth_right:twelfth_right(//build/toolchain/ohos:ohos_clang_arm). Do not install the module to app.
[OHOS INFO] [GN] Set module_install_dir or relative_install_dir field in the //foundation/bundlemanager/bundle_framework/test/sceneProject/unittest/test_bundle/first_diff_release_type:first_diff_release_type(//build/toolchain/ohos:ohos_clang_arm). Do not install the module to app.
[OHOS INFO] [GN] Set module_install_dir or relative_install_dir field in the //foundation/bundlemanager/bundle_framework/test/sceneProject/unittest/test_bundle/fourteenth_right:fourteenth_right(//build/toolchain/ohos:ohos_clang_arm). Do not install the module to app.
[OHOS INFO] [GN] Set module_install_dir or relative_install_dir field in the //foundation/bundlemanager/bundle_framework/test/sceneProject/unittest/test_bundle/tenth_right:tenth_right(//build/toolchain/ohos:ohos_clang_arm). Do not install the module to app.
[OHOS INFO] [GN] Set module_install_dir or relative_install_dir field in the //foundation/bundlemanager/bundle_framework/test/sceneProject/unittest/test_bundle/first_right_with_diff_moduleType:first_right_with_diff_moduleType(//build/toolchain/ohos:ohos_clang_arm). Do not install the module to app.
[OHOS INFO] [GN] Set module_install_dir or relative_install_dir field in the //foundation/bundlemanager/bundle_framework/test/sceneProject/unittest/test_bundle/eleventh_right:eleventh_right(//build/toolchain/ohos:ohos_clang_arm). Do not install the module to app.
[OHOS INFO] [GN] Set module_install_dir or relative_install_dir field in the //foundation/bundlemanager/bundle_framework/test/sceneProject/unittest/test_bundle/sixth_right:sixth_right(//build/toolchain/ohos:ohos_clang_arm). Do not install the module to app.
[OHOS INFO] [GN] Set module_install_dir or relative_install_dir field in the //foundation/bundlemanager/bundle_framework/test/sceneProject/unittest/test_bundle/thirteenth_right:thirteenth_right(//build/toolchain/ohos:ohos_clang_arm). Do not install the module to app.
[OHOS INFO] [GN] Set module_install_dir or relative_install_dir field in the //foundation/bundlemanager/bundle_framework/test/sceneProject/unittest/driver_test/lower_version_non_driver_feature12:lower_version_non_driver_feature12_hap(//build/toolchain/ohos:ohos_clang_arm). Do not install the module to app.
[OHOS INFO] [GN] Set module_install_dir or relative_install_dir field in the //foundation/bundlemanager/bundle_framework/test/sceneProject/unittest/driver_test/lower_version_driver_feature14:lower_version_driver_feature14_hap(//build/toolchain/ohos:ohos_clang_arm). Do not install the module to app.
[OHOS INFO] [GN] Set module_install_dir or relative_install_dir field in the //foundation/bundlemanager/bundle_framework/test/sceneProject/unittest/driver_test/high_version_non_driver_feature11:high_version_non_driver_feature11_hap(//build/toolchain/ohos:ohos_clang_arm). Do not install the module to app.
[OHOS INFO] [GN] Set module_install_dir or relative_install_dir field in the //foundation/bundlemanager/bundle_framework/test/sceneProject/unittest/bundle_app_service/app_service_version1_library2:appService_v1_library2(//build/toolchain/ohos:ohos_clang_arm). Do not install the module to app.
[OHOS INFO] [GN] Set module_install_dir or relative_install_dir field in the //foundation/bundlemanager/bundle_framework/test/sceneProject/unittest/bundle_app_service/app_service_version2_library1:appService_v2_library1(//build/toolchain/ohos:ohos_clang_arm). Do not install the module to app.
[OHOS INFO] [GN] Set module_install_dir or relative_install_dir field in the //foundation/bundlemanager/bundle_framework/test/sceneProject/unittest/bundle_app_service/app_service_version2_library2:appService_v2_library2(//build/toolchain/ohos:ohos_clang_arm). Do not install the module to app.
[OHOS INFO] [GN] Set module_install_dir or relative_install_dir field in the //foundation/bundlemanager/bundle_framework/test/sceneProject/systemtest/stMatchShareBundle/matchShareBundle1:matchShareBundle1(//build/toolchain/ohos:ohos_clang_arm). Do not install the module to app.
[OHOS INFO] [GN] Set module_install_dir or relative_install_dir field in the //foundation/bundlemanager/bundle_framework/test/sceneProject/systemtest/stMatchShareBundle/matchShareBundle2:matchShareBundle2(//build/toolchain/ohos:ohos_clang_arm). Do not install the module to app.
[OHOS INFO] [GN] Set module_install_dir or relative_install_dir field in the //foundation/bundlemanager/bundle_framework/test/sceneProject/systemtest/stMatchShareBundle/matchShareBundle3:matchShareBundle3(//build/toolchain/ohos:ohos_clang_arm). Do not install the module to app.
[OHOS INFO] [GN] Set module_install_dir or relative_install_dir field in the //foundation/bundlemanager/bundle_framework/test/sceneProject/systemtest/jsBundle/jsThirdBundle/bmsThirdBundle3:bmsThirdBundle3(//build/toolchain/ohos:ohos_clang_arm). Do not install the module to app.
[OHOS INFO] [GN] Set module_install_dir or relative_install_dir field in the //foundation/bundlemanager/bundle_framework/test/sceneProject/systemtest/jsBundle/jsThirdBundle/bmsThirdBundle5:bmsThirdBundle5(//build/toolchain/ohos:ohos_clang_arm). Do not install the module to app.
[OHOS INFO] [GN] Set module_install_dir or relative_install_dir field in the //foundation/bundlemanager/bundle_framework/test/sceneProject/systemtest/jsBundle/jsThirdBundle/bmsThirdBundle6:bmsThirdBundle6(//build/toolchain/ohos:ohos_clang_arm). Do not install the module to app.
[OHOS INFO] [GN] Set module_install_dir or relative_install_dir field in the //foundation/bundlemanager/bundle_framework/test/sceneProject/systemtest/jsBundle/jsThirdBundle/bmsThirdBundle1:bmsThirdBundle1(//build/toolchain/ohos:ohos_clang_arm). Do not install the module to app.
[OHOS INFO] [GN] Set module_install_dir or relative_install_dir field in the //foundation/bundlemanager/bundle_framework/test/sceneProject/systemtest/jsBundle/jsThirdBundle/bmsThirdBundle4:bmsThirdBundle4(//build/toolchain/ohos:ohos_clang_arm). Do not install the module to app.
[OHOS INFO] [GN] Set module_install_dir or relative_install_dir field in the //foundation/bundlemanager/bundle_framework/test/sceneProject/systemtest/jsBundle/jsThirdBundle/bmsThirdBundle2:bmsThirdBundle2(//build/toolchain/ohos:ohos_clang_arm). Do not install the module to app.
[OHOS INFO] [GN] Set module_install_dir or relative_install_dir field in the //foundation/bundlemanager/bundle_framework/test/sceneProject/systemtest/jsBundle/jsThirdBundle/bmsThirdBundleDataAbility:bmsThirdBundleDataAbility(//build/toolchain/ohos:ohos_clang_arm). Do not install the module to app.
[OHOS INFO] [GN] Set module_install_dir or relative_install_dir field in the //foundation/bundlemanager/bundle_framework/test/sceneProject/systemtest/permissionBundle/permissionGrantBundle2:permissionGrantBundle2(//build/toolchain/ohos:ohos_clang_arm). Do not install the module to app.
[OHOS INFO] [GN] Set module_install_dir or relative_install_dir field in the //foundation/bundlemanager/bundle_framework/test/sceneProject/systemtest/permissionBundle/permissionGrantBundle3:permissionGrantBundle3(//build/toolchain/ohos:ohos_clang_arm). Do not install the module to app.
[OHOS INFO] [GN] Set module_install_dir or relative_install_dir field in the //foundation/bundlemanager/bundle_framework/test/sceneProject/systemtest/permissionBundle/permissionGrantBundle5:permissionGrantBundle5(//build/toolchain/ohos:ohos_clang_arm). Do not install the module to app.
[OHOS INFO] [GN] Set module_install_dir or relative_install_dir field in the //foundation/bundlemanager/bundle_framework/test/sceneProject/systemtest/permissionBundle/permissionGrantBundle4:permissionGrantBundle4(//build/toolchain/ohos:ohos_clang_arm). Do not install the module to app.
[OHOS INFO] [GN] Set module_install_dir or relative_install_dir field in the //foundation/bundlemanager/bundle_framework/test/sceneProject/systemtest/BundleClient/bundleClient1:bundleClient1(//build/toolchain/ohos:ohos_clang_arm). Do not install the module to app.
[OHOS INFO] [GN] Set module_install_dir or relative_install_dir field in the //foundation/bundlemanager/bundle_framework/test/sceneProject/systemtest/stThirdBundle/bmsThirdBundle3:stbmsThirdBundle3(//build/toolchain/ohos:ohos_clang_arm). Do not install the module to app.
[OHOS INFO] [GN] Set module_install_dir or relative_install_dir field in the //foundation/bundlemanager/bundle_framework/test/sceneProject/systemtest/CodeSignature/CodeSignatureWithoutLibs:CodeSignatureWithoutLibs(//build/toolchain/ohos:ohos_clang_arm). Do not install the module to app.
[OHOS INFO] [GN] Set module_install_dir or relative_install_dir field in the //foundation/bundlemanager/bundle_framework/test/sceneProject/systemtest/stVendorBundle/bmsVendorBundle1:bmsVendorBundle1(//build/toolchain/ohos:ohos_clang_arm). Do not install the module to app.
[OHOS INFO] [GN] Set module_install_dir or relative_install_dir field in the //foundation/bundlemanager/bundle_framework/test/sceneProject/systemtest/CodeSignature/CodeSigntureWithLibs:CodeSigntureWithLibs(//build/toolchain/ohos:ohos_clang_arm). Do not install the module to app.
[OHOS INFO] [GN] Set module_install_dir or relative_install_dir field in the //foundation/bundlemanager/bundle_framework/test/sceneProject/systemtest/CodeSignature/CodeSignatureWithoutLibs2:CodeSignatureWithoutLibs2(//build/toolchain/ohos:ohos_clang_arm). Do not install the module to app.
[OHOS INFO] [GN] Set module_install_dir or relative_install_dir field in the //foundation/bundlemanager/bundle_framework/test/sceneProject/systemtest/testOverlay/target_module_entry:entry_hap(//build/toolchain/ohos:ohos_clang_arm). Do not install the module to app.
[OHOS INFO] [GN] Set module_install_dir or relative_install_dir field in the //foundation/bundlemanager/bundle_framework/test/sceneProject/systemtest/testOverlay/target_module_entry_higher_version:higher_version_entry_hap(//build/toolchain/ohos:ohos_clang_arm). Do not install the module to app.
[OHOS INFO] [GN] Set module_install_dir or relative_install_dir field in the //foundation/bundlemanager/bundle_framework/test/sceneProject/systemtest/testOverlay/target_module_feature1:feature1_hap(//build/toolchain/ohos:ohos_clang_arm). Do not install the module to app.
[OHOS INFO] [GN] Set module_install_dir or relative_install_dir field in the //foundation/bundlemanager/bundle_framework/test/sceneProject/systemtest/testHapNoSo/hapSectionContainso2/feature6:hapSectionContainsoFeature6(//build/toolchain/ohos:ohos_clang_arm). Do not install the module to app.
[OHOS INFO] [GN] Set module_install_dir or relative_install_dir field in the //foundation/bundlemanager/bundle_framework/test/sceneProject/systemtest/testHapSo/hapIncludeso7/hapnoso3:hapnoso3(//build/toolchain/ohos:ohos_clang_arm). Do not install the module to app.
[OHOS INFO] [GN] Set module_install_dir or relative_install_dir field in the //foundation/bundlemanager/bundle_framework/test/sceneProject/systemtest/testHapNoSo/hapNotIncludeso2:hapNotIncludeso2(//build/toolchain/ohos:ohos_clang_arm). Do not install the module to app.
[OHOS INFO] [GN] Set module_install_dir or relative_install_dir field in the //foundation/bundlemanager/bundle_framework/test/sceneProject/systemtest/testHapSo/hapIncludeso6/feature2:hapIncludeso6Feature2(//build/toolchain/ohos:ohos_clang_arm). Do not install the module to app.
[OHOS INFO] [GN] Set module_install_dir or relative_install_dir field in the //foundation/bundlemanager/bundle_framework/test/sceneProject/systemtest/testHapNoSo/hapSectionContainso2:hapSectionContainso2(//build/toolchain/ohos:ohos_clang_arm). Do not install the module to app.
[OHOS INFO] [GN] Set module_install_dir or relative_install_dir field in the //foundation/bundlemanager/bundle_framework/test/sceneProject/systemtest/testHapNoSo/hapSectionContainso1/feature3:hapSectionContainsoFeature3(//build/toolchain/ohos:ohos_clang_arm). Do not install the module to app.
[OHOS INFO] [GN] Set module_install_dir or relative_install_dir field in the //foundation/bundlemanager/bundle_framework/test/sceneProject/systemtest/testHapSo/hapIncludeso5/feature3:hapIncludeso5Feature3(//build/toolchain/ohos:ohos_clang_arm). Do not install the module to app.
[OHOS INFO] [GN] Set module_install_dir or relative_install_dir field in the //foundation/bundlemanager/bundle_framework/test/sceneProject/systemtest/testHapNoSo/hapNotIncludeso1:hapNotIncludeso1(//build/toolchain/ohos:ohos_clang_arm). Do not install the module to app.
[OHOS INFO] [GN] Set module_install_dir or relative_install_dir field in the //foundation/bundlemanager/bundle_framework/test/sceneProject/systemtest/bundle_hsp/hsp_A/feature4:hspASystemtestFeature4(//build/toolchain/ohos:ohos_clang_arm). Do not install the module to app.
[OHOS INFO] [GN] Set module_install_dir or relative_install_dir field in the //foundation/bundlemanager/bundle_framework/test/sceneProject/systemtest/testHapSo/hapIncludeso5/feature1:hapIncludeso5Feature1(//build/toolchain/ohos:ohos_clang_arm). Do not install the module to app.
[OHOS INFO] [GN] Set module_install_dir or relative_install_dir field in the //foundation/bundlemanager/bundle_framework/test/sceneProject/systemtest/testHapNoSo/hapSectionContainso1/feature2:hapSectionContainsoFeature2(//build/toolchain/ohos:ohos_clang_arm). Do not install the module to app.
[OHOS INFO] [GN] Set module_install_dir or relative_install_dir field in the //foundation/bundlemanager/bundle_framework/test/sceneProject/systemtest/bundle_hsp/hsp_A/feature3:hspASystemtestFeature3(//build/toolchain/ohos:ohos_clang_arm). Do not install the module to app.
[OHOS INFO] [GN] Set module_install_dir or relative_install_dir field in the //foundation/bundlemanager/bundle_framework/test/sceneProject/systemtest/testHapNoSo/hapSectionContainso1/feature1:hapSectionContainsoFeature1(//build/toolchain/ohos:ohos_clang_arm). Do not install the module to app.
[OHOS INFO] [GN] Set module_install_dir or relative_install_dir field in the //foundation/bundlemanager/bundle_framework/test/sceneProject/systemtest/testHapNoSo/hapSectionContainso2/feature4:hapSectionContainsoFeature4(//build/toolchain/ohos:ohos_clang_arm). Do not install the module to app.
[OHOS INFO] [GN] Set module_install_dir or relative_install_dir field in the //foundation/bundlemanager/bundle_framework/test/sceneProject/systemtest/bundle_hsp/hsp_A/feature2:hspASystemtestFeature2(//build/toolchain/ohos:ohos_clang_arm). Do not install the module to app.
[OHOS INFO] [GN] Set module_install_dir or relative_install_dir field in the //foundation/bundlemanager/bundle_framework/test/sceneProject/systemtest/testHapSo/hapIncludeso7/feature1:hapIncludeso7Feature1(//build/toolchain/ohos:ohos_clang_arm). Do not install the module to app.
[OHOS INFO] [GN] Set module_install_dir or relative_install_dir field in the //foundation/bundlemanager/bundle_framework/test/sceneProject/systemtest/testHapNoSo/hapSectionContainso1:hapSectionContainso1(//build/toolchain/ohos:ohos_clang_arm). Do not install the module to app.
[OHOS INFO] [GN] Set module_install_dir or relative_install_dir field in the //foundation/bundlemanager/bundle_framework/test/sceneProject/systemtest/testHapSo/hapIncludeso7:hapIncludeso7(//build/toolchain/ohos:ohos_clang_arm). Do not install the module to app.
[OHOS INFO] [GN] Set module_install_dir or relative_install_dir field in the //foundation/bundlemanager/bundle_framework/test/sceneProject/systemtest/bundle_hsp/hsp_A/feature1:hspASystemtestFeature1(//build/toolchain/ohos:ohos_clang_arm). Do not install the module to app.
[OHOS INFO] [GN] Set module_install_dir or relative_install_dir field in the //foundation/bundlemanager/bundle_framework/test/sceneProject/systemtest/testHapSo/hapIncludeso3:hapIncludeso3(//build/toolchain/ohos:ohos_clang_arm). Do not install the module to app.
[OHOS INFO] [GN] Set module_install_dir or relative_install_dir field in the //foundation/bundlemanager/bundle_framework/test/sceneProject/systemtest/testHapNoSo/hapSectionContainso2/feature5:hapSectionContainsoFeature5(//build/toolchain/ohos:ohos_clang_arm). Do not install the module to app.
[OHOS INFO] [GN] Set module_install_dir or relative_install_dir field in the //foundation/bundlemanager/bundle_framework/test/sceneProject/systemtest/bundle_hsp/hsp_A:hsp_A(//build/toolchain/ohos:ohos_clang_arm). Do not install the module to app.
[OHOS INFO] [GN] Set module_install_dir or relative_install_dir field in the //foundation/bundlemanager/bundle_framework/test/sceneProject/systemtest/bundle_hsp/hsp_A/feature6:hspASystemtestFeature6(//build/toolchain/ohos:ohos_clang_arm). Do not install the module to app.
[OHOS INFO] [GN] Set module_install_dir or relative_install_dir field in the //foundation/bundlemanager/bundle_framework/test/sceneProject/systemtest/extensionDirTest/oneExtensionDir/version1/entry:version1_oneExtension_entry_hap(//build/toolchain/ohos:ohos_clang_arm). Do not install the module to app.
[OHOS INFO] [GN] Set module_install_dir or relative_install_dir field in the //foundation/bundlemanager/bundle_framework/test/sceneProject/systemtest/bundle_hsp/hsp_A/feature8:hspASystemtestFeature8(//build/toolchain/ohos:ohos_clang_arm). Do not install the module to app.
[OHOS INFO] [GN] Set module_install_dir or relative_install_dir field in the //foundation/bundlemanager/bundle_framework/test/sceneProject/systemtest/bundle_hsp/hsp_A/feature7:hspASystemtestFeature7(//build/toolchain/ohos:ohos_clang_arm). Do not install the module to app.
[OHOS INFO] [GN] Set module_install_dir or relative_install_dir field in the //foundation/bundlemanager/bundle_framework/test/sceneProject/systemtest/extensionDirTest/oneExtensionDir/version1/feature:version1_oneExtension_feature_hap(//build/toolchain/ohos:ohos_clang_arm). Do not install the module to app.
[OHOS INFO] [GN] Set module_install_dir or relative_install_dir field in the //foundation/bundlemanager/bundle_framework/test/sceneProject/systemtest/bundle_hsp/hsp_A/feature5:hspASystemtestFeature5(//build/toolchain/ohos:ohos_clang_arm). Do not install the module to app.
[OHOS INFO] [GN] Set module_install_dir or relative_install_dir field in the //foundation/bundlemanager/bundle_framework/test/sceneProject/systemtest/extensionDirTest/oneExtensionDir/version2/entry_ex2:version2_oneExtension2_entry_hap(//build/toolchain/ohos:ohos_clang_arm). Do not install the module to app.
[OHOS INFO] [GN] Set module_install_dir or relative_install_dir field in the //foundation/bundlemanager/bundle_framework/test/sceneProject/systemtest/extensionDirTest/oneExtensionDir/version2/feature:version2_oneExtension_feature_hap(//build/toolchain/ohos:ohos_clang_arm). Do not install the module to app.
[OHOS INFO] [GN] Set module_install_dir or relative_install_dir field in the //foundation/bundlemanager/bundle_framework/test/sceneProject/systemtest/extensionDirTest/withoutExtensionDir/version2/feature:version2_withoutExtension_feature_hap(//build/toolchain/ohos:ohos_clang_arm). Do not install the module to app.
[OHOS INFO] [GN] Set module_install_dir or relative_install_dir field in the //foundation/bundlemanager/bundle_framework/test/sceneProject/systemtest/extensionDirTest/twoExtensionDir/version2/feature:version2_twoExtension_feature_hap(//build/toolchain/ohos:ohos_clang_arm). Do not install the module to app.
[OHOS INFO] [GN] Set module_install_dir or relative_install_dir field in the //foundation/bundlemanager/bundle_framework/test/sceneProject/systemtest/extensionDirTest/oneExtensionDir/version1/entry_ex2:version1_oneExtension2_entry_hap(//build/toolchain/ohos:ohos_clang_arm). Do not install the module to app.
[OHOS INFO] [GN] Set module_install_dir or relative_install_dir field in the //foundation/bundlemanager/bundle_framework/test/sceneProject/systemtest/extensionDirTest/withoutExtensionDir/version1_form/entry:version1_withoutExtension_entry_form_hap(//build/toolchain/ohos:ohos_clang_arm). Do not install the module to app.
[OHOS INFO] [GN] Set module_install_dir or relative_install_dir field in the //foundation/bundlemanager/bundle_framework/test/sceneProject/systemtest/extensionDirTest/twoExtensionDir/version1/feature:version1_twoExtension_feature_hap(//build/toolchain/ohos:ohos_clang_arm). Do not install the module to app.
[OHOS INFO] [GN] Set module_install_dir or relative_install_dir field in the //foundation/bundlemanager/bundle_framework/test/sceneProject/systemtest/extensionDirTest/twoExtensionDir/version1/entry:version1_twoExtension_entry_hap(//build/toolchain/ohos:ohos_clang_arm). Do not install the module to app.
[OHOS INFO] [GN] Set module_install_dir or relative_install_dir field in the //foundation/bundlemanager/bundle_framework/test/sceneProject/systemtest/extensionDirTest/withoutExtensionDir/version1/entry:version1_withoutExtension_entry_hap(//build/toolchain/ohos:ohos_clang_arm). Do not install the module to app.
[OHOS INFO] [GN] Set module_install_dir or relative_install_dir field in the //foundation/bundlemanager/bundle_framework/test/sceneProject/systemtest/extensionDirTest/twoExtensionDir/version2/entry:version2_twoExtension_entry_hap(//build/toolchain/ohos:ohos_clang_arm). Do not install the module to app.
[OHOS INFO] [GN] Set module_install_dir or relative_install_dir field in the //foundation/bundlemanager/bundle_framework/test/sceneProject/systemtest/extensionDirTest/oneExtensionDir/version2/entry:version2_oneExtension_entry_hap(//build/toolchain/ohos:ohos_clang_arm). Do not install the module to app.
[OHOS INFO] [GN] Set module_install_dir or relative_install_dir field in the //foundation/bundlemanager/bundle_framework/test/sceneProject/systemtest/extensionDirTest/withoutExtensionDir/version1/feature:version1_withoutExtension_feature_hap(//build/toolchain/ohos:ohos_clang_arm). Do not install the module to app.
[OHOS INFO] [GN] Set module_install_dir or relative_install_dir field in the //foundation/bundlemanager/bundle_framework/test/sceneProject/systemtest/extensionDirTest/withoutExtensionDir/version2/entry:version2_withoutExtension_entry_hap(//build/toolchain/ohos:ohos_clang_arm). Do not install the module to app.
[OHOS INFO] [GN] Set module_install_dir or relative_install_dir field in the //foundation/bundlemanager/bundle_framework/test/sceneProject/systemtest/extensionDirTest/withoutExtensionDir/version2_form/entry:version2_withoutExtension_entry_form_hap(//build/toolchain/ohos:ohos_clang_arm). Do not install the module to app.
[OHOS INFO] [GN] Set module_install_dir or relative_install_dir field in the //foundation/bundlemanager/distributed_bundle_framework/services/dbms/test/sceneProject/unittest/system_module:distributed_system_module(//build/toolchain/ohos:ohos_clang_arm). Do not install the module to app.
[OHOS INFO] [GN] ########## ets_runtime disable cmc-gc ##############
[OHOS INFO] [GN] target_out_dir //out/rk3568/mingw_x86_64/obj/arkcompiler/runtime_core/libark_defect_scan_aux/tests/unittest
[OHOS INFO] [GN] target_dir /srv/workspace/openharmony_master_default_20260723175927_huawei_33e607913/code/out/rk3568/mingw_x86_64/obj/arkcompiler/runtime_core/libark_defect_scan_aux/tests/unittest
[OHOS INFO] [GN] test_abc_dir /srv/workspace/openharmony_master_default_20260723175927_huawei_33e607913/code/out/rk3568/mingw_x86_64/obj/arkcompiler/runtime_core/libark_defect_scan_aux/tests/unittest
[OHOS INFO] [GN] Set module_install_dir or relative_install_dir field in the //foundation/bundlemanager/bundle_framework/test/sceneProject/systemtest/multiUser/lower_versionCode_entry:lower_versionCode_entry_hap(//build/toolchain/ohos:ohos_clang_arm). Do not install the module to app.
[OHOS INFO] [GN] Set module_install_dir or relative_install_dir field in the //foundation/bundlemanager/bundle_framework/test/sceneProject/systemtest/multiUser/lower_versionCode_entry/feature:lower_versionCode_entry_hapB(//build/toolchain/ohos:ohos_clang_arm). Do not install the module to app.
[OHOS INFO] [GN] Set module_install_dir or relative_install_dir field in the //foundation/bundlemanager/bundle_framework/test/sceneProject/systemtest/driverBundle/driverBundle1:driverBundle1(//build/toolchain/ohos:ohos_clang_arm). Do not install the module to app.
[OHOS INFO] [GN] Set module_install_dir or relative_install_dir field in the //foundation/bundlemanager/bundle_framework/test/sceneProject/systemtest/driverBundle/driverBundle2:driverBundle2(//build/toolchain/ohos:ohos_clang_arm). Do not install the module to app.
[OHOS INFO] [GN] ########## ets_runtime disable cmc-gc ##############
[OHOS INFO] [GN] ************libhilog_base use_musl ***************
[OHOS INFO] [GN] ########## ets_runtime disable cmc-gc ##############
[OHOS INFO] [GN] WARNING at the command-line "--args":1:477: Build argument has no effect.
[OHOS INFO] [GN] product_name="rk3568" target_cpu="arm" precise_branch="" is_standard_system=true product_path="/srv/workspace/openharmony_master_default_20260723175927_huawei_33e607913/code/vendor/hihope/rk3568" product_config_path="/srv/workspace/openharmony_master_default_20260723175927_huawei_33e607913/code/vendor/hihope/rk3568" device_name="rk3568" device_path="/srv/workspace/openharmony_master_default_20260723175927_huawei_33e607913/code/device/board/rockchip/rk3568" device_company="rockchip" device_config_path="/srv/workspace/openharmony_master_default_20260723175927_huawei_33e607913/code/device/board/rockchip/rk3568" ohos_build_compiler_specified="" ohos_build_time=1785778640066 ohos_build_datetime="2026-08-04 09:37:20" ace_engine_feature_enable_accessibility=true ace_engine_feature_enable_web=true ace_engine_feature_enable_upgrade_skia=true os_account_multiple_active_accounts=false datamgr_service_udmf=true access_token_enhance_capability=false code_signature_support_oh_code_sign=false code_signature_support_oh_release_app=true code_signature_support_app_allow_list=false init_feature_ab_partition=true hiview_feature_bbox_userspace=true hiview_enable_leak_detector=true hiview_enable_performance_monitor=true t2stack_feature_vtp=true t2stack_feature_coap=true t2stack_feature_dfile=true dsoftbus_feature_coap=true dsoftbus_feature_vtp=true dsoftbus_feature_dfile=true dsoftbus_feature_disc_ble=true dsoftbus_feature_disc_coap=true dsoftbus_feature_disc_lnn_coap=true dsoftbus_feature_conn_pv1=true dsoftbus_feature_conn_br=true dsoftbus_feature_conn_ble=true dsoftbus_feature_conn_tcp_proxy=true dsoftbus_feature_conn_tcp_comm=true dsoftbus_feature_trans_udp_stream=true dsoftbus_feature_trans_udp_file=true dsoftbus_feature_trans_udp=true dsoftbus_feature_trans_proxy_file=true dsoftbus_feature_trans_qos=true dsoftbus_feature_trans_br_proxy=true dsoftbus_feature_lnn_ble=true dsoftbus_feature_lnn_wifi=true dsoftbus_feature_lnn_cloud_sync=true dsoftbus_feature_lnn_channel_rating=true dsoftbus_feature_lnn_lane_mgr=true dsoftbus_feature_lnn_lane_qos=true dsoftbus_feature_lnn_frame=true wifi_feature_non_seperate_p2p=true wifi_feature_non_hdf_driver=true wifi_feature_p2p_random_mac_addr=true fusion_connectivity_partner_agent_feature=true updater_feature_use_ptable=false updater_feature_updater_gen_executable=true updater_feature_sign_on_server=false sys_installer_feature_ohos_cfg=true graphic_2d_feature_rs_enable_eglimage=true graphic_2d_feature_use_texgine=true graphic_2d_feature_upgrade_skia=true audio_framework_feature_dtmf_tone=true audio_framework_feature_opensl_es=true audio_framework_feature_support_os_account=false audio_framework_feature_audiosuite_support=true audio_framework_feature_hdmi_detect_audio=true image_framework_feature_upgrade_skia=true input_feature_combination_key=true input_feature_pointer_drawing=true input_feature_interceptor=true input_feature_monitor=true input_feature_keyboard=true input_feature_mouse=true input_feature_touchscreen=true input_feature_input_device=true battery_manager_feature_enable_charger=true memmgr_purgeable_memory=true memmgr_hyperhold_memory=true usb_manager_feature_pop_up_func_switch_model=false usb_manager_feature_host=true usb_manager_feature_device=true usb_manager_feature_port=true device_status_interaction_coordination=false wpa_supplicant_driver_nl80211=true skia_feature_upgrade=true libuv_use_ffrt=true hdf_core_platform_test_support=false hdf_core_default_peripheral_config=false drivers_interface_display_community=true drivers_interface_display_vdi_default=true drivers_peripheral_input_feature_model=true drivers_peripheral_input_feature_support_ddk=true drivers_peripheral_display_community=true drivers_peripheral_display_vdi_default=true drivers_peripheral_wlan_feature_enable_HDF_NL80211=true drivers_peripheral_wlan_feature_enable_HDF_UT=false drivers_peripheral_wlan_feature_vendor="default" drivers_peripheral_wlan_p2p_name="p2p-dev-wlan0" drivers_peripheral_sensor_feature_model=true drivers_peripheral_audio_feature_full_test_suite=true drivers_peripheral_audio_feature_alsa_lib=false drivers_peripheral_audio_feature_effect=true drivers_peripheral_light_feature_model=true drivers_peripheral_vibrator_feature_model=true drivers_peripheral_codec_feature_support_omx_extend_test=true drivers_peripheral_codec_feature_support_hdi_v1=true smartperf_host_device=true drivers_interface_audio_community=true qrcodegen_feature_ace_engine_qrcode_able=true alsa_lib_feature_config_enable=true ohos_build_enable_ccache=true ohos_build_type="debug" device_type="default" build_variant="root" ohos_components_checktype=4 ohos_interception_rule_switch=1023 root_perf_main="main" runtime_mode="release"
[OHOS INFO] [GN]                                                                                                                                                                                                                                                                                                                                                                                                                                                                                             ^---------
[OHOS INFO] [GN] The variable "device_company" was set as a build argument
[OHOS INFO] [GN] but never appeared in a declare_args() block in any buildfile.
[OHOS INFO] [GN] 
[OHOS INFO] [GN] To view all possible args, run "gn args --list <out_dir>"
[OHOS INFO] [GN] 
[OHOS INFO] [GN] The build continued as if that argument was unspecified.
[OHOS INFO] [GN] 
[OHOS INFO] [GN] Done. Made 140472 targets from 18023 files in 17135ms
[OHOS INFO]  The run time for _gn is 17.33 s

[OHOS INFO] [NINJA] Excuting ninja command: /srv/workspace/openharmony_master_default_20260723175927_huawei_33e607913/code/prebuilts/build-tools/linux-x86/bin/ninja -w dupbuild=warn -C /srv/workspace/openharmony_master_default_20260723175927_huawei_33e607913/code/out/rk3568 make_all
[OHOS INFO] [NINJA] [1/33644] ACTION //third_party/pcre2:publish_generic_file__notice(//build/toolchain/ohos:ohos_clang_arm)
[OHOS INFO] [NINJA] [2/33643] ACTION //third_party/musl:musl_headers__notice(//build/toolchain/ohos:ohos_clang_arm)
[OHOS INFO] [NINJA] [3/33615] ACTION //base/startup/init/services/param/base:parameterbase__notice(//build/toolchain/ohos:ohos_clang_arm)
[OHOS INFO] [NINJA] [4/33610] ACTION //third_party/pcre2:libpcre2_static__notice(//build/toolchain/ohos:ohos_clang_arm)
[OHOS INFO] [NINJA] [5/33608] ACTION //third_party/bounds_checking_function:libsec_static__notice(//build/toolchain/ohos:ohos_clang_arm)
[OHOS INFO] [NINJA] [6/33606] ACTION //base/startup/init/services/log:agent_log__notice(//build/toolchain/ohos:ohos_clang_arm)
[OHOS INFO] [NINJA] [7/33605] ACTION //commonlibrary/c_utils/base:utils__notice(//build/toolchain/ohos:ohos_clang_arm)
[OHOS INFO] [NINJA] [8/33604] ACTION //base/startup/init/interfaces/innerkits:libsystemparam__notice(//build/toolchain/ohos:ohos_clang_arm)
[OHOS INFO] [NINJA] [9/33603] ACTION //base/startup/init/interfaces/innerkits/control_fd:libcontrolfd__notice(//build/toolchain/ohos:ohos_clang_arm)
[OHOS INFO] [NINJA] [10/33602] ACTION //third_party/musl:ld-musl-namespace-arm-test.ini__notice(//build/toolchain/ohos:ohos_clang_arm)
[OHOS INFO] [NINJA] [11/33601] ACTION //third_party/musl:ld-musl-namespace-arm.ini__notice(//build/toolchain/ohos:ohos_clang_arm)
[OHOS INFO] [NINJA] [12/33600] ACTION //third_party/optimized-routines:optimized_static__notice(//build/toolchain/ohos:ohos_clang_arm)
[OHOS INFO] [NINJA] [13/33598] ACTION //third_party/FreeBSD:libfreebsd_static__notice(//build/toolchain/ohos:ohos_clang_arm)
[OHOS INFO] [NINJA] [14/33597] ACTION //third_party/selinux:libselinux_static__notice(//build/toolchain/ohos:ohos_clang_arm)
[OHOS INFO] [NINJA] [15/33595] ACTION //base/startup/init/services/param/base:parameterbase_ext__notice(//build/toolchain/ohos:ohos_clang_arm)
[OHOS INFO] [NINJA] [16/33593] ACTION //base/customization/config_policy/frameworks/config_policy/etc:customization.para.dac__notice(//build/toolchain/ohos:ohos_clang_arm)
[OHOS INFO] [NINJA] [17/33592] ACTION //base/startup/init/services/utils:libinit_utils__notice(//build/toolchain/ohos:ohos_clang_arm)
[OHOS INFO] [NINJA] [18/33591] ACTION //base/startup/init/interfaces/innerkits/fd_holder:fdholder__notice(//build/toolchain/ohos:ohos_clang_arm)
[OHOS INFO] [NINJA] [19/33590] ACTION //base/startup/init/interfaces/innerkits/socket:libsocket__notice(//build/toolchain/ohos:ohos_clang_arm)
[OHOS INFO] [NINJA] [20/33589] ACTION //base/startup/init/services/param/linux:param_client__notice(//build/toolchain/ohos:ohos_clang_arm)
[OHOS INFO] [NINJA] [21/33588] ACTION //base/customization/config_policy/frameworks/config_policy:configpolicy_util__notice(//build/toolchain/ohos:ohos_clang_arm)
[OHOS INFO] [NINJA] [22/33587] ACTION //third_party/cJSON:cjson_static__notice(//build/toolchain/ohos:ohos_clang_arm)
[OHOS INFO] [NINJA] [23/33585] ACTION //base/hiviewdfx/hilog/interfaces/sandbox_log:libsandboxlog__notice(//build/toolchain/ohos:ohos_clang_arm)
[OHOS INFO] [NINJA] [24/33584] ACTION //base/startup/init/interfaces/innerkits:libbegetutil__notice(//build/toolchain/ohos:ohos_clang_arm)
[OHOS INFO] [NINJA] [25/33583] ACTION //base/startup/init/interfaces/innerkits/file:libfile__notice(//build/toolchain/ohos:ohos_clang_arm)
[OHOS INFO] [NINJA] [26/33582] ACTION //third_party/bounds_checking_function:libsec_shared__notice(//build/toolchain/ohos:ohos_clang_arm)
[OHOS INFO] [NINJA] [27/33577] ACTION //base/startup/init/services/loopevent:loopevent__notice(//build/toolchain/ohos:ohos_clang_arm)
[OHOS INFO] [NINJA] [28/33575] ACTION //base/startup/init/services/modules/udid:libudidcomm__notice(//build/toolchain/ohos:ohos_clang_arm)
[OHOS INFO] [NINJA] [29/33573] ACTION //third_party/cJSON:cjson__notice(//build/toolchain/ohos:ohos_clang_arm)
[OHOS INFO] [NINJA] [30/33571] ACTION //base/hiviewdfx/hilog/interfaces/native/innerkits:libhilog__notice(//build/toolchain/ohos:ohos_clang_arm)
[OHOS INFO] [NINJA] [31/33570] ACTION //base/hiviewdfx/hilog/frameworks/libhilog:libhilog_source_ohos__notice(//build/toolchain/ohos:ohos_clang_arm)
[OHOS INFO] [NINJA] [32/33568] ACTION //base/hiviewdfx/hitrace/frameworks/native:hitracechain_source__notice(//build/toolchain/ohos:ohos_clang_arm)
[OHOS INFO] [NINJA] [33/33567] ACTION //base/hiviewdfx/hitrace/utils:hitrace_common_utils__notice(//build/toolchain/ohos:ohos_clang_arm)
[OHOS INFO] [NINJA] [34/33565] ACTION //third_party/lzma:lzma_source_arm__notice(//build/toolchain/ohos:ohos_clang_arm)
[OHOS INFO] [NINJA] [35/33563] ACTION //base/hiviewdfx/faultloggerd/common/dfxlog:dfx_hilog_cfi__notice(//build/toolchain/ohos:ohos_clang_arm)
[OHOS INFO] [NINJA] [36/33562] ACTION //base/hiviewdfx/hisysevent/interfaces/native/innerkits/hisysevent:libhisysevent__notice(//build/toolchain/ohos:ohos_clang_arm)
[OHOS INFO] [NINJA] [37/33561] ACTION //base/hiviewdfx/hitrace/interfaces/native/innerkits:libhitracechain__notice(//build/toolchain/ohos:ohos_clang_arm)
[OHOS INFO] [NINJA] [38/33559] ACTION //base/hiviewdfx/faultloggerd/common/dfxutil:libdfx_util__notice(//build/toolchain/ohos:ohos_clang_arm)
[OHOS INFO] [NINJA] [39/33557] ACTION //base/hiviewdfx/faultloggerd/common/trace:dfx_trace_dlsym_cfi__notice(//build/toolchain/ohos:ohos_clang_arm)
[OHOS INFO] [NINJA] [40/33556] ACTION //base/hiviewdfx/faultloggerd/interfaces/innerkits/unwinder:libunwinder__notice(//build/toolchain/ohos:ohos_clang_arm)
[OHOS INFO] [NINJA] [41/33555] ACTION //third_party/lzma:lzma_shared__notice(//build/toolchain/ohos:ohos_clang_arm)
[OHOS INFO] [NINJA] [42/33553] ACTION //base/hiviewdfx/faultloggerd/interfaces/innerkits/backtrace:libbacktrace_local__notice(//build/toolchain/ohos:ohos_clang_arm)
[OHOS INFO] [NINJA] [43/33552] ACTION //base/hiviewdfx/faultloggerd/interfaces/innerkits/async_stack:libasync_stack__notice(//build/toolchain/ohos:ohos_clang_arm)
[OHOS INFO] [NINJA] [44/33551] ACTION //base/hiviewdfx/faultloggerd/common/cutil:dfx_cutil_cfi__notice(//build/toolchain/ohos:ohos_clang_arm)
[OHOS INFO] [NINJA] [45/33550] ACTION //base/hiviewdfx/faultloggerd/interfaces/innerkits/stack_printer:libstack_printer__notice(//build/toolchain/ohos:ohos_clang_arm)
[OHOS INFO] [NINJA] [46/33549] ACTION //third_party/pcre2:libpcre2__notice(//build/toolchain/ohos:ohos_clang_arm)
[OHOS INFO] [NINJA] [47/33547] ACTION //third_party/selinux:libselinux__notice(//build/toolchain/ohos:ohos_clang_arm)
[OHOS INFO] [NINJA] [48/33545] ACTION //base/hiviewdfx/faultloggerd/interfaces/innerkits/procinfo:libdfx_procinfo__notice(//build/toolchain/ohos:ohos_clang_arm)
[OHOS INFO] [NINJA] [49/33542] ACTION //base/hiviewdfx/faultloggerd/interfaces/innerkits/dump_catcher:libdfx_dumpcatcher__notice(//build/toolchain/ohos:ohos_clang_arm)
[OHOS INFO] [NINJA] [50/33541] ACTION //base/hiviewdfx/faultloggerd/interfaces/innerkits/faultloggerd_client:libfaultloggerd__notice(//build/toolchain/ohos:ohos_clang_arm)
[OHOS INFO] [NINJA] [51/33538] ACTION //foundation/communication/ipc/ipc/native/src/core:ipc_common__notice(//build/toolchain/ohos:ohos_clang_arm)
[OHOS INFO] [NINJA] [52/33536] ACTION //foundation/resourceschedule/ffrt:libffrt__notice(//build/toolchain/ohos:ohos_clang_arm)
[OHOS INFO] [NINJA] [53/33534] ACTION //third_party/abseil-cpp:absl_base_static__notice(//build/toolchain/linux:clang_x64)
[OHOS INFO] [NINJA] [54/33532] ACTION //third_party/bounds_checking_function:libsec_static__notice(//build/toolchain/linux:clang_x64)
[OHOS INFO] [NINJA] [55/33530] ACTION //arkcompiler/runtime_core/static_core/libarkbase:libarktsbase_static__notice(//build/toolchain/ohos:ohos_clang_arm)
[OHOS INFO] [NINJA] [56/33528] ACTION //foundation/communication/ipc/interfaces/innerkits/ipc_single:ipc_single__notice(//build/toolchain/ohos:ohos_clang_arm)
[OHOS INFO] [NINJA] [57/33526] ACTION //arkcompiler/runtime_core/libpandabase:libarkbase_frontend_set_static__notice(//build/toolchain/linux:clang_x64)
[OHOS INFO] [NINJA] [58/33525] ACTION //third_party/json:nlohmann_json_static__notice(//build/toolchain/linux:clang_x64)
[OHOS INFO] [NINJA] [59/33523] ACTION //third_party/protobuf:protobuf_lite_static__notice(//build/toolchain/linux:clang_x64)
[OHOS INFO] [NINJA] [60/33521] ACTION //third_party/zlib:libz__notice(//build/toolchain/ohos:ohos_clang_arm)
[OHOS INFO] [NINJA] [61/33515] ACTION //third_party/zlib:libz__notice(//build/toolchain/linux:clang_x64)
[OHOS INFO] [NINJA] [62/33513] ACTION //arkcompiler/runtime_core/static_core/libziparchive:libarktsziparchive_static__notice(//build/toolchain/ohos:ohos_clang_arm)
[OHOS INFO] [NINJA] [63/33512] ACTION //foundation/ability/idl_tool:idl__notice(//build/toolchain/linux:clang_x64)
[OHOS INFO] [NINJA] [64/33510] ACTION //third_party/protobuf:protobuf_static__notice(//build/toolchain/linux:clang_x64)
[OHOS INFO] [NINJA] [65/33508] ACTION //arkcompiler/runtime_core/static_core/libarkbase:libarktsbase_static__notice(//build/toolchain/linux:clang_x64)
[OHOS INFO] [NINJA] [66/33506] ACTION //third_party/protobuf:protoc_static_lib__notice(//build/toolchain/linux:clang_x64)
[OHOS INFO] [NINJA] [67/33504] ACTION //foundation/communication/ipc/interfaces/innerkits/ipc_core:ipc_core__notice(//build/toolchain/ohos:ohos_clang_arm)
[OHOS INFO] [NINJA] [68/33503] ACTION //third_party/zlib:shared_libz__notice(//build/toolchain/ohos:ohos_clang_arm)
[OHOS INFO] [NINJA] [69/33501] ACTION //arkcompiler/runtime_core/libpandabase:libarkbase_frontend_static__notice(//build/toolchain/linux:clang_x64)
[OHOS INFO] [NINJA] [70/33500] ACTION //arkcompiler/runtime_core/static_core/libarkfile:libarktsfile_static__notice(//build/toolchain/ohos:ohos_clang_arm)
[OHOS INFO] [NINJA] [71/33499] ACTION //arkcompiler/runtime_core/static_core/libziparchive:libarktsziparchive__notice(//build/toolchain/ohos:ohos_clang_arm)
[OHOS INFO] [NINJA] [72/33498] ACTION //arkcompiler/runtime_core/static_core/libarkbase:libarktsbase__notice(//build/toolchain/ohos:ohos_clang_arm)
[OHOS INFO] [NINJA] [73/33495] ACTION //arkcompiler/runtime_core/libpandafile:libarkfile_frontend_set_static__notice(//build/toolchain/linux:clang_x64)
[OHOS INFO] [NINJA] [74/33494] ACTION //base/security/access_token/frameworks/common:permission_definition_check(//build/toolchain/ohos:ohos_clang_arm)
[OHOS INFO] [NINJA] [75/33482] ACTION //third_party/protobuf:protoc__notice(//build/toolchain/linux:clang_x64)
[OHOS INFO] [NINJA] [76/33481] ACTION //foundation/filemanagement/storage_service/interfaces/innerkits/acl/native:storage_manager_acl__notice(//build/toolchain/ohos:ohos_clang_arm)
[OHOS INFO] [NINJA] [77/33479] ACTION //arkcompiler/runtime_core/libziparchive:libarkziparchive_frontend_set_static__notice(//build/toolchain/linux:clang_x64)
[OHOS INFO] [NINJA] [78/33478] ACTION //arkcompiler/runtime_core/libpandafile:arkfile_header_deps__notice(//build/toolchain/linux:clang_x64)
[OHOS INFO] [NINJA] [79/33477] ACTION //arkcompiler/runtime_core/static_core/libarkbase:libarktsbase__notice(//build/toolchain/linux:clang_x64)
[OHOS INFO] [NINJA] [80/33476] ACTION //arkcompiler/runtime_core/libziparchive:libarkziparchive_frontend_static__notice(//build/toolchain/linux:clang_x64)
[OHOS INFO] [NINJA] [81/33474] ACTION //foundation/systemabilitymgr/samgr/interfaces/innerkits/dynamic_cache:dynamic_cache__notice(//build/toolchain/ohos:ohos_clang_arm)
[OHOS INFO] [NINJA] [82/33473] ACTION //base/hiviewdfx/hiview/adapter/service/client:hiview_service_proxy__notice(//build/toolchain/ohos:ohos_clang_arm)
[OHOS INFO] [NINJA] [83/33471] ACTION //arkcompiler/runtime_core/static_core/libziparchive:libarktsziparchive_static__notice(//build/toolchain/linux:clang_x64)
[OHOS INFO] [NINJA] [84/33469] ACTION //foundation/systemabilitymgr/samgr/interfaces/innerkits/samgr_proxy:samgr_proxy__notice(//build/toolchain/ohos:ohos_clang_arm)
[OHOS INFO] [NINJA] [85/33468] ACTION //third_party/json:nlohmann_json_static__notice(//build/toolchain/ohos:ohos_clang_arm)
[OHOS INFO] [NINJA] [86/33466] ACTION //third_party/zlib:shared_libz__notice(//build/toolchain/linux:clang_x64)
[OHOS INFO] [NINJA] [87/33464] ACTION //base/hiviewdfx/hiview/adapter/service/client:hiview_service_impl_for_unified_collection__notice(//build/toolchain/ohos:ohos_clang_arm)
[OHOS INFO] [NINJA] [88/33462] ACTION //arkcompiler/runtime_core/isa:isa_combine_etc__notice(//build/toolchain/linux:clang_x64)
[OHOS INFO] [NINJA] [89/33461] ACTION //arkcompiler/runtime_core/static_core/libarkfile:libarktsfile__notice(//build/toolchain/ohos:ohos_clang_arm)
[OHOS INFO] [NINJA] [90/33460] ACTION //arkcompiler/runtime_core/libpandafile:libarkfile_frontend_static__notice(//build/toolchain/linux:clang_x64)
[OHOS INFO] [NINJA] [91/33459] ACTION //arkcompiler/runtime_core/static_core/libziparchive:libarktsziparchive__notice(//build/toolchain/linux:clang_x64)
[OHOS INFO] [NINJA] [92/33458] ACTION //base/hiviewdfx/hiview/interfaces/inner_api/unified_collection/client/src:ucollection_client_source__notice(//build/toolchain/ohos:ohos_clang_arm)
[OHOS INFO] [NINJA] [93/33456] ACTION //base/security/access_token/frameworks/common:accesstoken_permission_map_static__notice(//build/toolchain/ohos:ohos_clang_arm)
[OHOS INFO] [NINJA] [94/33455] ACTION //base/security/access_token/frameworks/common:accesstoken_static_log__notice(//build/toolchain/ohos:ohos_clang_arm)
[OHOS INFO] [NINJA] [95/33454] ACTION //base/notification/eventhandler/frameworks/eventhandler:libeventhandler__notice(//build/toolchain/ohos:ohos_clang_arm)
[OHOS INFO] [NINJA] [96/33452] ACTION //arkcompiler/runtime_core/static_core/libarkfile:libarktsfile_static__notice(//build/toolchain/linux:clang_x64)
[OHOS INFO] [NINJA] [97/33450] ACTION //arkcompiler/runtime_core/static_core/runtime/asm_defines:asm_defines__notice(//build/toolchain/ohos:ohos_clang_arm)
[OHOS INFO] [NINJA] [98/33449] ACTION //drivers/hdf_core/adapter/uhdf2/pub_utils:libpub_utils__notice(//build/toolchain/ohos:ohos_clang_arm)
[OHOS INFO] [NINJA] [99/33447] ACTION //arkcompiler/runtime_core/assembler:arkassembler_public_headers__notice(//build/toolchain/linux:clang_x64)
[OHOS INFO] [NINJA] [100/33445] ACTION //arkcompiler/runtime_core/assembler:libarkassembler_frontend_set_static__notice(//build/toolchain/linux:clang_x64)
[OHOS INFO] [NINJA] [101/33443] ACTION //base/security/access_token/frameworks/accesstoken:accesstoken_communication_adapter_cxx__notice(//build/toolchain/ohos:ohos_clang_arm)
[OHOS INFO] [NINJA] [102/33441] ACTION //arkcompiler/ets_frontend/merge_abc:assembly_proto_static__notice(//build/toolchain/linux:clang_x64)
[OHOS INFO] [NINJA] [103/33440] ACTION //arkcompiler/runtime_core/abc2program:arkabc2program_public_headers__notice(//build/toolchain/linux:clang_x64)
[OHOS INFO] [NINJA] [104/33438] ACTION //arkcompiler/runtime_core/compiler:libarkcompiler_frontend_static__notice(//build/toolchain/linux:clang_x64)
[OHOS INFO] [NINJA] [105/33436] ACTION //base/security/access_token/frameworks/common:accesstoken_common_cxx__notice(//build/toolchain/ohos:ohos_clang_arm)
[OHOS INFO] [NINJA] [106/33434] ACTION //arkcompiler/runtime_core/libpandabase:arkplatform_public_headers__notice(//build/toolchain/linux:clang_x64)
[OHOS INFO] [NINJA] [107/33432] ACTION //arkcompiler/runtime_core/libpandafile:arkfile_public_headers__notice(//build/toolchain/linux:clang_x64)
[OHOS INFO] [NINJA] [108/33430] ACTION //base/security/access_token/interfaces/innerkits/token_setproc:libpermsetproc_shared__notice(//build/toolchain/ohos:ohos_clang_arm)
[OHOS INFO] [NINJA] [109/33428] ACTION //arkcompiler/runtime_core/assembler:libarkassembler_frontend_static__notice(//build/toolchain/linux:clang_x64)
[OHOS INFO] [NINJA] [110/33427] ACTION //base/hiviewdfx/hicollie/frameworks/native:libhicollie_source__notice(//build/toolchain/ohos:ohos_clang_arm)
[OHOS INFO] [NINJA] [111/33426] ACTION //base/security/access_token/interfaces/innerkits/token_setproc:libperm_setproc_for_sdk__notice(//build/toolchain/ohos:ohos_clang_arm)
[OHOS INFO] [NINJA] [112/33424] ACTION //base/hiviewdfx/hiview/interfaces/inner_api/unified_collection/client:libucollection_client__notice(//build/toolchain/ohos:ohos_clang_arm)
[OHOS INFO] [NINJA] [113/33422] ACTION //arkcompiler/runtime_core/libpandabase:arkbase_public_headers__notice(//build/toolchain/linux:clang_x64)
[OHOS INFO] [NINJA] [114/33419] ACTION //foundation/ability/ability_base:base__notice(//build/toolchain/ohos:ohos_clang_arm)
[OHOS INFO] [NINJA] [115/33417] ACTION //base/security/access_token/services/accesstokenmanager/idl:access_token_manager_proxy__notice(//build/toolchain/ohos:ohos_clang_arm)
[OHOS INFO] [NINJA] [116/33415] ACTION //base/security/access_token/interfaces/innerkits/token_setproc:libtoken_setproc__notice(//build/toolchain/ohos:ohos_clang_arm)
[OHOS INFO] [NINJA] [117/33413] ACTION //arkcompiler/runtime_core/abc2program:abc2program_frontend_static__notice(//build/toolchain/linux:clang_x64)
[OHOS INFO] [NINJA] [118/33411] ACTION //arkcompiler/runtime_core/bytecode_optimizer:libarkbytecodeopt_frontend_static__notice(//build/toolchain/linux:clang_x64)
[OHOS INFO] [NINJA] [119/33409] ACTION //drivers/hdf_core/adapter/uhdf2/ipc:libhdf_ipc_adapter__notice(//build/toolchain/ohos:ohos_clang_arm)
[OHOS INFO] [NINJA] [120/33408] ACTION //arkcompiler/runtime_core/static_core/runtime/asm_defines:asm_defines__notice(//build/toolchain/linux:clang_x64)
[OHOS INFO] [NINJA] [121/33407] ACTION //third_party/icu/icu4c:static_icustubdata__notice(//build/toolchain/linux:clang_x64)
[OHOS INFO] [NINJA] [122/33406] STAMP obj/drivers/hdf_core/adapter/uhdf2/ipc/libhdf_ipc_adapter.inputdeps.stamp
[OHOS INFO] [NINJA] [123/33406] ACTION //third_party/icu/icu4c:static_icuuc__notice(//build/toolchain/linux:clang_x64)
[OHOS INFO] [NINJA] [124/33404] STAMP obj/base/startup/init/interfaces/innerkits/deviceinfo_interface.stamp
[OHOS INFO] [NINJA] [125/33404] ACTION //base/security/access_token/interfaces/innerkits/accesstoken:libaccesstoken_sdk__notice(//build/toolchain/ohos:ohos_clang_arm)
[OHOS INFO] [NINJA] [126/33403] ACTION //drivers/hdf_core/adapter/uhdf2/hdi:libhdi__notice(//build/toolchain/ohos:ohos_clang_arm)
[OHOS INFO] [NINJA] [127/33402] ACTION //base/startup/init/interfaces/innerkits:param_watcher_proxy__notice(//build/toolchain/ohos:ohos_clang_arm)
[OHOS INFO] [NINJA] [128/33401] ACTION //drivers/hdf_core/adapter/uhdf2/hdi:libhdi_base__notice(//build/toolchain/ohos:ohos_clang_arm)
[OHOS INFO] [NINJA] [129/33400] ACTION //foundation/ability/ability_base:zuri__notice(//build/toolchain/ohos:ohos_clang_arm)
[OHOS INFO] [NINJA] [130/33399] CXX obj/out/rk3568/gen/base/security/access_token/services/accesstokenmanager/idl/access_token_manager_proxy/idl_common.o
[OHOS INFO] [NINJA] [131/33399] STAMP obj/base/security/access_token/interfaces/innerkits/accesstoken/libaccesstoken_sdk.inputdeps.stamp
[OHOS INFO] [NINJA] [132/33399] ACTION //arkcompiler/ets_frontend/merge_abc:panda_assembly_proto_static__notice(//build/toolchain/linux:clang_x64)
[OHOS INFO] [NINJA] [133/33398] ACTION //base/hiviewdfx/hicollie/interfaces/native/innerkits:libhicollie__notice(//build/toolchain/ohos:ohos_clang_arm)
[OHOS INFO] [NINJA] [134/33397] ACTION //base/security/access_token/interfaces/innerkits/accesstoken:libtokenid_sdk__notice(//build/toolchain/ohos:ohos_clang_arm)
[OHOS INFO] [NINJA] [135/33396] ACTION //base/startup/init/interfaces/innerkits:deviceinfo_proxy__notice(//build/toolchain/ohos:ohos_clang_arm)
[OHOS INFO] [NINJA] [136/33395] CXX obj/out/rk3568/gen/base/security/access_token/services/accesstokenmanager/idl/access_token_manager_proxy/access_token_manager_proxy.o
[OHOS INFO] [NINJA] [137/33395] STAMP obj/base/startup/init/interfaces/innerkits/param_watcher_proxy.inputdeps.stamp
[OHOS INFO] [NINJA] [138/33395] STAMP obj/drivers/hdf_core/adapter/uhdf2/hdi/libhdi.inputdeps.stamp
[OHOS INFO] [NINJA] [139/33395] ACTION //third_party/jsoncpp:jsoncpp__notice(//build/toolchain/ohos:ohos_clang_arm)
[OHOS INFO] [NINJA] [140/33393] ACTION //arkcompiler/runtime_core/static_core/libarkfile:libarktsfile__notice(//build/toolchain/linux:clang_x64)
[OHOS INFO] [NINJA] [141/33392] ACTION //drivers/interface/display/buffer/v1_0:libdisplay_buffer_proxy_1.0__notice(//build/toolchain/ohos:ohos_clang_arm)
[OHOS INFO] [NINJA] [142/33391] STAMP obj/base/account/os_account/frameworks/ohosaccount/native/account_interface.stamp
[OHOS INFO] [NINJA] [143/33391] ACTION //arkcompiler/ets_frontend/es2panda:es2panda_lib__notice(//build/toolchain/linux:clang_x64)
[OHOS INFO] [NINJA] [144/33389] STAMP obj/base/security/access_token/services/accesstokenmanager/idl/access_token_manager_proxy.stamp
[OHOS INFO] [NINJA] [145/33389] STAMP obj/drivers/interface/display/buffer/v1_0/libdisplay_buffer_proxy_1.0.inputdeps.stamp
[OHOS INFO] [NINJA] [146/33389] ACTION //base/startup/init/interfaces/innerkits:libbeget_proxy__notice(//build/toolchain/ohos:ohos_clang_arm)
[OHOS INFO] [NINJA] [147/33388] ACTION //foundation/ability/ability_base:want__notice(//build/toolchain/ohos:ohos_clang_arm)
[OHOS INFO] [NINJA] [148/33387] ACTION //arkcompiler/ets_frontend/es2panda:es2panda__notice(//build/toolchain/linux:clang_x64)
[OHOS INFO] [NINJA] [149/33385] CXX obj/base/security/access_token/interfaces/innerkits/accesstoken/src/libaccesstoken_sdk/accesstoken_death_recipient.o
[OHOS INFO] [NINJA] [150/33385] ACTION //base/account/os_account/frameworks/common:libaccount_common__notice(//build/toolchain/ohos:ohos_clang_arm)
[OHOS INFO] [NINJA] [151/33384] CXX obj/out/rk3568/gen/base/startup/init/interfaces/innerkits/deviceinfo_proxy/device_info_proxy.o
[OHOS INFO] [NINJA] [152/33384] CXX obj/out/rk3568/gen/base/startup/init/interfaces/innerkits/param_watcher_proxy/watcher_manager_proxy.o
[OHOS INFO] [NINJA] [153/33384] STAMP obj/base/startup/init/interfaces/innerkits/libbeget_proxy.inputdeps.stamp
[OHOS INFO] [NINJA] [154/33384] STAMP obj/foundation/ability/ability_base/want.inputdeps.stamp
[OHOS INFO] [NINJA] [155/33384] CXX obj/base/security/access_token/interfaces/innerkits/accesstoken/src/libaccesstoken_sdk/accesstoken_kit.o
[OHOS INFO] [NINJA] [156/33384] CXX obj/base/security/access_token/interfaces/innerkits/accesstoken/src/libaccesstoken_sdk/accesstoken_manager_client.o
[OHOS INFO] [NINJA] [157/33384] CXX obj/out/rk3568/gen/base/startup/init/interfaces/innerkits/param_watcher_proxy/watcher_stub.o
[OHOS INFO] [NINJA] [158/33384] STAMP obj/base/account/os_account/frameworks/common/libaccount_common.inputdeps.stamp
[OHOS INFO] [NINJA] [159/33384] ACTION //arkcompiler/runtime_core/static_core/libarkbase:libarktsbase_frontend_set_static__notice(//build/toolchain/linux:clang_x64)
[OHOS INFO] [NINJA] [160/33382] ACTION //base/account/os_account/frameworks/domain_account:frameworks_domain_account_interface(//build/toolchain/ohos:ohos_clang_arm)
[OHOS INFO] [NINJA] [161/33382] STAMP obj/base/account/os_account/frameworks/domain_account/frameworks_domain_account_interface.stamp
[OHOS INFO] [NINJA] [162/33382] ACTION //base/account/os_account/frameworks/os_account_subspace:frameworks_os_account_subspace_interface(//build/toolchain/ohos:ohos_clang_arm)
[OHOS INFO] [NINJA] [163/33382] ACTION //base/notification/common_event_service/frameworks/core:common_event_interface(//build/toolchain/ohos:ohos_clang_arm)
[OHOS INFO] [NINJA] [164/33382] ACTION //base/account/os_account/frameworks/ohosaccount/native:libaccountkits__notice(//build/toolchain/ohos:ohos_clang_arm)
[OHOS INFO] [NINJA] [165/33381] STAMP obj/base/account/os_account/frameworks/ohosaccount/native/libaccountkits.inputdeps.stamp
[OHOS INFO] [NINJA] [166/33381] ACTION //base/account/os_account/frameworks/osaccount/native:frameworks_osaccount_interface(//build/toolchain/ohos:ohos_clang_arm)
[OHOS INFO] [NINJA] [167/33381] ACTION //base/hiviewdfx/hitrace/interfaces/native/innerkits:hitrace.para.dac__notice(//build/toolchain/ohos:ohos_clang_arm)
[OHOS INFO] [NINJA] [168/33380] ACTION //base/hiviewdfx/hitrace/interfaces/native/innerkits:hitrace_inner__notice(//build/toolchain/ohos:ohos_clang_arm)
[OHOS INFO] [NINJA] [169/33379] STAMP obj/base/hiviewdfx/hitrace/interfaces/native/innerkits/hitrace_inner.inputdeps.stamp
[OHOS INFO] [NINJA] [170/33379] ACTION //base/notification/common_event_service/frameworks/core:event_receive_interface(//build/toolchain/ohos:ohos_clang_arm)
[OHOS INFO] [NINJA] [171/33379] STAMP obj/base/startup/init/interfaces/innerkits/deviceinfo_proxy.stamp
[OHOS INFO] [NINJA] [172/33379] ACTION //arkcompiler/runtime_core/static_core/libziparchive:libarktsziparchive_frontend_set_static__notice(//build/toolchain/linux:clang_x64)
[OHOS INFO] [NINJA] [173/33378] CXX obj/base/startup/init/device_info/libbeget_proxy/device_info.o
[OHOS INFO] [NINJA] [174/33378] CXX obj/base/startup/init/services/param/watcher/agent/libbeget_proxy/watcher.o
[OHOS INFO] [NINJA] [175/33378] ACTION //drivers/interface/display/buffer/v1_2:libdisplay_buffer_proxy_1.2__notice(//build/toolchain/ohos:ohos_clang_arm)
[OHOS INFO] [NINJA] [176/33377] STAMP obj/base/startup/init/interfaces/innerkits/param_watcher_proxy.stamp
[OHOS INFO] [NINJA] [177/33377] STAMP obj/drivers/interface/display/buffer/v1_2/libdisplay_buffer_proxy_1.2.inputdeps.stamp
[OHOS INFO] [NINJA] [178/33377] CXX obj/base/startup/init/services/param/watcher/agent/libbeget_proxy/watcher_manager_kits.o
[OHOS INFO] [NINJA] [179/33377] CXX obj/base/startup/init/device_info/libbeget_proxy/device_info_kits.o
[OHOS INFO] [NINJA] [180/33377] ACTION //base/hiviewdfx/hitrace/interfaces/native/innerkits:hitrace.para__notice(//build/toolchain/ohos:ohos_clang_arm)
[OHOS INFO] [NINJA] [181/33376] ACTION //third_party/vixl:libvixl__notice(//build/toolchain/linux:clang_x64)
[OHOS INFO] [NINJA] [182/33374] CXX obj/base/startup/init/device_info/libbeget_proxy/device_info_load.o
[OHOS INFO] [NINJA] [183/33374] ACTION //base/account/os_account/frameworks/domain_account:domain_account_ipc_data__notice(//build/toolchain/ohos:ohos_clang_arm)
[OHOS INFO] [NINJA] [184/33373] ACTION //base/account/os_account/frameworks/domain_account:domain_account_innerkits__notice(//build/toolchain/ohos:ohos_clang_arm)
[OHOS INFO] [NINJA] [185/33372] ACTION //drivers/interface/display/graphic/common/v2_0:libdisplay_commontype_proxy_2.0__notice(//build/toolchain/ohos:ohos_clang_arm)
[OHOS INFO] [NINJA] [186/33371] ACTION //drivers/interface/display/buffer/v1_1:libdisplay_buffer_proxy_1.1__notice(//build/toolchain/ohos:ohos_clang_arm)
[OHOS INFO] [NINJA] [187/33370] ACTION //base/global/resource_management/frameworks/resmgr:resmgr_abc__notice(//build/toolchain/ohos:ohos_clang_arm)
[OHOS INFO] [NINJA] [188/33367] ACTION //arkcompiler/runtime_core/static_core/libziparchive:libarktsziparchive_frontend_static__notice(//build/toolchain/linux:clang_x64)
[OHOS INFO] [NINJA] [189/33366] ACTION //base/account/os_account/frameworks/os_account_subspace:os_account_sub_profile_event_stub__notice(//build/toolchain/ohos:ohos_clang_arm)
[OHOS INFO] [NINJA] [190/33365] ACTION //base/account/os_account/frameworks/os_account_subspace:os_account_subspace_proxy_source__notice(//build/toolchain/ohos:ohos_clang_arm)
[OHOS INFO] [NINJA] [191/33364] ACTION //arkcompiler/runtime_core/static_core/libarkfile:libarktsfile_frontend_set_static__notice(//build/toolchain/linux:clang_x64)
[OHOS INFO] [NINJA] [192/33363] STAMP obj/base/account/os_account/frameworks/domain_account/domain_account_innerkits.inputdeps.stamp
[OHOS INFO] [NINJA] [193/33363] ACTION //arkcompiler/runtime_core/static_core/compiler/optimizer/code_generator:libarkencoder__notice(//build/toolchain/linux:clang_x64)
[OHOS INFO] [NINJA] [194/33361] ACTION //base/account/os_account/frameworks/osaccount/native:os_account_innerkits__notice(//build/toolchain/ohos:ohos_clang_arm)
[OHOS INFO] [NINJA] [195/33360] CXX obj/out/rk3568/gen/base/account/os_account/frameworks/domain_account/domain_account_ipc_data/domain_account_ipc_data.o
[OHOS INFO] [NINJA] [196/33360] CXX obj/base/account/os_account/frameworks/ohosaccount/native/src/libaccountkits/ohos_account_kits.o
[OHOS INFO] [NINJA] [197/33360] CXX obj/base/account/os_account/frameworks/ohosaccount/native/src/libaccountkits/distributed_account_event_service.o
[OHOS INFO] [NINJA] [198/33360] CXX obj/base/account/os_account/frameworks/ohosaccount/native/src/libaccountkits/ohos_account_kits_impl.o
[OHOS INFO] [NINJA] [199/33360] STAMP obj/base/account/os_account/frameworks/os_account_subspace/frameworks_os_account_subspace_interface.stamp
[OHOS INFO] [NINJA] [200/33360] CXX obj/base/account/os_account/frameworks/ohosaccount/native/src/libaccountkits/system_ability_status_change_listener.o
[OHOS INFO] [NINJA] [201/33360] STAMP obj/base/account/os_account/frameworks/osaccount/native/frameworks_osaccount_interface.stamp
[OHOS INFO] [NINJA] [202/33360] ACTION //base/hiviewdfx/hitrace/interfaces/native/innerkits:hitrace_meter__notice(//build/toolchain/ohos:ohos_clang_arm)
[OHOS INFO] [NINJA] [203/33359] STAMP obj/base/notification/common_event_service/frameworks/core/common_event_interface.stamp
[OHOS INFO] [NINJA] [204/33359] ACTION //arkcompiler/ets_frontend/ets2panda:check_build_system_consistency(//build/toolchain/linux:clang_x64)
[OHOS INFO] [NINJA] [205/33359] CXX obj/out/rk3568/gen/base/account/os_account/frameworks/ohosaccount/native/libaccountkits/account_proxy.o
[OHOS INFO] [NINJA] [206/33359] CXX obj/out/rk3568/gen/base/account/os_account/frameworks/ohosaccount/native/libaccountkits/distributed_account_event_proxy.o
[OHOS INFO] [NINJA] [207/33359] CXX obj/out/rk3568/gen/base/account/os_account/frameworks/ohosaccount/native/libaccountkits/distributed_account_event_stub.o
[OHOS INFO] [NINJA] [208/33359] STAMP obj/base/notification/common_event_service/frameworks/core/event_receive_interface.stamp
[OHOS INFO] [NINJA] [209/33359] STAMP obj/drivers/interface/display/graphic/common/v2_0/libdisplay_commontype_proxy_2.0.inputdeps.stamp
[OHOS INFO] [NINJA] [210/33359] ACTION //base/notification/common_event_service/frameworks/core:common_event_stub__notice(//build/toolchain/ohos:ohos_clang_arm)
[OHOS INFO] [NINJA] [211/33358] ACTION //arkcompiler/runtime_core/static_core/libarkbase:libarktsbase_frontend_static__notice(//build/toolchain/linux:clang_x64)
[OHOS INFO] [NINJA] [212/33356] ACTION //base/notification/common_event_service/frameworks/core:event_receive_proxy__notice(//build/toolchain/ohos:ohos_clang_arm)
[OHOS INFO] [NINJA] [213/33355] ACTION //base/notification/common_event_service/frameworks/core:cesfwk_core__notice(//build/toolchain/ohos:ohos_clang_arm)
[OHOS INFO] [NINJA] [214/33354] ACTION //base/notification/common_event_service/frameworks/core:event_receive_stub__notice(//build/toolchain/ohos:ohos_clang_arm)
[OHOS INFO] [NINJA] [215/33353] ACTION //base/notification/common_event_service/frameworks/core:common_event_proxy__notice(//build/toolchain/ohos:ohos_clang_arm)
[OHOS INFO] [NINJA] [216/33352] ACTION //base/security/selinux_adapter:libselinux_klog_static__notice(//build/toolchain/ohos:ohos_clang_arm)
[OHOS INFO] [NINJA] [217/33351] ACTION //drivers/interface/display/graphic/common/v1_0:libdisplay_commontype_proxy_1.0__notice(//build/toolchain/ohos:ohos_clang_arm)
[OHOS INFO] [NINJA] [218/33350] STAMP clang_x64/obj/arkcompiler/ets_frontend/ets2panda/check_build_system_consistency.stamp
[OHOS INFO] [NINJA] [219/33350] ACTION //drivers/interface/display/graphic/common/v2_1:libdisplay_commontype_proxy_2.1__notice(//build/toolchain/ohos:ohos_clang_arm)
[OHOS INFO] [NINJA] [220/33349] ACTION //drivers/interface/display/buffer/v1_3:libdisplay_buffer_proxy_1.3__notice(//build/toolchain/ohos:ohos_clang_arm)
[OHOS INFO] [NINJA] [221/33348] ACTION //foundation/graphic/graphic_surface/sync_fence:sync_fence_static__notice(//build/toolchain/ohos:ohos_clang_arm)
[OHOS INFO] [NINJA] [222/33347] ACTION //foundation/distributeddatamgr/kv_store/interfaces/innerkits/distributeddatamgr:distributeddata_mgr__notice(//build/toolchain/ohos:ohos_clang_arm)
[OHOS INFO] [NINJA] [223/33346] ACTION //foundation/graphic/graphic_surface/buffer_handle:buffer_handle_static__notice(//build/toolchain/ohos:ohos_clang_arm)
[OHOS INFO] [NINJA] [224/33345] ACTION //third_party/icu/icu4c:shared_icuuc__notice(//build/toolchain/ohos:ohos_clang_arm)
[OHOS INFO] [NINJA] [225/33344] CXX obj/base/account/os_account/frameworks/domain_account/src/domain_account_innerkits/domain_account_callback_service.o
[OHOS INFO] [NINJA] [226/33344] CXX obj/out/rk3568/gen/base/account/os_account/frameworks/domain_account/domain_account_innerkits/domain_account_callback_proxy.o
[OHOS INFO] [NINJA] [227/33344] ACTION //arkcompiler/runtime_core/static_core/compiler:libarktscompiler__notice(//build/toolchain/linux:clang_x64)
[OHOS INFO] [NINJA] [228/33342] CXX obj/base/account/os_account/frameworks/domain_account/src/domain_account_innerkits/domain_account_client.o
[OHOS INFO] [NINJA] [229/33342] CXX obj/out/rk3568/gen/base/account/os_account/frameworks/domain_account/domain_account_innerkits/domain_account_callback_stub.o
[OHOS INFO] [NINJA] [230/33342] CXX obj/base/account/os_account/frameworks/domain_account/src/domain_account_innerkits/domain_account_callback_client.o
[OHOS INFO] [NINJA] [231/33342] STAMP obj/base/account/os_account/frameworks/domain_account/domain_account_ipc_data.stamp
[OHOS INFO] [NINJA] [232/33342] ACTION //third_party/icu/icu4c:static_icustubdata__notice(//build/toolchain/ohos:ohos_clang_arm)
[OHOS INFO] [NINJA] [233/33339] ACTION //arkcompiler/runtime_core/static_core/isa:isa_combine_static_etc__notice(//build/toolchain/linux:clang_x64)
[OHOS INFO] [NINJA] [234/33338] CXX obj/base/account/os_account/frameworks/domain_account/src/domain_account_innerkits/domain_account_plugin_service.o
[OHOS INFO] [NINJA] [235/33338] CXX obj/out/rk3568/gen/base/account/os_account/frameworks/domain_account/domain_account_innerkits/domain_account_proxy.o
[OHOS INFO] [NINJA] [236/33338] CXX obj/out/rk3568/gen/base/account/os_account/frameworks/domain_account/domain_account_innerkits/domain_account_plugin_stub.o
[OHOS INFO] [NINJA] [237/33338] STAMP obj/base/account/os_account/frameworks/osaccount/native/os_account_innerkits.inputdeps.stamp
[OHOS INFO] [NINJA] [238/33338] STAMP obj/base/notification/common_event_service/frameworks/core/cesfwk_core.inputdeps.stamp
[OHOS INFO] [NINJA] [239/33338] CXX obj/out/rk3568/gen/base/account/os_account/frameworks/os_account_subspace/os_account_sub_profile_event_stub/os_account_sub_profile_event_stub.o
[OHOS INFO] [NINJA] [240/33338] CXX obj/out/rk3568/gen/base/account/os_account/frameworks/os_account_subspace/os_account_subspace_proxy_source/os_account_sub_profile_proxy.o
[OHOS INFO] [NINJA] [241/33338] CXX obj/out/rk3568/gen/base/notification/common_event_service/frameworks/core/event_receive_proxy/event_receive_proxy.o
[OHOS INFO] [NINJA] [242/33338] CXX obj/out/rk3568/gen/base/notification/common_event_service/frameworks/core/common_event_proxy/common_event_proxy.o
[OHOS INFO] [NINJA] [243/33338] CXX obj/out/rk3568/gen/base/notification/common_event_service/frameworks/core/common_event_stub/common_event_stub.o
[OHOS INFO] [NINJA] [244/33338] STAMP obj/drivers/interface/display/graphic/common/v1_0/libdisplay_commontype_proxy_1.0.inputdeps.stamp
[OHOS INFO] [NINJA] [245/33338] STAMP obj/drivers/interface/display/graphic/common/v2_1/libdisplay_commontype_proxy_2.1.inputdeps.stamp
[OHOS INFO] [NINJA] [246/33338] ACTION //foundation/ability/ability_base:extractortool__notice(//build/toolchain/ohos:ohos_clang_arm)
[OHOS INFO] [NINJA] [247/33337] ACTION //drivers/interface/display/buffer/v1_4:libdisplay_buffer_hdi_impl_v1_4__notice(//build/toolchain/ohos:ohos_clang_arm)
[OHOS INFO] [NINJA] [248/33336] CXX obj/out/rk3568/gen/base/notification/common_event_service/frameworks/core/event_receive_stub/event_receive_stub.o
[OHOS INFO] [NINJA] [249/33336] STAMP obj/foundation/distributeddatamgr/kv_store/interfaces/innerkits/distributeddatamgr/distributeddata_mgr.inputdeps.stamp
[OHOS INFO] [NINJA] [250/33336] ACTION //drivers/interface/display/buffer/v1_4:libdisplay_buffer_proxy_1.4__notice(//build/toolchain/ohos:ohos_clang_arm)
[OHOS INFO] [NINJA] [251/33335] STAMP obj/foundation/graphic/graphic_surface/sync_fence/sync_fence_static.inputdeps.stamp
[OHOS INFO] [NINJA] [252/33335] ACTION //foundation/distributeddatamgr/udmf/interfaces/innerkits:utd_client__notice(//build/toolchain/ohos:ohos_clang_arm)
[OHOS INFO] [NINJA] [253/33334] ACTION //base/notification/common_event_service/frameworks/native:cesfwk_innerkits__notice(//build/toolchain/ohos:ohos_clang_arm)
[OHOS INFO] [NINJA] [254/33333] ACTION //base/security/selinux_adapter:librestorecon__notice(//build/toolchain/ohos:ohos_clang_arm)
[OHOS INFO] [NINJA] [255/33332] ACTION //drivers/interface/display/graphic/common/v2_2:libdisplay_commontype_proxy_2.2__notice(//build/toolchain/ohos:ohos_clang_arm)
[OHOS INFO] [NINJA] [256/33331] ACTION //foundation/ability/ability_base:string_utils__notice(//build/toolchain/ohos:ohos_clang_arm)
[OHOS INFO] [NINJA] [257/33330] ACTION //foundation/bundlemanager/bundle_framework/common:libappexecfwk_common__notice(//build/toolchain/ohos:ohos_clang_arm)
[OHOS INFO] [NINJA] [258/33329] ACTION //third_party/icu/icu4c:shared_icui18n__notice(//build/toolchain/ohos:ohos_clang_arm)
[OHOS INFO] [NINJA] [259/33327] ACTION //foundation/communication/ipc/interfaces/innerkits/c_api:ipc_capi__notice(//build/toolchain/ohos:ohos_clang_arm)
[OHOS INFO] [NINJA] [260/33326] STAMP obj/base/account/os_account/frameworks/os_account_subspace/os_account_sub_profile_event_stub.stamp
[OHOS INFO] [NINJA] [261/33326] ACTION //base/hiviewdfx/hiviewdfx_api_metrics:histogrammanager__notice(//build/toolchain/ohos:ohos_clang_arm)
[OHOS INFO] [NINJA] [262/33325] STAMP obj/base/account/os_account/frameworks/os_account_subspace/os_account_subspace_proxy_source.stamp
[OHOS INFO] [NINJA] [263/33325] ACTION //third_party/libpng:libpng__notice(//build/toolchain/ohos:ohos_clang_arm)
[OHOS INFO] [NINJA] [264/33323] CXX obj/base/account/os_account/frameworks/osaccount/core/src/os_account_innerkits/os_account_constraint_subscriber_manager.o
[OHOS INFO] [NINJA] [265/33323] CXX obj/base/account/os_account/frameworks/osaccount/core/src/os_account_innerkits/os_account.o
[OHOS INFO] [NINJA] [266/33323] CXX obj/base/account/os_account/frameworks/osaccount/core/src/os_account_innerkits/os_account_death_recipient.o
[OHOS INFO] [NINJA] [267/33323] CXX obj/base/account/os_account/frameworks/osaccount/core/src/os_account_innerkits/os_account_event_listener.o
[OHOS INFO] [NINJA] [268/33323] ACTION //arkcompiler/runtime_core/static_core/libarkfile:libarktsfile_frontend_static__notice(//build/toolchain/linux:clang_x64)
[OHOS INFO] [NINJA] [269/33322] CXX obj/base/account/os_account/frameworks/osaccount/native/src/os_account_innerkits/os_account_subprofile_client.o
[OHOS INFO] [NINJA] [270/33322] CXX obj/base/account/os_account/frameworks/osaccount/native/src/os_account_innerkits/os_account_manager.o
[OHOS INFO] [NINJA] [271/33322] CXX obj/out/rk3568/gen/base/account/os_account/frameworks/osaccount/native/os_account_innerkits/os_account_event_stub.o
[OHOS INFO] [NINJA] [272/33322] ACTION //foundation/graphic/graphic_surface/buffer_handle:buffer_handle__notice(//build/toolchain/ohos:ohos_clang_arm)
[OHOS INFO] [NINJA] [273/33321] CXX obj/base/account/os_account/frameworks/os_account_subspace/src/os_account_innerkits/os_account_sub_profile_event_service.o
[OHOS INFO] [NINJA] [274/33321] CXX obj/out/rk3568/gen/base/account/os_account/frameworks/osaccount/native/os_account_innerkits/os_account_proxy.o
[OHOS INFO] [NINJA] [275/33321] STAMP obj/base/hiviewdfx/hiviewdfx_api_metrics/histogrammanager.inputdeps.stamp
[OHOS INFO] [NINJA] [276/33321] CXX obj/out/rk3568/gen/base/account/os_account/frameworks/osaccount/native/os_account_innerkits/os_account_state_reply_callback_proxy.o
[OHOS INFO] [NINJA] [277/33321] CXX obj/out/rk3568/gen/base/account/os_account/frameworks/osaccount/native/os_account_innerkits/os_account_constraint_event_stub.o
[OHOS INFO] [NINJA] [278/33321] ACTION //arkcompiler/runtime_core/static_core/assembler:libarktsassembler_frontend_set_static__notice(//build/toolchain/linux:clang_x64)
[OHOS INFO] [NINJA] [279/33319] ACTION //arkcompiler/runtime_core/static_core/compiler/optimizer/code_generator:libarkencoder_frontend_dependency_static__notice(//build/toolchain/linux:clang_x64)
[OHOS INFO] [NINJA] [280/33317] CXX obj/base/notification/common_event_service/frameworks/core/src/cesfwk_core/common_event_listener.o
[OHOS INFO] [NINJA] [281/33317] STAMP obj/base/notification/common_event_service/frameworks/core/common_event_proxy.stamp
[OHOS INFO] [NINJA] [282/33317] ACTION //base/hiviewdfx/faultloggerd/common/cutil:dfx_cutil__notice(//build/toolchain/ohos:ohos_clang_arm)
[OHOS INFO] [NINJA] [283/33316] CXX obj/base/notification/common_event_service/frameworks/native/src/cesfwk_core/async_common_event_result.o
[OHOS INFO] [NINJA] [284/33316] ACTION //arkcompiler/runtime_core/static_core/assembler:libarktsassembler_static__notice(//build/toolchain/linux:clang_x64)
[OHOS INFO] [NINJA] [285/33314] CXX obj/base/notification/common_event_service/frameworks/core/src/cesfwk_core/common_event.o
[OHOS INFO] [NINJA] [286/33314] CXX obj/base/notification/common_event_service/frameworks/core/src/cesfwk_core/common_event_death_recipient.o
[OHOS INFO] [NINJA] [287/33314] STAMP obj/base/notification/common_event_service/frameworks/core/common_event_stub.stamp
[OHOS INFO] [NINJA] [288/33314] STAMP obj/base/notification/common_event_service/frameworks/core/event_receive_proxy.stamp
[OHOS INFO] [NINJA] [289/33314] STAMP obj/base/notification/common_event_service/frameworks/core/event_receive_stub.stamp
[OHOS INFO] [NINJA] [290/33314] STAMP obj/base/notification/common_event_service/frameworks/native/cesfwk_innerkits.inputdeps.stamp
[OHOS INFO] [NINJA] [291/33314] STAMP obj/drivers/interface/display/buffer/v1_4/libdisplay_buffer_hdi_impl_v1_4.inputdeps.stamp
[OHOS INFO] [NINJA] [292/33314] STAMP obj/drivers/interface/display/graphic/common/v2_2/libdisplay_commontype_proxy_2.2.inputdeps.stamp
[OHOS INFO] [NINJA] [293/33314] STAMP obj/foundation/bundlemanager/bundle_framework/common/libappexecfwk_common.inputdeps.stamp
[OHOS INFO] [NINJA] [294/33314] STAMP obj/foundation/ability/ability_base/extractortool.inputdeps.stamp
[OHOS INFO] [NINJA] [295/33314] STAMP obj/foundation/communication/ipc/interfaces/innerkits/c_api/ipc_capi.inputdeps.stamp
[OHOS INFO] [NINJA] [296/33314] STAMP obj/foundation/distributeddatamgr/udmf/interfaces/innerkits/utd_client.inputdeps.stamp
[OHOS INFO] [NINJA] [297/33314] ACTION //base/global/resource_management/frameworks/resmgr:global_resmgr__notice(//build/toolchain/ohos:ohos_clang_arm)
[OHOS INFO] [NINJA] [298/33313] ACTION //foundation/bundlemanager/bundle_framework/interfaces/inner_api/appexecfwk_base:appexecfwk_base__notice(//build/toolchain/ohos:ohos_clang_arm)
[OHOS INFO] [NINJA] [299/33312] ACTION //foundation/bundlemanager/bundle_framework/interfaces/inner_api/appexecfwk_core:appexecfwk_core_headers__notice(//build/toolchain/ohos:ohos_clang_arm)
[OHOS INFO] [NINJA] [300/33310] ACTION //foundation/graphic/graphic_surface/surface:surface_static__notice(//build/toolchain/ohos:ohos_clang_arm)
[OHOS INFO] [NINJA] [301/33309] ACTION //drivers/interface/display/graphic/common/v1_1:libdisplay_commontype_proxy_1.1__notice(//build/toolchain/ohos:ohos_clang_arm)
[OHOS INFO] [NINJA] [302/33308] ACTION //foundation/graphic/graphic_surface/sandbox:sandbox_utils__notice(//build/toolchain/ohos:ohos_clang_arm)
[OHOS INFO] [NINJA] [303/33307] ACTION //foundation/graphic/graphic_surface/utils/frame_report:frame_report__notice(//build/toolchain/ohos:ohos_clang_arm)
[OHOS INFO] [NINJA] [304/33306] ACTION //foundation/bundlemanager/bundle_framework/interfaces/inner_api/appexecfwk_core:verify_manager_interface(//build/toolchain/ohos:ohos_clang_arm)
[OHOS INFO] [NINJA] [305/33306] ACTION //foundation/bundlemanager/bundle_framework/interfaces/inner_api/appexecfwk_core:bundle_mgr_ext_interface(//build/toolchain/ohos:ohos_clang_arm)
[OHOS INFO] [NINJA] [306/33306] ACTION //foundation/graphic/graphic_surface/sync_fence:sync_fence__notice(//build/toolchain/ohos:ohos_clang_arm)
[OHOS INFO] [NINJA] [307/33305] ACTION //foundation/graphic/graphic_surface/utils/hebc_white_list:hebc_white_list__notice(//build/toolchain/ohos:ohos_clang_arm)
[OHOS INFO] [NINJA] [308/33304] ACTION //foundation/graphic/graphic_surface/utils/rs_frame_report_ext:rs_frame_report_ext_surface__notice(//build/toolchain/ohos:ohos_clang_arm)
[OHOS INFO] [NINJA] [309/33303] ACTION //third_party/freetype:freetype_static__notice(//build/toolchain/ohos:ohos_clang_arm)
[OHOS INFO] [NINJA] [310/33300] STAMP obj/base/global/resource_management/frameworks/resmgr/global_resmgr.inputdeps.stamp
[OHOS INFO] [NINJA] [311/33300] CXX obj/base/notification/common_event_service/frameworks/native/src/cesfwk_innerkits/async_common_event_result.o
[OHOS INFO] [NINJA] [312/33300] ACTION //arkcompiler/runtime_core/static_core/compiler:libarktscompiler_frontend_static__notice(//build/toolchain/linux:clang_x64)
[OHOS INFO] [NINJA] [313/33298] STAMP obj/foundation/bundlemanager/bundle_framework/interfaces/inner_api/appexecfwk_base/appexecfwk_base.inputdeps.stamp
[OHOS INFO] [NINJA] [314/33298] STAMP obj/foundation/bundlemanager/bundle_framework/interfaces/inner_api/appexecfwk_core/bundle_mgr_ext_interface.stamp
[OHOS INFO] [NINJA] [315/33298] STAMP obj/foundation/bundlemanager/bundle_framework/interfaces/inner_api/appexecfwk_core/verify_manager_interface.stamp
[OHOS INFO] [NINJA] [316/33298] CXX obj/base/notification/common_event_service/frameworks/native/src/cesfwk_innerkits/common_event_manager.o
[OHOS INFO] [NINJA] [317/33298] ACTION //base/hiviewdfx/faultloggerd/interfaces/innerkits/signal_handler:dfx_signalhandler__notice(//build/toolchain/ohos:ohos_clang_arm)
[OHOS INFO] [NINJA] [318/33297] ACTION //base/hiviewdfx/faultloggerd/frameworks/allocator:dfx_allocator_src__notice(//build/toolchain/ohos:ohos_clang_arm)
[OHOS INFO] [NINJA] [319/33296] ACTION //base/hiviewdfx/hilog/interfaces/native/innerkits:libhilog_snapshot__notice(//build/toolchain/ohos:ohos_clang_arm)
[OHOS INFO] [NINJA] [320/33295] STAMP obj/foundation/graphic/graphic_surface/surface/surface_static.inputdeps.stamp
[OHOS INFO] [NINJA] [321/33295] ACTION //foundation/bundlemanager/bundle_framework/interfaces/inner_api/appexecfwk_core:bundle_mgr_ext_proxy__notice(//build/toolchain/ohos:ohos_clang_arm)
[OHOS INFO] [NINJA] [322/33294] ACTION //foundation/systemabilitymgr/safwk/interfaces/innerkits/safwk:api_cache_manager__notice(//build/toolchain/ohos:ohos_clang_arm)
[OHOS INFO] [NINJA] [323/33293] ACTION //third_party/libuv:libuv.para.dac__notice(//build/toolchain/ohos:ohos_clang_arm)
[OHOS INFO] [NINJA] [324/33292] ACTION //third_party/libuv:libuv.para__notice(//build/toolchain/ohos:ohos_clang_arm)
[OHOS INFO] [NINJA] [325/33291] ACTION //base/hiviewdfx/faultloggerd/frameworks/limited:dfx_limited_src__notice(//build/toolchain/ohos:ohos_clang_arm)
[OHOS INFO] [NINJA] [326/33289] ACTION //third_party/skia/m133:ohos_fontconfig.json__notice(//build/toolchain/ohos:ohos_clang_arm)
[OHOS INFO] [NINJA] [327/33288] ACTION //third_party/libuv:libuv_source__notice(//build/toolchain/ohos:ohos_clang_arm)
[OHOS INFO] [NINJA] [328/33287] ACTION //foundation/bundlemanager/bundle_framework/interfaces/inner_api/appexecfwk_core:bundle_mgr_ext_stub__notice(//build/toolchain/ohos:ohos_clang_arm)
[OHOS INFO] [NINJA] [329/33286] ACTION //arkcompiler/runtime_core/static_core/bytecode_optimizer:libarktsbytecodeopt_frontend_static__notice(//build/toolchain/linux:clang_x64)
[OHOS INFO] [NINJA] [330/33285] ACTION //arkcompiler/runtime_core/static_core/assembler:libarktsassembler_frontend_static__notice(//build/toolchain/linux:clang_x64)
[OHOS INFO] [NINJA] [331/33283] ACTION //third_party/skia/m133:ohos_fontconfig_old.json__notice(//build/toolchain/ohos:ohos_clang_arm)
[OHOS INFO] [NINJA] [332/33282] ACTION //third_party/skia/m133:ohos_font_file_map.json__notice(//build/toolchain/ohos:ohos_clang_arm)
[OHOS INFO] [NINJA] [333/33281] ACTION //foundation/resourceschedule/qos_manager/qos:qos__notice(//build/toolchain/ohos:ohos_clang_arm)
[OHOS INFO] [NINJA] [334/33280] ACTION //foundation/bundlemanager/bundle_framework/interfaces/inner_api/appexecfwk_core:appexecfwk_core__notice(//build/toolchain/ohos:ohos_clang_arm)
[OHOS INFO] [NINJA] [335/33279] ACTION //arkcompiler/ets_runtime/common_components:libarkcommon-runtime__notice(//build/toolchain/ohos:ohos_clang_arm)
[OHOS INFO] [NINJA] [336/33278] ACTION //third_party/icu/icu4c:static_icui18n__notice(//build/toolchain/linux:clang_x64)
[OHOS INFO] [NINJA] [337/33276] ACTION //third_party/expat:expat__notice(//build/toolchain/ohos:ohos_clang_arm)
[OHOS INFO] [NINJA] [338/33276] STAMP obj/third_party/expat/expat__notice.stamp
[OHOS INFO] [NINJA] [339/33276] STAMP obj/foundation/bundlemanager/bundle_framework/interfaces/inner_api/appexecfwk_core/appexecfwk_core.inputdeps.stamp
[OHOS INFO] [NINJA] [340/33276] SOLINK hiviewdfx/hiview/libucollection_client.z.so
[OHOS INFO] [NINJA] [341/33276] ACTION //arkcompiler/runtime_core/libpandabase:libarkbase_static__notice(//build/toolchain/ohos:ohos_clang_arm)
[OHOS INFO] [NINJA] [342/33275] ACTION //foundation/graphic/graphic_surface/surface:surface__notice(//build/toolchain/ohos:ohos_clang_arm)
[OHOS INFO] [NINJA] [343/33274] CXX obj/out/rk3568/gen/foundation/bundlemanager/bundle_framework/interfaces/inner_api/appexecfwk_core/bundle_mgr_ext_proxy/bundle_mgr_ext_proxy.o
[OHOS INFO] [NINJA] [344/33274] STAMP obj/foundation/resourceschedule/qos_manager/qos/qos.inputdeps.stamp
[OHOS INFO] [NINJA] [345/33274] STAMP obj/third_party/expat/expat.inputdeps.stamp
[OHOS INFO] [NINJA] [346/33274] STAMP obj/third_party/libuv/libuv_source.inputdeps.stamp
[OHOS INFO] [NINJA] [347/33274] SOLINK startup/init/libbeget_proxy.z.so
[OHOS INFO] [NINJA] [348/33274] CXX obj/out/rk3568/gen/foundation/bundlemanager/bundle_framework/interfaces/inner_api/appexecfwk_core/bundle_mgr_ext_stub/bundle_mgr_ext_stub.o
[OHOS INFO] [NINJA] [349/33274] ACTION //third_party/openGLES:libGLES__notice(//build/toolchain/ohos:ohos_clang_arm)
[OHOS INFO] [NINJA] [350/33273] ACTION //third_party/EGL:libEGL__notice(//build/toolchain/ohos:ohos_clang_arm)
[OHOS INFO] [NINJA] [351/33272] ACTION //third_party/harfbuzz:harfbuzz_static__notice(//build/toolchain/ohos:ohos_clang_arm)
[OHOS INFO] [NINJA] [352/33272] ACTION //foundation/graphic/graphic_2d/frameworks/opengl_wrapper:EGL__notice(//build/toolchain/ohos:ohos_clang_arm)
[OHOS INFO] [NINJA] [353/33271] STAMP obj/third_party/harfbuzz/harfbuzz_static__notice.stamp
[OHOS INFO] [NINJA] [354/33271] ACTION //arkcompiler/ets_frontend/ets2panda:libes2panda_frontend_static__notice(//build/toolchain/linux:clang_x64)
[OHOS INFO] [NINJA] [355/33270] ACTION //arkcompiler/runtime_core/static_core/assembler:assembler_headers__notice(//build/toolchain/linux:clang_x64)
[OHOS INFO] [NINJA] [356/33268] ACTION //arkcompiler/runtime_core/static_core/assembler:libarktsassembler_package__notice(//build/toolchain/linux:clang_x64)
[OHOS INFO] [NINJA] [357/33267] ACTION //arkcompiler/runtime_core/static_core/libarkfile:libpandafile_headers__notice(//build/toolchain/linux:clang_x64)
[OHOS INFO] [NINJA] [358/33265] ACTION //arkcompiler/runtime_core/static_core/libarkfile:libarktsfile_package__notice(//build/toolchain/linux:clang_x64)
[OHOS INFO] [NINJA] [359/33264] STAMP obj/arkcompiler/ets_runtime/common_components/libarkcommon-runtime.inputdeps.stamp
[OHOS INFO] [NINJA] [360/33264] STAMP obj/arkcompiler/runtime_core/libpandabase/libarkbase_static.inputdeps.stamp
[OHOS INFO] [NINJA] [361/33264] ACTION //arkcompiler/runtime_core/static_core/compiler:libarktscompiler_package__notice(//build/toolchain/linux:clang_x64)
[OHOS INFO] [NINJA] [362/33263] ACTION //arkcompiler/runtime_core/static_core/libarkbase:libpandabase_headers__notice(//build/toolchain/linux:clang_x64)
[OHOS INFO] [NINJA] [363/33261] ACTION //arkcompiler/runtime_core/static_core/assembler:libarktsassembler__notice(//build/toolchain/linux:clang_x64)
[OHOS INFO] [NINJA] [364/33260] ACTION //arkcompiler/runtime_core/static_core/runtime:runtime_gen_headers__notice(//build/toolchain/linux:clang_x64)
[OHOS INFO] [NINJA] [365/33258] ACTION //arkcompiler/runtime_core/static_core/libarkbase:libarktsbase_package__notice(//build/toolchain/linux:clang_x64)
[OHOS INFO] [NINJA] [366/33257] ACTION //arkcompiler/ets_runtime:libcommon_components_set__notice(//build/toolchain/ohos:ohos_clang_arm)
[OHOS INFO] [NINJA] [367/33256] ACTION //third_party/flatbuffers:libflatbuffers_static__notice(//build/toolchain/linux:clang_x64)
[OHOS INFO] [NINJA] [368/33255] ACTION //arkcompiler/runtime_core/arkplatform:arkplatform_static__notice(//build/toolchain/ohos:ohos_clang_arm)
[OHOS INFO] [NINJA] [369/33254] ACTION //arkcompiler/runtime_core/libpandafile:arkfile_header_deps__notice(//build/toolchain/ohos:ohos_clang_arm)
[OHOS INFO] [NINJA] [370/33253] ACTION //arkcompiler/ets_runtime:libark_jsruntime_arm_set__notice(//build/toolchain/ohos:ohos_clang_arm)
[OHOS INFO] [NINJA] [371/33252] CXX obj/out/rk3568/gen/foundation/bundlemanager/bundle_framework/interfaces/inner_api/appexecfwk_core/appexecfwk_core/verify_manager_proxy.o
[OHOS INFO] [NINJA] [372/33252] ACTION //foundation/graphic/graphic_2d/frameworks/opengl_wrapper:GLESv3__notice(//build/toolchain/ohos:ohos_clang_arm)
[OHOS INFO] [NINJA] [373/33251] CXX obj/foundation/bundlemanager/bundle_framework/interfaces/inner_api/appexecfwk_core/src/bundlemgr_ext/appexecfwk_core/bundle_mgr_ext_client.o
[OHOS INFO] [NINJA] [374/33251] STAMP obj/foundation/graphic/graphic_2d/frameworks/opengl_wrapper/EGL.inputdeps.stamp
[OHOS INFO] [NINJA] [375/33251] CXX obj/foundation/bundlemanager/bundle_framework/interfaces/inner_api/appexecfwk_core/src/verify/appexecfwk_core/verify_manager_client.o
[OHOS INFO] [NINJA] [376/33251] STAMP obj/third_party/harfbuzz/harfbuzz_static.inputdeps.stamp
[OHOS INFO] [NINJA] [377/33251] CXX obj/foundation/bundlemanager/bundle_framework/interfaces/inner_api/appexecfwk_core/src/bundlemgr/appexecfwk_core/bundle_mgr_client.o
[OHOS INFO] [NINJA] [378/33251] CXX obj/foundation/bundlemanager/bundle_framework/interfaces/inner_api/appexecfwk_core/src/bundlemgr/appexecfwk_core/launcher_service.o
[OHOS INFO] [NINJA] [379/33251] STAMP obj/third_party/skia/m133/gpu_shared.inputdeps.stamp
[OHOS INFO] [NINJA] [380/33251] STAMP obj/third_party/skia/m133/xml.inputdeps.stamp
[OHOS INFO] [NINJA] [381/33251] CXX obj/out/rk3568/gen/foundation/bundlemanager/bundle_framework/interfaces/inner_api/appexecfwk_core/appexecfwk_core/verify_manager_stub.o
[OHOS INFO] [NINJA] [382/33251] CXX obj/foundation/bundlemanager/bundle_framework/interfaces/inner_api/appexecfwk_core/src/bundlemgr/appexecfwk_core/bundle_mgr_client_impl.o
[OHOS INFO] [NINJA] [383/33251] STAMP obj/arkcompiler/ets_runtime/libcommon_components_set.inputdeps.stamp
[OHOS INFO] [NINJA] [384/33251] CXX obj/foundation/bundlemanager/bundle_framework/interfaces/inner_api/appexecfwk_core/src/bundlemgr/appexecfwk_core/bundle_mgr_host.o
[OHOS INFO] [NINJA] [385/33251] SOLINK hiviewdfx/hitrace/libhitrace_meter.so
[OHOS INFO] [NINJA] [386/33251] CXX obj/foundation/bundlemanager/bundle_framework/interfaces/inner_api/appexecfwk_core/src/bundlemgr/appexecfwk_core/bundle_mgr_proxy.o
[OHOS INFO] [NINJA] [387/33251] ACTION //third_party/openssl:crypto_source__notice(//build/toolchain/ohos:ohos_clang_arm)
[OHOS INFO] [NINJA] [388/33249] ACTION //arkcompiler/ets_runtime:libark_js_intl_arm_set__notice(//build/toolchain/ohos:ohos_clang_arm)
[OHOS INFO] [NINJA] [389/33248] ACTION //third_party/openssl:openssl.cnf__notice(//build/toolchain/ohos:ohos_clang_arm)
[OHOS INFO] [NINJA] [390/33247] ACTION //third_party/skia/m133/modules/svg:svg__notice(//build/toolchain/ohos:ohos_clang_arm)
[OHOS INFO] [NINJA] [391/33245] ACTION //arkcompiler/runtime_core/static_core/bytecode_optimizer:libarktsbytecodeopt_package__notice(//build/toolchain/linux:clang_x64)
[OHOS INFO] [NINJA] [392/33244] STAMP obj/foundation/bundlemanager/bundle_framework/interfaces/inner_api/appexecfwk_core/bundle_mgr_ext_proxy.stamp
[OHOS INFO] [NINJA] [393/33244] STAMP obj/foundation/bundlemanager/bundle_framework/interfaces/inner_api/appexecfwk_core/bundle_mgr_ext_stub.stamp
[OHOS INFO] [NINJA] [394/33244] ACTION //arkcompiler/ets_frontend/ets2panda:libes2panda_public_frontend_static__notice(//build/toolchain/linux:clang_x64)
[OHOS INFO] [NINJA] [395/33243] STAMP obj/arkcompiler/ets_runtime/libark_js_intl_arm_set.inputdeps.stamp
[OHOS INFO] [NINJA] [396/33243] ACTION //foundation/resourceschedule/resource_schedule_service/ressched/interfaces/innerkits/ressched_client:suspend_observer_base_interface(//build/toolchain/ohos:ohos_clang_arm)
[OHOS INFO] [NINJA] [397/33243] ACTION //third_party/libuv:uv__notice(//build/toolchain/ohos:ohos_clang_arm)
[OHOS INFO] [NINJA] [398/33242] STAMP obj/arkcompiler/ets_runtime/libark_jsruntime_arm_set.inputdeps.stamp
[OHOS INFO] [NINJA] [399/33242] ACTION //arkcompiler/runtime_core/static_core/compiler:compiler_headers__notice(//build/toolchain/linux:clang_x64)
[OHOS INFO] [NINJA] [400/33240] CXX obj/foundation/graphic/graphic_2d/frameworks/opengl_wrapper/src/EGL/EGL/egl_bundle_mgr_helper.o
[OHOS INFO] [NINJA] [401/33240] STAMP obj/foundation/resourceschedule/resource_schedule_service/ressched/interfaces/innerkits/ressched_client/suspend_observer_base_interface.stamp
[OHOS INFO] [NINJA] [402/33240] STAMP obj/third_party/skia/m133/fontmgr_ohos.inputdeps.stamp
[OHOS INFO] [NINJA] [403/33240] STAMP obj/third_party/skia/m133/gpu.inputdeps.stamp
[OHOS INFO] [NINJA] [404/33240] ACTION //arkcompiler/runtime_core/static_core/bytecode_optimizer:bytecode_optimizer_headers__notice(//build/toolchain/linux:clang_x64)
[OHOS INFO] [NINJA] [405/33238] STAMP obj/third_party/skia/m133/jpeg_decode.inputdeps.stamp
[OHOS INFO] [NINJA] [406/33238] STAMP obj/third_party/skia/m133/modules/skshaper/skshaper.inputdeps.stamp
[OHOS INFO] [NINJA] [407/33238] ACTION //foundation/resourceschedule/resource_schedule_service/ressched/interfaces/innerkits/ressched_client:res_sched_event_listener_interface(//build/toolchain/ohos:ohos_clang_arm)
[OHOS INFO] [NINJA] [408/33238] ACTION //arkcompiler/runtime_core/static_core/runtime:runtime_headers__notice(//build/toolchain/linux:clang_x64)
[OHOS INFO] [NINJA] [409/33236] ACTION //arkcompiler/runtime_core/static_core/verification/gen:verification_headers__notice(//build/toolchain/linux:clang_x64)
[OHOS INFO] [NINJA] [410/33234] ACTION //foundation/resourceschedule/resource_schedule_service/ressched/interfaces/innerkits/ressched_client:res_sched_service_interface(//build/toolchain/ohos:ohos_clang_arm)
[OHOS INFO] [NINJA] [411/33234] ACTION //foundation/resourceschedule/resource_schedule_service/ressched/interfaces/innerkits/ressched_client:res_sched_systemload_notifier_interface(//build/toolchain/ohos:ohos_clang_arm)
[OHOS INFO] [NINJA] [412/33234] ACTION //arkcompiler/runtime_core/libpandafile:libarkfile_runtime_static__notice(//build/toolchain/ohos:ohos_clang_arm)
[OHOS INFO] [NINJA] [413/33233] CXX obj/foundation/graphic/graphic_2d/frameworks/opengl_wrapper/src/EGL/EGL/egl_wrapper_layer.o
[OHOS INFO] [NINJA] [414/33233] ACTION //arkcompiler/runtime_core/libziparchive:libarkziparchive_static__notice(//build/toolchain/ohos:ohos_clang_arm)
[OHOS INFO] [NINJA] [415/33232] STAMP obj/arkcompiler/runtime_core/libpandafile/libarkfile_runtime_static.inputdeps.stamp
[OHOS INFO] [NINJA] [416/33232] ACTION //base/security/huks/frameworks/huks_standard/main/common:libhuks_common_standard_static__notice(//build/toolchain/ohos:ohos_clang_arm)
[OHOS INFO] [NINJA] [417/33231] STAMP obj/base/security/huks/frameworks/huks_standard/main/common/libhuks_common_standard_static.inputdeps.stamp
[OHOS INFO] [NINJA] [418/33231] STAMP obj/foundation/resourceschedule/resource_schedule_service/ressched/interfaces/innerkits/ressched_client/res_sched_event_listener_interface.stamp
[OHOS INFO] [NINJA] [419/33231] STAMP obj/foundation/resourceschedule/resource_schedule_service/ressched/interfaces/innerkits/ressched_client/res_sched_service_interface.stamp
[OHOS INFO] [NINJA] [420/33231] STAMP obj/foundation/resourceschedule/resource_schedule_service/ressched/interfaces/innerkits/ressched_client/res_sched_systemload_notifier_interface.stamp
[OHOS INFO] [NINJA] [421/33231] SOLINK hiviewdfx/hicollie/libhicollie.z.so
[OHOS INFO] [NINJA] [422/33231] ACTION //arkcompiler/ets_frontend/ets2panda/lsp:libes2panda_lsp_static__notice(//build/toolchain/linux:clang_x64)
[OHOS INFO] [NINJA] [423/33230] ACTION //third_party/skia:skia_canvaskit__notice(//build/toolchain/ohos:ohos_clang_arm)
[OHOS INFO] [NINJA] [424/33229] ACTION //arkcompiler/runtime_core/static_core/static_linker:arklinker_static__notice(//build/toolchain/linux:clang_x64)
[OHOS INFO] [NINJA] [425/33227] ACTION //base/security/access_token/frameworks/privacy:privacy_communication_adapter_cxx__notice(//build/toolchain/ohos:ohos_clang_arm)
[OHOS INFO] [NINJA] [426/33225] ACTION //arkcompiler/runtime_core/arkplatform:libarkplatform__notice(//build/toolchain/ohos:ohos_clang_arm)
[OHOS INFO] [NINJA] [427/33224] STAMP obj/third_party/skia/skia_canvaskit.inputdeps.stamp
[OHOS INFO] [NINJA] [428/33224] ACTION //base/security/huks/frameworks/huks_standard/main/crypto_engine/openssl:libhuks_openssl_standard_static__notice(//build/toolchain/ohos:ohos_clang_arm)
[OHOS INFO] [NINJA] [429/33223] ACTION //foundation/resourceschedule/resource_schedule_service/ressched/interfaces/innerkits/ressched_client:suspend_manager_base_client__notice(//build/toolchain/ohos:ohos_clang_arm)
[OHOS INFO] [NINJA] [430/33222] SOLINK graphic/graphic_surface/libsync_fence.z.so
[OHOS INFO] [NINJA] [431/33222] STAMP obj/foundation/resourceschedule/resource_schedule_service/ressched/interfaces/innerkits/ressched_client/suspend_manager_base_client.inputdeps.stamp
[OHOS INFO] [NINJA] [432/33222] SOLINK hdf/drivers_interface_display/libdisplay_buffer_hdi_impl_v1_4.z.so
[OHOS INFO] [NINJA] [433/33222] ACTION //foundation/resourceschedule/resource_schedule_service/ressched/interfaces/innerkits/ressched_client:ressched_client__notice(//build/toolchain/ohos:ohos_clang_arm)
[OHOS INFO] [NINJA] [434/33221] SOLINK ability/ability_base/libextractortool.z.so
[OHOS INFO] [NINJA] [435/33221] ACTION //arkcompiler/runtime_core/static_core/irtoc:irtoc__notice(//build/toolchain/linux:clang_x64)
[OHOS INFO] [NINJA] [436/33219] ACTION //foundation/graphic/graphic_2d/utils/color_manager:color_manager_source__notice(//build/toolchain/ohos:ohos_clang_arm)
[OHOS INFO] [NINJA] [437/33218] ACTION //arkcompiler/runtime_core/arkplatform:arkplatform_header__notice(//build/toolchain/ohos:ohos_clang_arm)
[OHOS INFO] [NINJA] [438/33217] ACTION //base/security/huks/frameworks/huks_standard/main/core:libhuks_core_standard_static__notice(//build/toolchain/ohos:ohos_clang_arm)
[OHOS INFO] [NINJA] [439/33216] ACTION //arkcompiler/ets_runtime:libark_jsruntime__notice(//build/toolchain/ohos:ohos_clang_arm)
[OHOS INFO] [NINJA] [440/33215] ACTION //arkcompiler/runtime_core/common_interfaces:common_interfaces_header__notice(//build/toolchain/ohos:ohos_clang_arm)
[OHOS INFO] [NINJA] [441/33214] ACTION //third_party/openssl:libcrypto_shared__notice(//build/toolchain/ohos:ohos_clang_arm)
[OHOS INFO] [NINJA] [442/33213] ACTION //arkcompiler/ets_runtime:libark_jsruntime_static__notice(//build/toolchain/ohos:ohos_clang_arm)
[OHOS INFO] [NINJA] [443/33212] ACTION //foundation/arkui/napi:ace_napi_static__notice(//build/toolchain/ohos:ohos_clang_arm)
[OHOS INFO] [NINJA] [444/33211] ACTION //base/security/huks/frameworks/huks_standard/main/os_dependency:libhuks_os_dependency_standard_static__notice(//build/toolchain/ohos:ohos_clang_arm)
[OHOS INFO] [NINJA] [445/33210] ACTION //foundation/arkui/napi/interfaces/inner_api/cjffi/ark_interop:cj_envsetup__notice(//build/toolchain/ohos:ohos_clang_arm)
[OHOS INFO] [NINJA] [446/33209] STAMP obj/base/security/huks/frameworks/huks_standard/main/crypto_engine/openssl/libhuks_openssl_standard_static.inputdeps.stamp
[OHOS INFO] [NINJA] [447/33209] ACTION //base/security/huks/frameworks/huks_standard/main/crypto_engine:libhuks_crypto_engine_standard_static__notice(//build/toolchain/ohos:ohos_clang_arm)
[OHOS INFO] [NINJA] [448/33208] ACTION //base/security/access_token/services/privacymanager:privacy_manager_interface(//build/toolchain/ohos:ohos_clang_arm)
[OHOS INFO] [NINJA] [449/33208] STAMP obj/foundation/graphic/graphic_2d/utils/color_manager/color_manager_source.inputdeps.stamp
[OHOS INFO] [NINJA] [450/33208] STAMP obj/foundation/resourceschedule/resource_schedule_service/ressched/interfaces/innerkits/ressched_client/ressched_client.inputdeps.stamp
[OHOS INFO] [NINJA] [451/33208] CXX obj/foundation/resourceschedule/resource_schedule_service/ressched/interfaces/innerkits/suspend_manager_base_client/src/suspend_manager_base_client/suspend_manager_base_client.o
[OHOS INFO] [NINJA] [452/33208] ACTION //third_party/ffmpeg:ffmpeg_dynamic__notice(//build/toolchain/ohos:ohos_clang_arm)
[OHOS INFO] [NINJA] [453/33206] CXX obj/out/rk3568/gen/foundation/resourceschedule/resource_schedule_service/ressched/interfaces/innerkits/ressched_client/suspend_manager_base_client/suspend_state_observer_base_proxy.o
[OHOS INFO] [NINJA] [454/33206] ACTION //third_party/node:node_header_notice__notice(//build/toolchain/ohos:ohos_clang_arm)
[OHOS INFO] [NINJA] [455/33206] CXX obj/out/rk3568/gen/foundation/resourceschedule/resource_schedule_service/ressched/interfaces/innerkits/ressched_client/suspend_manager_base_client/suspend_state_observer_base_stub.o
[OHOS INFO] [NINJA] [456/33206] ACTION //arkcompiler/ets_frontend/ets2panda/aot:ets2panda__notice(//build/toolchain/linux:clang_x64)
[OHOS INFO] [NINJA] [457/33205] STAMP obj/third_party/node/node_header_notice__notice.stamp
[OHOS INFO] [NINJA] [458/33205] ACTION //arkcompiler/runtime_core/static_core/irtoc:irtoc_ets_fastpath_exec__notice(//build/toolchain/linux:clang_x64)
[OHOS INFO] [NINJA] [459/33203] STAMP obj/base/security/access_token/services/privacymanager/privacy_manager_interface.stamp
[OHOS INFO] [NINJA] [460/33203] ACTION //arkcompiler/runtime_core/static_core/static_linker:ark_link__notice(//build/toolchain/linux:clang_x64)
[OHOS INFO] [NINJA] [461/33202] STAMP obj/base/security/huks/frameworks/huks_standard/main/core/libhuks_core_standard_static.inputdeps.stamp
[OHOS INFO] [NINJA] [462/33202] STAMP obj/base/security/huks/frameworks/huks_standard/main/crypto_engine/libhuks_crypto_engine_standard_static.inputdeps.stamp
[OHOS INFO] [NINJA] [463/33202] STAMP obj/base/security/huks/frameworks/huks_standard/main/os_dependency/libhuks_os_dependency_standard_static.inputdeps.stamp
[OHOS INFO] [NINJA] [464/33202] ACTION //arkcompiler/runtime_core/static_core/irtoc:irtoc_fastpath_exec__notice(//build/toolchain/linux:clang_x64)
[OHOS INFO] [NINJA] [465/33200] ACTION //third_party/vixl:libvixl__notice(//build/toolchain/ohos:ohos_clang_arm)
[OHOS INFO] [NINJA] [466/33198] SOLINK thirdparty/libuv/libuv.so
[OHOS INFO] [NINJA] [467/33198] ACTION //arkcompiler/runtime_core/static_core/irtoc:irtoc_interpreter_exec__notice(//build/toolchain/linux:clang_x64)
[OHOS INFO] [NINJA] [468/33196] STAMP obj/foundation/arkui/napi/ace_napi_static.inputdeps.stamp
[OHOS INFO] [NINJA] [469/33196] ACTION //arkcompiler/runtime_core/static_core/compiler/optimizer/code_generator:libarkencoder__notice(//build/toolchain/ohos:ohos_clang_arm)
[OHOS INFO] [NINJA] [470/33195] ACTION //base/security/access_token/interfaces/innerkits/privacy:libprivacy_sdk__notice(//build/toolchain/ohos:ohos_clang_arm)
[OHOS INFO] [NINJA] [471/33194] ACTION //base/security/access_token/services/privacymanager:privacy_manager_proxy__notice(//build/toolchain/ohos:ohos_clang_arm)
[OHOS INFO] [NINJA] [472/33193] ACTION //base/security/access_token/services/common/proxy_death:proxy_death_stub__notice(//build/toolchain/ohos:ohos_clang_arm)
[OHOS INFO] [NINJA] [473/33192] ACTION //base/security/huks/frameworks/huks_standard/main/os_dependency:libhuks_mem_standard_static__notice(//build/toolchain/ohos:ohos_clang_arm)
[OHOS INFO] [NINJA] [474/33191] ACTION //base/security/huks/frameworks/huks_standard/main/os_dependency:libhuks_util_standard_static__notice(//build/toolchain/ohos:ohos_clang_arm)
[OHOS INFO] [NINJA] [475/33190] ACTION //base/security/huks/utils/crypto_adapter:libhuks_utils_client_service_adapter_static__notice(//build/toolchain/ohos:ohos_clang_arm)
[OHOS INFO] [NINJA] [476/33189] ACTION //commonlibrary/c_utils/base:utilsbase__notice(//build/toolchain/ohos:ohos_clang_arm)
[OHOS INFO] [NINJA] [477/33187] ACTION //drivers/interface/display/composer/v1_0:libdisplay_composer_proxy_1.0__notice(//build/toolchain/ohos:ohos_clang_arm)
[OHOS INFO] [NINJA] [478/33186] ACTION //drivers/interface/display/composer/hdifd_parcelable:libhdifd_parcelable__notice(//build/toolchain/ohos:ohos_clang_arm)
[OHOS INFO] [NINJA] [479/33185] CXX obj/foundation/resourceschedule/resource_schedule_service/ressched/interfaces/innerkits/ressched_client/src/ressched_client/res_ipc_init.o
[OHOS INFO] [NINJA] [480/33185] CXX obj/out/rk3568/gen/foundation/resourceschedule/resource_schedule_service/ressched/interfaces/innerkits/ressched_client/ressched_client/res_sched_service_proxy.o
[OHOS INFO] [NINJA] [481/33185] CXX obj/foundation/resourceschedule/resource_schedule_service/ressched/interfaces/innerkits/ressched_client/src/ressched_client/kill_event_listener.o
[OHOS INFO] [NINJA] [482/33185] CXX obj/out/rk3568/gen/foundation/resourceschedule/resource_schedule_service/ressched/interfaces/innerkits/ressched_client/ressched_client/res_sched_service_stub.o
[OHOS INFO] [NINJA] [483/33185] CXX obj/foundation/resourceschedule/resource_schedule_service/ressched/interfaces/innerkits/ressched_client/src/ressched_client/res_sched_client.o
[OHOS INFO] [NINJA] [484/33185] STAMP obj/foundation/resourceschedule/resource_schedule_service/ressched/interfaces/innerkits/ressched_client/suspend_manager_base_client.stamp
[OHOS INFO] [NINJA] [485/33185] CXX obj/out/rk3568/gen/foundation/resourceschedule/resource_schedule_service/ressched/interfaces/innerkits/ressched_client/ressched_client/res_sched_event_listener_stub.o
[OHOS INFO] [NINJA] [486/33185] CXX obj/out/rk3568/gen/foundation/resourceschedule/resource_schedule_service/ressched/interfaces/innerkits/ressched_client/ressched_client/res_sched_event_listener_proxy.o
[OHOS INFO] [NINJA] [487/33185] CXX obj/out/rk3568/gen/foundation/resourceschedule/resource_schedule_service/ressched/interfaces/innerkits/ressched_client/ressched_client/res_sched_systemload_notifier_proxy.o
[OHOS INFO] [NINJA] [488/33185] CXX obj/out/rk3568/gen/foundation/resourceschedule/resource_schedule_service/ressched/interfaces/innerkits/ressched_client/ressched_client/res_sched_systemload_notifier_stub.o
[OHOS INFO] [NINJA] [489/33185] ACTION //foundation/graphic/graphic_2d/utils/color_manager:color_manager__notice(//build/toolchain/ohos:ohos_clang_arm)
[OHOS INFO] [NINJA] [490/33184] ACTION //third_party/libexif:exif_static__notice(//build/toolchain/ohos:ohos_clang_arm)
[OHOS INFO] [NINJA] [491/33184] STAMP obj/third_party/libexif/exif_static__notice.stamp
[OHOS INFO] [NINJA] [492/33184] ACTION //foundation/multimedia/image_framework/plugins/manager:pluginmanager__notice(//build/toolchain/ohos:ohos_clang_arm)
[OHOS INFO] [NINJA] [493/33183] ACTION //arkcompiler/runtime_core/static_core/compiler:libarktscompiler__notice(//build/toolchain/ohos:ohos_clang_arm)
[OHOS INFO] [NINJA] [494/33182] ACTION //third_party/libjpeg-turbo:turbojpeg__notice(//build/toolchain/ohos:ohos_clang_arm)
[OHOS INFO] [NINJA] [495/33180] STAMP obj/arkcompiler/runtime_core/static_core/compiler/optimizer/code_generator/libarkencoder.inputdeps.stamp
[OHOS INFO] [NINJA] [496/33180] ACTION //arkcompiler/ets_frontend/ets2panda:libes2panda_public__notice(//build/toolchain/linux:clang_x64)
[OHOS INFO] [NINJA] [497/33179] ACTION //base/security/huks/interfaces/inner_api/huks_standard/main:libhukssdk__notice(//build/toolchain/ohos:ohos_clang_arm)
[OHOS INFO] [NINJA] [498/33178] ACTION //drivers/interface/display/composer/v1_1:libdisplay_composer_proxy_1.1__notice(//build/toolchain/ohos:ohos_clang_arm)
[OHOS INFO] [NINJA] [499/33177] ACTION //foundation/ability/ability_base:configuration__notice(//build/toolchain/ohos:ohos_clang_arm)
[OHOS INFO] [NINJA] [500/33176] ACTION //foundation/arkui/napi:ace_napi__notice(//build/toolchain/ohos:ohos_clang_arm)
[OHOS INFO] [NINJA] [501/33175] ACTION //foundation/filemanagement/file_api/utils/filemgmt_libhilog:filemgmt_libhilog__notice(//build/toolchain/ohos:ohos_clang_arm)
[OHOS INFO] [NINJA] [502/33174] ACTION //base/security/huks/utils/mutex:libhuks_utils_mutex_static__notice(//build/toolchain/ohos:ohos_clang_arm)
[OHOS INFO] [NINJA] [503/33173] ACTION //foundation/filemanagement/file_api/utils/filemgmt_libn:filemgmt_libn__notice(//build/toolchain/ohos:ohos_clang_arm)
[OHOS INFO] [NINJA] [504/33172] ACTION //foundation/multimedia/image_framework/frameworks/innerkitsimpl/utils:image_utils__notice(//build/toolchain/ohos:ohos_clang_arm)
[OHOS INFO] [NINJA] [505/33171] STAMP obj/base/security/access_token/interfaces/innerkits/privacy/libprivacy_sdk.inputdeps.stamp
[OHOS INFO] [NINJA] [506/33171] STAMP obj/base/security/huks/utils/crypto_adapter/libhuks_utils_client_service_adapter_static.inputdeps.stamp
[OHOS INFO] [NINJA] [507/33171] STAMP obj/drivers/interface/display/composer/v1_0/libdisplay_composer_proxy_1.0.inputdeps.stamp
[OHOS INFO] [NINJA] [508/33171] ACTION //foundation/multimedia/image_framework/mock/native:log_mock_static__notice(//build/toolchain/ohos:ohos_clang_arm)
[OHOS INFO] [NINJA] [509/33169] CXX obj/out/rk3568/gen/base/security/access_token/services/privacymanager/privacy_manager_proxy/privacy_manager_proxy.o
[OHOS INFO] [NINJA] [510/33169] ACTION //foundation/window/window_manager/utils:libwmutil_base__notice(//build/toolchain/ohos:ohos_clang_arm)
[OHOS INFO] [NINJA] [511/33168] ACTION //third_party/astc-encoder:astc_encoder_static__notice(//build/toolchain/ohos:ohos_clang_arm)
[OHOS INFO] [NINJA] [512/33168] ACTION //third_party/ffmpeg:libohosffmpeg__notice(//build/toolchain/ohos:ohos_clang_arm)
[OHOS INFO] [NINJA] [513/33167] STAMP obj/foundation/multimedia/image_framework/plugins/manager/pluginmanager.inputdeps.stamp
[OHOS INFO] [NINJA] [514/33167] ACTION //foundation/multimedia/image_framework/plugins/common/libs/image/libextplugin:heifparser__notice(//build/toolchain/ohos:ohos_clang_arm)
[OHOS INFO] [NINJA] [515/33166] ACTION //third_party/sqlite:sqlite__notice(//build/toolchain/ohos:ohos_clang_arm)
[OHOS INFO] [NINJA] [516/33164] STAMP obj/third_party/astc-encoder/astc_encoder_static__notice.stamp
[OHOS INFO] [NINJA] [517/33164] STAMP obj/third_party/libexif/exif_static.inputdeps.stamp
[OHOS INFO] [NINJA] [518/33164] SOLINK graphic/graphic_surface/libsurface.z.so
[OHOS INFO] [NINJA] [519/33164] ACTION //third_party/xmp_toolkit_sdk:xmpsdk__notice(//build/toolchain/ohos:ohos_clang_arm)
[OHOS INFO] [NINJA] [520/33163] ACTION //third_party/icu/icu4c/source:shared_icuuc_host__notice(//build/toolchain/linux:clang_x64)
[OHOS INFO] [NINJA] [521/33161] STAMP obj/arkcompiler/runtime_core/static_core/compiler/libarktscompiler.inputdeps.stamp
[OHOS INFO] [NINJA] [522/33161] ACTION //arkcompiler/runtime_core/static_core/assembler:libarktsassembler_static__notice(//build/toolchain/ohos:ohos_clang_arm)
[OHOS INFO] [NINJA] [523/33160] ACTION //third_party/libtiff:libtiff__notice(//build/toolchain/ohos:ohos_clang_arm)
[OHOS INFO] [NINJA] [524/33158] ACTION //arkcompiler/runtime_core/static_core/platforms/target_defaults:arktarget_options_static__notice(//build/toolchain/ohos:ohos_clang_arm)
[OHOS INFO] [NINJA] [525/33157] CXX obj/base/security/access_token/interfaces/innerkits/privacy/src/libprivacy_sdk/privacy_death_recipient.o
[OHOS INFO] [NINJA] [526/33157] ACTION //arkcompiler/runtime_core/static_core/etc/para:code_coverage.para__notice(//build/toolchain/ohos:ohos_clang_arm)
[OHOS INFO] [NINJA] [527/33156] ACTION //arkcompiler/runtime_core/static_core/dprof:libdprof_static__notice(//build/toolchain/ohos:ohos_clang_arm)
[OHOS INFO] [NINJA] [528/33155] ACTION //arkcompiler/runtime_core/static_core/runtime/para:Interop.para__notice(//build/toolchain/ohos:ohos_clang_arm)
[OHOS INFO] [NINJA] [529/33154] CXX obj/base/security/access_token/interfaces/innerkits/privacy/src/libprivacy_sdk/privacy_kit.o
[OHOS INFO] [NINJA] [530/33154] STAMP obj/base/security/access_token/services/privacymanager/privacy_manager_proxy.stamp
[OHOS INFO] [NINJA] [531/33154] STAMP obj/base/security/huks/interfaces/inner_api/huks_standard/main/libhukssdk.inputdeps.stamp
[OHOS INFO] [NINJA] [532/33154] ACTION //arkcompiler/runtime_core/static_core/runtime/para:Runtime.para.dac__notice(//build/toolchain/ohos:ohos_clang_arm)
[OHOS INFO] [NINJA] [533/33153] STAMP obj/drivers/interface/display/composer/v1_1/libdisplay_composer_proxy_1.1.inputdeps.stamp
[OHOS INFO] [NINJA] [534/33153] STAMP obj/foundation/ability/ability_base/configuration.inputdeps.stamp
[OHOS INFO] [NINJA] [535/33153] CXX obj/base/security/access_token/interfaces/innerkits/privacy/src/libprivacy_sdk/privacy_manager_client.o
[OHOS INFO] [NINJA] [536/33153] ACTION //arkcompiler/runtime_core/static_core/runtime/para:Runtime.para__notice(//build/toolchain/ohos:ohos_clang_arm)
[OHOS INFO] [NINJA] [537/33152] ACTION //drivers/interface/display/composer/v1_2:libdisplay_composer_proxy_1.2__notice(//build/toolchain/ohos:ohos_clang_arm)
[OHOS INFO] [NINJA] [538/33151] ACTION //arkcompiler/runtime_core/static_core/runtime/para:Interop.para.dac__notice(//build/toolchain/ohos:ohos_clang_arm)
[OHOS INFO] [NINJA] [539/33150] ACTION //arkcompiler/runtime_core/static_core/etc/para:code_coverage.para.dac__notice(//build/toolchain/ohos:ohos_clang_arm)
[OHOS INFO] [NINJA] [540/33149] ACTION //foundation/distributeddatamgr/kv_store/frameworks/libs/distributeddb:distributeddb_client__notice(//build/toolchain/ohos:ohos_clang_arm)
[OHOS INFO] [NINJA] [541/33148] ACTION //foundation/filemanagement/file_api/interfaces/kits/js:securitylabel__notice(//build/toolchain/ohos:ohos_clang_arm)
[OHOS INFO] [NINJA] [542/33147] ACTION //foundation/distributeddatamgr/relational_store/interfaces/inner_api/appdatafwk:relational_common_base__notice(//build/toolchain/ohos:ohos_clang_arm)
[OHOS INFO] [NINJA] [543/33146] ACTION //foundation/multimedia/image_framework/frameworks/innerkitsimpl/accessor:image_accessor__notice(//build/toolchain/ohos:ohos_clang_arm)
[OHOS INFO] [NINJA] [544/33145] ACTION //foundation/multimedia/image_framework/frameworks/innerkitsimpl/egl_image:post_proc_gl__notice(//build/toolchain/ohos:ohos_clang_arm)
[OHOS INFO] [NINJA] [545/33144] ACTION //third_party/rust/crates/libc:libc_lib_unknown_build_script__notice(//build/toolchain/linux:clang_x64)
[OHOS INFO] [NINJA] [546/33143] ACTION //third_party/libexif:libexif__notice(//build/toolchain/ohos:ohos_clang_arm)
[OHOS INFO] [NINJA] [547/33143] STAMP obj/foundation/filemanagement/file_api/utils/filemgmt_libn/filemgmt_libn.inputdeps.stamp
[OHOS INFO] [NINJA] [548/33143] ACTION //third_party/rust/crates/proc-macro2:proc_macro2_lib_unknown_build_script__notice(//build/toolchain/linux:clang_x64)
[OHOS INFO] [NINJA] [549/33142] STAMP obj/foundation/multimedia/image_framework/frameworks/innerkitsimpl/utils/image_utils.inputdeps.stamp
[OHOS INFO] [NINJA] [550/33142] ACTION //arkcompiler/runtime_core/static_core/compiler/aot:libarkaotmanager__notice(//build/toolchain/ohos:ohos_clang_arm)
[OHOS INFO] [NINJA] [551/33141] SOLINK graphic/graphic_2d/libGLESv3.so
[OHOS INFO] [NINJA] [552/33141] STAMP obj/foundation/multimedia/image_framework/plugins/common/libs/image/libextplugin/heifparser.inputdeps.stamp
[OHOS INFO] [NINJA] [553/33141] ACTION //foundation/ability/ability_runtime/interfaces/inner_api/ability_manager:start_window_option__notice(//build/toolchain/ohos:ohos_clang_arm)
[OHOS INFO] [NINJA] [554/33140] ACTION //commonlibrary/ets_utils/js_sys_module/console:console__notice(//build/toolchain/ohos:ohos_clang_arm)
[OHOS INFO] [NINJA] [555/33139] ACTION //base/security/security_component_manager/frameworks:security_component_no_cfi_framework_src_set__notice(//build/toolchain/ohos:ohos_clang_arm)
[OHOS INFO] [NINJA] [556/33138] ACTION //foundation/ability/ability_runtime/interfaces/inner_api/ability_manager:ability_start_setting__notice(//build/toolchain/ohos:ohos_clang_arm)
[OHOS INFO] [NINJA] [557/33137] ACTION //foundation/ability/ability_runtime/interfaces/inner_api/ability_manager:process_options__notice(//build/toolchain/ohos:ohos_clang_arm)
[OHOS INFO] [NINJA] [558/33136] ACTION //foundation/ability/ability_runtime/services/common:hisysevent_report__notice(//build/toolchain/ohos:ohos_clang_arm)
[OHOS INFO] [NINJA] [559/33135] STAMP obj/foundation/window/window_manager/utils/libwmutil_base.inputdeps.stamp
[OHOS INFO] [NINJA] [560/33135] ACTION //base/security/security_component_manager/frameworks:security_component_no_cfi_enhance_adapter_src_set__notice(//build/toolchain/ohos:ohos_clang_arm)
[OHOS INFO] [NINJA] [561/33134] STAMP obj/third_party/astc-encoder/astc_encoder_static.inputdeps.stamp
[OHOS INFO] [NINJA] [562/33134] STAMP obj/third_party/libexif/libexif__notice.stamp
[OHOS INFO] [NINJA] [563/33134] ACTION //foundation/ability/ability_runtime/utils/global/common:runtime_utils__notice(//build/toolchain/ohos:ohos_clang_arm)
[OHOS INFO] [NINJA] [564/33133] STAMP obj/third_party/xmp_toolkit_sdk/xmpsdk.inputdeps.stamp
[OHOS INFO] [NINJA] [565/33133] ACTION //foundation/ability/ability_runtime/services/common:app_util__notice(//build/toolchain/ohos:ohos_clang_arm)
[OHOS INFO] [NINJA] [566/33132] ACTION //foundation/ability/ability_runtime/utils/server/startup:startup_util__notice(//build/toolchain/ohos:ohos_clang_arm)
[OHOS INFO] [NINJA] [567/33131] ACTION //foundation/distributeddatamgr/kv_store/databaseutils:database_utils__notice(//build/toolchain/ohos:ohos_clang_arm)
[OHOS INFO] [NINJA] [568/33130] ACTION //foundation/distributeddatamgr/kv_store/frameworks/common:datamgr_common__notice(//build/toolchain/ohos:ohos_clang_arm)
[OHOS INFO] [NINJA] [569/33129] ACTION //foundation/distributeddatamgr/relational_store/frameworks/native/rdb_crypt:relational_store_crypt__notice(//build/toolchain/ohos:ohos_clang_arm)
[OHOS INFO] [NINJA] [570/33128] ACTION //foundation/ability/ability_runtime/utils/global/freeze:freeze_util__notice(//build/toolchain/ohos:ohos_clang_arm)
[OHOS INFO] [NINJA] [571/33127] STAMP obj/arkcompiler/runtime_core/static_core/assembler/libarktsassembler_static.inputdeps.stamp
[OHOS INFO] [NINJA] [572/33127] ACTION //foundation/distributeddatamgr/relational_store/interfaces/inner_api/appdatafwk:native_appdatafwk__notice(//build/toolchain/ohos:ohos_clang_arm)
[OHOS INFO] [NINJA] [573/33126] STAMP obj/arkcompiler/runtime_core/static_core/dprof/libdprof_static.inputdeps.stamp
[OHOS INFO] [NINJA] [574/33126] ACTION //foundation/distributeddatamgr/relational_store/interfaces/inner_api/rdb:native_rdb__notice(//build/toolchain/ohos:ohos_clang_arm)
[OHOS INFO] [NINJA] [575/33125] ACTION //foundation/multimedia/image_framework/frameworks/innerkitsimpl/pixelconverter:pixelconvertadapter__notice(//build/toolchain/ohos:ohos_clang_arm)
[OHOS INFO] [NINJA] [576/33124] ACTION //foundation/multimedia/image_framework/interfaces/innerkits:image_native__notice(//build/toolchain/ohos:ohos_clang_arm)
[OHOS INFO] [NINJA] [577/33123] STAMP obj/arkcompiler/runtime_core/static_core/platforms/target_defaults/arktarget_options_static.inputdeps.stamp
[OHOS INFO] [NINJA] [578/33123] ACTION //foundation/resourceschedule/frame_aware_sched/interfaces/innerkits/frameintf:frame_ui_intf__notice(//build/toolchain/ohos:ohos_clang_arm)
[OHOS INFO] [NINJA] [579/33122] ACTION //foundation/graphic/graphic_2d/frameworks/text/adapter/skia:font_asset__notice(//build/toolchain/ohos:ohos_clang_arm)
[OHOS INFO] [NINJA] [580/33121] ACTION //foundation/window/window_manager/interfaces/kits/napi/window_animation:window_animation_utils__notice(//build/toolchain/ohos:ohos_clang_arm)
[OHOS INFO] [NINJA] [581/33120] ACTION //foundation/window/window_manager/window_scene/interfaces/innerkits:libwsutils__notice(//build/toolchain/ohos:ohos_clang_arm)
[OHOS INFO] [NINJA] [582/33119] ACTION //third_party/sqlite:sqliteicu__notice(//build/toolchain/ohos:ohos_clang_arm)
[OHOS INFO] [NINJA] [583/33118] STAMP obj/drivers/interface/display/composer/v1_2/libdisplay_composer_proxy_1.2.inputdeps.stamp
[OHOS INFO] [NINJA] [584/33118] ACTION //third_party/pcre2:libpcre2_static_16__notice(//build/toolchain/ohos:ohos_clang_arm)
[OHOS INFO] [NINJA] [585/33116] ACTION //third_party/astc-encoder:astc_encoder_shared__notice(//build/toolchain/ohos:ohos_clang_arm)
[OHOS INFO] [NINJA] [586/33116] ACTION //third_party/libxml2:libxml2__notice(//build/toolchain/ohos:ohos_clang_arm)
[OHOS INFO] [NINJA] [587/33116] ACTION //developtools/ace_ets2bundle/ets1.2/libarkts:panda_sdk__notice(//build/toolchain/linux:clang_x64)
[OHOS INFO] [NINJA] [588/33115] STAMP obj/foundation/distributeddatamgr/kv_store/frameworks/libs/distributeddb/distributeddb_client.inputdeps.stamp
[OHOS INFO] [NINJA] [589/33115] STAMP obj/foundation/distributeddatamgr/relational_store/interfaces/inner_api/appdatafwk/relational_common_base.inputdeps.stamp
[OHOS INFO] [NINJA] [590/33115] STAMP obj/foundation/filemanagement/file_api/interfaces/kits/js/securitylabel.inputdeps.stamp
[OHOS INFO] [NINJA] [591/33115] STAMP obj/foundation/multimedia/image_framework/frameworks/innerkitsimpl/egl_image/post_proc_gl.inputdeps.stamp
[OHOS INFO] [NINJA] [592/33115] STAMP obj/foundation/multimedia/image_framework/frameworks/innerkitsimpl/accessor/image_accessor.inputdeps.stamp
[OHOS INFO] [NINJA] [593/33115] ACTION //third_party/icu/icu4c/source:shared_icuio__notice(//build/toolchain/linux:clang_x64)
[OHOS INFO] [NINJA] [594/33113] ACTION //base/security/security_component_manager/services/security_component_service/sa:sec_comp_service_interface(//build/toolchain/ohos:ohos_clang_arm)
[OHOS INFO] [NINJA] [595/33113] ACTION //third_party/rust/crates/io-lifetimes:io_lifetimes_lib_unknown_build_script__notice(//build/toolchain/linux:clang_x64)
[OHOS INFO] [NINJA] [596/33113] STAMP obj/third_party/astc-encoder/astc_encoder_shared__notice.stamp
[OHOS INFO] [NINJA] [597/33113] STAMP obj/third_party/libxml2/libxml2__notice.stamp
[OHOS INFO] [NINJA] [598/33113] ACTION //third_party/icu/icu4c/source:shared_icutu__notice(//build/toolchain/linux:clang_x64)
[OHOS INFO] [NINJA] [599/33111] STAMP clang_x64/obj/third_party/rust/crates/io-lifetimes/io_lifetimes_lib_unknown_build_script__notice.stamp
[OHOS INFO] [NINJA] [600/33111] ACTION //arkcompiler/runtime_core/static_core/dprof:libdprof__notice(//build/toolchain/ohos:ohos_clang_arm)
[OHOS INFO] [NINJA] [601/33110] ACTION //third_party/rust/crates/memchr:memchr_lib_unknown_build_script__notice(//build/toolchain/linux:clang_x64)
[OHOS INFO] [NINJA] [602/33110] STAMP clang_x64/obj/third_party/rust/crates/memchr/memchr_lib_unknown_build_script__notice.stamp
[OHOS INFO] [NINJA] [603/33110] STAMP obj/arkcompiler/runtime_core/static_core/compiler/aot/libarkaotmanager.inputdeps.stamp
[OHOS INFO] [NINJA] [604/33110] ACTION //arkcompiler/runtime_core/static_core/assembler:libarktsassembler__notice(//build/toolchain/ohos:ohos_clang_arm)
[OHOS INFO] [NINJA] [605/33109] ACTION //third_party/pcre2:libpcre2_static_8__notice(//build/toolchain/ohos:ohos_clang_arm)
[OHOS INFO] [NINJA] [606/33107] STAMP obj/base/security/security_component_manager/frameworks/security_component_no_cfi_framework_src_set.inputdeps.stamp
[OHOS INFO] [NINJA] [607/33107] STAMP obj/base/security/security_component_manager/services/security_component_service/sa/sec_comp_service_interface.stamp
[OHOS INFO] [NINJA] [608/33107] ACTION //developtools/ace_ets2bundle/ets1.2/libarkts:panda_sdk_info(//build/toolchain/linux:clang_x64)
[OHOS INFO] [NINJA] [609/33107] STAMP obj/commonlibrary/ets_utils/js_sys_module/console/console.inputdeps.stamp
[OHOS INFO] [NINJA] [610/33107] STAMP clang_x64/obj/developtools/ace_ets2bundle/ets1.2/libarkts/panda_sdk_info.stamp
[OHOS INFO] [NINJA] [611/33107] STAMP obj/foundation/ability/ability_runtime/services/common/app_util.inputdeps.stamp
[OHOS INFO] [NINJA] [612/33107] STAMP obj/foundation/ability/ability_runtime/utils/global/freeze/freeze_util.inputdeps.stamp
[OHOS INFO] [NINJA] [613/33107] STAMP obj/foundation/ability/ability_runtime/utils/server/startup/startup_util.inputdeps.stamp
[OHOS INFO] [NINJA] [614/33107] STAMP obj/foundation/distributeddatamgr/relational_store/interfaces/inner_api/rdb/native_rdb.inputdeps.stamp
[OHOS INFO] [NINJA] [615/33107] ACTION //arkcompiler/runtime_core/static_core/platforms/target_defaults:arktarget_options__notice(//build/toolchain/ohos:ohos_clang_arm)
[OHOS INFO] [NINJA] [616/33106] STAMP obj/foundation/graphic/graphic_2d/frameworks/text/adapter/skia/font_asset.inputdeps.stamp
[OHOS INFO] [NINJA] [617/33106] STAMP obj/foundation/multimedia/image_framework/interfaces/innerkits/image_native.inputdeps.stamp
[OHOS INFO] [NINJA] [618/33106] STAMP obj/foundation/resourceschedule/frame_aware_sched/interfaces/innerkits/frameintf/frame_ui_intf.inputdeps.stamp
[OHOS INFO] [NINJA] [619/33106] CXX obj/foundation/multimedia/image_framework/frameworks/innerkitsimpl/utils/src/image_utils/image_utils.o
[OHOS INFO] [NINJA] [620/33106] STAMP obj/third_party/libxml2/libxml2.inputdeps.stamp
[OHOS INFO] [NINJA] [621/33106] ACTION //arkcompiler/runtime_core/static_core/runtime:arkruntime_interpreter_impl__notice(//build/toolchain/ohos:ohos_clang_arm)
[OHOS INFO] [NINJA] [622/33105] ACTION //arkcompiler/runtime_core/static_core/runtime:libarkruntime_set_static__notice(//build/toolchain/ohos:ohos_clang_arm)
[OHOS INFO] [NINJA] [623/33104] ACTION //base/security/security_component_manager/frameworks/inner_api/security_component:libsecurity_component_sdk__notice(//build/toolchain/ohos:ohos_clang_arm)
[OHOS INFO] [NINJA] [624/33103] ACTION //base/security/security_component_manager/services/security_component_service/sa:sec_comp_no_cfi_service_proxy__notice(//build/toolchain/ohos:ohos_clang_arm)
[OHOS INFO] [NINJA] [625/33102] ACTION //base/security/security_component_manager/frameworks/inner_api/enhance_kits:security_component_no_cfi_enhance_sdk_src_set__notice(//build/toolchain/ohos:ohos_clang_arm)
[OHOS INFO] [NINJA] [626/33101] ACTION //foundation/ability/ability_runtime/interfaces/inner_api/app_manager:app_manager__notice(//build/toolchain/ohos:ohos_clang_arm)
[OHOS INFO] [NINJA] [627/33100] ACTION //foundation/systemabilitymgr/samgr/interfaces/innerkits/common:samgr_common__notice(//build/toolchain/ohos:ohos_clang_arm)
[OHOS INFO] [NINJA] [628/33099] ACTION //foundation/multimodalinput/input/frameworks/proxy:libmmi-common__notice(//build/toolchain/ohos:ohos_clang_arm)
[OHOS INFO] [NINJA] [629/33098] STAMP obj/base/security/security_component_manager/frameworks/inner_api/security_component/libsecurity_component_sdk.inputdeps.stamp
[OHOS INFO] [NINJA] [630/33098] CXX obj/out/rk3568/gen/base/security/security_component_manager/services/security_component_service/sa/sec_comp_no_cfi_service_proxy/sec_comp_service_proxy.o
[OHOS INFO] [NINJA] [631/33098] ACTION //third_party/vulkan-headers:vulkan_headers__notice(//build/toolchain/ohos:ohos_clang_arm)
[OHOS INFO] [NINJA] [632/33097] ACTION //third_party/rust/crates/rustix:rustix_lib_unknown_build_script__notice(//build/toolchain/linux:clang_x64)
[OHOS INFO] [NINJA] [633/33097] ACTION //base/hiviewdfx/hilog/interfaces/rust:hilog_rust__notice(//build/toolchain/ohos:ohos_clang_arm)
[OHOS INFO] [NINJA] [634/33096] CXX obj/foundation/ability/ability_runtime/services/common/src/app_util/res_sched_util.o
[OHOS INFO] [NINJA] [635/33096] STAMP clang_x64/obj/third_party/rust/crates/rustix/rustix_lib_unknown_build_script__notice.stamp
[OHOS INFO] [NINJA] [636/33096] ACTION //third_party/vma:vma__notice(//build/toolchain/ohos:ohos_clang_arm)
[OHOS INFO] [NINJA] [637/33095] STAMP obj/foundation/multimodalinput/input/frameworks/proxy/libmmi-common.inputdeps.stamp
[OHOS INFO] [NINJA] [638/33095] ACTION //third_party/rust/crates/syn:syn_lib_unknown_build_script__notice(//build/toolchain/linux:clang_x64)
[OHOS INFO] [NINJA] [639/33094] ACTION //commonlibrary/ets_utils/js_sys_module/timer:timer__notice(//build/toolchain/ohos:ohos_clang_arm)
[OHOS INFO] [NINJA] [640/33093] ACTION //foundation/ability/ability_base:session_info__notice(//build/toolchain/ohos:ohos_clang_arm)
[OHOS INFO] [NINJA] [641/33092] ACTION //foundation/graphic/graphic_2d/rosen/modules/2d_graphics:2d_graphics_source_ohos__notice(//build/toolchain/ohos:ohos_clang_arm)
[OHOS INFO] [NINJA] [642/33091] ACTION //foundation/systemabilitymgr/safwk/interfaces/innerkits/safwk:system_ability_fwk__notice(//build/toolchain/ohos:ohos_clang_arm)
[OHOS INFO] [NINJA] [643/33090] ACTION //foundation/multimodalinput/input/common/anco/comm:anco_channel_interface(//build/toolchain/ohos:ohos_clang_arm)
[OHOS INFO] [NINJA] [644/33090] ACTION //foundation/multimodalinput/input/util:libmmi-util__notice(//build/toolchain/ohos:ohos_clang_arm)
[OHOS INFO] [NINJA] [645/33089] ACTION //foundation/multimodalinput/input/util:mmi_rust_key_config__notice(//build/toolchain/ohos:ohos_clang_arm)
[OHOS INFO] [NINJA] [646/33088] ACTION //third_party/icu/icu4c/source:genrb_c__notice(//build/toolchain/linux:clang_x64)
[OHOS INFO] [NINJA] [647/33086] ACTION //third_party/rust/crates/libc:lib__notice(//build/toolchain/linux:clang_x64)
[OHOS INFO] [NINJA] [648/33084] STAMP obj/foundation/ability/ability_runtime/interfaces/inner_api/app_manager/app_manager.inputdeps.stamp
[OHOS INFO] [NINJA] [649/33084] STAMP obj/foundation/graphic/graphic_2d/rosen/modules/2d_graphics/2d_graphics_source_ohos.inputdeps.stamp
[OHOS INFO] [NINJA] [650/33084] STAMP obj/foundation/systemabilitymgr/samgr/interfaces/innerkits/common/samgr_common.inputdeps.stamp
[OHOS INFO] [NINJA] [651/33084] ACTION //foundation/multimodalinput/input/service/connect_manager:multimodal_input_binder_client_interface(//build/toolchain/ohos:ohos_clang_arm)
[OHOS INFO] [NINJA] [652/33084] ACTION //third_party/rust/crates/proc-macro2:lib__notice(//build/toolchain/linux:clang_x64)
[OHOS INFO] [NINJA] [653/33083] ACTION //third_party/rust/crates/unicode-ident:lib__notice(//build/toolchain/linux:clang_x64)
[OHOS INFO] [NINJA] [654/33081] ACTION //foundation/multimodalinput/input/service/connect_manager:multimodal_input_interface(//build/toolchain/ohos:ohos_clang_arm)
[OHOS INFO] [NINJA] [655/33081] ACTION //foundation/multimodalinput/input/service/filter:event_filter_interface(//build/toolchain/ohos:ohos_clang_arm)
[OHOS INFO] [NINJA] [656/33081] ACTION //arkcompiler/runtime_core/static_core/plugins/ets/runtime/ani:ani__notice(//build/toolchain/ohos:ohos_clang_arm)
[OHOS INFO] [NINJA] [657/33080] ACTION //arkcompiler/runtime_core/static_core/runtime:libarkruntime__notice(//build/toolchain/ohos:ohos_clang_arm)
[OHOS INFO] [NINJA] [658/33079] SOLINK security/access_token/libaccesstoken_sdk.z.so
[OHOS INFO] [NINJA] [659/33079] STAMP obj/base/security/security_component_manager/services/security_component_service/sa/sec_comp_no_cfi_service_proxy.stamp
[OHOS INFO] [NINJA] [660/33079] STAMP obj/commonlibrary/ets_utils/js_sys_module/timer/timer.inputdeps.stamp
[OHOS INFO] [NINJA] [661/33079] CXX obj/base/security/security_component_manager/frameworks/inner_api/security_component/src/libsecurity_component_sdk/sec_comp_client.o
[OHOS INFO] [NINJA] [662/33079] CXX obj/base/security/security_component_manager/frameworks/inner_api/security_component/src/libsecurity_component_sdk/sec_comp_death_recipient.o
[OHOS INFO] [NINJA] [663/33079] STAMP obj/foundation/multimodalinput/input/common/anco/comm/anco_channel_interface.stamp
[OHOS INFO] [NINJA] [664/33079] CXX obj/base/security/security_component_manager/frameworks/inner_api/security_component/src/libsecurity_component_sdk/sec_comp_kit.o
[OHOS INFO] [NINJA] [665/33079] CXX obj/base/security/security_component_manager/frameworks/inner_api/security_component/src/libsecurity_component_sdk/sec_comp_load_callback.o
[OHOS INFO] [NINJA] [666/33079] STAMP obj/foundation/multimodalinput/input/service/connect_manager/multimodal_input_binder_client_interface.stamp
[OHOS INFO] [NINJA] [667/33079] STAMP obj/foundation/multimodalinput/input/service/connect_manager/multimodal_input_interface.stamp
[OHOS INFO] [NINJA] [668/33079] STAMP obj/foundation/multimodalinput/input/service/filter/event_filter_interface.stamp
[OHOS INFO] [NINJA] [669/33079] STAMP obj/foundation/multimodalinput/input/util/libmmi-util.inputdeps.stamp
[OHOS INFO] [NINJA] [670/33079] STAMP obj/foundation/systemabilitymgr/safwk/interfaces/innerkits/safwk/system_ability_fwk.inputdeps.stamp
[OHOS INFO] [NINJA] [671/33079] ACTION //commonlibrary/ets_utils/js_concurrent_module/worker:worker__notice(//build/toolchain/ohos:ohos_clang_arm)
[OHOS INFO] [NINJA] [672/33078] ACTION //foundation/multimodalinput/input/common/anco/comm:mmi_anco_channel_stub__notice(//build/toolchain/ohos:ohos_clang_arm)
[OHOS INFO] [NINJA] [673/33077] ACTION //foundation/arkui/ace_engine/interfaces/inner_api/ace:ace_forward_compatibility__notice(//build/toolchain/ohos:ohos_clang_arm)
[OHOS INFO] [NINJA] [674/33076] ACTION //foundation/graphic/graphic_2d/rosen/modules/2d_graphics:2d_graphics__notice(//build/toolchain/ohos:ohos_clang_arm)
[OHOS INFO] [NINJA] [675/33075] ACTION //foundation/multimodalinput/input/service/connect_manager:mmi_connect_manager_proxy__notice(//build/toolchain/ohos:ohos_clang_arm)
[OHOS INFO] [NINJA] [676/33074] ACTION //foundation/arkui/ace_engine/interfaces/inner_api/ace:ace_uicontent__notice(//build/toolchain/ohos:ohos_clang_arm)
[OHOS INFO] [NINJA] [677/33073] ACTION //foundation/multimodalinput/input/service/filter:mmi_event_filter_service__notice(//build/toolchain/ohos:ohos_clang_arm)
[OHOS INFO] [NINJA] [678/33072] ACTION //third_party/icu/icu4c/source:makeconv__notice(//build/toolchain/linux:clang_x64)
[OHOS INFO] [NINJA] [679/33070] ACTION //third_party/rust/crates/io-lifetimes:lib__notice(//build/toolchain/linux:clang_x64)
[OHOS INFO] [NINJA] [680/33070] STAMP clang_x64/obj/third_party/rust/crates/io-lifetimes/lib__notice.stamp
[OHOS INFO] [NINJA] [681/33070] ACTION //third_party/icu/icu4c/source:pkgdata__notice(//build/toolchain/linux:clang_x64)
[OHOS INFO] [NINJA] [682/33068] ACTION //third_party/rust/crates/memchr:lib__notice(//build/toolchain/linux:clang_x64)
[OHOS INFO] [NINJA] [683/33068] ACTION //third_party/icu/icu4c/source:genrb__notice(//build/toolchain/linux:clang_x64)
[OHOS INFO] [NINJA] [684/33066] STAMP clang_x64/obj/third_party/rust/crates/memchr/lib__notice.stamp
[OHOS INFO] [NINJA] [685/33066] SOLINK resourceschedule/frame_aware_sched/libframe_ui_intf.z.so
[OHOS INFO] [NINJA] [686/33066] ACTION //foundation/ability/ability_runtime/js_environment/frameworks/js_environment:js_environment__notice(//build/toolchain/ohos:ohos_clang_arm)
[OHOS INFO] [NINJA] [687/33065] ACTION //third_party/icu/icu4c/source:gensprep__notice(//build/toolchain/linux:clang_x64)
[OHOS INFO] [NINJA] [688/33063] ACTION //foundation/graphic/graphic_2d/utils/scoped_bytrace:scoped_bytrace__notice(//build/toolchain/ohos:ohos_clang_arm)
[OHOS INFO] [NINJA] [689/33062] ACTION //third_party/abseil-cpp:absl_log_severity__notice(//build/toolchain/ohos:ohos_clang_arm)
[OHOS INFO] [NINJA] [690/33061] ACTION //third_party/abseil-cpp:absl_raw_logging_internal__notice(//build/toolchain/ohos:ohos_clang_arm)
[OHOS INFO] [NINJA] [691/33060] ACTION //foundation/bundlemanager/bundle_framework/interfaces/kits/js/common:bundle_napi_common__notice(//build/toolchain/ohos:ohos_clang_arm)
[OHOS INFO] [NINJA] [692/33059] ACTION //foundation/multimodalinput/input/frameworks/proxy:libmmi-client__notice(//build/toolchain/ohos:ohos_clang_arm)
[OHOS INFO] [NINJA] [693/33058] ACTION //third_party/icu/icu4c/source:genbrk__notice(//build/toolchain/linux:clang_x64)
[OHOS INFO] [NINJA] [694/33057] STAMP obj/foundation/arkui/ace_engine/interfaces/inner_api/ace/ace_uicontent.inputdeps.stamp
[OHOS INFO] [NINJA] [695/33057] ACTION //third_party/icu/icu4c/source:genccode__notice(//build/toolchain/linux:clang_x64)
[OHOS INFO] [NINJA] [696/33056] STAMP obj/foundation/multimodalinput/input/common/anco/comm/mmi_anco_channel_stub.inputdeps.stamp
[OHOS INFO] [NINJA] [697/33056] STAMP obj/foundation/multimodalinput/input/service/connect_manager/mmi_connect_manager_proxy.inputdeps.stamp
[OHOS INFO] [NINJA] [698/33056] STAMP obj/foundation/multimodalinput/input/service/filter/mmi_event_filter_service.inputdeps.stamp
[OHOS INFO] [NINJA] [699/33056] SOLINK notification/common_event_service/libcesfwk_core.z.so
[OHOS INFO] [NINJA] [700/33056] ACTION //third_party/abseil-cpp:absl_spinlock_wait__notice(//build/toolchain/ohos:ohos_clang_arm)
[OHOS INFO] [NINJA] [701/33054] ACTION //third_party/icu/icu4c/source:gencnval__notice(//build/toolchain/linux:clang_x64)
[OHOS INFO] [NINJA] [702/33053] ACTION //third_party/icu/icu4c/source:gendict__notice(//build/toolchain/linux:clang_x64)
[OHOS INFO] [NINJA] [703/33052] ACTION //third_party/icu/icu4c/source:icupkg__notice(//build/toolchain/linux:clang_x64)
[OHOS INFO] [NINJA] [704/33051] ACTION //third_party/rust/crates/linux-raw-sys:lib__notice(//build/toolchain/linux:clang_x64)
[OHOS INFO] [NINJA] [705/33051] ACTION //third_party/rust/crates/syn:lib__notice(//build/toolchain/linux:clang_x64)
[OHOS INFO] [NINJA] [706/33050] ACTION //third_party/icu/icu4c/source:gencfu__notice(//build/toolchain/linux:clang_x64)
[OHOS INFO] [NINJA] [707/33049] STAMP clang_x64/obj/third_party/rust/crates/io-lifetimes/lib.inputdeps.stamp
[OHOS INFO] [NINJA] [708/33049] STAMP clang_x64/obj/third_party/rust/crates/linux-raw-sys/lib__notice.stamp
[OHOS INFO] [NINJA] [709/33049] STAMP clang_x64/obj/third_party/rust/crates/memchr/lib.inputdeps.stamp
[OHOS INFO] [NINJA] [710/33049] ACTION //third_party/rust/crates/bitflags:lib__notice(//build/toolchain/linux:clang_x64)
[OHOS INFO] [NINJA] [711/33049] STAMP clang_x64/obj/third_party/rust/crates/bitflags/lib__notice.stamp
[OHOS INFO] [NINJA] [712/33049] ACTION //third_party/rust/crates/rustix:lib__notice(//build/toolchain/linux:clang_x64)
[OHOS INFO] [NINJA] [713/33049] STAMP clang_x64/obj/third_party/rust/crates/rustix/lib__notice.stamp
[OHOS INFO] [NINJA] [714/33049] ACTION //third_party/rust/crates/quote:lib__notice(//build/toolchain/linux:clang_x64)
[OHOS INFO] [NINJA] [715/33046] ACTION //foundation/ability/ability_base:extractresourcemanager__notice(//build/toolchain/ohos:ohos_clang_arm)
[OHOS INFO] [NINJA] [716/33045] ACTION //base/global/i18n/interfaces/js/innerkits/intl:intl_register__notice(//build/toolchain/ohos:ohos_clang_arm)
[OHOS INFO] [NINJA] [717/33044] ACTION //foundation/ability/ability_runtime/interfaces/inner_api/connect_server_manager:connect_server_manager__notice(//build/toolchain/ohos:ohos_clang_arm)
[OHOS INFO] [NINJA] [718/33043] ACTION //base/startup/init/interfaces/kits/syscap_ts:syscap_ts__notice(//build/toolchain/ohos:ohos_clang_arm)
[OHOS INFO] [NINJA] [719/33042] ACTION //foundation/ability/ability_runtime/frameworks/native/ability/native:ability_business_error__notice(//build/toolchain/ohos:ohos_clang_arm)
[OHOS INFO] [NINJA] [720/33041] ACTION //foundation/ability/ability_runtime/interfaces/inner_api/runtime:runtime__notice(//build/toolchain/ohos:ohos_clang_arm)
[OHOS INFO] [NINJA] [721/33040] STAMP obj/foundation/bundlemanager/bundle_framework/interfaces/kits/js/common/bundle_napi_common.inputdeps.stamp
[OHOS INFO] [NINJA] [722/33040] ACTION //foundation/ability/ability_runtime/frameworks/native/appkit:appkit_manager_helper__notice(//build/toolchain/ohos:ohos_clang_arm)
[OHOS INFO] [NINJA] [723/33039] ACTION //base/inputmethod/imf/interfaces/inner_api/inputmethod_ability:input_method_system_ability_interface(//build/toolchain/ohos:ohos_clang_arm)
[OHOS INFO] [NINJA] [724/33039] ACTION //foundation/arkui/ace_engine/frameworks/core:ace_container_scope__notice(//build/toolchain/ohos:ohos_clang_arm)
[OHOS INFO] [NINJA] [725/33038] ACTION //foundation/barrierfree/accessibility/interfaces/innerkits/common:accessibility_common__notice(//build/toolchain/ohos:ohos_clang_arm)
[OHOS INFO] [NINJA] [726/33037] ACTION //base/inputmethod/imf/interfaces/inner_api/inputmethod_controller:input_client_interface(//build/toolchain/ohos:ohos_clang_arm)
[OHOS INFO] [NINJA] [727/33037] STAMP obj/foundation/multimodalinput/input/frameworks/proxy/libmmi-client.inputdeps.stamp
[OHOS INFO] [NINJA] [728/33037] CXX obj/out/rk3568/gen/foundation/multimodalinput/input/common/anco/comm/mmi_anco_channel_stub/anco_channel_stub.o
[OHOS INFO] [NINJA] [729/33037] CXX obj/foundation/multimodalinput/input/common/anco/comm/src/mmi_anco_channel_stub/anco_channel.o
[OHOS INFO] [NINJA] [730/33037] ACTION //foundation/barrierfree/accessibility/common/interface:accessible_ability_manager_service_interface(//build/toolchain/ohos:ohos_clang_arm)
[OHOS INFO] [NINJA] [731/33037] CXX obj/foundation/multimodalinput/input/service/connect_manager/src/mmi_connect_manager_proxy/input_binder_client_server.o
[OHOS INFO] [NINJA] [732/33037] CXX obj/foundation/multimodalinput/input/service/connect_manager/src/mmi_connect_manager_proxy/multimodal_input_connect_manager.o
[OHOS INFO] [NINJA] [733/33037] CXX obj/foundation/multimodalinput/input/service/connect_manager/src/mmi_connect_manager_proxy/input_binder_client_server_impl.o
[OHOS INFO] [NINJA] [734/33037] CXX obj/out/rk3568/gen/foundation/multimodalinput/input/service/connect_manager/mmi_connect_manager_proxy/input_binder_client_stub.o
[OHOS INFO] [NINJA] [735/33037] CXX obj/out/rk3568/gen/foundation/multimodalinput/input/service/connect_manager/mmi_connect_manager_proxy/multimodal_input_connect_proxy.o
[OHOS INFO] [NINJA] [736/33037] CXX obj/foundation/multimodalinput/input/service/filter/src/mmi_event_filter_service/event_filter_service.o
[OHOS INFO] [NINJA] [737/33037] CXX obj/out/rk3568/gen/foundation/multimodalinput/input/service/filter/mmi_event_filter_service/event_filter_stub.o
[OHOS INFO] [NINJA] [738/33037] ACTION //third_party/abseil-cpp:absl_base__notice(//build/toolchain/ohos:ohos_clang_arm)
[OHOS INFO] [NINJA] [739/33035] ACTION //third_party/abseil-cpp:absl_throw_delegate__notice(//build/toolchain/ohos:ohos_clang_arm)
[OHOS INFO] [NINJA] [740/33034] ACTION //third_party/abseil-cpp:absl_int128__notice(//build/toolchain/ohos:ohos_clang_arm)
[OHOS INFO] [NINJA] [741/33032] ACTION //third_party/abseil-cpp:absl_strings_internal__notice(//build/toolchain/ohos:ohos_clang_arm)
[OHOS INFO] [NINJA] [742/33030] ACTION //base/inputmethod/imf/common:inputmethod_common__notice(//build/toolchain/ohos:ohos_clang_arm)
[OHOS INFO] [NINJA] [743/33029] ACTION //foundation/resourceschedule/qos_manager/frameworks/concurrent_task_client:qos_manager_interface(//build/toolchain/ohos:ohos_clang_arm)
[OHOS INFO] [NINJA] [744/33029] ACTION //third_party/rust/crates/os_str_bytes:lib__notice(//build/toolchain/linux:clang_x64)
[OHOS INFO] [NINJA] [745/33029] ACTION //third_party/rust/crates/heck:lib__notice(//build/toolchain/linux:clang_x64)
[OHOS INFO] [NINJA] [746/33029] STAMP clang_x64/obj/third_party/rust/crates/os_str_bytes/lib__notice.stamp
[OHOS INFO] [NINJA] [747/33029] STAMP clang_x64/obj/third_party/rust/crates/heck/lib__notice.stamp
[OHOS INFO] [NINJA] [748/33029] STAMP clang_x64/obj/third_party/rust/crates/rustix/lib.inputdeps.stamp
[OHOS INFO] [NINJA] [749/33029] ACTION //base/inputmethod/imf/interfaces/inner_api/inputmethod_ability:input_method_client_types__notice(//build/toolchain/ohos:ohos_clang_arm)
[OHOS INFO] [NINJA] [750/33028] ACTION //base/inputmethod/imf/interfaces/inner_api/inputmethod_controller:input_client_stub__notice(//build/toolchain/ohos:ohos_clang_arm)
[OHOS INFO] [NINJA] [751/33027] ACTION //base/inputmethod/imf/common/imf_hisysevent:imf_hisysevent__notice(//build/toolchain/ohos:ohos_clang_arm)
[OHOS INFO] [NINJA] [752/33026] ACTION //foundation/graphic/graphic_2d/utils/sandbox:sandbox_utils__notice(//build/toolchain/ohos:ohos_clang_arm)
[OHOS INFO] [NINJA] [753/33025] ACTION //foundation/barrierfree/accessibility/common/interface:accessibility_interface__notice(//build/toolchain/ohos:ohos_clang_arm)
[OHOS INFO] [NINJA] [754/33024] ACTION //foundation/graphic/graphic_2d/utils/socketpair:socketpair__notice(//build/toolchain/ohos:ohos_clang_arm)
[OHOS INFO] [NINJA] [755/33023] ACTION //base/inputmethod/imf/services/json:imf_json_static__notice(//build/toolchain/ohos:ohos_clang_arm)
[OHOS INFO] [NINJA] [756/33022] ACTION //base/hiviewdfx/hiview/plugins/performance/xperf_service/interfaces/inner_api/xperfservice_client:xperf_service_interface(//build/toolchain/ohos:ohos_clang_arm)
[OHOS INFO] [NINJA] [757/33022] ACTION //base/inputmethod/imf/interfaces/inner_api/inputmethod_ability:input_control_channel_interface(//build/toolchain/ohos:ohos_clang_arm)
[OHOS INFO] [NINJA] [758/33022] ACTION //foundation/resourceschedule/qos_manager/frameworks/concurrent_task_client:concurrent_task_client__notice(//build/toolchain/ohos:ohos_clang_arm)
[OHOS INFO] [NINJA] [759/33021] STAMP obj/base/inputmethod/imf/interfaces/inner_api/inputmethod_ability/input_method_system_ability_interface.stamp
[OHOS INFO] [NINJA] [760/33021] ACTION //base/inputmethod/imf/interfaces/inner_api/inputmethod_ability:input_data_channel_interface(//build/toolchain/ohos:ohos_clang_arm)
[OHOS INFO] [NINJA] [761/33021] ACTION //base/inputmethod/imf/interfaces/inner_api/inputmethod_ability:input_method_core_interface(//build/toolchain/ohos:ohos_clang_arm)
[OHOS INFO] [NINJA] [762/33021] ACTION //third_party/abseil-cpp:absl_time_zone__notice(//build/toolchain/ohos:ohos_clang_arm)
[OHOS INFO] [NINJA] [763/33020] ACTION //third_party/abseil-cpp:absl_civil_time__notice(//build/toolchain/ohos:ohos_clang_arm)
[OHOS INFO] [NINJA] [764/33018] ACTION //third_party/rust/crates/cxx/macro:cxxbridge_macro_macro_lib_unknown_build_script__notice(//build/toolchain/linux:clang_x64)
[OHOS INFO] [NINJA] [765/33017] STAMP obj/base/inputmethod/imf/interfaces/inner_api/inputmethod_controller/input_client_interface.stamp
[OHOS INFO] [NINJA] [766/33017] ACTION //third_party/vulkan-loader:vulkan_loader__notice(//build/toolchain/ohos:ohos_clang_arm)
[OHOS INFO] [NINJA] [767/33016] ACTION //third_party/rust/crates/is-terminal:lib__notice(//build/toolchain/linux:clang_x64)
[OHOS INFO] [NINJA] [768/33016] ACTION //base/inputmethod/imf/interfaces/inner_api/inputmethod_ability:keyevent_consumer_interface(//build/toolchain/ohos:ohos_clang_arm)
[OHOS INFO] [NINJA] [769/33016] ACTION //third_party/rust/crates/termcolor:lib__notice(//build/toolchain/linux:clang_x64)
[OHOS INFO] [NINJA] [770/33016] ACTION //third_party/rust/crates/clap/clap_lex:lib__notice(//build/toolchain/linux:clang_x64)
[OHOS INFO] [NINJA] [771/33016] ACTION //base/inputmethod/imf/interfaces/inner_api/inputmethod_ability:system_cmd_channel_interface(//build/toolchain/ohos:ohos_clang_arm)
[OHOS INFO] [NINJA] [772/33016] ACTION //third_party/rust/crates/once_cell:lib__notice(//build/toolchain/linux:clang_x64)
[OHOS INFO] [NINJA] [773/33016] ACTION //third_party/abseil-cpp:absl_strings__notice(//build/toolchain/ohos:ohos_clang_arm)
[OHOS INFO] [NINJA] [774/33014] ACTION //base/inputmethod/imf/interfaces/inner_api/inputmethod_controller:input_method_agent_interface(//build/toolchain/ohos:ohos_clang_arm)
[OHOS INFO] [NINJA] [775/33014] ACTION //base/inputmethod/imf/interfaces/inner_api/inputmethod_controller:oninputstop_notify_interface(//build/toolchain/ohos:ohos_clang_arm)
[OHOS INFO] [NINJA] [776/33014] ACTION //third_party/abseil-cpp:absl_symbolize__notice(//build/toolchain/ohos:ohos_clang_arm)
[OHOS INFO] [NINJA] [777/33012] STAMP obj/foundation/barrierfree/accessibility/common/interface/accessible_ability_manager_service_interface.stamp
[OHOS INFO] [NINJA] [778/33012] STAMP obj/foundation/barrierfree/accessibility/interfaces/innerkits/common/accessibility_common.inputdeps.stamp
[OHOS INFO] [NINJA] [779/33012] CXX obj/foundation/ability/ability_runtime/frameworks/native/appkit/ability_bundle_manager_helper/appkit_manager_helper/bundle_mgr_helper.o
[OHOS INFO] [NINJA] [780/33012] ACTION //base/security/dlp_permission_service/interfaces/inner_api/dlp_permission:dlp_permission_interface(//build/toolchain/ohos:ohos_clang_arm)
[OHOS INFO] [NINJA] [781/33012] ACTION //base/hiviewdfx/hiview/plugins/performance/xperf_service/interfaces/inner_api/xperfservice_client:xperfservice_client__notice(//build/toolchain/ohos:ohos_clang_arm)
[OHOS INFO] [NINJA] [782/33011] CXX obj/foundation/bundlemanager/bundle_framework/interfaces/kits/js/common/bundle_napi_common/common_func.o
[OHOS INFO] [NINJA] [783/33011] CXX obj/foundation/bundlemanager/bundle_framework/interfaces/kits/js/common/bundle_napi_common/installer_helper.o
[OHOS INFO] [NINJA] [784/33011] ACTION //third_party/rust/crates/strsim-rs:lib__notice(//build/toolchain/linux:clang_x64)
[OHOS INFO] [NINJA] [785/33010] ACTION //base/inputmethod/imf/interfaces/inner_api/inputmethod_ability:input_control_channel_stub__notice(//build/toolchain/ohos:ohos_clang_arm)
[OHOS INFO] [NINJA] [786/33009] ACTION //third_party/rust/crates/unicode-width:lib__notice(//build/toolchain/linux:clang_x64)
[OHOS INFO] [NINJA] [787/33009] CXX obj/foundation/multimodalinput/input/frameworks/proxy/event_handler/src/libmmi-client/anr_handler.o
[OHOS INFO] [NINJA] [788/33009] CXX obj/foundation/multimodalinput/input/frameworks/proxy/event_handler/src/libmmi-client/input_active_subscribe_manager.o
[OHOS INFO] [NINJA] [789/33009] ACTION //base/inputmethod/imf/interfaces/inner_api/inputmethod_ability:input_data_channel_stub__notice(//build/toolchain/ohos:ohos_clang_arm)
[OHOS INFO] [NINJA] [790/33008] CXX obj/foundation/multimodalinput/input/frameworks/proxy/event_handler/src/libmmi-client/input_device_impl.o
[OHOS INFO] [NINJA] [791/33008] CXX obj/foundation/multimodalinput/input/frameworks/proxy/event_handler/src/libmmi-client/input_handler_manager.o
[OHOS INFO] [NINJA] [792/33008] CXX obj/foundation/multimodalinput/input/frameworks/proxy/event_handler/src/libmmi-client/client_msg_handler.o
[OHOS INFO] [NINJA] [793/33008] CXX obj/foundation/multimodalinput/input/frameworks/proxy/event_handler/src/libmmi-client/pre_monitor_manager.o
[OHOS INFO] [NINJA] [794/33008] CXX obj/foundation/multimodalinput/input/frameworks/proxy/event_handler/src/libmmi-client/multimodal_event_handler.o
[OHOS INFO] [NINJA] [795/33008] CXX obj/foundation/multimodalinput/input/frameworks/proxy/events/src/libmmi-client/input_manager.o
[OHOS INFO] [NINJA] [796/33008] CXX obj/foundation/multimodalinput/input/frameworks/proxy/event_handler/src/libmmi-client/input_manager_impl.o
[OHOS INFO] [NINJA] [797/33008] CXX obj/foundation/multimodalinput/input/frameworks/proxy/module_loader/src/libmmi-client/mmi_client.o
[OHOS INFO] [NINJA] [798/33008] STAMP obj/foundation/resourceschedule/qos_manager/frameworks/concurrent_task_client/qos_manager_interface.stamp
[OHOS INFO] [NINJA] [799/33008] CXX obj/foundation/multimodalinput/input/frameworks/proxy/event_handler/src/libmmi-client/input_device_consumer.o
[OHOS INFO] [NINJA] [800/33008] ACTION //base/inputmethod/imf/interfaces/inner_api/inputmethod_ability:input_method_system_ability_proxy__notice(//build/toolchain/ohos:ohos_clang_arm)
[OHOS INFO] [NINJA] [801/33007] CXX obj/foundation/multimodalinput/input/frameworks/proxy/event_handler/src/libmmi-client/mouse_controller_impl.o
[OHOS INFO] [NINJA] [802/33007] CXX obj/foundation/multimodalinput/input/frameworks/proxy/event_handler/src/libmmi-client/keyboard_controller_impl.o
[OHOS INFO] [NINJA] [803/33007] CXX obj/foundation/multimodalinput/input/frameworks/proxy/event_handler/src/libmmi-client/touch_controller_impl.o
[OHOS INFO] [NINJA] [804/33007] CXX obj/foundation/multimodalinput/input/frameworks/proxy/event_handler/src/libmmi-client/input_monitor_manager.o
[OHOS INFO] [NINJA] [805/33007] CXX obj/foundation/multimodalinput/input/frameworks/proxy/event_handler/src/libmmi-client/key_event_hook_handler.o
[OHOS INFO] [NINJA] [806/33007] STAMP clang_x64/obj/third_party/rust/crates/clap/clap_lex/lib__notice.stamp
[OHOS INFO] [NINJA] [807/33007] STAMP clang_x64/obj/third_party/rust/crates/is-terminal/lib__notice.stamp
[OHOS INFO] [NINJA] [808/33007] STAMP clang_x64/obj/third_party/rust/crates/once_cell/lib__notice.stamp
[OHOS INFO] [NINJA] [809/33007] STAMP clang_x64/obj/third_party/rust/crates/termcolor/lib__notice.stamp
[OHOS INFO] [NINJA] [810/33007] STAMP clang_x64/obj/third_party/rust/crates/unicode-width/lib__notice.stamp
[OHOS INFO] [NINJA] [811/33007] STAMP obj/base/hiviewdfx/hiview/plugins/performance/xperf_service/interfaces/inner_api/xperfservice_client/xperf_service_interface.stamp
[OHOS INFO] [NINJA] [812/33007] STAMP obj/base/inputmethod/imf/common/inputmethod_common.inputdeps.stamp
[OHOS INFO] [NINJA] [813/33007] STAMP obj/base/inputmethod/imf/common/imf_hisysevent/imf_hisysevent.inputdeps.stamp
[OHOS INFO] [NINJA] [814/33007] STAMP obj/base/inputmethod/imf/interfaces/inner_api/inputmethod_ability/input_control_channel_interface.stamp
[OHOS INFO] [NINJA] [815/33007] STAMP obj/base/inputmethod/imf/interfaces/inner_api/inputmethod_ability/input_data_channel_interface.stamp
[OHOS INFO] [NINJA] [816/33007] STAMP obj/base/inputmethod/imf/interfaces/inner_api/inputmethod_ability/input_method_core_interface.stamp
[OHOS INFO] [NINJA] [817/33007] STAMP obj/base/inputmethod/imf/interfaces/inner_api/inputmethod_ability/keyevent_consumer_interface.stamp
[OHOS INFO] [NINJA] [818/33007] ACTION //base/inputmethod/imf/interfaces/inner_api/inputmethod_ability:keyevent_consumer_stub__notice(//build/toolchain/ohos:ohos_clang_arm)
[OHOS INFO] [NINJA] [819/33006] CXX obj/out/rk3568/gen/base/inputmethod/imf/interfaces/inner_api/inputmethod_ability/input_method_client_types/input_method_client_types.o
[OHOS INFO] [NINJA] [820/33006] STAMP obj/base/inputmethod/imf/interfaces/inner_api/inputmethod_ability/system_cmd_channel_interface.stamp
[OHOS INFO] [NINJA] [821/33006] ACTION //base/inputmethod/imf/interfaces/inner_api/inputmethod_ability:system_cmd_channel_stub__notice(//build/toolchain/ohos:ohos_clang_arm)
[OHOS INFO] [NINJA] [822/33005] STAMP obj/base/inputmethod/imf/interfaces/inner_api/inputmethod_controller/input_method_agent_interface.stamp
[OHOS INFO] [NINJA] [823/33005] STAMP obj/base/inputmethod/imf/interfaces/inner_api/inputmethod_controller/oninputstop_notify_interface.stamp
[OHOS INFO] [NINJA] [824/33005] ACTION //base/security/access_token/interfaces/innerkits/token_setproc:libtokensetproc_shared__notice(//build/toolchain/ohos:ohos_clang_arm)
[OHOS INFO] [NINJA] [825/33003] CXX obj/out/rk3568/gen/base/inputmethod/imf/interfaces/inner_api/inputmethod_controller/input_client_stub/input_client_stub.o
[OHOS INFO] [NINJA] [826/33003] STAMP obj/base/security/dlp_permission_service/interfaces/inner_api/dlp_permission/dlp_permission_interface.stamp
[OHOS INFO] [NINJA] [827/33003] ACTION //base/inputmethod/imf/interfaces/inner_api/inputmethod_controller:inputmethod_client__notice(//build/toolchain/ohos:ohos_clang_arm)
[OHOS INFO] [NINJA] [828/33002] ACTION //base/inputmethod/imf/interfaces/inner_api/inputmethod_ability:input_method_core_proxy__notice(//build/toolchain/ohos:ohos_clang_arm)
[OHOS INFO] [NINJA] [829/33001] ACTION //base/security/dlp_permission_service/interfaces/inner_api/dlp_permission:dlp_permission_stub__notice(//build/toolchain/ohos:ohos_clang_arm)
[OHOS INFO] [NINJA] [830/33000] ACTION //foundation/ability/ability_runtime/interfaces/inner_api/ability_manager:ability_start_options__notice(//build/toolchain/ohos:ohos_clang_arm)
[OHOS INFO] [NINJA] [831/32999] STAMP obj/foundation/barrierfree/accessibility/common/interface/accessibility_interface.inputdeps.stamp
[OHOS INFO] [NINJA] [832/32999] STAMP obj/foundation/resourceschedule/qos_manager/frameworks/concurrent_task_client/concurrent_task_client.inputdeps.stamp
[OHOS INFO] [NINJA] [833/32999] ACTION //foundation/ability/ability_runtime/interfaces/inner_api/error_utils:ability_runtime_error_util__notice(//build/toolchain/ohos:ohos_clang_arm)
[OHOS INFO] [NINJA] [834/32998] ACTION //foundation/ability/ability_runtime/services/abilitymgr:wantagent_manager__notice(//build/toolchain/ohos:ohos_clang_arm)
[OHOS INFO] [NINJA] [835/32997] ACTION //foundation/barrierfree/accessibility/interfaces/innerkits/acfwk:accessibilityconfig__notice(//build/toolchain/ohos:ohos_clang_arm)
[OHOS INFO] [NINJA] [836/32996] SOLINK notification/common_event_service/libcesfwk_innerkits.z.so
[OHOS INFO] [NINJA] [837/32996] STAMP obj/third_party/vulkan-loader/vulkan_loader.inputdeps.stamp
[OHOS INFO] [NINJA] [838/32996] ACTION //foundation/graphic/graphic_2d/rosen/modules/composer/vsync:libvsync__notice(//build/toolchain/ohos:ohos_clang_arm)
[OHOS INFO] [NINJA] [839/32995] ACTION //third_party/abseil-cpp:absl_time__notice(//build/toolchain/ohos:ohos_clang_arm)
[OHOS INFO] [NINJA] [840/32993] SOLINK security/access_token/libprivacy_sdk.z.so
[OHOS INFO] [NINJA] [841/32993] ACTION //third_party/abseil-cpp:absl_stacktrace__notice(//build/toolchain/ohos:ohos_clang_arm)
[OHOS INFO] [NINJA] [842/32991] ACTION //third_party/rust/crates/codespan/codespan-reporting:lib__notice(//build/toolchain/linux:clang_x64)
[OHOS INFO] [NINJA] [843/32990] ACTION //base/security/dlp_permission_service/interfaces/inner_api/dlp_permission:libdlp_permission_sdk__notice(//build/toolchain/ohos:ohos_clang_arm)
[OHOS INFO] [NINJA] [844/32989] ACTION //foundation/ability/ability_runtime/frameworks/native/appkit:application_image_observer_manager__notice(//build/toolchain/ohos:ohos_clang_arm)
[OHOS INFO] [NINJA] [845/32988] ACTION //foundation/ability/ability_runtime/interfaces/inner_api/wantagent:wantagent_innerkits__notice(//build/toolchain/ohos:ohos_clang_arm)
[OHOS INFO] [NINJA] [846/32987] ACTION //foundation/ability/ability_runtime/services/common:image_native_bridge__notice(//build/toolchain/ohos:ohos_clang_arm)
[OHOS INFO] [NINJA] [847/32986] ACTION //foundation/ability/ability_runtime/interfaces/inner_api/session_handler:session_handler__notice(//build/toolchain/ohos:ohos_clang_arm)
[OHOS INFO] [NINJA] [848/32985] ACTION //foundation/ability/ability_runtime/services/common:perm_verification__notice(//build/toolchain/ohos:ohos_clang_arm)
[OHOS INFO] [NINJA] [849/32984] ACTION //foundation/window/window_manager/window_scene/common:window_scene_common__notice(//build/toolchain/ohos:ohos_clang_arm)
[OHOS INFO] [NINJA] [850/32983] ACTION //third_party/rust/crates/clap:lib__notice(//build/toolchain/linux:clang_x64)
[OHOS INFO] [NINJA] [851/32983] ACTION //foundation/filemanagement/app_file_service/interfaces/innerkits/native:fileuri_native__notice(//build/toolchain/ohos:ohos_clang_arm)
[OHOS INFO] [NINJA] [852/32982] ACTION //third_party/abseil-cpp:absl_base_static__notice(//build/toolchain/ohos:ohos_clang_arm)
[OHOS INFO] [NINJA] [853/32980] STAMP clang_x64/obj/third_party/rust/crates/clap/lib__notice.stamp
[OHOS INFO] [NINJA] [854/32980] ACTION //third_party/rust/crates/cxx:cxx_lib_unknown_build_script__notice(//build/toolchain/linux:clang_x64)
[OHOS INFO] [NINJA] [855/32979] ACTION //foundation/ability/ability_runtime/interfaces/inner_api/ability_manager:mission_info__notice(//build/toolchain/ohos:ohos_clang_arm)
[OHOS INFO] [NINJA] [856/32978] ACTION //third_party/abseil-cpp:absl_hash__notice(//build/toolchain/ohos:ohos_clang_arm)
[OHOS INFO] [NINJA] [857/32976] ACTION //base/global/i18n/frameworks/intl:GB_phonenumber_xml__notice(//build/toolchain/ohos:ohos_clang_arm)
[OHOS INFO] [NINJA] [858/32975] ACTION //foundation/graphic/graphic_2d/rosen/modules/render_service_base/src/platform/ohos:rosen_ohos_sources__notice(//build/toolchain/ohos:ohos_clang_arm)
[OHOS INFO] [NINJA] [859/32974] ACTION //third_party/rust/crates/cxx/gen/cmd:cxxbridge__notice(//build/toolchain/linux:clang_x64)
[OHOS INFO] [NINJA] [860/32973] ACTION //base/global/i18n/frameworks/intl:bo_lang_xml__notice(//build/toolchain/ohos:ohos_clang_arm)
[OHOS INFO] [NINJA] [861/32972] ACTION //base/global/i18n/frameworks/intl:CN_phonenumber_xml__notice(//build/toolchain/ohos:ohos_clang_arm)
[OHOS INFO] [NINJA] [862/32971] STAMP obj/base/hiviewdfx/hiview/plugins/performance/xperf_service/interfaces/inner_api/xperfservice_client/xperfservice_client.inputdeps.stamp
[OHOS INFO] [NINJA] [863/32971] ACTION //base/global/i18n/frameworks/intl:config_locales_old_xml__notice(//build/toolchain/ohos:ohos_clang_arm)
[OHOS INFO] [NINJA] [864/32970] ACTION //base/global/i18n/frameworks/intl:common_datetime_xml__notice(//build/toolchain/ohos:ohos_clang_arm)
[OHOS INFO] [NINJA] [865/32969] CXX obj/base/inputmethod/imf/common/src/inputmethod_common/itypes_util.o
[OHOS INFO] [NINJA] [866/32969] CXX obj/base/inputmethod/imf/common/imf_hisysevent/src/imf_hisysevent/ima_hisysevent_reporter.o
[OHOS INFO] [NINJA] [867/32969] CXX obj/base/inputmethod/imf/common/imf_hisysevent/src/imf_hisysevent/imc_hisysevent_reporter.o
[OHOS INFO] [NINJA] [868/32969] CXX obj/base/inputmethod/imf/common/imf_hisysevent/src/imf_hisysevent/imf_hisysevent_info.o
[OHOS INFO] [NINJA] [869/32969] ACTION //base/global/i18n/frameworks/intl:config_locales_xml__notice(//build/toolchain/ohos:ohos_clang_arm)
[OHOS INFO] [NINJA] [870/32968] ACTION //base/global/i18n/frameworks/intl:dialect_languages_xml__notice(//build/toolchain/ohos:ohos_clang_arm)
[OHOS INFO] [NINJA] [871/32967] ACTION //base/global/i18n/frameworks/intl:common_phonenumber_xml__notice(//build/toolchain/ohos:ohos_clang_arm)
[OHOS INFO] [NINJA] [872/32966] CXX obj/base/inputmethod/imf/common/imf_hisysevent/src/imf_hisysevent/imsa_hisysevent_reporter.o
[OHOS INFO] [NINJA] [873/32966] CXX obj/base/inputmethod/imf/common/imf_hisysevent/src/imf_hisysevent/imf_hisysevent_reporter.o
[OHOS INFO] [NINJA] [874/32966] CXX obj/out/rk3568/gen/base/inputmethod/imf/interfaces/inner_api/inputmethod_ability/input_control_channel_stub/input_control_channel_stub.o
[OHOS INFO] [NINJA] [875/32966] STAMP obj/base/inputmethod/imf/interfaces/inner_api/inputmethod_ability/input_method_client_types.stamp
[OHOS INFO] [NINJA] [876/32966] CXX obj/out/rk3568/gen/base/inputmethod/imf/interfaces/inner_api/inputmethod_ability/input_data_channel_stub/input_data_channel_stub.o
[OHOS INFO] [NINJA] [877/32966] STAMP obj/base/inputmethod/imf/interfaces/inner_api/inputmethod_controller/inputmethod_client.inputdeps.stamp
[OHOS INFO] [NINJA] [878/32966] CXX obj/out/rk3568/gen/base/inputmethod/imf/interfaces/inner_api/inputmethod_ability/keyevent_consumer_stub/key_event_consumer_stub.o
[OHOS INFO] [NINJA] [879/32966] CXX obj/out/rk3568/gen/base/inputmethod/imf/interfaces/inner_api/inputmethod_ability/input_method_core_proxy/input_method_core_proxy.o
[OHOS INFO] [NINJA] [880/32966] CXX obj/out/rk3568/gen/base/inputmethod/imf/interfaces/inner_api/inputmethod_ability/input_method_system_ability_proxy/input_method_system_ability_proxy.o
[OHOS INFO] [NINJA] [881/32966] STAMP obj/base/security/dlp_permission_service/interfaces/inner_api/dlp_permission/dlp_permission_stub.inputdeps.stamp
[OHOS INFO] [NINJA] [882/32966] CXX obj/out/rk3568/gen/base/inputmethod/imf/interfaces/inner_api/inputmethod_ability/system_cmd_channel_stub/system_cmd_channel_stub.o
[OHOS INFO] [NINJA] [883/32966] ACTION //base/global/i18n/frameworks/intl:i18n.para__notice(//build/toolchain/ohos:ohos_clang_arm)
[OHOS INFO] [NINJA] [884/32965] ACTION //base/global/i18n/frameworks/intl:i18n_param_config_xml__notice(//build/toolchain/ohos:ohos_clang_arm)
[OHOS INFO] [NINJA] [885/32964] CXX obj/base/inputmethod/imf/common/imf_hisysevent/src/imf_hisysevent/imf_hisysevent_util.o
[OHOS INFO] [NINJA] [886/32964] STAMP obj/foundation/barrierfree/accessibility/interfaces/innerkits/acfwk/accessibilityconfig.inputdeps.stamp
[OHOS INFO] [NINJA] [887/32964] ACTION //base/global/i18n/frameworks/intl:region_supported_locales_xml__notice(//build/toolchain/ohos:ohos_clang_arm)
[OHOS INFO] [NINJA] [888/32963] ACTION //base/global/i18n/frameworks/intl:timezones_xml__notice(//build/toolchain/ohos:ohos_clang_arm)
[OHOS INFO] [NINJA] [889/32962] CXX obj/out/rk3568/gen/foundation/barrierfree/accessibility/common/interface/accessibility_interface/accessibility_ipc_types.o
[OHOS INFO] [NINJA] [890/32962] CXX obj/out/rk3568/gen/foundation/barrierfree/accessibility/common/interface/accessibility_interface/accessible_ability_manager_service_proxy.o
[OHOS INFO] [NINJA] [891/32962] CXX obj/out/rk3568/gen/foundation/barrierfree/accessibility/common/interface/accessibility_interface/accessible_ability_manager_service_stub.o
[OHOS INFO] [NINJA] [892/32962] STAMP obj/foundation/graphic/graphic_2d/rosen/modules/composer/vsync/libvsync.inputdeps.stamp
[OHOS INFO] [NINJA] [893/32962] ACTION //base/global/i18n/frameworks/intl:i18n.para.dac__notice(//build/toolchain/ohos:ohos_clang_arm)
[OHOS INFO] [NINJA] [894/32961] ACTION //base/global/i18n/frameworks/intl:en_Latn_lang_xml__notice(//build/toolchain/ohos:ohos_clang_arm)
[OHOS INFO] [NINJA] [895/32960] ACTION //base/global/i18n/frameworks/intl:en_datetime_xml__notice(//build/toolchain/ohos:ohos_clang_arm)
[OHOS INFO] [NINJA] [896/32959] ACTION //base/global/i18n/frameworks/intl:ug_lang_xml__notice(//build/toolchain/ohos:ohos_clang_arm)
[OHOS INFO] [NINJA] [897/32958] ACTION //base/global/i18n/frameworks/intl:lang_supported_locales__notice(//build/toolchain/ohos:ohos_clang_arm)
[OHOS INFO] [NINJA] [898/32957] ACTION //base/global/i18n/frameworks/intl:zh_Hans_lang_xml__notice(//build/toolchain/ohos:ohos_clang_arm)
[OHOS INFO] [NINJA] [899/32956] ACTION //base/global/i18n/frameworks/intl:root_timezone_xml__notice(//build/toolchain/ohos:ohos_clang_arm)
[OHOS INFO] [NINJA] [900/32955] CXX obj/foundation/resourceschedule/qos_manager/frameworks/concurrent_task_client/src/concurrent_task_client/concurrent_task_client.o
[OHOS INFO] [NINJA] [901/32955] CXX obj/out/rk3568/gen/foundation/resourceschedule/qos_manager/frameworks/concurrent_task_client/concurrent_task_client/concurrent_task_idl_types.o
[OHOS INFO] [NINJA] [902/32955] CXX obj/out/rk3568/gen/foundation/resourceschedule/qos_manager/frameworks/concurrent_task_client/concurrent_task_client/concurrent_task_service_proxy.o
[OHOS INFO] [NINJA] [903/32955] ACTION //foundation/resourceschedule/background_task_mgr/interfaces/innerkits:background_task_mgr_interface(//build/toolchain/ohos:ohos_clang_arm)
[OHOS INFO] [NINJA] [904/32955] ACTION //foundation/resourceschedule/background_task_mgr/interfaces/innerkits:background_task_subscriber_interface(//build/toolchain/ohos:ohos_clang_arm)
[OHOS INFO] [NINJA] [905/32955] ACTION //base/global/i18n/frameworks/intl:zh_Hant_HK_lang_xml__notice(//build/toolchain/ohos:ohos_clang_arm)
[OHOS INFO] [NINJA] [906/32954] ACTION //foundation/resourceschedule/background_task_mgr/interfaces/innerkits:expired_callback_interface(//build/toolchain/ohos:ohos_clang_arm)
[OHOS INFO] [NINJA] [907/32954] ACTION //base/global/i18n/frameworks/intl:zh_Hant_lang_xml__notice(//build/toolchain/ohos:ohos_clang_arm)
[OHOS INFO] [NINJA] [908/32953] ACTION //base/global/i18n/frameworks/intl:zh_Hans_timezone_xml__notice(//build/toolchain/ohos:ohos_clang_arm)
[OHOS INFO] [NINJA] [909/32952] CXX obj/base/hiviewdfx/hiview/plugins/performance/xperf_service/interfaces/inner_api/xperfservice_client/src/xperfservice_client/xperf_service_client.o
[OHOS INFO] [NINJA] [910/32952] ACTION //base/global/i18n/frameworks/intl:zh_datetime_xml__notice(//build/toolchain/ohos:ohos_clang_arm)
[OHOS INFO] [NINJA] [911/32951] ACTION //foundation/window/window_manager/wmserver:mock_session_manager_service_interface(//build/toolchain/ohos:ohos_clang_arm)
[OHOS INFO] [NINJA] [912/32951] CXX obj/third_party/vulkan-loader/openharmony/bundle_mgr_helper/vulkan_loader/vk_bundle_mgr_helper.o
[OHOS INFO] [NINJA] [913/32951] CXX obj/base/hiviewdfx/hiview/plugins/performance/xperf_service/interfaces/inner_api/xperfservice_client/src/xperfservice_client/rs_frame_monitor.o
[OHOS INFO] [NINJA] [914/32951] STAMP obj/base/inputmethod/imf/interfaces/inner_api/inputmethod_ability/input_control_channel_stub.stamp
[OHOS INFO] [NINJA] [915/32951] STAMP obj/base/inputmethod/imf/interfaces/inner_api/inputmethod_ability/keyevent_consumer_stub.stamp
[OHOS INFO] [NINJA] [916/32951] CXX obj/out/rk3568/gen/base/hiviewdfx/hiview/plugins/performance/xperf_service/interfaces/inner_api/xperfservice_client/xperfservice_client/xperf_service_proxy.o
[OHOS INFO] [NINJA] [917/32951] CXX obj/out/rk3568/gen/base/hiviewdfx/hiview/plugins/performance/xperf_service/interfaces/inner_api/xperfservice_client/xperfservice_client/event_callback_proxy.o
[OHOS INFO] [NINJA] [918/32951] CXX obj/out/rk3568/gen/base/hiviewdfx/hiview/plugins/performance/xperf_service/interfaces/inner_api/xperfservice_client/xperfservice_client/event_callback_stub.o
[OHOS INFO] [NINJA] [919/32951] CXX obj/out/rk3568/gen/base/hiviewdfx/hiview/plugins/performance/xperf_service/interfaces/inner_api/xperfservice_client/xperfservice_client/xperf_service_stub.o
[OHOS INFO] [NINJA] [920/32951] CXX obj/base/inputmethod/imf/frameworks/native/inputmethod_controller/src/inputmethod_client/ime_event_monitor_manager_impl.o
[OHOS INFO] [NINJA] [921/32951] CXX obj/base/inputmethod/imf/frameworks/native/inputmethod_controller/src/inputmethod_client/input_client_service_impl.o
[OHOS INFO] [NINJA] [922/32951] CXX obj/base/inputmethod/imf/frameworks/native/inputmethod_controller/src/inputmethod_client/input_client_info.o
[OHOS INFO] [NINJA] [923/32951] CXX obj/base/inputmethod/imf/frameworks/native/inputmethod_controller/src/inputmethod_client/ime_system_channel.o
[OHOS INFO] [NINJA] [924/32951] CXX obj/base/inputmethod/imf/frameworks/native/inputmethod_controller/src/inputmethod_client/input_data_channel_service_impl.o
[OHOS INFO] [NINJA] [925/32951] CXX obj/base/inputmethod/imf/frameworks/native/inputmethod_controller/src/inputmethod_client/input_method_tools.o
[OHOS INFO] [NINJA] [926/32951] CXX obj/base/inputmethod/imf/frameworks/native/inputmethod_controller/src/inputmethod_client/keyevent_consumer_service_impl.o
[OHOS INFO] [NINJA] [927/32951] CXX obj/base/inputmethod/imf/frameworks/native/inputmethod_controller/src/inputmethod_client/input_method_utils.o
[OHOS INFO] [NINJA] [928/32951] CXX obj/base/inputmethod/imf/frameworks/native/inputmethod_controller/src/inputmethod_client/input_method_controller.o
[OHOS INFO] [NINJA] [929/32951] CXX obj/base/inputmethod/imf/frameworks/native/inputmethod_controller/src/inputmethod_client/system_cmd_channel_service_impl.o
[OHOS INFO] [NINJA] [930/32951] CXX obj/out/rk3568/gen/base/inputmethod/imf/interfaces/inner_api/inputmethod_controller/inputmethod_client/input_client_proxy.o
[OHOS INFO] [NINJA] [931/32951] CXX obj/out/rk3568/gen/base/inputmethod/imf/interfaces/inner_api/inputmethod_controller/inputmethod_client/input_client_stub.o
[OHOS INFO] [NINJA] [932/32951] STAMP obj/base/security/dlp_permission_service/interfaces/inner_api/dlp_permission/libdlp_permission_sdk.inputdeps.stamp
[OHOS INFO] [NINJA] [933/32951] CXX obj/out/rk3568/gen/base/inputmethod/imf/interfaces/inner_api/inputmethod_controller/inputmethod_client/input_method_agent_stub.o
[OHOS INFO] [NINJA] [934/32951] CXX obj/out/rk3568/gen/base/inputmethod/imf/interfaces/inner_api/inputmethod_controller/inputmethod_client/input_method_agent_proxy.o
[OHOS INFO] [NINJA] [935/32951] STAMP obj/foundation/ability/ability_runtime/interfaces/inner_api/ability_manager/mission_info.inputdeps.stamp
[OHOS INFO] [NINJA] [936/32951] STAMP obj/foundation/ability/ability_runtime/interfaces/inner_api/session_handler/session_handler.inputdeps.stamp
[OHOS INFO] [NINJA] [937/32951] ACTION //base/security/dlp_permission_service/interfaces/inner_api/dlp_parse:libdlpparse__notice(//build/toolchain/ohos:ohos_clang_arm)
[OHOS INFO] [NINJA] [938/32950] CXX obj/out/rk3568/gen/base/inputmethod/imf/interfaces/inner_api/inputmethod_controller/inputmethod_client/on_input_stop_notify_proxy.o
[OHOS INFO] [NINJA] [939/32950] ACTION //foundation/ability/ability_runtime/interfaces/inner_api/dataobs_manager:dataobs_manager__notice(//build/toolchain/ohos:ohos_clang_arm)
[OHOS INFO] [NINJA] [940/32949] ACTION //base/security/dlp_permission_service/interfaces/inner_api/dlp_permission:libdlp_permission_common_interface__notice(//build/toolchain/ohos:ohos_clang_arm)
[OHOS INFO] [NINJA] [941/32948] CXX obj/out/rk3568/gen/base/security/dlp_permission_service/interfaces/inner_api/dlp_permission/dlp_permission_stub/dlp_permission_service_stub.o
[OHOS INFO] [NINJA] [942/32948] STAMP obj/foundation/filemanagement/app_file_service/interfaces/innerkits/native/fileuri_native.inputdeps.stamp
[OHOS INFO] [NINJA] [943/32948] CXX obj/out/rk3568/gen/base/security/dlp_permission_service/interfaces/inner_api/dlp_permission/dlp_permission_stub/dlp_permission_service_proxy.o
[OHOS INFO] [NINJA] [944/32948] STAMP obj/foundation/graphic/graphic_2d/rosen/modules/render_service_base/src/platform/ohos/rosen_ohos_sources.inputdeps.stamp
[OHOS INFO] [NINJA] [945/32948] STAMP obj/foundation/resourceschedule/background_task_mgr/interfaces/innerkits/background_task_mgr_interface.stamp
[OHOS INFO] [NINJA] [946/32948] ACTION //foundation/communication/ipc/interfaces/innerkits/ipc_napi_common:ipc_napi__notice(//build/toolchain/ohos:ohos_clang_arm)
[OHOS INFO] [NINJA] [947/32947] ACTION //foundation/distributeddatamgr/relational_store/interfaces/inner_api/dataability:native_dataability__notice(//build/toolchain/ohos:ohos_clang_arm)
[OHOS INFO] [NINJA] [948/32946] STAMP obj/foundation/resourceschedule/background_task_mgr/interfaces/innerkits/background_task_subscriber_interface.stamp
[OHOS INFO] [NINJA] [949/32946] CXX obj/foundation/barrierfree/accessibility/frameworks/acfwk/src/accessibilityconfig/accessibility_config_impl.o
[OHOS INFO] [NINJA] [950/32946] CXX obj/foundation/barrierfree/accessibility/frameworks/acfwk/src/accessibilityconfig/accessibility_config.o
[OHOS INFO] [NINJA] [951/32946] STAMP obj/foundation/resourceschedule/background_task_mgr/interfaces/innerkits/expired_callback_interface.stamp
[OHOS INFO] [NINJA] [952/32946] CXX obj/foundation/graphic/graphic_2d/rosen/modules/composer/vsync/src/libvsync/vsync_system_ability_listener.o
[OHOS INFO] [NINJA] [953/32946] STAMP obj/foundation/window/window_manager/window_scene/common/window_scene_common.inputdeps.stamp
[OHOS INFO] [NINJA] [954/32946] STAMP obj/foundation/window/window_manager/wmserver/mock_session_manager_service_interface.stamp
[OHOS INFO] [NINJA] [955/32946] CXX obj/foundation/graphic/graphic_2d/rosen/modules/ressched/src/libvsync/ressched_event_listener.o
[OHOS INFO] [NINJA] [956/32946] ACTION //foundation/graphic/graphics_effect:graphics_effect_src__notice(//build/toolchain/ohos:ohos_clang_arm)
[OHOS INFO] [NINJA] [957/32945] SOLINK graphic/graphic_2d/libsocketpair.z.so
[OHOS INFO] [NINJA] [958/32945] STAMP obj/foundation/graphic/graphic_2d/utils/socketpair.stamp
[OHOS INFO] [NINJA] [959/32945] STAMP obj/base/security/dlp_permission_service/interfaces/inner_api/dlp_parse/libdlpparse.inputdeps.stamp
[OHOS INFO] [NINJA] [960/32945] ACTION //third_party/openssl:ssl_source__notice(//build/toolchain/ohos:ohos_clang_arm)
[OHOS INFO] [NINJA] [961/32943] ACTION //third_party/icu/ohos_icu4c:ohos_icudat__notice(//build/toolchain/ohos:ohos_clang_arm)
[OHOS INFO] [NINJA] [962/32942] ACTION //third_party/icu/ohos_icu4c:ohos_old_icudat__notice(//build/toolchain/ohos:ohos_clang_arm)
[OHOS INFO] [NINJA] [963/32941] ACTION //foundation/resourceschedule/background_task_mgr/interfaces/innerkits:bgtaskmgr_innerkits__notice(//build/toolchain/ohos:ohos_clang_arm)
[OHOS INFO] [NINJA] [964/32940] ACTION //third_party/protobuf:protobuf_lite__notice(//build/toolchain/ohos:ohos_clang_arm)
[OHOS INFO] [NINJA] [965/32938] ACTION //foundation/window/window_manager/window_scene/session_manager:session_manager_lite__notice(//build/toolchain/ohos:ohos_clang_arm)
[OHOS INFO] [NINJA] [966/32937] CXX obj/base/security/dlp_permission_service/interfaces/inner_api/dlp_permission/src/libdlp_permission_sdk/dlp_permission_death_recipient.o
[OHOS INFO] [NINJA] [967/32937] STAMP obj/foundation/ability/ability_runtime/interfaces/inner_api/dataobs_manager/dataobs_manager.inputdeps.stamp
[OHOS INFO] [NINJA] [968/32937] ACTION //foundation/window/window_manager/wmserver:mock_session_manager_service_proxy__notice(//build/toolchain/ohos:ohos_clang_arm)
[OHOS INFO] [NINJA] [969/32936] CXX obj/base/security/dlp_permission_service/interfaces/inner_api/dlp_permission/src/libdlp_permission_sdk/dlp_permission_client.o
[OHOS INFO] [NINJA] [970/32936] CXX obj/base/security/dlp_permission_service/interfaces/inner_api/dlp_permission/src/libdlp_permission_sdk/dlp_permission_kit.o
[OHOS INFO] [NINJA] [971/32936] STAMP obj/foundation/communication/ipc/interfaces/innerkits/ipc_napi_common/ipc_napi.inputdeps.stamp
[OHOS INFO] [NINJA] [972/32936] STAMP obj/foundation/distributeddatamgr/relational_store/interfaces/inner_api/dataability/native_dataability.inputdeps.stamp
[OHOS INFO] [NINJA] [973/32936] CXX obj/foundation/filemanagement/app_file_service/interfaces/common/src/fileuri_native/common_func.o
[OHOS INFO] [NINJA] [974/32936] ACTION //foundation/filemanagement/storage_service/interfaces/innerkits/storage_manager/native:storage_manager_interface_native(//build/toolchain/ohos:ohos_clang_arm)
[OHOS INFO] [NINJA] [975/32936] SOLINK resourceschedule/qos_manager/libconcurrent_task_client.z.so
[OHOS INFO] [NINJA] [976/32936] ACTION //foundation/ability/ability_runtime/interfaces/inner_api/ability_manager:ability_manager__notice(//build/toolchain/ohos:ohos_clang_arm)
[OHOS INFO] [NINJA] [977/32935] ACTION //foundation/ability/ability_runtime/interfaces/inner_api/ability_manager:ability_connect_callback_stub__notice(//build/toolchain/ohos:ohos_clang_arm)
[OHOS INFO] [NINJA] [978/32934] ACTION //foundation/distributeddatamgr/preferences/interfaces/inner_api:native_preferences__notice(//build/toolchain/ohos:ohos_clang_arm)
[OHOS INFO] [NINJA] [979/32933] STAMP obj/foundation/graphic/graphics_effect/graphics_effect_src.inputdeps.stamp
[OHOS INFO] [NINJA] [980/32933] STAMP obj/foundation/window/window_manager/window_scene/session_manager/session_manager_lite.inputdeps.stamp
[OHOS INFO] [NINJA] [981/32933] ACTION //third_party/abseil-cpp:absl_container__notice(//build/toolchain/ohos:ohos_clang_arm)
[OHOS INFO] [NINJA] [982/32932] CXX obj/out/rk3568/gen/foundation/window/window_manager/wmserver/mock_session_manager_service_proxy/mock_session_manager_interface_proxy.o
[OHOS INFO] [NINJA] [983/32932] ACTION //third_party/libphonenumber/cpp:phonenumber_standard__notice(//build/toolchain/ohos:ohos_clang_arm)
[OHOS INFO] [NINJA] [984/32930] ACTION //third_party/rust/crates/cxx:lib__notice(//build/toolchain/ohos:ohos_clang_arm)
[OHOS INFO] [NINJA] [985/32928] CXX obj/foundation/window/window_manager/window_scene/common/src/window_scene_common/session_permission.o
[OHOS INFO] [NINJA] [986/32928] ACTION //base/global/i18n/frameworks/intl:intl_util__notice(//build/toolchain/ohos:ohos_clang_arm)
[OHOS INFO] [NINJA] [987/32927] ACTION //third_party/rust/crates/cxx:cxx_cppdeps__notice(//build/toolchain/ohos:ohos_clang_arm)
[OHOS INFO] [NINJA] [988/32925] ACTION //foundation/resourceschedule/memmgr/interface/innerkits:memmgrclient__notice(//build/toolchain/ohos:ohos_clang_arm)
[OHOS INFO] [NINJA] [989/32924] STAMP obj/foundation/distributeddatamgr/preferences/interfaces/inner_api/native_preferences.inputdeps.stamp
[OHOS INFO] [NINJA] [990/32924] ACTION //third_party/lz4:liblz4_shared__notice(//build/toolchain/ohos:ohos_clang_arm)
[OHOS INFO] [NINJA] [991/32922] CXX obj/base/security/dlp_permission_service/interfaces/inner_api/dlp_parse/src/libdlpparse/dlp_file_kits.o
[OHOS INFO] [NINJA] [992/32922] STAMP obj/foundation/filemanagement/storage_service/interfaces/innerkits/storage_manager/native/storage_manager_interface_native.stamp
[OHOS INFO] [NINJA] [993/32922] CXX obj/base/security/dlp_permission_service/interfaces/inner_api/dlp_parse/src/libdlpparse/dlp_utils.o
[OHOS INFO] [NINJA] [994/32922] ACTION //foundation/graphic/graphic_2d/rosen/modules/render_service_base:particle_cxx_cppdeps__notice(//build/toolchain/ohos:ohos_clang_arm)
[OHOS INFO] [NINJA] [995/32921] ACTION //foundation/ability/ability_runtime/interfaces/inner_api/deps_wrapper:ability_deps_wrapper__notice(//build/toolchain/ohos:ohos_clang_arm)
[OHOS INFO] [NINJA] [996/32920] ACTION //foundation/filemanagement/storage_service/interfaces/innerkits/storage_manager/native:storage_manager_ipc_native__notice(//build/toolchain/ohos:ohos_clang_arm)
[OHOS INFO] [NINJA] [997/32919] ACTION //foundation/graphic/graphic_2d/rosen/modules/platform:hilog__notice(//build/toolchain/ohos:ohos_clang_arm)
[OHOS INFO] [NINJA] [998/32918] ACTION //foundation/graphic/graphic_2d/rosen/modules/render_service_base:particle_cxx_rust__notice(//build/toolchain/ohos:ohos_clang_arm)
[OHOS INFO] [NINJA] [999/32917] STAMP obj/foundation/resourceschedule/memmgr/interface/innerkits/memmgrclient.inputdeps.stamp
[OHOS INFO] [NINJA] [1000/32917] STAMP obj/foundation/window/window_manager/wmserver/mock_session_manager_service_proxy.stamp
[OHOS INFO] [NINJA] [1001/32917] ACTION //drivers/interface/display/graphic/common/v1_0:display_commontype_idl_headers__notice(//build/toolchain/ohos:ohos_clang_arm)
[OHOS INFO] [NINJA] [1002/32915] STAMP obj/foundation/ability/ability_runtime/interfaces/inner_api/deps_wrapper/ability_deps_wrapper.inputdeps.stamp
[OHOS INFO] [NINJA] [1003/32915] SOLINK account/os_account/libaccount_common.z.so
[OHOS INFO] [NINJA] [1004/32915] CXX obj/foundation/graphic/graphic_2d/rosen/modules/render_service_base/src/platform/ohos/rosen_ohos_sources/rs_jank_stats.o
[OHOS INFO] [NINJA] [1005/32915] ACTION //foundation/graphic/graphic_2d/rosen/modules/render_service_base:render_service_base_src__notice(//build/toolchain/ohos:ohos_clang_arm)
[OHOS INFO] [NINJA] [1006/32914] STAMP obj/foundation/filemanagement/storage_service/interfaces/innerkits/storage_manager/native/storage_manager_ipc_native.inputdeps.stamp
[OHOS INFO] [NINJA] [1007/32914] CXX obj/foundation/window/window_manager/window_scene/session_manager/src/session_manager_lite/session_manager_lite.o
[OHOS INFO] [NINJA] [1008/32914] ACTION //foundation/graphic/graphic_surface/surface:surface_headers__notice(//build/toolchain/ohos:ohos_clang_arm)
[OHOS INFO] [NINJA] [1009/32913] ACTION //foundation/graphic/graphics_effect:graphics_effect_core__notice(//build/toolchain/ohos:ohos_clang_arm)
[OHOS INFO] [NINJA] [1010/32912] STAMP obj/foundation/graphic/graphic_2d/rosen/modules/render_service_base/render_service_base_src.inputdeps.stamp
[OHOS INFO] [NINJA] [1011/32912] ACTION //third_party/openssl:libssl_shared__notice(//build/toolchain/ohos:ohos_clang_arm)
[OHOS INFO] [NINJA] [1012/32911] ACTION //third_party/icu/ohos_icu4c:icundk__notice(//build/toolchain/ohos:ohos_clang_arm)
[OHOS INFO] [NINJA] [1013/32910] ACTION //base/hiviewdfx/hiappevent/frameworks/native/libhiappevent/utility:hiappevent_utility__notice(//build/toolchain/ohos:ohos_clang_arm)
[OHOS INFO] [NINJA] [1014/32909] STAMP obj/base/hiviewdfx/hiappevent/frameworks/native/libhiappevent/utility/hiappevent_utility.inputdeps.stamp
[OHOS INFO] [NINJA] [1015/32909] ACTION //foundation/filemanagement/storage_service/interfaces/innerkits/storage_manager/native:storage_manager_header__notice(//build/toolchain/ohos:ohos_clang_arm)
[OHOS INFO] [NINJA] [1016/32908] ACTION //foundation/communication/dsoftbus/components/nstackx/nstackx_util:nstackx_util.open__notice(//build/toolchain/ohos:ohos_clang_arm)
[OHOS INFO] [NINJA] [1017/32907] ACTION //foundation/ability/ability_runtime/frameworks/native/appkit:app_context__notice(//build/toolchain/ohos:ohos_clang_arm)
[OHOS INFO] [NINJA] [1018/32906] ACTION //foundation/graphic/graphic_2d/rosen/modules/render_frame_trace:render_frame_trace__notice(//build/toolchain/ohos:ohos_clang_arm)
[OHOS INFO] [NINJA] [1019/32905] ACTION //foundation/filemanagement/storage_service/interfaces/innerkits/storage_manager/native:storage_manager_sa_proxy__notice(//build/toolchain/ohos:ohos_clang_arm)
[OHOS INFO] [NINJA] [1020/32904] STAMP obj/foundation/communication/dsoftbus/components/nstackx/nstackx_util/nstackx_util.open.inputdeps.stamp
[OHOS INFO] [NINJA] [1021/32904] ACTION //foundation/graphic/graphic_2d/rosen/modules/frame_analyzer:libframe_analyzer__notice(//build/toolchain/ohos:ohos_clang_arm)
[OHOS INFO] [NINJA] [1022/32903] ACTION //interface/sdk-js:ohos_ets_static_api_declaration__notice(//build/toolchain/ohos:ohos_clang_arm)
[OHOS INFO] [NINJA] [1023/32902] CXX obj/out/rk3568/gen/foundation/filemanagement/storage_service/interfaces/innerkits/storage_manager/native/storage_manager_ipc_native/storage_manager_proxy.o
[OHOS INFO] [NINJA] [1024/32902] ACTION //base/hiviewdfx/hiappevent/frameworks/native/libhiappevent/cache:hiappevent_cache__notice(//build/toolchain/ohos:ohos_clang_arm)
[OHOS INFO] [NINJA] [1025/32901] ACTION //base/hiviewdfx/hiappevent/frameworks/native/libhiappevent/policy:hiappevent_policy__notice(//build/toolchain/ohos:ohos_clang_arm)
[OHOS INFO] [NINJA] [1026/32900] CXX obj/out/rk3568/gen/foundation/filemanagement/storage_service/interfaces/innerkits/storage_manager/native/storage_manager_ipc_native/uece_activation_callback_proxy.o
[OHOS INFO] [NINJA] [1027/32900] STAMP obj/foundation/filemanagement/storage_service/interfaces/innerkits/storage_manager/native/storage_manager_sa_proxy.inputdeps.stamp
[OHOS INFO] [NINJA] [1028/32900] STAMP obj/foundation/graphic/graphic_2d/rosen/modules/frame_analyzer/libframe_analyzer.inputdeps.stamp
[OHOS INFO] [NINJA] [1029/32900] CXX obj/out/rk3568/gen/foundation/filemanagement/storage_service/interfaces/innerkits/storage_manager/native/storage_manager_ipc_native/storage_manager_stub.o
[OHOS INFO] [NINJA] [1030/32900] STAMP obj/base/hiviewdfx/hiappevent/frameworks/native/libhiappevent/cache/hiappevent_cache.inputdeps.stamp
[OHOS INFO] [NINJA] [1031/32900] CXX obj/out/rk3568/gen/foundation/filemanagement/storage_service/interfaces/innerkits/storage_manager/native/storage_manager_ipc_native/uece_activation_callback_stub.o
[OHOS INFO] [NINJA] [1032/32900] ACTION //foundation/communication/dsoftbus/dfx:softbus_dfx__notice(//build/toolchain/ohos:ohos_clang_arm)
[OHOS INFO] [NINJA] [1033/32899] ACTION //foundation/resourceschedule/frame_aware_sched/interfaces/innerkits/frameintf:frame_trace_intf__notice(//build/toolchain/ohos:ohos_clang_arm)
[OHOS INFO] [NINJA] [1034/32898] STAMP obj/foundation/graphic/graphic_2d/rosen/modules/render_frame_trace/render_frame_trace.inputdeps.stamp
[OHOS INFO] [NINJA] [1035/32898] ACTION //foundation/graphic/graphic_2d/rosen/modules/render_service_base:librender_service_base__notice(//build/toolchain/ohos:ohos_clang_arm)
[OHOS INFO] [NINJA] [1036/32897] ACTION //foundation/graphic/graphic_2d/rosen/modules/render_service_client:render_service_client_src__notice(//build/toolchain/ohos:ohos_clang_arm)
[OHOS INFO] [NINJA] [1037/32896] ACTION //third_party/libcoap:libcoap__notice(//build/toolchain/ohos:ohos_clang_arm)
[OHOS INFO] [NINJA] [1038/32896] STAMP obj/foundation/communication/dsoftbus/dfx/softbus_dfx.inputdeps.stamp
[OHOS INFO] [NINJA] [1039/32896] STAMP obj/third_party/libcoap/libcoap__notice.stamp
[OHOS INFO] [NINJA] [1040/32896] STAMP obj/foundation/filemanagement/storage_service/interfaces/innerkits/storage_manager/native/storage_manager_ipc_native.stamp
[OHOS INFO] [NINJA] [1041/32896] ACTION //base/time/time_service/services:timeservice_interface(//build/toolchain/ohos:ohos_clang_arm)
[OHOS INFO] [NINJA] [1042/32896] STAMP obj/foundation/graphic/graphic_2d/rosen/modules/render_service_client/render_service_client_src.inputdeps.stamp
[OHOS INFO] [NINJA] [1043/32896] STAMP obj/third_party/libcoap/libcoap.inputdeps.stamp
[OHOS INFO] [NINJA] [1044/32896] ACTION //foundation/communication/dsoftbus/components/nstackx/nstackx_congestion:nstackx_congestion.open__notice(//build/toolchain/ohos:ohos_clang_arm)
[OHOS INFO] [NINJA] [1045/32895] STAMP obj/foundation/communication/dsoftbus/components/nstackx/nstackx_congestion/nstackx_congestion.open.inputdeps.stamp
[OHOS INFO] [NINJA] [1046/32895] CXX obj/foundation/graphic/graphic_2d/rosen/modules/render_frame_trace/src/render_frame_trace/frame_rate_report.o
[OHOS INFO] [NINJA] [1047/32895] ACTION //base/hiviewdfx/hiappevent/frameworks/native/libhiappevent/cleaner:hiappevent_cleaner__notice(//build/toolchain/ohos:ohos_clang_arm)
[OHOS INFO] [NINJA] [1048/32894] SOLINK resourceschedule/resource_schedule_service/libressched_client.z.so
[OHOS INFO] [NINJA] [1049/32894] ACTION //base/hiviewdfx/hiappevent/frameworks/native/libhiappevent/stat:hiappevent_stat__notice(//build/toolchain/ohos:ohos_clang_arm)
[OHOS INFO] [NINJA] [1050/32893] STAMP obj/base/hiviewdfx/hiappevent/frameworks/native/libhiappevent/cleaner/hiappevent_cleaner.inputdeps.stamp
[OHOS INFO] [NINJA] [1051/32893] STAMP obj/base/time/time_service/services/timeservice_interface.stamp
[OHOS INFO] [NINJA] [1052/32893] ACTION //base/hiviewdfx/hiappevent/frameworks/native/libhiappevent/observer:hiappevent_observer__notice(//build/toolchain/ohos:ohos_clang_arm)
[OHOS INFO] [NINJA] [1053/32892] STAMP obj/base/hiviewdfx/hiappevent/frameworks/native/libhiappevent/stat/hiappevent_stat.inputdeps.stamp
[OHOS INFO] [NINJA] [1054/32892] ACTION //drivers/interface/display/composer/v1_3:libdisplay_composer_proxy_1.3__notice(//build/toolchain/ohos:ohos_clang_arm)
[OHOS INFO] [NINJA] [1055/32891] ACTION //foundation/communication/dsoftbus/adapter:softbus_adapter__notice(//build/toolchain/ohos:ohos_clang_arm)
[OHOS INFO] [NINJA] [1056/32890] ACTION //foundation/communication/dsoftbus/components/nstackx/fillp:FillpSo.open__notice(//build/toolchain/ohos:ohos_clang_arm)
[OHOS INFO] [NINJA] [1057/32889] STAMP obj/drivers/interface/display/composer/v1_3/libdisplay_composer_proxy_1.3.inputdeps.stamp
[OHOS INFO] [NINJA] [1058/32889] STAMP obj/foundation/communication/dsoftbus/adapter/softbus_adapter.inputdeps.stamp
[OHOS INFO] [NINJA] [1059/32889] STAMP obj/foundation/communication/dsoftbus/components/nstackx/fillp/FillpSo.open.inputdeps.stamp
[OHOS INFO] [NINJA] [1060/32889] STAMP obj/foundation/graphic/graphic_2d/rosen/modules/render_frame_trace/render_frame_trace.stamp
[OHOS INFO] [NINJA] [1061/32889] ACTION //foundation/communication/dsoftbus/components/nstackx/nstackx_core/dfile:nstackx_dfile.open__notice(//build/toolchain/ohos:ohos_clang_arm)
[OHOS INFO] [NINJA] [1062/32888] CXX obj/foundation/graphic/graphic_2d/rosen/modules/render_service_client/core/render_thread/render_service_client_src/rs_render_thread_util.o
[OHOS INFO] [NINJA] [1063/32888] STAMP obj/foundation/communication/dsoftbus/components/nstackx/nstackx_core/dfile/nstackx_dfile.open.inputdeps.stamp
[OHOS INFO] [NINJA] [1064/32888] ACTION //developtools/ace_ets2bundle/ets1.2/interop:interop_compile(//build/toolchain/linux:clang_x64)
[OHOS INFO] [NINJA] [1065/32887] ACTION //foundation/communication/dsoftbus/components/nstackx/nstackx_ctrl:nstackx_ctrl__notice(//build/toolchain/ohos:ohos_clang_arm)
[OHOS INFO] [NINJA] [1066/32886] STAMP obj/foundation/communication/dsoftbus/components/nstackx/nstackx_ctrl/nstackx_ctrl.inputdeps.stamp
[OHOS INFO] [NINJA] [1067/32886] ACTION //base/hiviewdfx/hiappevent/frameworks/native/libhiappevent:libhiappevent_base__notice(//build/toolchain/ohos:ohos_clang_arm)
[OHOS INFO] [NINJA] [1068/32885] CXX obj/foundation/graphic/graphic_2d/rosen/modules/render_service_client/core/pipeline/render_service_client_src/rs_render_thread.o
[OHOS INFO] [NINJA] [1069/32885] ACTION //interface/sdk-js:ohos_ets_static_api_internal__notice(//build/toolchain/ohos:ohos_clang_arm)
[OHOS INFO] [NINJA] [1070/32884] ACTION //base/time/time_service/services:timeservice_proxy__notice(//build/toolchain/ohos:ohos_clang_arm)
[OHOS INFO] [NINJA] [1071/32883] ACTION //base/msdp/device_status/utils/common:devicestatus_util__notice(//build/toolchain/ohos:ohos_clang_arm)
[OHOS INFO] [NINJA] [1072/32882] ACTION //foundation/graphic/graphic_2d/rosen/modules/render_service_client:librender_service_client__notice(//build/toolchain/ohos:ohos_clang_arm)
[OHOS INFO] [NINJA] [1073/32881] ACTION //foundation/communication/dsoftbus/core/common:softbus_utils__notice(//build/toolchain/ohos:ohos_clang_arm)
[OHOS INFO] [NINJA] [1074/32880] STAMP obj/base/msdp/device_status/utils/common/devicestatus_util.inputdeps.stamp
[OHOS INFO] [NINJA] [1075/32880] STAMP obj/foundation/communication/dsoftbus/core/common/softbus_utils.inputdeps.stamp
[OHOS INFO] [NINJA] [1076/32880] ACTION //base/hiviewdfx/hiappevent/interfaces/native/inner_api:hiappevent_innerapi__notice(//build/toolchain/ohos:ohos_clang_arm)
[OHOS INFO] [NINJA] [1077/32879] CXX obj/foundation/graphic/graphic_2d/rosen/modules/render_service_client/core/ui/render_service_client_src/rs_node.o
[OHOS INFO] [NINJA] [1078/32879] ACTION //base/msdp/device_status/utils/ipc:devicestatus_ipc__notice(//build/toolchain/ohos:ohos_clang_arm)
[OHOS INFO] [NINJA] [1079/32878] ACTION //drivers/hdf_core/adapter/uhdf2/utils:libhdf_utils__notice(//build/toolchain/ohos:ohos_clang_arm)
[OHOS INFO] [NINJA] [1080/32877] ACTION //drivers/interface/display/composer/v1_5:libdisplay_composer_proxy_1.5__notice(//build/toolchain/ohos:ohos_clang_arm)
[OHOS INFO] [NINJA] [1081/32876] STAMP obj/base/msdp/device_status/utils/ipc/devicestatus_ipc.inputdeps.stamp
[OHOS INFO] [NINJA] [1082/32876] ACTION //base/msdp/device_status/intention/ipc/tunnel:intention_interface(//build/toolchain/ohos:ohos_clang_arm)
[OHOS INFO] [NINJA] [1083/32876] STAMP obj/drivers/hdf_core/adapter/uhdf2/utils/libhdf_utils.inputdeps.stamp
[OHOS INFO] [NINJA] [1084/32876] ACTION //drivers/interface/display/composer/v1_4:libdisplay_composer_proxy_1.4__notice(//build/toolchain/ohos:ohos_clang_arm)
[OHOS INFO] [NINJA] [1085/32875] ACTION //foundation/ability/form_fwk:form_config__notice(//build/toolchain/ohos:ohos_clang_arm)
[OHOS INFO] [NINJA] [1086/32874] STAMP obj/drivers/interface/display/composer/v1_4/libdisplay_composer_proxy_1.4.inputdeps.stamp
[OHOS INFO] [NINJA] [1087/32874] STAMP obj/drivers/interface/display/composer/v1_5/libdisplay_composer_proxy_1.5.inputdeps.stamp
[OHOS INFO] [NINJA] [1088/32874] ACTION //base/time/time_service/interfaces/inner_api:time_client__notice(//build/toolchain/ohos:ohos_clang_arm)
[OHOS INFO] [NINJA] [1089/32873] SOLINK systemabilitymgr/samgr/libsamgr_common.z.so
[OHOS INFO] [NINJA] [1090/32873] ACTION //arkcompiler/runtime_core/static_core/plugins/ets/runtime/libani_helpers/interop_js:hybridgref_static__notice(//build/toolchain/ohos:ohos_clang_arm)
[OHOS INFO] [NINJA] [1091/32872] ACTION //foundation/communication/dsoftbus/sdk:softbus_client__notice(//build/toolchain/ohos:ohos_clang_arm)
[OHOS INFO] [NINJA] [1092/32871] ACTION //developtools/ace_ets2bundle/ets1.2:ohos_ets_libarkts_pack_prebuilt__notice(//build/toolchain/linux:clang_x64)
[OHOS INFO] [NINJA] [1093/32870] STAMP obj/foundation/communication/dsoftbus/sdk/softbus_client.inputdeps.stamp
[OHOS INFO] [NINJA] [1094/32870] ACTION //interface/sdk-js:ohos_ets_api__notice(//build/toolchain/ohos:ohos_clang_arm)
[OHOS INFO] [NINJA] [1095/32869] ACTION //base/hiviewdfx/hichecker/interfaces/native/innerkits:hichecker.para__notice(//build/toolchain/ohos:ohos_clang_arm)
[OHOS INFO] [NINJA] [1096/32868] ACTION //base/hiviewdfx/hichecker/interfaces/native/innerkits:hichecker.para.dac__notice(//build/toolchain/ohos:ohos_clang_arm)
[OHOS INFO] [NINJA] [1097/32867] ACTION //base/hiviewdfx/hichecker/frameworks/native:libhichecker_source__notice(//build/toolchain/ohos:ohos_clang_arm)
[OHOS INFO] [NINJA] [1098/32866] STAMP obj/base/hiviewdfx/hichecker/frameworks/native/libhichecker_source.inputdeps.stamp
[OHOS INFO] [NINJA] [1099/32866] ACTION //base/msdp/device_status/intention/ipc/tunnel:msdp_kit_report__notice(//build/toolchain/ohos:ohos_clang_arm)
[OHOS INFO] [NINJA] [1100/32865] ACTION //arkcompiler/runtime_core/static_core/plugins/ets/runtime/libani_helpers:ani_helpers_static__notice(//build/toolchain/ohos:ohos_clang_arm)
[OHOS INFO] [NINJA] [1101/32864] ACTION //base/msdp/device_status/intention/ipc/tunnel:intention_client__notice(//build/toolchain/ohos:ohos_clang_arm)
[OHOS INFO] [NINJA] [1102/32863] STAMP obj/base/msdp/device_status/intention/ipc/tunnel/intention_interface.stamp
[OHOS INFO] [NINJA] [1103/32863] ACTION //base/msdp/device_status/intention/ipc/sequenceable_types:sequenceable_types__notice(//build/toolchain/ohos:ohos_clang_arm)
[OHOS INFO] [NINJA] [1104/32862] STAMP obj/base/msdp/device_status/intention/ipc/sequenceable_types/sequenceable_types.inputdeps.stamp
[OHOS INFO] [NINJA] [1105/32862] ACTION //base/msdp/device_status/intention/prototype:intention_prototype__notice(//build/toolchain/ohos:ohos_clang_arm)
[OHOS INFO] [NINJA] [1106/32861] ACTION //foundation/ability/form_fwk:form_utils__notice(//build/toolchain/ohos:ohos_clang_arm)
[OHOS INFO] [NINJA] [1107/32860] ACTION //drivers/interface/display/composer/v1_3:libdisplay_composer_hdi_impl_1.3__notice(//build/toolchain/ohos:ohos_clang_arm)
[OHOS INFO] [NINJA] [1108/32859] ACTION //base/powermgr/power_manager/interfaces/inner_api:powermgr_interface(//build/toolchain/ohos:ohos_clang_arm)
[OHOS INFO] [NINJA] [1109/32859] ACTION //drivers/interface/display/composer/v1_2:libdisplay_composer_hdi_impl_1.2__notice(//build/toolchain/ohos:ohos_clang_arm)
[OHOS INFO] [NINJA] [1110/32858] ACTION //drivers/interface/display/composer/v1_4:libdisplay_composer_hdi_impl_1.4__notice(//build/toolchain/ohos:ohos_clang_arm)
[OHOS INFO] [NINJA] [1111/32857] ACTION //drivers/interface/display/composer/v1_1:libdisplay_composer_hdi_impl_1.1__notice(//build/toolchain/ohos:ohos_clang_arm)
[OHOS INFO] [NINJA] [1112/32856] ACTION //foundation/multimedia/image_framework/frameworks/innerkitsimpl/egl_image:egl_image__notice(//build/toolchain/ohos:ohos_clang_arm)
[OHOS INFO] [NINJA] [1113/32855] ACTION //drivers/interface/display/composer/v1_5:libdisplay_composer_hdi_impl_1.5__notice(//build/toolchain/ohos:ohos_clang_arm)
[OHOS INFO] [NINJA] [1114/32854] ACTION //foundation/graphic/graphic_2d/interfaces/kits/napi/graphic/color_manager:color_space_object_convertor__notice(//build/toolchain/ohos:ohos_clang_arm)
[OHOS INFO] [NINJA] [1115/32853] ACTION //developtools/ace_ets2bundle/ets1.2:ohos_ets_libarkts__notice(//build/toolchain/linux:clang_x64)
[OHOS INFO] [NINJA] [1116/32852] STAMP obj/base/powermgr/power_manager/interfaces/inner_api/powermgr_interface.stamp
[OHOS INFO] [NINJA] [1117/32852] ACTION //base/hiviewdfx/hichecker/interfaces/native/innerkits:libhichecker__notice(//build/toolchain/ohos:ohos_clang_arm)
[OHOS INFO] [NINJA] [1118/32851] ACTION //foundation/graphic/graphic_2d/rosen/modules/composer:libcomposer__notice(//build/toolchain/ohos:ohos_clang_arm)
[OHOS INFO] [NINJA] [1119/32850] ACTION //foundation/window/window_manager/utils:libwmutil__notice(//build/toolchain/ohos:ohos_clang_arm)
[OHOS INFO] [NINJA] [1120/32849] ACTION //base/msdp/device_status/intention/common/epoll:intention_epoll__notice(//build/toolchain/ohos:ohos_clang_arm)
[OHOS INFO] [NINJA] [1121/32848] ACTION //foundation/ability/form_fwk:form_host_delegate_interface(//build/toolchain/ohos:ohos_clang_arm)
[OHOS INFO] [NINJA] [1122/32848] STAMP obj/foundation/ability/form_fwk/form_utils.inputdeps.stamp
[OHOS INFO] [NINJA] [1123/32848] ACTION //base/powermgr/power_manager/interfaces/inner_api:powermgr_client__notice(//build/toolchain/ohos:ohos_clang_arm)
[OHOS INFO] [NINJA] [1124/32847] ACTION //base/global/resource_management/frameworks/resmgr:librawfile__notice(//build/toolchain/ohos:ohos_clang_arm)
[OHOS INFO] [NINJA] [1125/32846] ACTION //base/msdp/device_status/intention/ipc/socket:intention_socket_connection__notice(//build/toolchain/ohos:ohos_clang_arm)
[OHOS INFO] [NINJA] [1126/32845] STAMP obj/foundation/graphic/graphic_2d/interfaces/kits/napi/graphic/color_manager/color_space_object_convertor.inputdeps.stamp
[OHOS INFO] [NINJA] [1127/32845] STAMP obj/foundation/graphic/graphic_2d/rosen/modules/composer/libcomposer.inputdeps.stamp
[OHOS INFO] [NINJA] [1128/32845] STAMP obj/foundation/multimedia/image_framework/frameworks/innerkitsimpl/egl_image/egl_image.inputdeps.stamp
[OHOS INFO] [NINJA] [1129/32845] ACTION //foundation/ability/form_fwk:form_provider_delegate_interface(//build/toolchain/ohos:ohos_clang_arm)
[OHOS INFO] [NINJA] [1130/32845] ACTION //foundation/ability/form_fwk:form_common_info__notice(//build/toolchain/ohos:ohos_clang_arm)
[OHOS INFO] [NINJA] [1131/32844] ACTION //foundation/window/window_manager/dm_lite:libdm_lite__notice(//build/toolchain/ohos:ohos_clang_arm)
[OHOS INFO] [NINJA] [1132/32843] ACTION //foundation/multimedia/image_framework/interfaces/kits/js/common:image_error_convert__notice(//build/toolchain/ohos:ohos_clang_arm)
[OHOS INFO] [NINJA] [1133/32842] ACTION //foundation/ability/form_fwk:form_render_info__notice(//build/toolchain/ohos:ohos_clang_arm)
[OHOS INFO] [NINJA] [1134/32841] ACTION //foundation/multimodalinput/input/util/napi:libmmi-napi__notice(//build/toolchain/ohos:ohos_clang_arm)
[OHOS INFO] [NINJA] [1135/32840] ACTION //foundation/window/window_manager/dmserver:display_manager_interface(//build/toolchain/ohos:ohos_clang_arm)
[OHOS INFO] [NINJA] [1136/32840] ACTION //base/msdp/device_status/intention/stationary/data:intention_stationary_data__notice(//build/toolchain/ohos:ohos_clang_arm)
[OHOS INFO] [NINJA] [1137/32839] SOLINK account/os_account/libaccountkits.z.so
[OHOS INFO] [NINJA] [1138/32839] ACTION //foundation/multimedia/image_framework/interfaces/kits/js/common:image__notice(//build/toolchain/ohos:ohos_clang_arm)
[OHOS INFO] [NINJA] [1139/32838] ACTION //foundation/ability/form_fwk:form_host_delegate_proxy__notice(//build/toolchain/ohos:ohos_clang_arm)
[OHOS INFO] [NINJA] [1140/32837] ACTION //foundation/ability/form_fwk:form_manager__notice(//build/toolchain/ohos:ohos_clang_arm)
[OHOS INFO] [NINJA] [1141/32836] STAMP obj/base/powermgr/power_manager/interfaces/inner_api/powermgr_client.inputdeps.stamp
[OHOS INFO] [NINJA] [1142/32836] ACTION //arkcompiler/runtime_core/static_core/plugins/ets/runtime/libani_helpers:ani_helpers__notice(//build/toolchain/ohos:ohos_clang_arm)
[OHOS INFO] [NINJA] [1143/32835] ACTION //foundation/ability/form_fwk:form_provider_delegate_proxy__notice(//build/toolchain/ohos:ohos_clang_arm)
[OHOS INFO] [NINJA] [1144/32834] ACTION //foundation/ability/form_fwk:form_provider_delegate_stub__notice(//build/toolchain/ohos:ohos_clang_arm)
[OHOS INFO] [NINJA] [1145/32833] ACTION //foundation/ability/form_fwk:form_host_delegate_stub__notice(//build/toolchain/ohos:ohos_clang_arm)
[OHOS INFO] [NINJA] [1146/32832] STAMP obj/foundation/ability/form_fwk/form_common_info.inputdeps.stamp
[OHOS INFO] [NINJA] [1147/32832] STAMP obj/foundation/ability/form_fwk/form_host_delegate_interface.stamp
[OHOS INFO] [NINJA] [1148/32832] ACTION //foundation/window/window_manager/dm:libdm__notice(//build/toolchain/ohos:ohos_clang_arm)
[OHOS INFO] [NINJA] [1149/32831] STAMP obj/foundation/ability/form_fwk/form_provider_delegate_interface.stamp
[OHOS INFO] [NINJA] [1150/32831] STAMP obj/foundation/ability/form_fwk/form_render_info.inputdeps.stamp
[OHOS INFO] [NINJA] [1151/32831] ACTION //foundation/multimedia/media_foundation/services/media_monitor:media_monitor_common__notice(//build/toolchain/ohos:ohos_clang_arm)
[OHOS INFO] [NINJA] [1152/32830] ACTION //foundation/arkui/ace_engine/interfaces/inner_api/drawable_descriptor:drawable_descriptor__notice(//build/toolchain/ohos:ohos_clang_arm)
[OHOS INFO] [NINJA] [1153/32829] STAMP obj/foundation/multimodalinput/input/util/napi/libmmi-napi.inputdeps.stamp
[OHOS INFO] [NINJA] [1154/32829] STAMP obj/foundation/window/window_manager/dmserver/display_manager_interface.stamp
[OHOS INFO] [NINJA] [1155/32829] ACTION //foundation/window/window_manager/window_scene/session:screen_session__notice(//build/toolchain/ohos:ohos_clang_arm)
[OHOS INFO] [NINJA] [1156/32828] ACTION //foundation/multimedia/media_foundation/services/media_monitor:media_monitor_interface(//build/toolchain/ohos:ohos_clang_arm)
[OHOS INFO] [NINJA] [1157/32828] ACTION //base/msdp/device_status/intention/cooperate/client:intention_cooperate_client__notice(//build/toolchain/ohos:ohos_clang_arm)
[OHOS INFO] [NINJA] [1158/32827] ACTION //foundation/window/window_manager/dmserver:display_manager_interface_source_set_proxy__notice(//build/toolchain/ohos:ohos_clang_arm)
[OHOS INFO] [NINJA] [1159/32826] ACTION //foundation/window/window_manager/wm:libwm_lite__notice(//build/toolchain/ohos:ohos_clang_arm)
[OHOS INFO] [NINJA] [1160/32825] ACTION //base/msdp/device_status/intention/boomerang/client:intention_boomerang_client__notice(//build/toolchain/ohos:ohos_clang_arm)
[OHOS INFO] [NINJA] [1161/32824] CXX obj/base/powermgr/power_manager/frameworks/native/powermgr_client/client_lifecycle.o
[OHOS INFO] [NINJA] [1162/32824] CXX obj/base/powermgr/power_manager/frameworks/native/powermgr_client/running_lock.o
[OHOS INFO] [NINJA] [1163/32824] ACTION //base/msdp/device_status/intention/onscreen/client:intention_on_screen_client__notice(//build/toolchain/ohos:ohos_clang_arm)
[OHOS INFO] [NINJA] [1164/32823] CXX obj/base/powermgr/power_manager/frameworks/native/shutdown/powermgr_client/shutdown_client.o
[OHOS INFO] [NINJA] [1165/32823] CXX obj/out/rk3568/gen/base/powermgr/power_manager/interfaces/inner_api/powermgr_client/power_mgr_proxy.o
[OHOS INFO] [NINJA] [1166/32823] CXX obj/base/powermgr/power_manager/frameworks/native/powermgr_client/power_mgr_client.o
[OHOS INFO] [NINJA] [1167/32823] CXX obj/out/rk3568/gen/foundation/ability/form_fwk/form_provider_delegate_proxy/form_provider_delegate_proxy.o
[OHOS INFO] [NINJA] [1168/32823] ACTION //base/msdp/device_status/intention/drag/client:intention_drag_client__notice(//build/toolchain/ohos:ohos_clang_arm)
[OHOS INFO] [NINJA] [1169/32822] ACTION //base/msdp/device_status/intention/stationary/client:intention_stationary_client__notice(//build/toolchain/ohos:ohos_clang_arm)
[OHOS INFO] [NINJA] [1170/32821] CXX obj/out/rk3568/gen/foundation/ability/form_fwk/form_host_delegate_proxy/form_host_delegate_proxy.o
[OHOS INFO] [NINJA] [1171/32821] CXX obj/out/rk3568/gen/foundation/ability/form_fwk/form_host_delegate_stub/form_host_delegate_stub.o
[OHOS INFO] [NINJA] [1172/32821] CXX obj/out/rk3568/gen/foundation/ability/form_fwk/form_provider_delegate_stub/form_provider_delegate_stub.o
[OHOS INFO] [NINJA] [1173/32821] STAMP obj/foundation/multimedia/media_foundation/services/media_monitor/media_monitor_common.inputdeps.stamp
[OHOS INFO] [NINJA] [1174/32821] STAMP obj/foundation/multimedia/media_foundation/services/media_monitor/media_monitor_interface.stamp
[OHOS INFO] [NINJA] [1175/32821] ACTION //base/msdp/device_status/interfaces/innerkits:drag_data_util__notice(//build/toolchain/ohos:ohos_clang_arm)
[OHOS INFO] [NINJA] [1176/32820] ACTION //base/global/resource_management/interfaces/js/innerkits/core:resmgr_napi_core__notice(//build/toolchain/ohos:ohos_clang_arm)
[OHOS INFO] [NINJA] [1177/32819] ACTION //base/msdp/device_status/interfaces/innerkits:devicestatus_client__notice(//build/toolchain/ohos:ohos_clang_arm)
[OHOS INFO] [NINJA] [1178/32818] CXX obj/out/rk3568/gen/foundation/window/window_manager/dmserver/display_manager_interface_source_set_proxy/display_manager_proxy.o
[OHOS INFO] [NINJA] [1179/32818] ACTION //foundation/ability/ability_runtime/frameworks/native/ability/native:auto_startup_callback__notice(//build/toolchain/ohos:ohos_clang_arm)
[OHOS INFO] [NINJA] [1180/32817] SOLINK hdf/drivers_interface_display/libdisplay_composer_hdi_impl_1.1.z.so
[OHOS INFO] [NINJA] [1181/32817] ACTION //foundation/graphic/graphic_2d/rosen/modules/animation/window_animation:window_animation__notice(//build/toolchain/ohos:ohos_clang_arm)
[OHOS INFO] [NINJA] [1182/32816] STAMP obj/foundation/graphic/graphic_2d/rosen/modules/animation/window_animation/window_animation.inputdeps.stamp
[OHOS INFO] [NINJA] [1183/32816] ACTION //foundation/multimedia/media_foundation/services/media_monitor:media_monitor_client__notice(//build/toolchain/ohos:ohos_clang_arm)
[OHOS INFO] [NINJA] [1184/32815] STAMP obj/foundation/multimedia/media_foundation/services/media_monitor/media_monitor_client.inputdeps.stamp
[OHOS INFO] [NINJA] [1185/32815] SOLINK hdf/drivers_interface_display/libdisplay_composer_hdi_impl_1.3.z.so
[OHOS INFO] [NINJA] [1186/32815] ACTION //foundation/ability/ability_runtime/frameworks/js/napi/inner/napi_common:napi_common__notice(//build/toolchain/ohos:ohos_clang_arm)
[OHOS INFO] [NINJA] [1187/32814] ACTION //foundation/window/window_manager/window_scene/intention_event/service:intention_event_anr_manager__notice(//build/toolchain/ohos:ohos_clang_arm)
[OHOS INFO] [NINJA] [1188/32813] STAMP obj/foundation/window/window_manager/window_scene/intention_event/service/intention_event_anr_manager.inputdeps.stamp
[OHOS INFO] [NINJA] [1189/32813] ACTION //foundation/window/window_manager/window_scene/screen_session_manager_client:screen_session_manager_client__notice(//build/toolchain/ohos:ohos_clang_arm)
[OHOS INFO] [NINJA] [1190/32812] ACTION //foundation/ability/ability_runtime/frameworks/native/appkit:application_context_manager__notice(//build/toolchain/ohos:ohos_clang_arm)
[OHOS INFO] [NINJA] [1191/32811] ACTION //foundation/ability/ability_runtime/frameworks/native/appkit:app_context_utils__notice(//build/toolchain/ohos:ohos_clang_arm)
[OHOS INFO] [NINJA] [1192/32810] ACTION //foundation/window/window_manager/window_scene/session:scene_session__notice(//build/toolchain/ohos:ohos_clang_arm)
[OHOS INFO] [NINJA] [1193/32809] ACTION //foundation/window/window_manager/window_scene/session:ui_effect_controller_client__notice(//build/toolchain/ohos:ohos_clang_arm)
[OHOS INFO] [NINJA] [1194/32808] ACTION //foundation/window/window_manager/utils:ui_effect_controller_common__notice(//build/toolchain/ohos:ohos_clang_arm)
[OHOS INFO] [NINJA] [1195/32807] ACTION //foundation/ability/ability_runtime/frameworks/native/ability/native:dialog_request_callback__notice(//build/toolchain/ohos:ohos_clang_arm)
[OHOS INFO] [NINJA] [1196/32806] STAMP obj/foundation/ability/ability_runtime/frameworks/native/ability/native/dialog_request_callback.inputdeps.stamp
[OHOS INFO] [NINJA] [1197/32806] ACTION //foundation/multimedia/audio_framework/services/audio_service/idl:audio_policy_idl_interface(//build/toolchain/ohos:ohos_clang_arm)
[OHOS INFO] [NINJA] [1198/32806] ACTION //foundation/multimedia/audio_framework/services/audio_service/idl:audio_policy_idl_callback(//build/toolchain/ohos:ohos_clang_arm)
[OHOS INFO] [NINJA] [1199/32806] CXX obj/out/rk3568/gen/foundation/multimedia/media_foundation/services/media_monitor/media_monitor_client/media_monitor_proxy.o
[OHOS INFO] [NINJA] [1200/32806] CXX obj/foundation/multimedia/media_foundation/services/media_monitor/client/src/media_monitor_client/media_monitor_manager.o
[OHOS INFO] [NINJA] [1201/32806] ACTION //foundation/multimedia/audio_framework/frameworks/native/audioutils:audio_utils__notice(//build/toolchain/ohos:ohos_clang_arm)
[OHOS INFO] [NINJA] [1202/32805] ACTION //foundation/multimedia/audio_framework/services/audio_service/idl:audio_service_idl_callback(//build/toolchain/ohos:ohos_clang_arm)
[OHOS INFO] [NINJA] [1203/32805] ACTION //foundation/multimedia/audio_framework/frameworks/native/audiodefinitions:audio_definitions__notice(//build/toolchain/ohos:ohos_clang_arm)
[OHOS INFO] [NINJA] [1204/32804] ACTION //third_party/sonic:sonic__notice(//build/toolchain/ohos:ohos_clang_arm)
[OHOS INFO] [NINJA] [1205/32804] ACTION //foundation/ability/ability_runtime/frameworks/native/ability:ability_context_native__notice(//build/toolchain/ohos:ohos_clang_arm)
[OHOS INFO] [NINJA] [1206/32803] ACTION //base/security/access_token/interfaces/innerkits/token_callback:libtoken_callback_sdk__notice(//build/toolchain/ohos:ohos_clang_arm)
[OHOS INFO] [NINJA] [1207/32802] ACTION //foundation/window/window_manager/window_scene/session_manager:session_manager__notice(//build/toolchain/ohos:ohos_clang_arm)
[OHOS INFO] [NINJA] [1208/32801] ACTION //foundation/multimedia/audio_framework/services/audio_service/idl:audio_service_idl_interface(//build/toolchain/ohos:ohos_clang_arm)
[OHOS INFO] [NINJA] [1209/32801] ACTION //foundation/arkui/ace_engine/interfaces/inner_api/xcomponent_controller:ace_xcomponent_controller__notice(//build/toolchain/ohos:ohos_clang_arm)
[OHOS INFO] [NINJA] [1210/32800] ACTION //foundation/multimedia/audio_framework/services/audio_engine:audio_engine_plugins__notice(//build/toolchain/ohos:ohos_clang_arm)
[OHOS INFO] [NINJA] [1211/32799] ACTION //foundation/multimedia/audio_framework/services/audio_service/idl:audio_framework_interface__notice(//build/toolchain/ohos:ohos_clang_arm)
[OHOS INFO] [NINJA] [1212/32798] SOLINK hdf/drivers_interface_display/libdisplay_composer_hdi_impl_1.2.z.so
[OHOS INFO] [NINJA] [1213/32798] ACTION //foundation/window/window_manager/wm:libwm__notice(//build/toolchain/ohos:ohos_clang_arm)
[OHOS INFO] [NINJA] [1214/32797] ACTION //third_party/openhitls:bsl_source__notice(//build/toolchain/ohos:ohos_clang_arm)
[OHOS INFO] [NINJA] [1215/32795] SOLINK filemanagement/storage_service/libstorage_manager_sa_proxy.z.so
[OHOS INFO] [NINJA] [1216/32795] SOLINK systemabilitymgr/safwk/libsystem_ability_fwk.z.so
[OHOS INFO] [NINJA] [1217/32795] SOLINK communication/dsoftbus/libsoftbus_adapter.z.so
[OHOS INFO] [NINJA] [1218/32795] SOLINK account/os_account/libdomain_account_innerkits.z.so
[OHOS INFO] [NINJA] [1219/32795] SOLINK distributeddatamgr/preferences/libnative_preferences.z.so
[OHOS INFO] [NINJA] [1220/32795] SOLINK global/resource_management/libglobal_resmgr.z.so
[OHOS INFO] [NINJA] [1221/32795] SOLINK arkcompiler/ets_runtime/libark_jsruntime.so
[OHOS INFO] [NINJA] [1222/32795] ACTION //arkcompiler/ets_frontend/ets2panda:libes2panda_public_parse_headers(//build/toolchain/linux:clang_x64)
[OHOS INFO] [NINJA] [1223/32795] ACTION //interface/sdk-js:ohos_base_split(//build/toolchain/ohos:ohos_clang_arm)

[91m[OHOS ERROR][0m [NINJA] command failed: "/srv/workspace/openharmony_master_default_20260723175927_huawei_33e607913/code/prebuilts/build-tools/linux-x86/bin/ninja -w dupbuild=warn -C /srv/workspace/openharmony_master_default_20260723175927_huawei_33e607913/code/out/rk3568 make_all" , ret_code: 1

[91m[OHOS ERROR][0m [NINJA] [1197/32806] ACTION //foundation/multimedia/audio_framework/services/audio_service/idl:audio_policy_idl_interface(//build/toolchain/ohos:ohos_clang_arm)
[91m[OHOS ERROR][0m [NINJA] FAILED: [code=1] gen/foundation/multimedia/audio_framework/services/audio_service/idl/iaudio_policy.h gen/foundation/multimedia/audio_framework/services/audio_service/idl/audio_policy_proxy.cpp gen/foundation/multimedia/audio_framework/services/audio_service/idl/audio_policy_stub.cpp gen/foundation/multimedia/audio_framework/services/audio_service/idl/audio_policy_proxy.h gen/foundation/multimedia/audio_framework/services/audio_service/idl/audio_policy_stub.h gen/foundation/multimedia/audio_framework/services/audio_service/idl/iloopback.h gen/foundation/multimedia/audio_framework/services/audio_service/idl/loopback_proxy.cpp gen/foundation/multimedia/audio_framework/services/audio_service/idl/loopback_stub.cpp gen/foundation/multimedia/audio_framework/services/audio_service/idl/loopback_proxy.h gen/foundation/multimedia/audio_framework/services/audio_service/idl/loopback_stub.h gen/foundation/multimedia/audio_framework/services/audio_service/idl/iva_device_broker.h gen/foundation/multimedia/audio_framework/services/audio_service/idl/va_device_broker_proxy.cpp gen/foundation/multimedia/audio_framework/services/audio_service/idl/va_device_broker_stub.cpp gen/foundation/multimedia/audio_framework/services/audio_service/idl/va_device_broker_proxy.h gen/foundation/multimedia/audio_framework/services/audio_service/idl/va_device_broker_stub.h gen/foundation/multimedia/audio_framework/services/audio_service/idl/iva_stream.h gen/foundation/multimedia/audio_framework/services/audio_service/idl/va_stream_proxy.cpp gen/foundation/multimedia/audio_framework/services/audio_service/idl/va_stream_stub.cpp gen/foundation/multimedia/audio_framework/services/audio_service/idl/va_stream_proxy.h gen/foundation/multimedia/audio_framework/services/audio_service/idl/va_stream_stub.h 
[91m[OHOS ERROR][0m [NINJA] /usr/bin/env ../../build/config/components/idl_tool/idl.py --src-idl /srv/workspace/openharmony_master_default_20260723175927_huawei_33e607913/code/foundation/multimedia/audio_framework/services/audio_policy/idl/IAudioPolicy.idl,/srv/workspace/openharmony_master_default_20260723175927_huawei_33e607913/code/foundation/multimedia/audio_framework/services/audio_policy/idl/ILoopback.idl,/srv/workspace/openharmony_master_default_20260723175927_huawei_33e607913/code/foundation/multimedia/audio_framework/services/audio_policy/idl/IVADeviceBroker.idl,/srv/workspace/openharmony_master_default_20260723175927_huawei_33e607913/code/foundation/multimedia/audio_framework/services/audio_policy/idl/IVAStream.idl --dst-path /srv/workspace/openharmony_master_default_20260723175927_huawei_33e607913/code/out/rk3568/gen/foundation/multimedia/audio_framework/services/audio_service/idl --idl-tool-path /srv/workspace/openharmony_master_default_20260723175927_huawei_33e607913/code/out/rk3568/clang_x64/ability/idl_tool --dst-file /srv/workspace/openharmony_master_default_20260723175927_huawei_33e607913/code/out/rk3568/gen/foundation/multimedia/audio_framework/services/audio_service/idl/iaudio_policy.h,/srv/workspace/openharmony_master_default_20260723175927_huawei_33e607913/code/out/rk3568/gen/foundation/multimedia/audio_framework/services/audio_service/idl/audio_policy_proxy.cpp,/srv/workspace/openharmony_master_default_20260723175927_huawei_33e607913/code/out/rk3568/gen/foundation/multimedia/audio_framework/services/audio_service/idl/audio_policy_stub.cpp,/srv/workspace/openharmony_master_default_20260723175927_huawei_33e607913/code/out/rk3568/gen/foundation/multimedia/audio_framework/services/audio_service/idl/audio_policy_proxy.h,/srv/workspace/openharmony_master_default_20260723175927_huawei_33e607913/code/out/rk3568/gen/foundation/multimedia/audio_framework/services/audio_service/idl/audio_policy_stub.h,/srv/workspace/openharmony_master_default_20260723175927_huawei_33e607913/code/out/rk3568/gen/foundation/multimedia/audio_framework/services/audio_service/idl/iloopback.h,/srv/workspace/openharmony_master_default_20260723175927_huawei_33e607913/code/out/rk3568/gen/foundation/multimedia/audio_framework/services/audio_service/idl/loopback_proxy.cpp,/srv/workspace/openharmony_master_default_20260723175927_huawei_33e607913/code/out/rk3568/gen/foundation/multimedia/audio_framework/services/audio_service/idl/loopback_stub.cpp,/srv/workspace/openharmony_master_default_20260723175927_huawei_33e607913/code/out/rk3568/gen/foundation/multimedia/audio_framework/services/audio_service/idl/loopback_proxy.h,/srv/workspace/openharmony_master_default_20260723175927_huawei_33e607913/code/out/rk3568/gen/foundation/multimedia/audio_framework/services/audio_service/idl/loopback_stub.h,/srv/workspace/openharmony_master_default_20260723175927_huawei_33e607913/code/out/rk3568/gen/foundation/multimedia/audio_framework/services/audio_service/idl/iva_device_broker.h,/srv/workspace/openharmony_master_default_20260723175927_huawei_33e607913/code/out/rk3568/gen/foundation/multimedia/audio_framework/services/audio_service/idl/va_device_broker_proxy.cpp,/srv/workspace/openharmony_master_default_20260723175927_huawei_33e607913/code/out/rk3568/gen/foundation/multimedia/audio_framework/services/audio_service/idl/va_device_broker_stub.cpp,/srv/workspace/openharmony_master_default_20260723175927_huawei_33e607913/code/out/rk3568/gen/foundation/multimedia/audio_framework/services/audio_service/idl/va_device_broker_proxy.h,/srv/workspace/openharmony_master_default_20260723175927_huawei_33e607913/code/out/rk3568/gen/foundation/multimedia/audio_framework/services/audio_service/idl/va_device_broker_stub.h,/srv/workspace/openharmony_master_default_20260723175927_huawei_33e607913/code/out/rk3568/gen/foundation/multimedia/audio_framework/services/audio_service/idl/iva_stream.h,/srv/workspace/openharmony_master_default_20260723175927_huawei_33e607913/code/out/rk3568/gen/foundation/multimedia/audio_framework/services/audio_service/idl/va_stream_proxy.cpp,/srv/workspace/openharmony_master_default_20260723175927_huawei_33e607913/code/out/rk3568/gen/foundation/multimedia/audio_framework/services/audio_service/idl/va_stream_stub.cpp,/srv/workspace/openharmony_master_default_20260723175927_huawei_33e607913/code/out/rk3568/gen/foundation/multimedia/audio_framework/services/audio_service/idl/va_stream_proxy.h,/srv/workspace/openharmony_master_default_20260723175927_huawei_33e607913/code/out/rk3568/gen/foundation/multimedia/audio_framework/services/audio_service/idl/va_stream_stub.h --language cpp --log-domainid 0xD002B87 --log-tag AudioPolicyIdl --hitrace HITRACE_TAG_ZAUDIO
[91m[OHOS ERROR][0m [NINJA] cmd: ./idl -gen-cpp -d /srv/workspace/openharmony_master_default_20260723175927_huawei_33e607913/code/out/rk3568/gen/foundation/multimedia/audio_framework/services/audio_service/idl -c /srv/workspace/openharmony_master_default_20260723175927_huawei_33e607913/code/foundation/multimedia/audio_framework/services/audio_policy/idl/IAudioPolicy.idl -log-domainid 0xD002B87 -log-tag AudioPolicyIdl -t HITRACE_TAG_ZAUDIO
[91m[OHOS ERROR][0m [NINJA] execution_path: /srv/workspace/openharmony_master_default_20260723175927_huawei_33e607913/code/out/rk3568/clang_x64/ability/idl_tool
[91m[OHOS ERROR][0m [NINJA] cmd: ./idl -gen-cpp -d /srv/workspace/openharmony_master_default_20260723175927_huawei_33e607913/code/out/rk3568/gen/foundation/multimedia/audio_framework/services/audio_service/idl -c /srv/workspace/openharmony_master_default_20260723175927_huawei_33e607913/code/foundation/multimedia/audio_framework/services/audio_policy/idl/ILoopback.idl -log-domainid 0xD002B87 -log-tag AudioPolicyIdl -t HITRACE_TAG_ZAUDIO
[91m[OHOS ERROR][0m [NINJA] execution_path: /srv/workspace/openharmony_master_default_20260723175927_huawei_33e607913/code/out/rk3568/clang_x64/ability/idl_tool
[91m[OHOS ERROR][0m [NINJA] cmd: ./idl -gen-cpp -d /srv/workspace/openharmony_master_default_20260723175927_huawei_33e607913/code/out/rk3568/gen/foundation/multimedia/audio_framework/services/audio_service/idl -c /srv/workspace/openharmony_master_default_20260723175927_huawei_33e607913/code/foundation/multimedia/audio_framework/services/audio_policy/idl/IVADeviceBroker.idl -log-domainid 0xD002B87 -log-tag AudioPolicyIdl -t HITRACE_TAG_ZAUDIO
[91m[OHOS ERROR][0m [NINJA] execution_path: /srv/workspace/openharmony_master_default_20260723175927_huawei_33e607913/code/out/rk3568/clang_x64/ability/idl_tool
[91m[OHOS ERROR][0m [NINJA] cmd: ./idl -gen-cpp -d /srv/workspace/openharmony_master_default_20260723175927_huawei_33e607913/code/out/rk3568/gen/foundation/multimedia/audio_framework/services/audio_service/idl -c /srv/workspace/openharmony_master_default_20260723175927_huawei_33e607913/code/foundation/multimedia/audio_framework/services/audio_policy/idl/IVAStream.idl -log-domainid 0xD002B87 -log-tag AudioPolicyIdl -t HITRACE_TAG_ZAUDIO
[91m[OHOS ERROR][0m [NINJA] execution_path: /srv/workspace/openharmony_master_default_20260723175927_huawei_33e607913/code/out/rk3568/clang_x64/ability/idl_tool
[91m[OHOS ERROR][0m [NINJA] Traceback (most recent call last):
[91m[OHOS ERROR][0m [NINJA]   File "/srv/workspace/openharmony_master_default_20260723175927_huawei_33e607913/code/out/rk3568/../../build/config/components/idl_tool/idl.py", line 115, in <module>
[91m[OHOS ERROR][0m [NINJA]     sys.exit(idl_gen_interface(parse_args()))
[91m[OHOS ERROR][0m [NINJA]              ^^^^^^^^^^^^^^^^^^^^^^^^^^^^^^^
[91m[OHOS ERROR][0m [NINJA]   File "/srv/workspace/openharmony_master_default_20260723175927_huawei_33e607913/code/out/rk3568/../../build/config/components/idl_tool/idl.py", line 110, in idl_gen_interface
[91m[OHOS ERROR][0m [NINJA]     set_output_mtime(dst_file_list, input_mtime)
[91m[OHOS ERROR][0m [NINJA]   File "/srv/workspace/openharmony_master_default_20260723175927_huawei_33e607913/code/out/rk3568/../../build/config/components/idl_tool/idl.py", line 69, in set_output_mtime
[91m[OHOS ERROR][0m [NINJA]     raise FileNotFoundError(
[91m[OHOS ERROR][0m [NINJA] FileNotFoundError: IDL tool did not generate declared outputs: /srv/workspace/openharmony_master_default_20260723175927_huawei_33e607913/code/out/rk3568/gen/foundation/multimedia/audio_framework/services/audio_service/idl/iva_device_broker.h, /srv/workspace/openharmony_master_default_20260723175927_huawei_33e607913/code/out/rk3568/gen/foundation/multimedia/audio_framework/services/audio_service/idl/iva_stream.h

[91m[OHOS ERROR][0m [NINJA] [1198/32806] ACTION //foundation/multimedia/audio_framework/services/audio_service/idl:audio_policy_idl_callback(//build/toolchain/ohos:ohos_clang_arm)
[91m[OHOS ERROR][0m [NINJA] FAILED: [code=1] gen/foundation/multimedia/audio_framework/services/audio_service/idl/iaudio_policy_client.h gen/foundation/multimedia/audio_framework/services/audio_service/idl/audio_policy_client_proxy.cpp gen/foundation/multimedia/audio_framework/services/audio_service/idl/audio_policy_client_stub.cpp gen/foundation/multimedia/audio_framework/services/audio_service/idl/audio_policy_client_proxy.h gen/foundation/multimedia/audio_framework/services/audio_service/idl/audio_policy_client_stub.h gen/foundation/multimedia/audio_framework/services/audio_service/idl/istandard_audio_anahs_manager_listener.h gen/foundation/multimedia/audio_framework/services/audio_service/idl/standard_audio_anahs_manager_listener_proxy.cpp gen/foundation/multimedia/audio_framework/services/audio_service/idl/standard_audio_anahs_manager_listener_stub.cpp gen/foundation/multimedia/audio_framework/services/audio_service/idl/standard_audio_anahs_manager_listener_proxy.h gen/foundation/multimedia/audio_framework/services/audio_service/idl/standard_audio_anahs_manager_listener_stub.h gen/foundation/multimedia/audio_framework/services/audio_service/idl/istandard_audio_policy_manager_listener.h gen/foundation/multimedia/audio_framework/services/audio_service/idl/standard_audio_policy_manager_listener_proxy.cpp gen/foundation/multimedia/audio_framework/services/audio_service/idl/standard_audio_policy_manager_listener_stub.cpp gen/foundation/multimedia/audio_framework/services/audio_service/idl/standard_audio_policy_manager_listener_proxy.h gen/foundation/multimedia/audio_framework/services/audio_service/idl/standard_audio_policy_manager_listener_stub.h gen/foundation/multimedia/audio_framework/services/audio_service/idl/istandard_audio_routing_manager_listener.h gen/foundation/multimedia/audio_framework/services/audio_service/idl/standard_audio_routing_manager_listener_proxy.cpp gen/foundation/multimedia/audio_framework/services/audio_service/idl/standard_audio_routing_manager_listener_stub.cpp gen/foundation/multimedia/audio_framework/services/audio_service/idl/standard_audio_routing_manager_listener_proxy.h gen/foundation/multimedia/audio_framework/services/audio_service/idl/standard_audio_routing_manager_listener_stub.h gen/foundation/multimedia/audio_framework/services/audio_service/idl/istandard_audio_zone_client.h gen/foundation/multimedia/audio_framework/services/audio_service/idl/standard_audio_zone_client_proxy.cpp gen/foundation/multimedia/audio_framework/services/audio_service/idl/standard_audio_zone_client_stub.cpp gen/foundation/multimedia/audio_framework/services/audio_service/idl/standard_audio_zone_client_proxy.h gen/foundation/multimedia/audio_framework/services/audio_service/idl/standard_audio_zone_client_stub.h gen/foundation/multimedia/audio_framework/services/audio_service/idl/istandard_client_tracker.h gen/foundation/multimedia/audio_framework/services/audio_service/idl/standard_client_tracker_proxy.cpp gen/foundation/multimedia/audio_framework/services/audio_service/idl/standard_client_tracker_stub.cpp gen/foundation/multimedia/audio_framework/services/audio_service/idl/standard_client_tracker_proxy.h gen/foundation/multimedia/audio_framework/services/audio_service/idl/standard_client_tracker_stub.h gen/foundation/multimedia/audio_framework/services/audio_service/idl/istandard_sle_audio_operation_callback.h gen/foundation/multimedia/audio_framework/services/audio_service/idl/standard_sle_audio_operation_callback_proxy.cpp gen/foundation/multimedia/audio_framework/services/audio_service/idl/standard_sle_audio_operation_callback_stub.cpp gen/foundation/multimedia/audio_framework/services/audio_service/idl/standard_sle_audio_operation_callback_proxy.h gen/foundation/multimedia/audio_framework/services/audio_service/idl/standard_sle_audio_operation_callback_stub.h gen/foundation/multimedia/audio_framework/services/audio_service/idl/istandard_spatialization_state_change_listener.h gen/foundation/multimedia/audio_framework/services/audio_service/idl/standard_spatialization_state_change_listener_proxy.cpp gen/foundation/multimedia/audio_framework/services/audio_service/idl/standard_spatialization_state_change_listener_stub.cpp gen/foundation/multimedia/audio_framework/services/audio_service/idl/standard_spatialization_state_change_listener_proxy.h gen/foundation/multimedia/audio_framework/services/audio_service/idl/standard_spatialization_state_change_listener_stub.h gen/foundation/multimedia/audio_framework/services/audio_service/idl/iva_device_controller.h gen/foundation/multimedia/audio_framework/services/audio_service/idl/va_device_controller_proxy.cpp gen/foundation/multimedia/audio_framework/services/audio_service/idl/va_device_controller_stub.cpp gen/foundation/multimedia/audio_framework/services/audio_service/idl/va_device_controller_proxy.h gen/foundation/multimedia/audio_framework/services/audio_service/idl/va_device_controller_stub.h gen/foundation/multimedia/audio_framework/services/audio_service/idl/iva_input_stream.h gen/foundation/multimedia/audio_framework/services/audio_service/idl/va_input_stream_proxy.cpp gen/foundation/multimedia/audio_framework/services/audio_service/idl/va_input_stream_stub.cpp gen/foundation/multimedia/audio_framework/services/audio_service/idl/va_input_stream_proxy.h gen/foundation/multimedia/audio_framework/services/audio_service/idl/va_input_stream_stub.h gen/foundation/multimedia/audio_framework/services/audio_service/idl/iloopback_callback.h gen/foundation/multimedia/audio_framework/services/audio_service/idl/loopback_callback_proxy.cpp gen/foundation/multimedia/audio_framework/services/audio_service/idl/loopback_callback_stub.cpp gen/foundation/multimedia/audio_framework/services/audio_service/idl/loopback_callback_proxy.h gen/foundation/multimedia/audio_framework/services/audio_service/idl/loopback_callback_stub.h 
[91m[OHOS ERROR][0m [NINJA] /usr/bin/env ../../build/config/components/idl_tool/idl.py --src-idl /srv/workspace/openharmony_master_default_20260723175927_huawei_33e607913/code/foundation/multimedia/audio_framework/services/audio_policy/idl/IAudioPolicyClient.idl,/srv/workspace/openharmony_master_default_20260723175927_huawei_33e607913/code/foundation/multimedia/audio_framework/services/audio_policy/idl/IStandardAudioAnahsManagerListener.idl,/srv/workspace/openharmony_master_default_20260723175927_huawei_33e607913/code/foundation/multimedia/audio_framework/services/audio_policy/idl/IStandardAudioPolicyManagerListener.idl,/srv/workspace/openharmony_master_default_20260723175927_huawei_33e607913/code/foundation/multimedia/audio_framework/services/audio_policy/idl/IStandardAudioRoutingManagerListener.idl,/srv/workspace/openharmony_master_default_20260723175927_huawei_33e607913/code/foundation/multimedia/audio_framework/services/audio_policy/idl/IStandardAudioZoneClient.idl,/srv/workspace/openharmony_master_default_20260723175927_huawei_33e607913/code/foundation/multimedia/audio_framework/services/audio_policy/idl/IStandardClientTracker.idl,/srv/workspace/openharmony_master_default_20260723175927_huawei_33e607913/code/foundation/multimedia/audio_framework/services/audio_policy/idl/IStandardSleAudioOperationCallback.idl,/srv/workspace/openharmony_master_default_20260723175927_huawei_33e607913/code/foundation/multimedia/audio_framework/services/audio_policy/idl/IStandardSpatializationStateChangeListener.idl,/srv/workspace/openharmony_master_default_20260723175927_huawei_33e607913/code/foundation/multimedia/audio_framework/services/audio_policy/idl/IVADeviceController.idl,/srv/workspace/openharmony_master_default_20260723175927_huawei_33e607913/code/foundation/multimedia/audio_framework/services/audio_policy/idl/IVAInputStream.idl,/srv/workspace/openharmony_master_default_20260723175927_huawei_33e607913/code/foundation/multimedia/audio_framework/services/audio_policy/idl/ILoopbackCallback.idl --dst-path /srv/workspace/openharmony_master_default_20260723175927_huawei_33e607913/code/out/rk3568/gen/foundation/multimedia/audio_framework/services/audio_service/idl --idl-tool-path /srv/workspace/openharmony_master_default_20260723175927_huawei_33e607913/code/out/rk3568/clang_x64/ability/idl_tool --dst-file /srv/workspace/openharmony_master_default_20260723175927_huawei_33e607913/code/out/rk3568/gen/foundation/multimedia/audio_framework/services/audio_service/idl/iaudio_policy_client.h,/srv/workspace/openharmony_master_default_20260723175927_huawei_33e607913/code/out/rk3568/gen/foundation/multimedia/audio_framework/services/audio_service/idl/audio_policy_client_proxy.cpp,/srv/workspace/openharmony_master_default_20260723175927_huawei_33e607913/code/out/rk3568/gen/foundation/multimedia/audio_framework/services/audio_service/idl/audio_policy_client_stub.cpp,/srv/workspace/openharmony_master_default_20260723175927_huawei_33e607913/code/out/rk3568/gen/foundation/multimedia/audio_framework/services/audio_service/idl/audio_policy_client_proxy.h,/srv/workspace/openharmony_master_default_20260723175927_huawei_33e607913/code/out/rk3568/gen/foundation/multimedia/audio_framework/services/audio_service/idl/audio_policy_client_stub.h,/srv/workspace/openharmony_master_default_20260723175927_huawei_33e607913/code/out/rk3568/gen/foundation/multimedia/audio_framework/services/audio_service/idl/istandard_audio_anahs_manager_listener.h,/srv/workspace/openharmony_master_default_20260723175927_huawei_33e607913/code/out/rk3568/gen/foundation/multimedia/audio_framework/services/audio_service/idl/standard_audio_anahs_manager_listener_proxy.cpp,/srv/workspace/openharmony_master_default_20260723175927_huawei_33e607913/code/out/rk3568/gen/foundation/multimedia/audio_framework/services/audio_service/idl/standard_audio_anahs_manager_listener_stub.cpp,/srv/workspace/openharmony_master_default_20260723175927_huawei_33e607913/code/out/rk3568/gen/foundation/multimedia/audio_framework/services/audio_service/idl/standard_audio_anahs_manager_listener_proxy.h,/srv/workspace/openharmony_master_default_20260723175927_huawei_33e607913/code/out/rk3568/gen/foundation/multimedia/audio_framework/services/audio_service/idl/standard_audio_anahs_manager_listener_stub.h,/srv/workspace/openharmony_master_default_20260723175927_huawei_33e607913/code/out/rk3568/gen/foundation/multimedia/audio_framework/services/audio_service/idl/istandard_audio_policy_manager_listener.h,/srv/workspace/openharmony_master_default_20260723175927_huawei_33e607913/code/out/rk3568/gen/foundation/multimedia/audio_framework/services/audio_service/idl/standard_audio_policy_manager_listener_proxy.cpp,/srv/workspace/openharmony_master_default_20260723175927_huawei_33e607913/code/out/rk3568/gen/foundation/multimedia/audio_framework/services/audio_service/idl/standard_audio_policy_manager_listener_stub.cpp,/srv/workspace/openharmony_master_default_20260723175927_huawei_33e607913/code/out/rk3568/gen/foundation/multimedia/audio_framework/services/audio_service/idl/standard_audio_policy_manager_listener_proxy.h,/srv/workspace/openharmony_master_default_20260723175927_huawei_33e607913/code/out/rk3568/gen/foundation/multimedia/audio_framework/services/audio_service/idl/standard_audio_policy_manager_listener_stub.h,/srv/workspace/openharmony_master_default_20260723175927_huawei_33e607913/code/out/rk3568/gen/foundation/multimedia/audio_framework/services/audio_service/idl/istandard_audio_routing_manager_listener.h,/srv/workspace/openharmony_master_default_20260723175927_huawei_33e607913/code/out/rk3568/gen/foundation/multimedia/audio_framework/services/audio_service/idl/standard_audio_routing_manager_listener_proxy.cpp,/srv/workspace/openharmony_master_default_20260723175927_huawei_33e607913/code/out/rk3568/gen/foundation/multimedia/audio_framework/services/audio_service/idl/standard_audio_routing_manager_listener_stub.cpp,/srv/workspace/openharmony_master_default_20260723175927_huawei_33e607913/code/out/rk3568/gen/foundation/multimedia/audio_framework/services/audio_service/idl/standard_audio_routing_manager_listener_proxy.h,/srv/workspace/openharmony_master_default_20260723175927_huawei_33e607913/code/out/rk3568/gen/foundation/multimedia/audio_framework/services/audio_service/idl/standard_audio_routing_manager_listener_stub.h,/srv/workspace/openharmony_master_default_20260723175927_huawei_33e607913/code/out/rk3568/gen/foundation/multimedia/audio_framework/services/audio_service/idl/istandard_audio_zone_client.h,/srv/workspace/openharmony_master_default_20260723175927_huawei_33e607913/code/out/rk3568/gen/foundation/multimedia/audio_framework/services/audio_service/idl/standard_audio_zone_client_proxy.cpp,/srv/workspace/openharmony_master_default_20260723175927_huawei_33e607913/code/out/rk3568/gen/foundation/multimedia/audio_framework/services/audio_service/idl/standard_audio_zone_client_stub.cpp,/srv/workspace/openharmony_master_default_20260723175927_huawei_33e607913/code/out/rk3568/gen/foundation/multimedia/audio_framework/services/audio_service/idl/standard_audio_zone_client_proxy.h,/srv/workspace/openharmony_master_default_20260723175927_huawei_33e607913/code/out/rk3568/gen/foundation/multimedia/audio_framework/services/audio_service/idl/standard_audio_zone_client_stub.h,/srv/workspace/openharmony_master_default_20260723175927_huawei_33e607913/code/out/rk3568/gen/foundation/multimedia/audio_framework/services/audio_service/idl/istandard_client_tracker.h,/srv/workspace/openharmony_master_default_20260723175927_huawei_33e607913/code/out/rk3568/gen/foundation/multimedia/audio_framework/services/audio_service/idl/standard_client_tracker_proxy.cpp,/srv/workspace/openharmony_master_default_20260723175927_huawei_33e607913/code/out/rk3568/gen/foundation/multimedia/audio_framework/services/audio_service/idl/standard_client_tracker_stub.cpp,/srv/workspace/openharmony_master_default_20260723175927_huawei_33e607913/code/out/rk3568/gen/foundation/multimedia/audio_framework/services/audio_service/idl/standard_client_tracker_proxy.h,/srv/workspace/openharmony_master_default_20260723175927_huawei_33e607913/code/out/rk3568/gen/foundation/multimedia/audio_framework/services/audio_service/idl/standard_client_tracker_stub.h,/srv/workspace/openharmony_master_default_20260723175927_huawei_33e607913/code/out/rk3568/gen/foundation/multimedia/audio_framework/services/audio_service/idl/istandard_sle_audio_operation_callback.h,/srv/workspace/openharmony_master_default_20260723175927_huawei_33e607913/code/out/rk3568/gen/foundation/multimedia/audio_framework/services/audio_service/idl/standard_sle_audio_operation_callback_proxy.cpp,/srv/workspace/openharmony_master_default_20260723175927_huawei_33e607913/code/out/rk3568/gen/foundation/multimedia/audio_framework/services/audio_service/idl/standard_sle_audio_operation_callback_stub.cpp,/srv/workspace/openharmony_master_default_20260723175927_huawei_33e607913/code/out/rk3568/gen/foundation/multimedia/audio_framework/services/audio_service/idl/standard_sle_audio_operation_callback_proxy.h,/srv/workspace/openharmony_master_default_20260723175927_huawei_33e607913/code/out/rk3568/gen/foundation/multimedia/audio_framework/services/audio_service/idl/standard_sle_audio_operation_callback_stub.h,/srv/workspace/openharmony_master_default_20260723175927_huawei_33e607913/code/out/rk3568/gen/foundation/multimedia/audio_framework/services/audio_service/idl/istandard_spatialization_state_change_listener.h,/srv/workspace/openharmony_master_default_20260723175927_huawei_33e607913/code/out/rk3568/gen/foundation/multimedia/audio_framework/services/audio_service/idl/standard_spatialization_state_change_listener_proxy.cpp,/srv/workspace/openharmony_master_default_20260723175927_huawei_33e607913/code/out/rk3568/gen/foundation/multimedia/audio_framework/services/audio_service/idl/standard_spatialization_state_change_listener_stub.cpp,/srv/workspace/openharmony_master_default_20260723175927_huawei_33e607913/code/out/rk3568/gen/foundation/multimedia/audio_framework/services/audio_service/idl/standard_spatialization_state_change_listener_proxy.h,/srv/workspace/openharmony_master_default_20260723175927_huawei_33e607913/code/out/rk3568/gen/foundation/multimedia/audio_framework/services/audio_service/idl/standard_spatialization_state_change_listener_stub.h,/srv/workspace/openharmony_master_default_20260723175927_huawei_33e607913/code/out/rk3568/gen/foundation/multimedia/audio_framework/services/audio_service/idl/iva_device_controller.h,/srv/workspace/openharmony_master_default_20260723175927_huawei_33e607913/code/out/rk3568/gen/foundation/multimedia/audio_framework/services/audio_service/idl/va_device_controller_proxy.cpp,/srv/workspace/openharmony_master_default_20260723175927_huawei_33e607913/code/out/rk3568/gen/foundation/multimedia/audio_framework/services/audio_service/idl/va_device_controller_stub.cpp,/srv/workspace/openharmony_master_default_20260723175927_huawei_33e607913/code/out/rk3568/gen/foundation/multimedia/audio_framework/services/audio_service/idl/va_device_controller_proxy.h,/srv/workspace/openharmony_master_default_20260723175927_huawei_33e607913/code/out/rk3568/gen/foundation/multimedia/audio_framework/services/audio_service/idl/va_device_controller_stub.h,/srv/workspace/openharmony_master_default_20260723175927_huawei_33e607913/code/out/rk3568/gen/foundation/multimedia/audio_framework/services/audio_service/idl/iva_input_stream.h,/srv/workspace/openharmony_master_default_20260723175927_huawei_33e607913/code/out/rk3568/gen/foundation/multimedia/audio_framework/services/audio_service/idl/va_input_stream_proxy.cpp,/srv/workspace/openharmony_master_default_20260723175927_huawei_33e607913/code/out/rk3568/gen/foundation/multimedia/audio_framework/services/audio_service/idl/va_input_stream_stub.cpp,/srv/workspace/openharmony_master_default_20260723175927_huawei_33e607913/code/out/rk3568/gen/foundation/multimedia/audio_framework/services/audio_service/idl/va_input_stream_proxy.h,/srv/workspace/openharmony_master_default_20260723175927_huawei_33e607913/code/out/rk3568/gen/foundation/multimedia/audio_framework/services/audio_service/idl/va_input_stream_stub.h,/srv/workspace/openharmony_master_default_20260723175927_huawei_33e607913/code/out/rk3568/gen/foundation/multimedia/audio_framework/services/audio_service/idl/iloopback_callback.h,/srv/workspace/openharmony_master_default_20260723175927_huawei_33e607913/code/out/rk3568/gen/foundation/multimedia/audio_framework/services/audio_service/idl/loopback_callback_proxy.cpp,/srv/workspace/openharmony_master_default_20260723175927_huawei_33e607913/code/out/rk3568/gen/foundation/multimedia/audio_framework/services/audio_service/idl/loopback_callback_stub.cpp,/srv/workspace/openharmony_master_default_20260723175927_huawei_33e607913/code/out/rk3568/gen/foundation/multimedia/audio_framework/services/audio_service/idl/loopback_callback_proxy.h,/srv/workspace/openharmony_master_default_20260723175927_huawei_33e607913/code/out/rk3568/gen/foundation/multimedia/audio_framework/services/audio_service/idl/loopback_callback_stub.h --language cpp --log-domainid 0xD002B87 --log-tag AudioPolicyIdl --hitrace HITRACE_TAG_ZAUDIO
[91m[OHOS ERROR][0m [NINJA] cmd: ./idl -gen-cpp -d /srv/workspace/openharmony_master_default_20260723175927_huawei_33e607913/code/out/rk3568/gen/foundation/multimedia/audio_framework/services/audio_service/idl -c /srv/workspace/openharmony_master_default_20260723175927_huawei_33e607913/code/foundation/multimedia/audio_framework/services/audio_policy/idl/IAudioPolicyClient.idl -log-domainid 0xD002B87 -log-tag AudioPolicyIdl -t HITRACE_TAG_ZAUDIO
[91m[OHOS ERROR][0m [NINJA] execution_path: /srv/workspace/openharmony_master_default_20260723175927_huawei_33e607913/code/out/rk3568/clang_x64/ability/idl_tool
[91m[OHOS ERROR][0m [NINJA] cmd: ./idl -gen-cpp -d /srv/workspace/openharmony_master_default_20260723175927_huawei_33e607913/code/out/rk3568/gen/foundation/multimedia/audio_framework/services/audio_service/idl -c /srv/workspace/openharmony_master_default_20260723175927_huawei_33e607913/code/foundation/multimedia/audio_framework/services/audio_policy/idl/IStandardAudioAnahsManagerListener.idl -log-domainid 0xD002B87 -log-tag AudioPolicyIdl -t HITRACE_TAG_ZAUDIO
[91m[OHOS ERROR][0m [NINJA] execution_path: /srv/workspace/openharmony_master_default_20260723175927_huawei_33e607913/code/out/rk3568/clang_x64/ability/idl_tool
[91m[OHOS ERROR][0m [NINJA] cmd: ./idl -gen-cpp -d /srv/workspace/openharmony_master_default_20260723175927_huawei_33e607913/code/out/rk3568/gen/foundation/multimedia/audio_framework/services/audio_service/idl -c /srv/workspace/openharmony_master_default_20260723175927_huawei_33e607913/code/foundation/multimedia/audio_framework/services/audio_policy/idl/IStandardAudioPolicyManagerListener.idl -log-domainid 0xD002B87 -log-tag AudioPolicyIdl -t HITRACE_TAG_ZAUDIO
[91m[OHOS ERROR][0m [NINJA] execution_path: /srv/workspace/openharmony_master_default_20260723175927_huawei_33e607913/code/out/rk3568/clang_x64/ability/idl_tool
[91m[OHOS ERROR][0m [NINJA] cmd: ./idl -gen-cpp -d /srv/workspace/openharmony_master_default_20260723175927_huawei_33e607913/code/out/rk3568/gen/foundation/multimedia/audio_framework/services/audio_service/idl -c /srv/workspace/openharmony_master_default_20260723175927_huawei_33e607913/code/foundation/multimedia/audio_framework/services/audio_policy/idl/IStandardAudioRoutingManagerListener.idl -log-domainid 0xD002B87 -log-tag AudioPolicyIdl -t HITRACE_TAG_ZAUDIO
[91m[OHOS ERROR][0m [NINJA] execution_path: /srv/workspace/openharmony_master_default_20260723175927_huawei_33e607913/code/out/rk3568/clang_x64/ability/idl_tool
[91m[OHOS ERROR][0m [NINJA] cmd: ./idl -gen-cpp -d /srv/workspace/openharmony_master_default_20260723175927_huawei_33e607913/code/out/rk3568/gen/foundation/multimedia/audio_framework/services/audio_service/idl -c /srv/workspace/openharmony_master_default_20260723175927_huawei_33e607913/code/foundation/multimedia/audio_framework/services/audio_policy/idl/IStandardAudioZoneClient.idl -log-domainid 0xD002B87 -log-tag AudioPolicyIdl -t HITRACE_TAG_ZAUDIO
[91m[OHOS ERROR][0m [NINJA] execution_path: /srv/workspace/openharmony_master_default_20260723175927_huawei_33e607913/code/out/rk3568/clang_x64/ability/idl_tool
[91m[OHOS ERROR][0m [NINJA] cmd: ./idl -gen-cpp -d /srv/workspace/openharmony_master_default_20260723175927_huawei_33e607913/code/out/rk3568/gen/foundation/multimedia/audio_framework/services/audio_service/idl -c /srv/workspace/openharmony_master_default_20260723175927_huawei_33e607913/code/foundation/multimedia/audio_framework/services/audio_policy/idl/IStandardClientTracker.idl -log-domainid 0xD002B87 -log-tag AudioPolicyIdl -t HITRACE_TAG_ZAUDIO
[91m[OHOS ERROR][0m [NINJA] execution_path: /srv/workspace/openharmony_master_default_20260723175927_huawei_33e607913/code/out/rk3568/clang_x64/ability/idl_tool
[91m[OHOS ERROR][0m [NINJA] cmd: ./idl -gen-cpp -d /srv/workspace/openharmony_master_default_20260723175927_huawei_33e607913/code/out/rk3568/gen/foundation/multimedia/audio_framework/services/audio_service/idl -c /srv/workspace/openharmony_master_default_20260723175927_huawei_33e607913/code/foundation/multimedia/audio_framework/services/audio_policy/idl/IStandardSleAudioOperationCallback.idl -log-domainid 0xD002B87 -log-tag AudioPolicyIdl -t HITRACE_TAG_ZAUDIO
[91m[OHOS ERROR][0m [NINJA] execution_path: /srv/workspace/openharmony_master_default_20260723175927_huawei_33e607913/code/out/rk3568/clang_x64/ability/idl_tool
[91m[OHOS ERROR][0m [NINJA] cmd: ./idl -gen-cpp -d /srv/workspace/openharmony_master_default_20260723175927_huawei_33e607913/code/out/rk3568/gen/foundation/multimedia/audio_framework/services/audio_service/idl -c /srv/workspace/openharmony_master_default_20260723175927_huawei_33e607913/code/foundation/multimedia/audio_framework/services/audio_policy/idl/IStandardSpatializationStateChangeListener.idl -log-domainid 0xD002B87 -log-tag AudioPolicyIdl -t HITRACE_TAG_ZAUDIO
[91m[OHOS ERROR][0m [NINJA] execution_path: /srv/workspace/openharmony_master_default_20260723175927_huawei_33e607913/code/out/rk3568/clang_x64/ability/idl_tool
[91m[OHOS ERROR][0m [NINJA] cmd: ./idl -gen-cpp -d /srv/workspace/openharmony_master_default_20260723175927_huawei_33e607913/code/out/rk3568/gen/foundation/multimedia/audio_framework/services/audio_service/idl -c /srv/workspace/openharmony_master_default_20260723175927_huawei_33e607913/code/foundation/multimedia/audio_framework/services/audio_policy/idl/IVADeviceController.idl -log-domainid 0xD002B87 -log-tag AudioPolicyIdl -t HITRACE_TAG_ZAUDIO
[91m[OHOS ERROR][0m [NINJA] execution_path: /srv/workspace/openharmony_master_default_20260723175927_huawei_33e607913/code/out/rk3568/clang_x64/ability/idl_tool
[91m[OHOS ERROR][0m [NINJA] cmd: ./idl -gen-cpp -d /srv/workspace/openharmony_master_default_20260723175927_huawei_33e607913/code/out/rk3568/gen/foundation/multimedia/audio_framework/services/audio_service/idl -c /srv/workspace/openharmony_master_default_20260723175927_huawei_33e607913/code/foundation/multimedia/audio_framework/services/audio_policy/idl/IVAInputStream.idl -log-domainid 0xD002B87 -log-tag AudioPolicyIdl -t HITRACE_TAG_ZAUDIO
[91m[OHOS ERROR][0m [NINJA] execution_path: /srv/workspace/openharmony_master_default_20260723175927_huawei_33e607913/code/out/rk3568/clang_x64/ability/idl_tool
[91m[OHOS ERROR][0m [NINJA] cmd: ./idl -gen-cpp -d /srv/workspace/openharmony_master_default_20260723175927_huawei_33e607913/code/out/rk3568/gen/foundation/multimedia/audio_framework/services/audio_service/idl -c /srv/workspace/openharmony_master_default_20260723175927_huawei_33e607913/code/foundation/multimedia/audio_framework/services/audio_policy/idl/ILoopbackCallback.idl -log-domainid 0xD002B87 -log-tag AudioPolicyIdl -t HITRACE_TAG_ZAUDIO
[91m[OHOS ERROR][0m [NINJA] execution_path: /srv/workspace/openharmony_master_default_20260723175927_huawei_33e607913/code/out/rk3568/clang_x64/ability/idl_tool
[91m[OHOS ERROR][0m [NINJA] Traceback (most recent call last):
[91m[OHOS ERROR][0m [NINJA]   File "/srv/workspace/openharmony_master_default_20260723175927_huawei_33e607913/code/out/rk3568/../../build/config/components/idl_tool/idl.py", line 115, in <module>
[91m[OHOS ERROR][0m [NINJA]     sys.exit(idl_gen_interface(parse_args()))
[91m[OHOS ERROR][0m [NINJA]              ^^^^^^^^^^^^^^^^^^^^^^^^^^^^^^^
[91m[OHOS ERROR][0m [NINJA]   File "/srv/workspace/openharmony_master_default_20260723175927_huawei_33e607913/code/out/rk3568/../../build/config/components/idl_tool/idl.py", line 110, in idl_gen_interface
[91m[OHOS ERROR][0m [NINJA]     set_output_mtime(dst_file_list, input_mtime)
[91m[OHOS ERROR][0m [NINJA]   File "/srv/workspace/openharmony_master_default_20260723175927_huawei_33e607913/code/out/rk3568/../../build/config/components/idl_tool/idl.py", line 69, in set_output_mtime
[91m[OHOS ERROR][0m [NINJA]     raise FileNotFoundError(
[91m[OHOS ERROR][0m [NINJA] FileNotFoundError: IDL tool did not generate declared outputs: /srv/workspace/openharmony_master_default_20260723175927_huawei_33e607913/code/out/rk3568/gen/foundation/multimedia/audio_framework/services/audio_service/idl/iva_device_controller.h, /srv/workspace/openharmony_master_default_20260723175927_huawei_33e607913/code/out/rk3568/gen/foundation/multimedia/audio_framework/services/audio_service/idl/iva_input_stream.h

[OHOS INFO]  User Cpu%: 0.4%

[OHOS INFO]  System Cpu%: 0.0%

[OHOS INFO]  Idle CPU%: 99.3%

[OHOS INFO]  Total Memory: 93.9GB

[OHOS INFO]  Free Memory: 14.1GB

[OHOS INFO]  Swap Memory: 0.0GB

[OHOS INFO]  Filesystem: overlay, Size: 492G, Used: 24G, Available: 443G, Use%: 6%, Mounted on: /

[OHOS INFO]  Filesystem: tmpfs, Size: 64M, Used: 0, Available: 64M, Use%: 0%, Mounted on: /dev

[OHOS INFO]  Filesystem: tmpfs, Size: 47G, Used: 0, Available: 47G, Use%: 0%, Mounted on: /sys/fs/cgroup

[OHOS INFO]  Filesystem: /dev/sdb, Size: 196G, Used: 18G, Available: 179G, Use%: 10%, Mounted on: /root

[OHOS INFO]  Filesystem: tmpfs, Size: 49G, Used: 12K, Available: 49G, Use%: 1%, Mounted on: /gituser

[OHOS INFO]  Filesystem: /dev/vda1, Size: 197G, Used: 3.6G, Available: 186G, Use%: 2%, Mounted on: /srv/workspace

[OHOS INFO]  Filesystem: /dev/mapper/vgpaas-share, Size: 492G, Used: 24G, Available: 443G, Use%: 6%, Mounted on: /etc/hosts

[OHOS INFO]  Filesystem: shm, Size: 64M, Used: 0, Available: 64M, Use%: 0%, Mounted on: /dev/shm

[OHOS INFO]  Filesystem: tmpfs, Size: 49G, Used: 12K, Available: 49G, Use%: 1%, Mounted on: /run/secrets/kubernetes.io/serviceaccount

[OHOS INFO]  Filesystem: tmpfs, Size: 47G, Used: 0, Available: 47G, Use%: 0%, Mounted on: /proc/acpi

[OHOS INFO]  Filesystem: tmpfs, Size: 47G, Used: 0, Available: 47G, Use%: 0%, Mounted on: /proc/scsi

[OHOS INFO]  Filesystem: tmpfs, Size: 47G, Used: 0, Available: 47G, Use%: 0%, Mounted on: /sys/firmware

[OHOS INFO]  Filesystem: /dev/sdc, Size: 787G, Used: 251G, Available: 536G, Use%: 32%, Mounted on: /srv/workspace/openharmony_master_default_20260723175927_huawei_33e607913

[91m[OHOS ERROR][0m [NINJA] Traceback (most recent call last):
[91m[OHOS ERROR][0m [NINJA]   File "/srv/workspace/openharmony_master_default_20260723175927_huawei_33e607913/code/build/hb/containers/status.py", line 47, in wrapper
[91m[OHOS ERROR][0m [NINJA]     return func(*args, **kwargs)
[91m[OHOS ERROR][0m [NINJA]            ^^^^^^^^^^^^^^^^^^^^^
[91m[OHOS ERROR][0m [NINJA]   File "/srv/workspace/openharmony_master_default_20260723175927_huawei_33e607913/code/build/hb/modules/ohos_build_module.py", line 71, in run
[91m[OHOS ERROR][0m [NINJA]     raise exception
[91m[OHOS ERROR][0m [NINJA]   File "/srv/workspace/openharmony_master_default_20260723175927_huawei_33e607913/code/build/hb/modules/ohos_build_module.py", line 68, in run
[91m[OHOS ERROR][0m [NINJA]     super().run()
[91m[OHOS ERROR][0m [NINJA]   File "/srv/workspace/openharmony_master_default_20260723175927_huawei_33e607913/code/build/hb/modules/interface/build_module_interface.py", line 70, in run
[91m[OHOS ERROR][0m [NINJA]     raise exception
[91m[OHOS ERROR][0m [NINJA]   File "/srv/workspace/openharmony_master_default_20260723175927_huawei_33e607913/code/build/hb/modules/interface/build_module_interface.py", line 68, in run
[91m[OHOS ERROR][0m [NINJA]     self._ninja()
[91m[OHOS ERROR][0m [NINJA]   File "/srv/workspace/openharmony_master_default_20260723175927_huawei_33e607913/code/build/hb/util/timer_util.py", line 30, in inner
[91m[OHOS ERROR][0m [NINJA]     res = func(*arg, **kwarg)
[91m[OHOS ERROR][0m [NINJA]           ^^^^^^^^^^^^^^^^^^^
[91m[OHOS ERROR][0m [NINJA]   File "/srv/workspace/openharmony_master_default_20260723175927_huawei_33e607913/code/build/hb/modules/interface/build_module_interface.py", line 125, in _ninja
[91m[OHOS ERROR][0m [NINJA]     self._target_compilation()
[91m[OHOS ERROR][0m [NINJA]   File "/srv/workspace/openharmony_master_default_20260723175927_huawei_33e607913/code/build/hb/modules/ohos_build_module.py", line 133, in _target_compilation
[91m[OHOS ERROR][0m [NINJA]     self.target_compiler.run()
[91m[OHOS ERROR][0m [NINJA]   File "/srv/workspace/openharmony_master_default_20260723175927_huawei_33e607913/code/build/hb/services/ninja.py", line 39, in run
[91m[OHOS ERROR][0m [NINJA]     self._execute_ninja_cmd()
[91m[OHOS ERROR][0m [NINJA]   File "/srv/workspace/openharmony_master_default_20260723175927_huawei_33e607913/code/build/hb/services/ninja.py", line 70, in _execute_ninja_cmd
[91m[OHOS ERROR][0m [NINJA]     SystemUtil.exec_command(
[91m[OHOS ERROR][0m [NINJA]   File "/srv/workspace/openharmony_master_default_20260723175927_huawei_33e607913/code/build/hb/util/system_util.py", line 142, in exec_command
[91m[OHOS ERROR][0m [NINJA]     LogUtil.get_failed_log(log_path, cmd)
[91m[OHOS ERROR][0m [NINJA]   File "/srv/workspace/openharmony_master_default_20260723175927_huawei_33e607913/code/build/hb/util/log_util.py", line 221, in get_failed_log
[91m[OHOS ERROR][0m [NINJA]     LogUtil.get_compiler_failed_log(log_path, cmd)
[91m[OHOS ERROR][0m [NINJA]   File "/srv/workspace/openharmony_master_default_20260723175927_huawei_33e607913/code/build/hb/util/log_util.py", line 208, in get_compiler_failed_log
[91m[OHOS ERROR][0m [NINJA]     raise OHOSException(
[91m[OHOS ERROR][0m [NINJA] exceptions.ohos_exception.OHOSException: COMPILE Failed! Please check error in /srv/workspace/openharmony_master_default_20260723175927_huawei_33e607913/code/out/rk3568/error.log, and for more build information in /srv/workspace/openharmony_master_default_20260723175927_huawei_33e607913/code/out/rk3568/build.log
[91m[OHOS ERROR][0m [NINJA] 

[91m[OHOS ERROR][0m [NINJA] Code:        4000
[91m[OHOS ERROR][0m [NINJA] 
[91m[OHOS ERROR][0m [NINJA] Reason:      COMPILE Failed! Please check error in /srv/workspace/openharmony_master_default_20260723175927_huawei_33e607913/code/out/rk3568/error.log, and for more build information in /srv/workspace/openharmony_master_default_20260723175927_huawei_33e607913/code/out/rk3568/build.log
[91m[OHOS ERROR][0m [NINJA] 
[91m[OHOS ERROR][0m [NINJA] Error Type:  Ninja build error
[91m[OHOS ERROR][0m [NINJA] 
[91m[OHOS ERROR][0m [NINJA] Description: An unknown error occurred while executing 'ninja -C'.
[91m[OHOS ERROR][0m [NINJA] 
[91m[OHOS ERROR][0m [NINJA] Solution:    no solution
[91m[OHOS ERROR][0m [NINJA] 
[31m=====build  error=====[0m
real 97.02
user 514.08
sys 85.45
