
[32m	*********Welcome to OpenHarmony!*********[0m

+++++++++++++++++++++++++++++++++++++++++++++++++++++++++
[32mSystem shell: bash 5.1.16(1)-release[0m
+++++++++++++++++++++++++++++++++++++++++++++++++++++++++
[32mCurrent time: 2026-08-04 10:46:17[0m
+++++++++++++++++++++++++++++++++++++++++++++++++++++++++
[32mBuild args: -p rk3568 --build-target make_all[0m
+++++++++++++++++++++++++++++++++++++++++++++++++++++++++
[OHOS INFO] Current Node.js version is v14.21.1
[32m[OHOS INFO] Node.js version check passed![0m
[OHOS INFO] Ohpm initialization started...
[OHOS INFO] Current ohpm version is 5.0.8
ohpm [33mWARN: [39m[33mYour "NodeJs" version is less than the recommended version "18.x.x", please upgrade it as soon as possible.[39m
ohpm [90mDEBUG: [39m[90mconfig set registry https://repo.harmonyos.com/ohpm/[39m
ohpm [90mDEBUG: [39m[90mstart to write trace data[39m
ohpm [90mDEBUG: [39m[90mstart to get key[39m
ohpm [90mDEBUG: [39m[90mstart to get root key[39m
ohpm [90mDEBUG: [39m[90mstart to get trace log dir[39m
ohpm [90mDEBUG: [39m[90mAudit failed, detail: the trace log file path is not exist! trace path: /root/Library/Caches/Huawei/DevEcoStudio5.0/TraceLogData[39m
ohpm [33mWARN: [39m[33mYour "NodeJs" version is less than the recommended version "18.x.x", please upgrade it as soon as possible.[39m
ohpm [90mDEBUG: [39m[90mconfig set strict_ssl false[39m
ohpm [90mDEBUG: [39m[90mstart to write trace data[39m
ohpm [90mDEBUG: [39m[90mstart to get key[39m
ohpm [90mDEBUG: [39m[90mstart to get root key[39m
ohpm [90mDEBUG: [39m[90mstart to get trace log dir[39m
ohpm [90mDEBUG: [39m[90mAudit failed, detail: the trace log file path is not exist! trace path: /root/Library/Caches/Huawei/DevEcoStudio5.0/TraceLogData[39m
ohpm [33mWARN: [39m[33mYour "NodeJs" version is less than the recommended version "18.x.x", please upgrade it as soon as possible.[39m
ohpm [90mDEBUG: [39m[90mconfig set log_level debug[39m
ohpm [90mDEBUG: [39m[90mstart to write trace data[39m
ohpm [90mDEBUG: [39m[90mstart to get key[39m
ohpm [90mDEBUG: [39m[90mstart to get root key[39m
ohpm [90mDEBUG: [39m[90mstart to get trace log dir[39m
ohpm [90mDEBUG: [39m[90mAudit failed, detail: the trace log file path is not exist! trace path: /root/Library/Caches/Huawei/DevEcoStudio5.0/TraceLogData[39m
[OHOS INFO] installing pnpm...
[OHOS INFO] installing hypium...
[32m[OHOS INFO] ohpm initialization successful![0m
+++++++++++++++++++++++++++++++++++++++++++++++++++++++++

[32m[OHOS INFO] Start building...[0m

[OHOS INFO]  Set cache size limit to 100.0 GB
[OHOS INFO] [PRELOAD] generated build prop info to /srv/workspace/openharmony_master_default_20260723175927_huawei_33e607913/code/out/preloader/rk3568/build.prop
[OHOS INFO] [PRELOAD] generated build config info to /srv/workspace/openharmony_master_default_20260723175927_huawei_33e607913/code/out/preloader/rk3568/build_config.json
[OHOS INFO] [PRELOAD] generated product parts info to /srv/workspace/openharmony_master_default_20260723175927_huawei_33e607913/code/out/preloader/rk3568/parts.json
[OHOS INFO] [PRELOAD] generated parts config info to /srv/workspace/openharmony_master_default_20260723175927_huawei_33e607913/code/out/preloader/rk3568/parts_config.json
[OHOS INFO] [PRELOAD] generated build gnargs prop info to /srv/workspace/openharmony_master_default_20260723175927_huawei_33e607913/code/out/preloader/rk3568/build_gnargs.prop
[OHOS INFO] [PRELOAD] generated features info to /srv/workspace/openharmony_master_default_20260723175927_huawei_33e607913/code/out/preloader/rk3568/features.json
[OHOS INFO] [PRELOAD] generated syscap info to /srv/workspace/openharmony_master_default_20260723175927_huawei_33e607913/code/out/preloader/rk3568/syscap.json
[OHOS INFO] [PRELOAD] generated exclusion modules info to /srv/workspace/openharmony_master_default_20260723175927_huawei_33e607913/code/out/preloader/rk3568/exclusion_modules.json
[OHOS INFO] [PRELOAD] generated dependency pruning info to /srv/workspace/openharmony_master_default_20260723175927_huawei_33e607913/code/out/preloader/rk3568/dependency_pruning.json
[OHOS INFO] [PRELOAD] generated platforms build info to /srv/workspace/openharmony_master_default_20260723175927_huawei_33e607913/code/out/preloader/rk3568/platforms.build
[OHOS INFO] [PRELOAD] generated subsystem config info to /srv/workspace/openharmony_master_default_20260723175927_huawei_33e607913/code/out/preloader/rk3568/subsystem_config.json
[OHOS INFO] [PRELOAD] generated system capability info to /srv/workspace/openharmony_master_default_20260723175927_huawei_33e607913/code/out/preloader/rk3568/systemcapability.json
[OHOS INFO] [PRELOAD] generated compile_standard_whitelist info to /srv/workspace/openharmony_master_default_20260723175927_huawei_33e607913/code/out/preloader/rk3568/compile_standard_whitelist.json
[OHOS INFO] [PRELOAD] generated compile_env_allowlist info to /srv/workspace/openharmony_master_default_20260723175927_huawei_33e607913/code/out/preloader/rk3568/compile_env_allowlist.json
[OHOS INFO] [PRELOAD] generated hvigor_compile_whitelist info to /srv/workspace/openharmony_master_default_20260723175927_huawei_33e607913/code/out/preloader/rk3568/hvigor_compile_hap_whitelist.json
[OHOS INFO]  The run time for _prebuild_and_preload is 0.01 s
[OHOS INFO] [LOAD] Checking all build args...
[OHOS INFO] [LOAD] subsytem config scan completed costed is 1.86 s
[93m[OHOS WARNING][0m [LOAD] condition target '//arkcompiler/ets_runtime/compiler_service:static_app_install_aot_enable_list.conf' in '/srv/workspace/openharmony_master_default_20260723175927_huawei_33e607913/code/arkcompiler/ets_runtime/bundle.json' does not exist in 'sub_component', 'modules', 'group_type', 'inner_kits', 'inner_api' or 'test'
warning: subsystem name config incorrect in '/srv/workspace/openharmony_master_default_20260723175927_huawei_33e607913/code/vendor/hihope/rk3568/ohos.build', build file subsystem name is product_hihope,configured subsystem name is product_rk3568.
warning: subsystem name config incorrect in '/srv/workspace/openharmony_master_default_20260723175927_huawei_33e607913/code/device/board/hihope/rk3568/ohos.build', build file subsystem name is rockchip_products,configured subsystem name is device_rk3568.
[OHOS INFO] [LOAD] all parts scan completed
[OHOS INFO] [LOAD] Loading configuration file...

[OHOS INFO] [LOAD] loader args:['platforms_config_file="/srv/workspace/openharmony_master_default_20260723175927_huawei_33e607913/code/out/preloader/rk3568/platforms.build"', 'subsystem_config_file="/srv/workspace/openharmony_master_default_20260723175927_huawei_33e607913/code/out/preloader/rk3568/subsystem_config.json"', 'example_subsystem_file=""', 'exclusion_modules_config_file="/srv/workspace/openharmony_master_default_20260723175927_huawei_33e607913/code/out/preloader/rk3568/exclusion_modules.json"', 'source_root_dir="/srv/workspace/openharmony_master_default_20260723175927_huawei_33e607913/code/"', 'gn_root_out_dir="out/rk3568"', 'build_platform_name=phone', 'build_xts=False', 'load_test_config=True', 'target_os=ohos', 'target_cpu=arm', 'os_level=standard', "ignore_api_check=['xts', 'common', 'testfwk']", 'scalable_build=False', 'skip_partlist_check=False', 'enable_scan_optimization=False']
[OHOS INFO] [LOAD] Checking parts config...
[OHOS INFO] [LOAD] generated subsystem build config to '/srv/workspace/openharmony_master_default_20260723175927_huawei_33e607913/code/out/rk3568/build_configs/subsystem_info/subsystem_build_config.json'
[OHOS INFO] [LOAD] generated src subsystem info to '/srv/workspace/openharmony_master_default_20260723175927_huawei_33e607913/code/out/rk3568/build_configs/subsystem_info/src_subsystem_info.json'
[OHOS INFO] [LOAD] generated no src subsystem info to '/srv/workspace/openharmony_master_default_20260723175927_huawei_33e607913/code/out/rk3568/build_configs/subsystem_info/no_src_subsystem_info.json'
[OHOS INFO] [LOAD] generate target platform parts to '/srv/workspace/openharmony_master_default_20260723175927_huawei_33e607913/code/out/rk3568/build_configs/target_platforms_parts.json'
[OHOS INFO] [LOAD] generated system capabilities to '/srv/workspace/openharmony_master_default_20260723175927_huawei_33e607913/code/out/rk3568/build_configs/phone_system_capabilities.json'
[OHOS INFO] [LOAD] generated platforms parts by src to '/srv/workspace/openharmony_master_default_20260723175927_huawei_33e607913/code/out/rk3568/build_configs/platforms_parts_by_src.json'
[OHOS INFO] [LOAD] generate required parts targets to '/srv/workspace/openharmony_master_default_20260723175927_huawei_33e607913/code/out/rk3568/build_configs/required_parts_targets.json'
[OHOS INFO] [LOAD] generate build targets list file to '/srv/workspace/openharmony_master_default_20260723175927_huawei_33e607913/code/out/rk3568/build_configs/required_parts_targets_list.json'
[OHOS INFO] [LOAD] generated parts src flag to '/srv/workspace/openharmony_master_default_20260723175927_huawei_33e607913/code/out/rk3568/build_configs/subsystem_info/parts_src_flag.json'
[OHOS INFO] [LOAD] generate auto install part to '/srv/workspace/openharmony_master_default_20260723175927_huawei_33e607913/code/out/rk3568/build_configs/auto_install_parts.json'
[OHOS INFO] [LOAD] generate platforms list to '/srv/workspace/openharmony_master_default_20260723175927_huawei_33e607913/code/out/rk3568/build_configs/platforms_list.gni'
[OHOS INFO] [LOAD] generate part different info to '/srv/workspace/openharmony_master_default_20260723175927_huawei_33e607913/code/out/rk3568/build_configs/parts_different_info.json'
[OHOS INFO] [LOAD] generate infos for testfwk to '/srv/workspace/openharmony_master_default_20260723175927_huawei_33e607913/code/out/rk3568/build_configs/infos_for_testfwk.json'
[OHOS INFO] [LOAD] Checking all product features...
[OHOS INFO] [LOAD] generate syscap info file to '/srv/workspace/openharmony_master_default_20260723175927_huawei_33e607913/code/out/preloader/rk3568/system/etc/SystemCapability.json'
[OHOS INFO] [LOAD] generate syscap info with part name list to '/srv/workspace/openharmony_master_default_20260723175927_huawei_33e607913/code/out/preloader/rk3568/system/etc/syscap.json'
[OHOS INFO] [LOAD] generate target syscap for init list to '/srv/workspace/openharmony_master_default_20260723175927_huawei_33e607913/code/out/preloader/rk3568/system/etc/param/syscap.para'

[OHOS INFO] [GN] Excuting gn command: /srv/workspace/openharmony_master_default_20260723175927_huawei_33e607913/code/prebuilts/build-tools/linux-x86/bin/gn gen --args="product_name=\"rk3568\" target_cpu=\"arm\" precise_branch=\"\" is_standard_system=true product_path=\"/srv/workspace/openharmony_master_default_20260723175927_huawei_33e607913/code/vendor/hihope/rk3568\" product_config_path=\"/srv/workspace/openharmony_master_default_20260723175927_huawei_33e607913/code/vendor/hihope/rk3568\" device_name=\"rk3568\" device_path=\"/srv/workspace/openharmony_master_default_20260723175927_huawei_33e607913/code/device/board/rockchip/rk3568\" device_company=\"rockchip\" device_config_path=\"/srv/workspace/openharmony_master_default_20260723175927_huawei_33e607913/code/device/board/rockchip/rk3568\" ohos_build_compiler_specified=\"\" ohos_build_time=1785782784488 ohos_build_datetime=\"2026-08-04 10:46:24\" ace_engine_feature_enable_accessibility=true ace_engine_feature_enable_web=true ace_engine_feature_enable_upgrade_skia=true os_account_multiple_active_accounts=false datamgr_service_udmf=true access_token_enhance_capability=false code_signature_support_oh_code_sign=false code_signature_support_oh_release_app=true code_signature_support_app_allow_list=false init_feature_ab_partition=true hiview_feature_bbox_userspace=true hiview_enable_leak_detector=true hiview_enable_performance_monitor=true t2stack_feature_vtp=true t2stack_feature_coap=true t2stack_feature_dfile=true dsoftbus_feature_coap=true dsoftbus_feature_vtp=true dsoftbus_feature_dfile=true dsoftbus_feature_disc_ble=true dsoftbus_feature_disc_coap=true dsoftbus_feature_disc_lnn_coap=true dsoftbus_feature_conn_pv1=true dsoftbus_feature_conn_br=true dsoftbus_feature_conn_ble=true dsoftbus_feature_conn_tcp_proxy=true dsoftbus_feature_conn_tcp_comm=true dsoftbus_feature_trans_udp_stream=true dsoftbus_feature_trans_udp_file=true dsoftbus_feature_trans_udp=true dsoftbus_feature_trans_proxy_file=true dsoftbus_feature_trans_qos=true dsoftbus_feature_trans_br_proxy=true dsoftbus_feature_lnn_ble=true dsoftbus_feature_lnn_wifi=true dsoftbus_feature_lnn_cloud_sync=true dsoftbus_feature_lnn_channel_rating=true dsoftbus_feature_lnn_lane_mgr=true dsoftbus_feature_lnn_lane_qos=true dsoftbus_feature_lnn_frame=true wifi_feature_non_seperate_p2p=true wifi_feature_non_hdf_driver=true wifi_feature_p2p_random_mac_addr=true fusion_connectivity_partner_agent_feature=true updater_feature_use_ptable=false updater_feature_updater_gen_executable=true updater_feature_sign_on_server=false sys_installer_feature_ohos_cfg=true graphic_2d_feature_rs_enable_eglimage=true graphic_2d_feature_use_texgine=true graphic_2d_feature_upgrade_skia=true audio_framework_feature_dtmf_tone=true audio_framework_feature_opensl_es=true audio_framework_feature_support_os_account=false audio_framework_feature_audiosuite_support=true audio_framework_feature_hdmi_detect_audio=true image_framework_feature_upgrade_skia=true input_feature_combination_key=true input_feature_pointer_drawing=true input_feature_interceptor=true input_feature_monitor=true input_feature_keyboard=true input_feature_mouse=true input_feature_touchscreen=true input_feature_input_device=true battery_manager_feature_enable_charger=true memmgr_purgeable_memory=true memmgr_hyperhold_memory=true usb_manager_feature_pop_up_func_switch_model=false usb_manager_feature_host=true usb_manager_feature_device=true usb_manager_feature_port=true device_status_interaction_coordination=false wpa_supplicant_driver_nl80211=true skia_feature_upgrade=true libuv_use_ffrt=true hdf_core_platform_test_support=false hdf_core_default_peripheral_config=false drivers_interface_display_community=true drivers_interface_display_vdi_default=true drivers_peripheral_input_feature_model=true drivers_peripheral_input_feature_support_ddk=true drivers_peripheral_display_community=true drivers_peripheral_display_vdi_default=true drivers_peripheral_wlan_feature_enable_HDF_NL80211=true drivers_peripheral_wlan_feature_enable_HDF_UT=false drivers_peripheral_wlan_feature_vendor=\"default\" drivers_peripheral_wlan_p2p_name=\"p2p-dev-wlan0\" drivers_peripheral_sensor_feature_model=true drivers_peripheral_audio_feature_full_test_suite=true drivers_peripheral_audio_feature_alsa_lib=false drivers_peripheral_audio_feature_effect=true drivers_peripheral_light_feature_model=true drivers_peripheral_vibrator_feature_model=true drivers_peripheral_codec_feature_support_omx_extend_test=true drivers_peripheral_codec_feature_support_hdi_v1=true smartperf_host_device=true drivers_interface_audio_community=true qrcodegen_feature_ace_engine_qrcode_able=true alsa_lib_feature_config_enable=true ohos_build_enable_ccache=true ohos_build_type=\"debug\" device_type=\"default\" build_variant=\"root\" ohos_components_checktype=4 ohos_interception_rule_switch=1023 root_perf_main=\"main\" runtime_mode=\"release\"" --args=product_name="rk3568" target_cpu="arm" precise_branch="" is_standard_system=true product_path="/srv/workspace/openharmony_master_default_20260723175927_huawei_33e607913/code/vendor/hihope/rk3568" product_config_path="/srv/workspace/openharmony_master_default_20260723175927_huawei_33e607913/code/vendor/hihope/rk3568" device_name="rk3568" device_path="/srv/workspace/openharmony_master_default_20260723175927_huawei_33e607913/code/device/board/rockchip/rk3568" device_company="rockchip" device_config_path="/srv/workspace/openharmony_master_default_20260723175927_huawei_33e607913/code/device/board/rockchip/rk3568" ohos_build_compiler_specified="" ohos_build_time=1785782784488 ohos_build_datetime="2026-08-04 10:46:24" ace_engine_feature_enable_accessibility=true ace_engine_feature_enable_web=true ace_engine_feature_enable_upgrade_skia=true os_account_multiple_active_accounts=false datamgr_service_udmf=true access_token_enhance_capability=false code_signature_support_oh_code_sign=false code_signature_support_oh_release_app=true code_signature_support_app_allow_list=false init_feature_ab_partition=true hiview_feature_bbox_userspace=true hiview_enable_leak_detector=true hiview_enable_performance_monitor=true t2stack_feature_vtp=true t2stack_feature_coap=true t2stack_feature_dfile=true dsoftbus_feature_coap=true dsoftbus_feature_vtp=true dsoftbus_feature_dfile=true dsoftbus_feature_disc_ble=true dsoftbus_feature_disc_coap=true dsoftbus_feature_disc_lnn_coap=true dsoftbus_feature_conn_pv1=true dsoftbus_feature_conn_br=true dsoftbus_feature_conn_ble=true dsoftbus_feature_conn_tcp_proxy=true dsoftbus_feature_conn_tcp_comm=true dsoftbus_feature_trans_udp_stream=true dsoftbus_feature_trans_udp_file=true dsoftbus_feature_trans_udp=true dsoftbus_feature_trans_proxy_file=true dsoftbus_feature_trans_qos=true dsoftbus_feature_trans_br_proxy=true dsoftbus_feature_lnn_ble=true dsoftbus_feature_lnn_wifi=true dsoftbus_feature_lnn_cloud_sync=true dsoftbus_feature_lnn_channel_rating=true dsoftbus_feature_lnn_lane_mgr=true dsoftbus_feature_lnn_lane_qos=true dsoftbus_feature_lnn_frame=true wifi_feature_non_seperate_p2p=true wifi_feature_non_hdf_driver=true wifi_feature_p2p_random_mac_addr=true fusion_connectivity_partner_agent_feature=true updater_feature_use_ptable=false updater_feature_updater_gen_executable=true updater_feature_sign_on_server=false sys_installer_feature_ohos_cfg=true graphic_2d_feature_rs_enable_eglimage=true graphic_2d_feature_use_texgine=true graphic_2d_feature_upgrade_skia=true audio_framework_feature_dtmf_tone=true audio_framework_feature_opensl_es=true audio_framework_feature_support_os_account=false audio_framework_feature_audiosuite_support=true audio_framework_feature_hdmi_detect_audio=true image_framework_feature_upgrade_skia=true input_feature_combination_key=true input_feature_pointer_drawing=true input_feature_interceptor=true input_feature_monitor=true input_feature_keyboard=true input_feature_mouse=true input_feature_touchscreen=true input_feature_input_device=true battery_manager_feature_enable_charger=true memmgr_purgeable_memory=true memmgr_hyperhold_memory=true usb_manager_feature_pop_up_func_switch_model=false usb_manager_feature_host=true usb_manager_feature_device=true usb_manager_feature_port=true device_status_interaction_coordination=false wpa_supplicant_driver_nl80211=true skia_feature_upgrade=true libuv_use_ffrt=true hdf_core_platform_test_support=false hdf_core_default_peripheral_config=false drivers_interface_display_community=true drivers_interface_display_vdi_default=true drivers_peripheral_input_feature_model=true drivers_peripheral_input_feature_support_ddk=true drivers_peripheral_display_community=true drivers_peripheral_display_vdi_default=true drivers_peripheral_wlan_feature_enable_HDF_NL80211=true drivers_peripheral_wlan_feature_enable_HDF_UT=false drivers_peripheral_wlan_feature_vendor="default" drivers_peripheral_wlan_p2p_name="p2p-dev-wlan0" drivers_peripheral_sensor_feature_model=true drivers_peripheral_audio_feature_full_test_suite=true drivers_peripheral_audio_feature_alsa_lib=false drivers_peripheral_audio_feature_effect=true drivers_peripheral_light_feature_model=true drivers_peripheral_vibrator_feature_model=true drivers_peripheral_codec_feature_support_omx_extend_test=true drivers_peripheral_codec_feature_support_hdi_v1=true smartperf_host_device=true drivers_interface_audio_community=true qrcodegen_feature_ace_engine_qrcode_able=true alsa_lib_feature_config_enable=true ohos_build_enable_ccache=true ohos_build_type="debug" device_type="default" build_variant="root" ohos_components_checktype=4 ohos_interception_rule_switch=1023 root_perf_main="main" runtime_mode="release" /srv/workspace/openharmony_master_default_20260723175927_huawei_33e607913/code/out/rk3568
[OHOS INFO] [GN] root_out_dir=//out/rk3568
[OHOS INFO] [GN] root_build_dir=//out/rk3568
[OHOS INFO] [GN] root_gen_dir=//out/rk3568/gen
[OHOS INFO] [GN] current_toolchain=//build/toolchain/ohos:ohos_clang_arm
[OHOS INFO] [GN] host_toolchain=//build/toolchain/linux:clang_x64
[OHOS INFO] [GN] Msdp motion ability is disabled.
[OHOS INFO] [GN] location_geofence
[OHOS INFO] [GN] location_geofence
[OHOS INFO] [GN] battery_interface_service
[OHOS INFO] [GN] drivers_peripheral_huks
[OHOS INFO] [GN] drivers_peripheral_huks
[OHOS INFO] [GN] nnrt
[OHOS INFO] [GN] nnrt
[OHOS INFO] [GN] nnrt
[OHOS INFO] [GN] input_service
[OHOS INFO] [GN] hid_ddk
[OHOS INFO] [GN] hid_ddk
[OHOS INFO] [GN] backends_action is exec
[OHOS INFO] [GN] distributed_bundle_framework_graphics = true
[OHOS INFO] [GN] ability_runtime_enable_dbms = true
[OHOS INFO] [GN] account_enable_dbms = true
[OHOS INFO] [GN] distributed_bundle_framework_enable = true
[OHOS INFO] [GN] hisysevent_enable_dbms = true
[OHOS INFO] [GN] distributed_bundle_image_framework_enable = true
[OHOS INFO] [GN] sensor_service
[OHOS INFO] [GN] sensor_service
[OHOS INFO] [GN] sensor_convert_service
[OHOS INFO] [GN] output_values: ["//out/rk3568/gen/domains/game/game_controller_framework/frameworks/native/igame_controller_server_interface.h", "//out/rk3568/gen/domains/game/game_controller_framework/frameworks/native/game_controller_server_interface_proxy.cpp", "//out/rk3568/gen/domains/game/game_controller_framework/frameworks/native/game_controller_server_interface_stub.cpp", "//out/rk3568/gen/domains/game/game_controller_framework/frameworks/native/game_controller_server_interface_proxy.h", "//out/rk3568/gen/domains/game/game_controller_framework/frameworks/native/game_controller_server_interface_stub.h"]
[OHOS INFO] [GN] drivers_peripheral_face_auth
[OHOS INFO] [GN] default_toolchain =  //build/toolchain/ohos:ohos_clang_arm
[OHOS INFO] [GN] current_toolchain =  //build/toolchain/ohos:ohos_clang_arm
[OHOS INFO] [GN] host_toolchain =  //build/toolchain/linux:clang_x64
[OHOS INFO] [GN] root_out_dir =  //out/rk3568
[OHOS INFO] [GN] root_output_dir_proto =  out/rk3568/clang_x64
[OHOS INFO] [GN] memory_tracker_interface_service
[OHOS INFO] [GN] openssl detecting os now...
[OHOS INFO] [GN] current_cpu = arm
[OHOS INFO] [GN] current_os = ohos
[OHOS INFO] [GN] host_os = linux
[OHOS INFO] [GN] is_mingw = false
[OHOS INFO] [GN] openssl selected linux-armv4
[OHOS INFO] [GN] openssl detecting os done. openssl_selected_platform = linux-armv4
[OHOS INFO] [GN] time_system_ability_static output_values: ["//out/rk3568/gen/base/time/time_service/services/itime_service.h", "//out/rk3568/gen/base/time/time_service/services/time_service_proxy.cpp", "//out/rk3568/gen/base/time/time_service/services/time_service_stub.cpp", "//out/rk3568/gen/base/time/time_service/services/time_service_proxy.h", "//out/rk3568/gen/base/time/time_service/services/time_service_stub.h", "//out/rk3568/gen/base/time/time_service/services/itimer_callback.h", "//out/rk3568/gen/base/time/time_service/services/timer_callback_proxy.cpp", "//out/rk3568/gen/base/time/time_service/services/timer_callback_stub.cpp", "//out/rk3568/gen/base/time/time_service/services/timer_callback_proxy.h", "//out/rk3568/gen/base/time/time_service/services/timer_callback_stub.h"]
[OHOS INFO] [GN] ************libhilog_base use_musl ***************
[OHOS INFO] [GN] effect_host
[OHOS INFO] [GN] audio_service
[OHOS INFO] [GN] audio_service
[OHOS INFO] [GN] motion_service
[OHOS INFO] [GN] motion_service
[OHOS INFO] [GN] light_service
[OHOS INFO] [GN] bluetooth_hci
[OHOS INFO] [GN] bluetooth_a2dp
[OHOS INFO] [GN] bluetooth_lp_ble
[OHOS INFO] [GN] account_enable_bm = true
[OHOS INFO] [GN] overlay_install_bm = true
[OHOS INFO] [GN] quick_fix_bm = true
[OHOS INFO] [GN] distributed_bundle_framework_bm = true
[OHOS INFO] [GN] location_agnss
[OHOS INFO] [GN] location_agnss
[OHOS INFO] [GN] drivers_peripheral_user_auth
[OHOS INFO] [GN] drivers_peripheral_user_auth
[OHOS INFO] [GN] camera_service
[OHOS INFO] [GN] camera_service
[OHOS INFO] [GN] camera_service
[OHOS INFO] [GN] camera_service
[OHOS INFO] [GN] camera_service
[OHOS INFO] [GN] camera_service
[OHOS INFO] [GN] camera_service
[OHOS INFO] [GN] camera_service
[OHOS INFO] [GN] has_hisysevent_part = true
[OHOS INFO] [GN] event ces_hitrace_usage = true
[OHOS INFO] [GN] Support dsoftbus.
[OHOS INFO] [GN] support hearing aid
[OHOS INFO] [GN] Build curl is_cares_on: true
[OHOS INFO] [GN] Build curl support_gmssl: true
[OHOS INFO] [GN] current_cpu = arm
[OHOS INFO] [GN] current_os = ohos
[OHOS INFO] [GN] host_os = linux
[OHOS INFO] [GN] openhitls detecting os done, openhitls_selected_platform = 
[OHOS INFO] [GN] midi
[OHOS INFO] [GN] partitionslot_interface_service
[OHOS INFO] [GN] drivers_peripheral_pin_auth
[OHOS INFO] [GN] libunwind_action is exec
[OHOS INFO] [GN] rk3568_group in
[OHOS INFO] [GN] power_interface_service
[OHOS INFO] [GN] power_interface_service
[OHOS INFO] [GN] power_interface_service
[OHOS INFO] [GN] usbd
[OHOS INFO] [GN] usbd
[OHOS INFO] [GN] usbd
[OHOS INFO] [GN] usbd
[OHOS INFO] [GN] usbd
[OHOS INFO] [GN] serial
[OHOS INFO] [GN] usbfn_mtp
[OHOS INFO] [GN] usb_ddk
[OHOS INFO] [GN] usb_ddk
[OHOS INFO] [GN] scsi_ddk
[OHOS INFO] [GN] usb_serial_ddk
[OHOS INFO] [GN] usb_ddk
[OHOS INFO] [GN] E2FSPROGS_DIR is /srv/workspace/openharmony_master_default_20260723175927_huawei_33e607913/code/out/rk3568/gen/third_party/e2fsprogs/e2fsprogs
[OHOS INFO] [GN] Debug info gen_utils_abc file path:  //out/rk3568/obj/commonlibrary/ets_utils/js_concurrent_module/utils/utils.abc
[OHOS INFO] [GN] miscdevice_feature_vibrator_custom = true
[OHOS INFO] [GN] cups_action is exec
[OHOS INFO] [GN] distributed_camera_provider_service
[OHOS INFO] [GN] window_manager_use_sceneboard = false
[OHOS INFO] [GN] window_manager_feature_subscribe_motion = false
[OHOS INFO] [GN] imf_enable:  true
[OHOS INFO] [GN] imf_enable:  true
[OHOS INFO] [GN] window_scene_common imf_enable:  true
[OHOS INFO] [GN] imf_enable:  true
[OHOS INFO] [GN] imf_enable:  true
[OHOS INFO] [GN] window manager fold ability is enabled.
[OHOS INFO] [GN] window manager active mode ability is enabled.
[OHOS INFO] [GN] window manager screen color gamut ability is enabled.
[OHOS INFO] [GN] window manager screen hdr format ability is enabled.
[OHOS INFO] [GN] window manager screen color space ability is enabled.
[OHOS INFO] [GN] window manager screen multi screen ability is enabled.
[OHOS INFO] [GN] window manager screen multi screen frame ctl ability is enabled.
[OHOS INFO] [GN] window manager screen camera mode ability is enabled.
[OHOS INFO] [GN] window manager screen multi usr ability is enabled.
[OHOS INFO] [GN] window manager screen lock manager ability is enabled.
[OHOS INFO] [GN] imf_enable:  true
[OHOS INFO] [GN] imf_enable:  true
[OHOS INFO] [GN] imf_enable:  true
[OHOS INFO] [GN] accessibility_feature_display_manager = true
[OHOS INFO] [GN] accessibility_feature_power_manager = true
[OHOS INFO] [GN] accessibility_use_rosen_drawing = true
[OHOS INFO] [GN] accessibility_feature_data_share = true
[OHOS INFO] [GN] accessibility_feature_hiviewdfx_hitrace = true
[OHOS INFO] [GN] accessibility_feature_hiviewdfx_hisysevent = true
[OHOS INFO] [GN] input_feature_combination_key = true
[OHOS INFO] [GN] input_feature_pointer_drawing = true
[OHOS INFO] [GN] input_feature_monitor = true
[OHOS INFO] [GN] input_feature_interceptor = true
[OHOS INFO] [GN] input_feature_keyboard = true
[OHOS INFO] [GN] input_feature_switch = true
[OHOS INFO] [GN] input_feature_mouse = true
[OHOS INFO] [GN] input_feature_joystick = true
[OHOS INFO] [GN] input_feature_touchscreen = true
[OHOS INFO] [GN] input_feature_input_device = true
[OHOS INFO] [GN] input_feature_short_key = true
[OHOS INFO] [GN] input_ext_feature_keyboard_ext_flag = false
[OHOS INFO] [GN] input_feature_one_hand_mode_enable = false
[OHOS INFO] [GN] input_feature_move_event_filters = false
[OHOS INFO] [GN] input_feature_external_screen = true
[OHOS INFO] [GN] input_feature_touchpad = true
[OHOS INFO] [GN] input_feature_pen = true
[OHOS INFO] [GN] input_feature_touch_gesture = true
[OHOS INFO] [GN] input_controller_inject_enable = false
[OHOS INFO] [GN] location_gnss
[OHOS INFO] [GN] ["OS_ACCOUNT_EDM_ENABLE"]
[OHOS INFO] [GN] current_cpu = arm
[OHOS INFO] [GN] current_os = ohos
[OHOS INFO] [GN] host_os = linux
[OHOS INFO] [GN] is_mingw = false
[OHOS INFO] [GN] ffmpeg selected cplatform
[OHOS INFO] [GN] daudio
[OHOS INFO] [GN] daudio
[OHOS INFO] [GN] daudioext
[OHOS INFO] [GN] daudioext
[OHOS INFO] [GN] thermal_interface_service
[OHOS INFO] [GN] Reading plugin sources: ets (//build/toolchain/ohos:ohos_clang_arm)
[OHOS INFO] [GN] ########## ets_runtime disable cmc-gc ##############
[OHOS INFO] [GN] drivers_peripheral_fingerprint_auth
[OHOS INFO] [GN] Cares install
[OHOS INFO] [GN] ["--haptobin", "../../developtools/packing_tool/adapter/ohos", "--haptobinOutput", "obj/developtools/packing_tool/jar/haptobin_tool.jar", "--unpackOutput", "obj/developtools/packing_tool/jar/app_unpacking_tool.jar", "--packOutput", "obj/developtools/packing_tool/jar/app_packing_tool.jar", "--outpath", "obj/developtools/packing_tool/jar", "--checkOutput", "obj/developtools/packing_tool/jar/app_check_tool.jar", "--toolchain", "//build/toolchain/ohos:ohos_clang_arm", "--compileTarget", "image"]
[OHOS INFO] [GN] drm_interface_service
[OHOS INFO] [GN] drm_interface_service
[OHOS INFO] [GN] ril_service
[OHOS INFO] [GN] ril_service
[OHOS INFO] [GN] av_codec_support_fcodec = true
[OHOS INFO] [GN] av_codec_support_avc_encoder = true
[OHOS INFO] [GN] av_codec_support_hevc_decoder = true
[OHOS INFO] [GN] av_codec_support_hcodec = true
[OHOS INFO] [GN] av_codec_support_vp8_decoder = false
[OHOS INFO] [GN] av_codec_support_vp9_decoder = false
[OHOS INFO] [GN] av_codec_support_av1_decoder = false
[OHOS INFO] [GN] ril_service
[OHOS INFO] [GN] ril_service
[OHOS INFO] [GN] ril_service
[OHOS INFO] [GN] av_codec_enable_start_stop_on_demand = false
[OHOS INFO] [GN] ethernet_service
[OHOS INFO] [GN] wpa_supplicant_vendor_ext = false
[OHOS INFO] [GN] wpa_supplicant_wapi = false
[OHOS INFO] [GN] native_media_venc: FAST_KIT_ENABLED=false
[OHOS INFO] [GN] bundle_framework_power_mgr_enable = true
[OHOS INFO] [GN] bundle_framework_graphics = true
[OHOS INFO] [GN] bundle_framework_free_install = true
[OHOS INFO] [GN] bundle_framework_default_app = true
[OHOS INFO] [GN] bundle_framework_launcher = true
[OHOS INFO] [GN] bundle_framework_sandbox_app = true
[OHOS INFO] [GN] bundle_framework_quick_fix = true
[OHOS INFO] [GN] bundle_framework_app_control = true
[OHOS INFO] [GN] distributed_bundle_framework = true
[OHOS INFO] [GN] ability_runtime_enable = true
[OHOS INFO] [GN] account_enable = true
[OHOS INFO] [GN] configpolicy_enable = true
[OHOS INFO] [GN] global_resmgr_enable = true
[OHOS INFO] [GN] hicollie_enable = true
[OHOS INFO] [GN] support_jsapi = true
[OHOS INFO] [GN] hisysevent_enable = true
[OHOS INFO] [GN] bundle_framework_overlay_install = true
[OHOS INFO] [GN] bundle_framework_bundle_resource = true
[OHOS INFO] [GN] verify_abc_enabled = true
[OHOS INFO] [GN] user_auth_framework_impl_enabled = true
[OHOS INFO] [GN] bundle_framework_bss_enable = false
[OHOS INFO] [GN] bundle_framework_npapi_enable = false
[OHOS INFO] [GN] bms_accesscontrol_sandbox_manager = true
[OHOS INFO] [GN] //out/rk3568/obj/foundation/arkui/advanced_ui_component/customappbar/atomicservicemenubar/atomicservicemenubar.abc
[OHOS INFO] [GN] vibrator_service
[OHOS INFO] [GN] wlan_service
[OHOS INFO] [GN] wlan_service
[OHOS INFO] [GN] wlan_service
[OHOS INFO] [GN] chip
[OHOS INFO] [GN] wpa_service
[OHOS INFO] [GN] hostapd_service
[OHOS INFO] [GN] chip
[OHOS INFO] [GN] low_power_player_service
[OHOS INFO] [GN] codec_service
[OHOS INFO] [GN] codec_service
[OHOS INFO] [GN] codec_service
[OHOS INFO] [GN] hisysevent_usage = false
[OHOS INFO] [GN] ans_hitrace_usage = true
[OHOS INFO] [GN] display_buffer
[OHOS INFO] [GN] display_buffer
[OHOS INFO] [GN] display_composer
[OHOS INFO] [GN] display_commontype
[OHOS INFO] [GN] display_composer
[OHOS INFO] [GN] display_commontype
[OHOS INFO] [GN] display_composer
[OHOS INFO] [GN] display_composer
[OHOS INFO] [GN] display_buffer
[OHOS INFO] [GN] display_composer
[OHOS INFO] [GN] display_buffer
[OHOS INFO] [GN] display_commontype
[OHOS INFO] [GN] display_commontype
[OHOS INFO] [GN] display_composer
[OHOS INFO] [GN] display_buffer
[OHOS INFO] [GN] display_commontype
[OHOS INFO] [GN] display_commontype
[OHOS INFO] [GN] intell_voice_engine_service
[OHOS INFO] [GN] intell_voice_engine_service
[OHOS INFO] [GN] intell_voice_engine_service
[OHOS INFO] [GN] intell_voice_engine_service
[OHOS INFO] [GN] intell_voice_trigger_service
[OHOS INFO] [GN] intell_voice_trigger_service
[OHOS INFO] [GN] nearlink_hci
[OHOS INFO] [GN] off_find
[OHOS INFO] [GN] intell_voice_trigger_service
[OHOS INFO] [GN] nearlink_hci
[OHOS INFO] [GN] Set module_install_dir or relative_install_dir field in the //foundation/systemabilitymgr/selectionfwk/test/unittest/PerformanceTest:performanceTest(//build/toolchain/ohos:ohos_clang_arm). Do not install the module to app.
[OHOS INFO] [GN] Set module_install_dir or relative_install_dir field in the //foundation/distributeddatamgr/data_share/test/unittest/native/resource/datashare_ext_bundle:datashare_ext(//build/toolchain/ohos:ohos_clang_arm). Do not install the module to app.
[OHOS INFO] [GN] Set module_install_dir or relative_install_dir field in the //foundation/distributeddatamgr/data_share/test/unittest/native/resource/errorcode_ext_bundle:errorcode_ext(//build/toolchain/ohos:ohos_clang_arm). Do not install the module to app.
[OHOS INFO] [GN] Set module_install_dir or relative_install_dir field in the //foundation/distributeddatamgr/data_share/test/unittest/native/resource/datashare_proxy_bundle:proxydatas_with_permission(//build/toolchain/ohos:ohos_clang_arm). Do not install the module to app.
[OHOS INFO] [GN] Set module_install_dir or relative_install_dir field in the //foundation/distributeddatamgr/data_share/test/native/resource/datashareproxy_bundle:proxydatas_with_permission_native(//build/toolchain/ohos:ohos_clang_arm). Do not install the module to app.
[OHOS INFO] [GN] Set module_install_dir or relative_install_dir field in the //foundation/distributeddatamgr/data_share/test/native/resource/errorcode_ext_bundle:errorcode_ext_native(//build/toolchain/ohos:ohos_clang_arm). Do not install the module to app.
[OHOS INFO] [GN] Set module_install_dir or relative_install_dir field in the //foundation/distributeddatamgr/data_share/test/native/resource/datashare_ext_bundle:datashare_ext_native(//build/toolchain/ohos:ohos_clang_arm). Do not install the module to app.
[OHOS INFO] [GN] include_dirs= ["//out/rk3568/gen/foundation/multimedia/audio_framework/services/audio_service/idl", "//foundation/multimedia/audio_framework/services/audio_service/idl/"]
[OHOS INFO] [GN] target_gen_dir= //out/rk3568/gen/foundation/multimedia/audio_framework/services/audio_service/idl
[OHOS INFO] [GN] histreamer plugin: ffmpeg_adapter = true
[OHOS INFO] [GN] histreamer plugin: wav_demuxer = false
[OHOS INFO] [GN] histreamer plugin: hdi_adapter = false
[OHOS INFO] [GN] histreamer plugin: file_source = false
[OHOS INFO] [GN] histreamer plugin: file_fd_source = false
[OHOS INFO] [GN] histreamer plugin: std_stream_source = false
[OHOS INFO] [GN] histreamer plugin: http_source = false
[OHOS INFO] [GN] histreamer plugin: stream_source = false
[OHOS INFO] [GN] histreamer plugin: audio_server_sink = false
[OHOS INFO] [GN] histreamer plugin: lite_aac_decoder = false
[OHOS INFO] [GN] histreamer plugin: std_video_surface_sink = false
[OHOS INFO] [GN] histreamer plugin: std_video_capture = false
[OHOS INFO] [GN] histreamer plugin: file_fd_sink = false
[OHOS INFO] [GN] histreamer plugin: codec_adapter = true
[OHOS INFO] [GN] imf_enable:  true
[OHOS INFO] [GN] target_out_dir //out/rk3568/obj/arkcompiler/runtime_core/libark_defect_scan_aux/tests/unittest
[OHOS INFO] [GN] target_dir /srv/workspace/openharmony_master_default_20260723175927_huawei_33e607913/code/out/rk3568/obj/arkcompiler/runtime_core/libark_defect_scan_aux/tests/unittest
[OHOS INFO] [GN] test_abc_dir /srv/workspace/openharmony_master_default_20260723175927_huawei_33e607913/code/out/rk3568/obj/arkcompiler/runtime_core/libark_defect_scan_aux/tests/unittest
[OHOS INFO] [GN] Reading plugin sources: ets (//build/toolchain/linux:clang_x64)
[OHOS INFO] [GN] target_out_dir //out/rk3568/clang_x64/obj/arkcompiler/runtime_core/libark_defect_scan_aux/tests/unittest
[OHOS INFO] [GN] target_dir /srv/workspace/openharmony_master_default_20260723175927_huawei_33e607913/code/out/rk3568/clang_x64/obj/arkcompiler/runtime_core/libark_defect_scan_aux/tests/unittest
[OHOS INFO] [GN] test_abc_dir /srv/workspace/openharmony_master_default_20260723175927_huawei_33e607913/code/out/rk3568/clang_x64/obj/arkcompiler/runtime_core/libark_defect_scan_aux/tests/unittest
[OHOS INFO] [GN] ########## ets_runtime disable cmc-gc ##############
[OHOS INFO] [GN] E2FSPROGS_DIR is /srv/workspace/openharmony_master_default_20260723175927_huawei_33e607913/code/out/rk3568/clang_x64/gen/third_party/e2fsprogs/e2fsprogs
[OHOS INFO] [GN] ************libhilog_base use_musl ***************
[OHOS INFO] [GN] Set module_install_dir or relative_install_dir field in the //foundation/bundlemanager/bundle_tool/test/sceneProject/tools/bm/test_app_one:test_app_one(//build/toolchain/ohos:ohos_clang_arm). Do not install the module to app.
[OHOS INFO] [GN] ########## ets_runtime disable cmc-gc ##############
[OHOS INFO] [GN] ************libhilog_base use_musl ***************
[OHOS INFO] [GN] Set module_install_dir or relative_install_dir field in the //foundation/bundlemanager/bundle_framework/test/sceneProject/unittest/test_bundle/resourceManagerTest:resourceManagerTest(//build/toolchain/ohos:ohos_clang_arm). Do not install the module to app.
[OHOS INFO] [GN] Set module_install_dir or relative_install_dir field in the //foundation/ability/ability_runtime/test/moduletest/ui_extension_ability_test/ui_extension_user_bundle:ui_extension_user_hap(//build/toolchain/ohos:ohos_clang_arm). Do not install the module to app.
[OHOS INFO] [GN] Set module_install_dir or relative_install_dir field in the //foundation/ability/ability_runtime/test/moduletest/ui_extension_ability_test/ui_extension_provider_bundle:ui_extension_provider_hap(//build/toolchain/ohos:ohos_clang_arm). Do not install the module to app.
[OHOS INFO] [GN] Set module_install_dir or relative_install_dir field in the //foundation/ability/ability_runtime/tools/test/resource/aa/pageAbilityBundleForStart:pageAbilityBundleForStart(//build/toolchain/ohos:ohos_clang_arm). Do not install the module to app.
[OHOS INFO] [GN] Set module_install_dir or relative_install_dir field in the //foundation/ability/ability_runtime/tools/test/resource/aa/serviceAbilityBundleForStart:serviceAbilityBundleForStart(//build/toolchain/ohos:ohos_clang_arm). Do not install the module to app.
[OHOS INFO] [GN] Set module_install_dir or relative_install_dir field in the //foundation/ability/ability_runtime/tools/test/resource/aa/serviceAbilityBundleForStop:serviceAbilityBundleForStop(//build/toolchain/ohos:ohos_clang_arm). Do not install the module to app.
[OHOS INFO] [GN] Set module_install_dir or relative_install_dir field in the //foundation/ability/ability_runtime/tools/test/resource/aa/dataAbilityBundleForDump:dataAbilityBundleForDump(//build/toolchain/ohos:ohos_clang_arm). Do not install the module to app.
[OHOS INFO] [GN] Set module_install_dir or relative_install_dir field in the //foundation/ability/ability_runtime/tools/test/resource/aa/pageAbilityBundleForDump:pageAbilityBundleForDump(//build/toolchain/ohos:ohos_clang_arm). Do not install the module to app.
[OHOS INFO] [GN] Set module_install_dir or relative_install_dir field in the //foundation/bundlemanager/distributed_bundle_framework/services/dbms/test/sceneProject/unittest/system_module:distributed_system_module(//build/toolchain/ohos:ohos_clang_arm). Do not install the module to app.
[OHOS INFO] [GN] openssl detecting os now...
[OHOS INFO] [GN] current_cpu = x64
[OHOS INFO] [GN] current_os = linux
[OHOS INFO] [GN] host_os = linux
[OHOS INFO] [GN] is_mingw = false
[OHOS INFO] [GN] openssl selected linux-x86_64
[OHOS INFO] [GN] openssl detecting os done. openssl_selected_platform = linux-x86_64
[OHOS INFO] [GN] target_out_dir //out/rk3568/mingw_x86_64/obj/arkcompiler/runtime_core/libark_defect_scan_aux/tests/unittest
[OHOS INFO] [GN] target_dir /srv/workspace/openharmony_master_default_20260723175927_huawei_33e607913/code/out/rk3568/mingw_x86_64/obj/arkcompiler/runtime_core/libark_defect_scan_aux/tests/unittest
[OHOS INFO] [GN] test_abc_dir /srv/workspace/openharmony_master_default_20260723175927_huawei_33e607913/code/out/rk3568/mingw_x86_64/obj/arkcompiler/runtime_core/libark_defect_scan_aux/tests/unittest
[OHOS INFO] [GN] ########## ets_runtime disable cmc-gc ##############
[OHOS INFO] [GN] Set module_install_dir or relative_install_dir field in the //foundation/bundlemanager/bundle_framework/test/sceneProject/benchmark/benchmarktesthap:benchmarktesthap(//build/toolchain/ohos:ohos_clang_arm). Do not install the module to app.
[OHOS INFO] [GN] Set module_install_dir or relative_install_dir field in the //foundation/bundlemanager/bundle_framework/test/sceneProject/moduletest/other_bundle/bmsThirdBundle1:mstbmsThirdBundle1(//build/toolchain/ohos:ohos_clang_arm). Do not install the module to app.
[OHOS INFO] [GN] Set module_install_dir or relative_install_dir field in the //foundation/bundlemanager/bundle_framework/test/sceneProject/moduletest/other_bundle/bmsThirdBundle14:mstbmsThirdBundle14(//build/toolchain/ohos:ohos_clang_arm). Do not install the module to app.
[OHOS INFO] [GN] Set module_install_dir or relative_install_dir field in the //foundation/bundlemanager/bundle_framework/test/sceneProject/moduletest/other_bundle/bmsThirdBundle2:mstbmsThirdBundle2(//build/toolchain/ohos:ohos_clang_arm). Do not install the module to app.
[OHOS INFO] [GN] Set module_install_dir or relative_install_dir field in the //foundation/bundlemanager/bundle_framework/test/sceneProject/unittest/bundle_app_service/app_service_version1_library1:appService_v1_library1(//build/toolchain/ohos:ohos_clang_arm). Do not install the module to app.
[OHOS INFO] [GN] Set module_install_dir or relative_install_dir field in the //foundation/bundlemanager/bundle_framework/test/sceneProject/unittest/test_bundle/defaultAppTest:defaultAppTest(//build/toolchain/ohos:ohos_clang_arm). Do not install the module to app.
[OHOS INFO] [GN] Set module_install_dir or relative_install_dir field in the //foundation/bundlemanager/bundle_framework/test/sceneProject/unittest/test_bundle/bmsAccessTokentest3:bmsAccessTokentest3(//build/toolchain/ohos:ohos_clang_arm). Do not install the module to app.
[OHOS INFO] [GN] Set module_install_dir or relative_install_dir field in the //foundation/bundlemanager/bundle_framework/test/sceneProject/unittest/test_bundle/bmsAccessTokentest1:bmsAccessTokentest1(//build/toolchain/ohos:ohos_clang_arm). Do not install the module to app.
[OHOS INFO] [GN] Set module_install_dir or relative_install_dir field in the //foundation/bundlemanager/bundle_framework/test/sceneProject/unittest/test_bundle/first_right:first_right(//build/toolchain/ohos:ohos_clang_arm). Do not install the module to app.
[OHOS INFO] [GN] Set module_install_dir or relative_install_dir field in the //foundation/bundlemanager/bundle_framework/test/sceneProject/unittest/test_bundle/wrong_bundle_name:wrong_bundle_name(//build/toolchain/ohos:ohos_clang_arm). Do not install the module to app.
[OHOS INFO] [GN] Set module_install_dir or relative_install_dir field in the //foundation/bundlemanager/bundle_framework/test/sceneProject/unittest/test_bundle/bmsThirdBundle1:bmsThirdBundle1(//build/toolchain/ohos:ohos_clang_arm). Do not install the module to app.
[OHOS INFO] [GN] Set module_install_dir or relative_install_dir field in the //foundation/bundlemanager/bundle_framework/test/sceneProject/unittest/permission_bundle/bmsGrantPermission6:bmsGrantPermission6(//build/toolchain/ohos:ohos_clang_arm). Do not install the module to app.
[OHOS INFO] [GN] Set module_install_dir or relative_install_dir field in the //foundation/bundlemanager/bundle_framework/test/sceneProject/unittest/permission_bundle/bmsGrantPermission1:bmsGrantPermission1(//build/toolchain/ohos:ohos_clang_arm). Do not install the module to app.
[OHOS INFO] [GN] Set module_install_dir or relative_install_dir field in the //foundation/bundlemanager/bundle_framework/test/sceneProject/unittest/permission_bundle/bmsGrantPermission4:bmsGrantPermission4(//build/toolchain/ohos:ohos_clang_arm). Do not install the module to app.
[OHOS INFO] [GN] Set module_install_dir or relative_install_dir field in the //foundation/bundlemanager/bundle_framework/test/sceneProject/unittest/test_bundle/bmsAccessTokentest2:bmsAccessTokentest2(//build/toolchain/ohos:ohos_clang_arm). Do not install the module to app.
[OHOS INFO] [GN] Set module_install_dir or relative_install_dir field in the //foundation/bundlemanager/bundle_framework/test/sceneProject/unittest/test_bundle/thumbnailTest2:thumbnailTest2(//build/toolchain/ohos:ohos_clang_arm). Do not install the module to app.
[OHOS INFO] [GN] Set module_install_dir or relative_install_dir field in the //foundation/bundlemanager/bundle_framework/test/sceneProject/unittest/test_bundle/bmsThirdBundle2:bmsThirdBundle2(//build/toolchain/ohos:ohos_clang_arm). Do not install the module to app.
[OHOS INFO] [GN] Set module_install_dir or relative_install_dir field in the //foundation/bundlemanager/bundle_framework/test/sceneProject/unittest/bundle_so/compressNativeLibsFalse:compressNativeLibsFalse01(//build/toolchain/ohos:ohos_clang_arm). Do not install the module to app.
[OHOS INFO] [GN] Set module_install_dir or relative_install_dir field in the //foundation/bundlemanager/bundle_framework/test/sceneProject/unittest/test_bundle/thumbnailTest:thumbnailTest(//build/toolchain/ohos:ohos_clang_arm). Do not install the module to app.
[OHOS INFO] [GN] Set module_install_dir or relative_install_dir field in the //foundation/bundlemanager/bundle_framework/test/sceneProject/unittest/permission_bundle/bmsGrantPermission7:bmsGrantPermission7(//build/toolchain/ohos:ohos_clang_arm). Do not install the module to app.
[OHOS INFO] [GN] Set module_install_dir or relative_install_dir field in the //foundation/bundlemanager/bundle_framework/test/sceneProject/unittest/bundle_so/compressNativeLibsTrue:compressNativeLibsTrue01(//build/toolchain/ohos:ohos_clang_arm). Do not install the module to app.
[OHOS INFO] [GN] Set module_install_dir or relative_install_dir field in the //foundation/bundlemanager/bundle_framework/test/sceneProject/unittest/bundle_dependencies/dependencies_entry_B:dependencies_entry_B(//build/toolchain/ohos:ohos_clang_arm). Do not install the module to app.
[OHOS INFO] [GN] Set module_install_dir or relative_install_dir field in the //foundation/bundlemanager/bundle_framework/test/sceneProject/unittest/bundle_dependencies/dependencies_entry_A:dependencies_entry_A(//build/toolchain/ohos:ohos_clang_arm). Do not install the module to app.
[OHOS INFO] [GN] Set module_install_dir or relative_install_dir field in the //foundation/bundlemanager/bundle_framework/test/sceneProject/unittest/bundle_dependencies/dependencies_entry_C:dependencies_entry_C(//build/toolchain/ohos:ohos_clang_arm). Do not install the module to app.
[OHOS INFO] [GN] Set module_install_dir or relative_install_dir field in the //foundation/bundlemanager/bundle_framework/test/sceneProject/unittest/test_bundle/sandboxTest:sandboxTest(//build/toolchain/ohos:ohos_clang_arm). Do not install the module to app.
[OHOS INFO] [GN] Set module_install_dir or relative_install_dir field in the //foundation/bundlemanager/bundle_framework/test/sceneProject/unittest/test_bundle/versionTest1:versionTest1(//build/toolchain/ohos:ohos_clang_arm). Do not install the module to app.
[OHOS INFO] [GN] Set module_install_dir or relative_install_dir field in the //foundation/bundlemanager/bundle_framework/test/sceneProject/unittest/test_bundle/versionTest3:versionTest3(//build/toolchain/ohos:ohos_clang_arm). Do not install the module to app.
[OHOS INFO] [GN] Set module_install_dir or relative_install_dir field in the //foundation/bundlemanager/bundle_framework/test/sceneProject/unittest/test_bundle/seventh_right:seventh_right(//build/toolchain/ohos:ohos_clang_arm). Do not install the module to app.
[OHOS INFO] [GN] Set module_install_dir or relative_install_dir field in the //foundation/bundlemanager/bundle_framework/test/sceneProject/unittest/test_bundle/fourth_right:fourth_right(//build/toolchain/ohos:ohos_clang_arm). Do not install the module to app.
[OHOS INFO] [GN] Set module_install_dir or relative_install_dir field in the //foundation/bundlemanager/bundle_framework/test/sceneProject/unittest/test_bundle/fifth_right:fifth_right(//build/toolchain/ohos:ohos_clang_arm). Do not install the module to app.
[OHOS INFO] [GN] Set module_install_dir or relative_install_dir field in the //foundation/bundlemanager/bundle_framework/test/sceneProject/unittest/test_bundle/rightTest:rightTest(//build/toolchain/ohos:ohos_clang_arm). Do not install the module to app.
[OHOS INFO] [GN] Set module_install_dir or relative_install_dir field in the //foundation/bundlemanager/bundle_framework/test/sceneProject/unittest/test_bundle/rightTest1:rightTest1(//build/toolchain/ohos:ohos_clang_arm). Do not install the module to app.
[OHOS INFO] [GN] Set module_install_dir or relative_install_dir field in the //foundation/bundlemanager/bundle_framework/test/sceneProject/unittest/test_bundle/second_right:second_right(//build/toolchain/ohos:ohos_clang_arm). Do not install the module to app.
[OHOS INFO] [GN] Set module_install_dir or relative_install_dir field in the //foundation/bundlemanager/bundle_framework/test/sceneProject/unittest/test_bundle/third_right:third_right(//build/toolchain/ohos:ohos_clang_arm). Do not install the module to app.
[OHOS INFO] [GN] Set module_install_dir or relative_install_dir field in the //foundation/bundlemanager/bundle_framework/test/sceneProject/unittest/test_bundle/versionTest2:versionTest2(//build/toolchain/ohos:ohos_clang_arm). Do not install the module to app.
[OHOS INFO] [GN] Set module_install_dir or relative_install_dir field in the //foundation/bundlemanager/bundle_framework/test/sceneProject/unittest/permission_bundle/bmsGrantPermission3:bmsGrantPermission3(//build/toolchain/ohos:ohos_clang_arm). Do not install the module to app.
[OHOS INFO] [GN] Set module_install_dir or relative_install_dir field in the //foundation/bundlemanager/bundle_framework/test/sceneProject/unittest/test_bundle/backupTest:backupTest(//build/toolchain/ohos:ohos_clang_arm). Do not install the module to app.
[OHOS INFO] [GN] Set module_install_dir or relative_install_dir field in the //foundation/bundlemanager/bundle_framework/test/sceneProject/unittest/test_bundle/versionNormalHapTest2:versionNormalHapTest2(//build/toolchain/ohos:ohos_clang_arm). Do not install the module to app.
[OHOS INFO] [GN] Set module_install_dir or relative_install_dir field in the //foundation/bundlemanager/bundle_framework/test/sceneProject/unittest/test_bundle/versionNormalHapTest1:versionNormalHapTest1(//build/toolchain/ohos:ohos_clang_arm). Do not install the module to app.
[OHOS INFO] [GN] Set module_install_dir or relative_install_dir field in the //foundation/bundlemanager/bundle_framework/test/sceneProject/unittest/test_bundle/system_module:system_module(//build/toolchain/ohos:ohos_clang_arm). Do not install the module to app.
[OHOS INFO] [GN] Set module_install_dir or relative_install_dir field in the //foundation/bundlemanager/bundle_framework/test/sceneProject/unittest/test_bundle/moduleJsonTest:moduleJsonTest(//build/toolchain/ohos:ohos_clang_arm). Do not install the module to app.
[OHOS INFO] [GN] Set module_install_dir or relative_install_dir field in the //foundation/bundlemanager/bundle_framework/test/sceneProject/unittest/test_bundle/signatureTest:signatureTest(//build/toolchain/ohos:ohos_clang_arm). Do not install the module to app.
[OHOS INFO] [GN] Set module_install_dir or relative_install_dir field in the //foundation/bundlemanager/bundle_framework/test/sceneProject/unittest/bundle_share_library/libA_v10000:libA_v10000(//build/toolchain/ohos:ohos_clang_arm). Do not install the module to app.
[OHOS INFO] [GN] Set module_install_dir or relative_install_dir field in the //foundation/bundlemanager/bundle_framework/test/sceneProject/unittest/parse_bundle/new:new(//build/toolchain/ohos:ohos_clang_arm). Do not install the module to app.
[OHOS INFO] [GN] Set module_install_dir or relative_install_dir field in the //foundation/bundlemanager/bundle_framework/test/sceneProject/unittest/install_daemon/right:right(//build/toolchain/ohos:ohos_clang_arm). Do not install the module to app.
[OHOS INFO] [GN] Set module_install_dir or relative_install_dir field in the //foundation/bundlemanager/bundle_framework/test/sceneProject/unittest/bundle_hsp/hsp_C2:hsp_C2(//build/toolchain/ohos:ohos_clang_arm). Do not install the module to app.
[OHOS INFO] [GN] Set module_install_dir or relative_install_dir field in the //foundation/bundlemanager/bundle_framework/test/sceneProject/unittest/bundle_hsp/hsp_B:hsp_B(//build/toolchain/ohos:ohos_clang_arm). Do not install the module to app.
[OHOS INFO] [GN] Set module_install_dir or relative_install_dir field in the //foundation/bundlemanager/bundle_framework/test/sceneProject/unittest/bundle_hsp/hsp_C:hsp_C(//build/toolchain/ohos:ohos_clang_arm). Do not install the module to app.
[OHOS INFO] [GN] Set module_install_dir or relative_install_dir field in the //foundation/bundlemanager/bundle_framework/test/sceneProject/unittest/bundle_hsp/hsp_A:hsp_A(//build/toolchain/ohos:ohos_clang_arm). Do not install the module to app.
[OHOS INFO] [GN] Set module_install_dir or relative_install_dir field in the //foundation/bundlemanager/bundle_framework/test/sceneProject/unittest/bundle_share_library/libA_without_provision:libA_without_provision(//build/toolchain/ohos:ohos_clang_arm). Do not install the module to app.
[OHOS INFO] [GN] Set module_install_dir or relative_install_dir field in the //foundation/bundlemanager/bundle_framework/test/sceneProject/unittest/bundle_share_library/libA_v10001:libA_v10001(//build/toolchain/ohos:ohos_clang_arm). Do not install the module to app.
[OHOS INFO] [GN] Set module_install_dir or relative_install_dir field in the //foundation/bundlemanager/bundle_framework/test/sceneProject/unittest/bundle_share_library/libA_normal_hap:libA_normal_hap(//build/toolchain/ohos:ohos_clang_arm). Do not install the module to app.
[OHOS INFO] [GN] Set module_install_dir or relative_install_dir field in the //foundation/bundlemanager/bundle_framework/test/sceneProject/unittest/bundle_share_library/libB_v10001:libB_v10001(//build/toolchain/ohos:ohos_clang_arm). Do not install the module to app.
[OHOS INFO] [GN] Set module_install_dir or relative_install_dir field in the //foundation/bundlemanager/bundle_framework/test/sceneProject/unittest/bundle_share_library/libA_v10002:libA_v10002(//build/toolchain/ohos:ohos_clang_arm). Do not install the module to app.
[OHOS INFO] [GN] Set module_install_dir or relative_install_dir field in the //foundation/bundlemanager/bundle_framework/test/sceneProject/systemtest/CodeSignature/CodeSignatureWithoutLibs:CodeSignatureWithoutLibs(//build/toolchain/ohos:ohos_clang_arm). Do not install the module to app.
[OHOS INFO] [GN] Set module_install_dir or relative_install_dir field in the //foundation/bundlemanager/bundle_framework/test/sceneProject/systemtest/CodeSignature/CodeSigntureWithLibs:CodeSigntureWithLibs(//build/toolchain/ohos:ohos_clang_arm). Do not install the module to app.
[OHOS INFO] [GN] Set module_install_dir or relative_install_dir field in the //foundation/bundlemanager/bundle_framework/test/sceneProject/systemtest/CodeSignature/CodeSignatureWithoutLibs2:CodeSignatureWithoutLibs2(//build/toolchain/ohos:ohos_clang_arm). Do not install the module to app.
[OHOS INFO] [GN] Set module_install_dir or relative_install_dir field in the //foundation/bundlemanager/bundle_framework/test/sceneProject/systemtest/BundleClient/bundleClient1:bundleClient1(//build/toolchain/ohos:ohos_clang_arm). Do not install the module to app.
[OHOS INFO] [GN] Set module_install_dir or relative_install_dir field in the //foundation/bundlemanager/bundle_framework/test/sceneProject/systemtest/testOverlay/target_module_feature1:feature1_hap(//build/toolchain/ohos:ohos_clang_arm). Do not install the module to app.
[OHOS INFO] [GN] Set module_install_dir or relative_install_dir field in the //foundation/bundlemanager/bundle_framework/test/sceneProject/systemtest/testOverlay/target_module_entry:entry_hap(//build/toolchain/ohos:ohos_clang_arm). Do not install the module to app.
[OHOS INFO] [GN] Set module_install_dir or relative_install_dir field in the //foundation/bundlemanager/bundle_framework/test/sceneProject/systemtest/testOverlay/target_module_entry_higher_version:higher_version_entry_hap(//build/toolchain/ohos:ohos_clang_arm). Do not install the module to app.
[OHOS INFO] [GN] Set module_install_dir or relative_install_dir field in the //foundation/bundlemanager/bundle_framework/test/sceneProject/systemtest/jsBundle/jsThirdBundle/bmsThirdBundle1:bmsThirdBundle1(//build/toolchain/ohos:ohos_clang_arm). Do not install the module to app.
[OHOS INFO] [GN] Set module_install_dir or relative_install_dir field in the //foundation/bundlemanager/bundle_framework/test/sceneProject/systemtest/jsBundle/jsThirdBundle/bmsThirdBundle4:bmsThirdBundle4(//build/toolchain/ohos:ohos_clang_arm). Do not install the module to app.
[OHOS INFO] [GN] Set module_install_dir or relative_install_dir field in the //foundation/bundlemanager/bundle_framework/test/sceneProject/systemtest/jsBundle/jsThirdBundle/bmsThirdBundle3:bmsThirdBundle3(//build/toolchain/ohos:ohos_clang_arm). Do not install the module to app.
[OHOS INFO] [GN] Set module_install_dir or relative_install_dir field in the //foundation/bundlemanager/bundle_framework/test/sceneProject/systemtest/jsBundle/jsThirdBundle/bmsThirdBundle2:bmsThirdBundle2(//build/toolchain/ohos:ohos_clang_arm). Do not install the module to app.
[OHOS INFO] [GN] Set module_install_dir or relative_install_dir field in the //foundation/bundlemanager/bundle_framework/test/sceneProject/systemtest/permissionBundle/permissionGrantBundle2:permissionGrantBundle2(//build/toolchain/ohos:ohos_clang_arm). Do not install the module to app.
[OHOS INFO] [GN] Set module_install_dir or relative_install_dir field in the //foundation/bundlemanager/bundle_framework/test/sceneProject/systemtest/jsBundle/jsThirdBundle/bmsThirdBundle5:bmsThirdBundle5(//build/toolchain/ohos:ohos_clang_arm). Do not install the module to app.
[OHOS INFO] [GN] Set module_install_dir or relative_install_dir field in the //foundation/bundlemanager/bundle_framework/test/sceneProject/systemtest/permissionBundle/permissionGrantBundle4:permissionGrantBundle4(//build/toolchain/ohos:ohos_clang_arm). Do not install the module to app.
[OHOS INFO] [GN] Set module_install_dir or relative_install_dir field in the //foundation/bundlemanager/bundle_framework/test/sceneProject/systemtest/permissionBundle/permissionGrantBundle3:permissionGrantBundle3(//build/toolchain/ohos:ohos_clang_arm). Do not install the module to app.
[OHOS INFO] [GN] Set module_install_dir or relative_install_dir field in the //foundation/bundlemanager/bundle_framework/test/sceneProject/systemtest/permissionBundle/permissionGrantBundle5:permissionGrantBundle5(//build/toolchain/ohos:ohos_clang_arm). Do not install the module to app.
[OHOS INFO] [GN] Set module_install_dir or relative_install_dir field in the //foundation/bundlemanager/bundle_framework/test/sceneProject/systemtest/stThirdBundle/bmsThirdBundle3:stbmsThirdBundle3(//build/toolchain/ohos:ohos_clang_arm). Do not install the module to app.
[OHOS INFO] [GN] Set module_install_dir or relative_install_dir field in the //foundation/bundlemanager/bundle_framework/test/sceneProject/systemtest/jsBundle/jsThirdBundle/bmsThirdBundle6:bmsThirdBundle6(//build/toolchain/ohos:ohos_clang_arm). Do not install the module to app.
[OHOS INFO] [GN] Set module_install_dir or relative_install_dir field in the //foundation/bundlemanager/bundle_framework/test/sceneProject/systemtest/jsBundle/jsThirdBundle/bmsThirdBundleDataAbility:bmsThirdBundleDataAbility(//build/toolchain/ohos:ohos_clang_arm). Do not install the module to app.
[OHOS INFO] [GN] Set module_install_dir or relative_install_dir field in the //foundation/bundlemanager/bundle_framework/test/sceneProject/systemtest/stMatchShareBundle/matchShareBundle1:matchShareBundle1(//build/toolchain/ohos:ohos_clang_arm). Do not install the module to app.
[OHOS INFO] [GN] Set module_install_dir or relative_install_dir field in the //foundation/bundlemanager/bundle_framework/test/sceneProject/systemtest/stVendorBundle/bmsVendorBundle1:bmsVendorBundle1(//build/toolchain/ohos:ohos_clang_arm). Do not install the module to app.
[OHOS INFO] [GN] Set module_install_dir or relative_install_dir field in the //foundation/bundlemanager/bundle_framework/test/sceneProject/systemtest/stMatchShareBundle/matchShareBundle2:matchShareBundle2(//build/toolchain/ohos:ohos_clang_arm). Do not install the module to app.
[OHOS INFO] [GN] Set module_install_dir or relative_install_dir field in the //foundation/bundlemanager/bundle_framework/test/sceneProject/systemtest/stMatchShareBundle/matchShareBundle3:matchShareBundle3(//build/toolchain/ohos:ohos_clang_arm). Do not install the module to app.
[OHOS INFO] [GN] Set module_install_dir or relative_install_dir field in the //foundation/bundlemanager/bundle_framework/test/sceneProject/systemtest/testHapNoSo/hapSectionContainso1:hapSectionContainso1(//build/toolchain/ohos:ohos_clang_arm). Do not install the module to app.
[OHOS INFO] [GN] Set module_install_dir or relative_install_dir field in the //foundation/bundlemanager/bundle_framework/test/sceneProject/systemtest/testHapSo/hapIncludeso7:hapIncludeso7(//build/toolchain/ohos:ohos_clang_arm). Do not install the module to app.
[OHOS INFO] [GN] Set module_install_dir or relative_install_dir field in the //foundation/bundlemanager/bundle_framework/test/sceneProject/systemtest/testHapSo/hapIncludeso3:hapIncludeso3(//build/toolchain/ohos:ohos_clang_arm). Do not install the module to app.
[OHOS INFO] [GN] Set module_install_dir or relative_install_dir field in the //foundation/bundlemanager/bundle_framework/test/sceneProject/systemtest/testHapNoSo/hapSectionContainso2/feature5:hapSectionContainsoFeature5(//build/toolchain/ohos:ohos_clang_arm). Do not install the module to app.
[OHOS INFO] [GN] Set module_install_dir or relative_install_dir field in the //foundation/bundlemanager/bundle_framework/test/sceneProject/systemtest/bundle_hsp/hsp_A/feature1:hspASystemtestFeature1(//build/toolchain/ohos:ohos_clang_arm). Do not install the module to app.
[OHOS INFO] [GN] Set module_install_dir or relative_install_dir field in the //foundation/bundlemanager/bundle_framework/test/sceneProject/systemtest/testHapNoSo/hapSectionContainso2/feature6:hapSectionContainsoFeature6(//build/toolchain/ohos:ohos_clang_arm). Do not install the module to app.
[OHOS INFO] [GN] Set module_install_dir or relative_install_dir field in the //foundation/bundlemanager/bundle_framework/test/sceneProject/systemtest/testHapSo/hapIncludeso6/feature2:hapIncludeso6Feature2(//build/toolchain/ohos:ohos_clang_arm). Do not install the module to app.
[OHOS INFO] [GN] Set module_install_dir or relative_install_dir field in the //foundation/bundlemanager/bundle_framework/test/sceneProject/systemtest/testHapSo/hapIncludeso7/hapnoso3:hapnoso3(//build/toolchain/ohos:ohos_clang_arm). Do not install the module to app.
[OHOS INFO] [GN] Set module_install_dir or relative_install_dir field in the //foundation/bundlemanager/bundle_framework/test/sceneProject/systemtest/testHapNoSo/hapSectionContainso2:hapSectionContainso2(//build/toolchain/ohos:ohos_clang_arm). Do not install the module to app.
[OHOS INFO] [GN] Set module_install_dir or relative_install_dir field in the //foundation/bundlemanager/bundle_framework/test/sceneProject/systemtest/testHapSo/hapIncludeso5/feature3:hapIncludeso5Feature3(//build/toolchain/ohos:ohos_clang_arm). Do not install the module to app.
[OHOS INFO] [GN] Set module_install_dir or relative_install_dir field in the //foundation/bundlemanager/bundle_framework/test/sceneProject/systemtest/bundle_hsp/hsp_A/feature2:hspASystemtestFeature2(//build/toolchain/ohos:ohos_clang_arm). Do not install the module to app.
[OHOS INFO] [GN] Set module_install_dir or relative_install_dir field in the //foundation/bundlemanager/bundle_framework/test/sceneProject/systemtest/testHapNoSo/hapSectionContainso1/feature3:hapSectionContainsoFeature3(//build/toolchain/ohos:ohos_clang_arm). Do not install the module to app.
[OHOS INFO] [GN] Set module_install_dir or relative_install_dir field in the //foundation/bundlemanager/bundle_framework/test/sceneProject/systemtest/testHapNoSo/hapNotIncludeso2:hapNotIncludeso2(//build/toolchain/ohos:ohos_clang_arm). Do not install the module to app.
[OHOS INFO] [GN] Set module_install_dir or relative_install_dir field in the //foundation/bundlemanager/bundle_framework/test/sceneProject/systemtest/bundle_hsp/hsp_A:hsp_A(//build/toolchain/ohos:ohos_clang_arm). Do not install the module to app.
[OHOS INFO] [GN] Set module_install_dir or relative_install_dir field in the //foundation/bundlemanager/bundle_framework/test/sceneProject/systemtest/bundle_hsp/hsp_A/feature4:hspASystemtestFeature4(//build/toolchain/ohos:ohos_clang_arm). Do not install the module to app.
[OHOS INFO] [GN] Set module_install_dir or relative_install_dir field in the //foundation/bundlemanager/bundle_framework/test/sceneProject/systemtest/testHapNoSo/hapNotIncludeso1:hapNotIncludeso1(//build/toolchain/ohos:ohos_clang_arm). Do not install the module to app.
[OHOS INFO] [GN] Set module_install_dir or relative_install_dir field in the //foundation/bundlemanager/bundle_framework/test/sceneProject/systemtest/testHapNoSo/hapSectionContainso1/feature2:hapSectionContainsoFeature2(//build/toolchain/ohos:ohos_clang_arm). Do not install the module to app.
[OHOS INFO] [GN] Set module_install_dir or relative_install_dir field in the //foundation/bundlemanager/bundle_framework/test/sceneProject/systemtest/testHapSo/hapIncludeso5/feature1:hapIncludeso5Feature1(//build/toolchain/ohos:ohos_clang_arm). Do not install the module to app.
[OHOS INFO] [GN] Set module_install_dir or relative_install_dir field in the //foundation/bundlemanager/bundle_framework/test/sceneProject/systemtest/bundle_hsp/hsp_A/feature3:hspASystemtestFeature3(//build/toolchain/ohos:ohos_clang_arm). Do not install the module to app.
[OHOS INFO] [GN] Set module_install_dir or relative_install_dir field in the //foundation/bundlemanager/bundle_framework/test/sceneProject/systemtest/testHapNoSo/hapSectionContainso1/feature1:hapSectionContainsoFeature1(//build/toolchain/ohos:ohos_clang_arm). Do not install the module to app.
[OHOS INFO] [GN] Set module_install_dir or relative_install_dir field in the //foundation/bundlemanager/bundle_framework/test/sceneProject/systemtest/testHapNoSo/hapSectionContainso2/feature4:hapSectionContainsoFeature4(//build/toolchain/ohos:ohos_clang_arm). Do not install the module to app.
[OHOS INFO] [GN] Set module_install_dir or relative_install_dir field in the //foundation/bundlemanager/bundle_framework/test/sceneProject/systemtest/testHapSo/hapIncludeso7/feature1:hapIncludeso7Feature1(//build/toolchain/ohos:ohos_clang_arm). Do not install the module to app.
[OHOS INFO] [GN] Set module_install_dir or relative_install_dir field in the //foundation/bundlemanager/bundle_framework/test/sceneProject/systemtest/bundle_hsp/hsp_A/feature5:hspASystemtestFeature5(//build/toolchain/ohos:ohos_clang_arm). Do not install the module to app.
[OHOS INFO] [GN] Set module_install_dir or relative_install_dir field in the //foundation/bundlemanager/bundle_framework/test/sceneProject/systemtest/bundle_hsp/hsp_A/feature8:hspASystemtestFeature8(//build/toolchain/ohos:ohos_clang_arm). Do not install the module to app.
[OHOS INFO] [GN] Set module_install_dir or relative_install_dir field in the //foundation/bundlemanager/bundle_framework/test/sceneProject/systemtest/bundle_hsp/hsp_A/feature6:hspASystemtestFeature6(//build/toolchain/ohos:ohos_clang_arm). Do not install the module to app.
[OHOS INFO] [GN] Set module_install_dir or relative_install_dir field in the //foundation/bundlemanager/bundle_framework/test/sceneProject/systemtest/extensionDirTest/oneExtensionDir/version2/entry:version2_oneExtension_entry_hap(//build/toolchain/ohos:ohos_clang_arm). Do not install the module to app.
[OHOS INFO] [GN] Set module_install_dir or relative_install_dir field in the //foundation/bundlemanager/bundle_framework/test/sceneProject/systemtest/bundle_hsp/hsp_A/feature7:hspASystemtestFeature7(//build/toolchain/ohos:ohos_clang_arm). Do not install the module to app.
[OHOS INFO] [GN] Set module_install_dir or relative_install_dir field in the //foundation/bundlemanager/bundle_framework/test/sceneProject/systemtest/extensionDirTest/twoExtensionDir/version1/entry:version1_twoExtension_entry_hap(//build/toolchain/ohos:ohos_clang_arm). Do not install the module to app.
[OHOS INFO] [GN] Set module_install_dir or relative_install_dir field in the //foundation/bundlemanager/bundle_framework/test/sceneProject/systemtest/extensionDirTest/twoExtensionDir/version2/entry:version2_twoExtension_entry_hap(//build/toolchain/ohos:ohos_clang_arm). Do not install the module to app.
[OHOS INFO] [GN] Set module_install_dir or relative_install_dir field in the //foundation/bundlemanager/bundle_framework/test/sceneProject/systemtest/extensionDirTest/withoutExtensionDir/version1/entry:version1_withoutExtension_entry_hap(//build/toolchain/ohos:ohos_clang_arm). Do not install the module to app.
[OHOS INFO] [GN] Set module_install_dir or relative_install_dir field in the //foundation/bundlemanager/bundle_framework/test/sceneProject/systemtest/extensionDirTest/withoutExtensionDir/version2/entry:version2_withoutExtension_entry_hap(//build/toolchain/ohos:ohos_clang_arm). Do not install the module to app.
[OHOS INFO] [GN] Set module_install_dir or relative_install_dir field in the //foundation/bundlemanager/bundle_framework/test/sceneProject/systemtest/extensionDirTest/withoutExtensionDir/version1/feature:version1_withoutExtension_feature_hap(//build/toolchain/ohos:ohos_clang_arm). Do not install the module to app.
[OHOS INFO] [GN] Set module_install_dir or relative_install_dir field in the //foundation/bundlemanager/bundle_framework/test/sceneProject/systemtest/extensionDirTest/withoutExtensionDir/version2_form/entry:version2_withoutExtension_entry_form_hap(//build/toolchain/ohos:ohos_clang_arm). Do not install the module to app.
[OHOS INFO] [GN] Set module_install_dir or relative_install_dir field in the //foundation/bundlemanager/bundle_framework/test/sceneProject/systemtest/extensionDirTest/oneExtensionDir/version1/entry:version1_oneExtension_entry_hap(//build/toolchain/ohos:ohos_clang_arm). Do not install the module to app.
[OHOS INFO] [GN] Set module_install_dir or relative_install_dir field in the //foundation/bundlemanager/bundle_framework/test/sceneProject/systemtest/extensionDirTest/oneExtensionDir/version1/entry_ex2:version1_oneExtension2_entry_hap(//build/toolchain/ohos:ohos_clang_arm). Do not install the module to app.
[OHOS INFO] [GN] Set module_install_dir or relative_install_dir field in the //foundation/bundlemanager/bundle_framework/test/sceneProject/systemtest/extensionDirTest/oneExtensionDir/version1/feature:version1_oneExtension_feature_hap(//build/toolchain/ohos:ohos_clang_arm). Do not install the module to app.
[OHOS INFO] [GN] Set module_install_dir or relative_install_dir field in the //foundation/bundlemanager/bundle_framework/test/sceneProject/systemtest/extensionDirTest/oneExtensionDir/version2/feature:version2_oneExtension_feature_hap(//build/toolchain/ohos:ohos_clang_arm). Do not install the module to app.
[OHOS INFO] [GN] Set module_install_dir or relative_install_dir field in the //foundation/bundlemanager/bundle_framework/test/sceneProject/systemtest/extensionDirTest/withoutExtensionDir/version1_form/entry:version1_withoutExtension_entry_form_hap(//build/toolchain/ohos:ohos_clang_arm). Do not install the module to app.
[OHOS INFO] [GN] Set module_install_dir or relative_install_dir field in the //foundation/bundlemanager/bundle_framework/test/sceneProject/systemtest/extensionDirTest/oneExtensionDir/version2/entry_ex2:version2_oneExtension2_entry_hap(//build/toolchain/ohos:ohos_clang_arm). Do not install the module to app.
[OHOS INFO] [GN] Set module_install_dir or relative_install_dir field in the //foundation/bundlemanager/bundle_framework/test/sceneProject/systemtest/extensionDirTest/withoutExtensionDir/version2/feature:version2_withoutExtension_feature_hap(//build/toolchain/ohos:ohos_clang_arm). Do not install the module to app.
[OHOS INFO] [GN] Set module_install_dir or relative_install_dir field in the //foundation/bundlemanager/bundle_framework/test/sceneProject/systemtest/extensionDirTest/twoExtensionDir/version1/feature:version1_twoExtension_feature_hap(//build/toolchain/ohos:ohos_clang_arm). Do not install the module to app.
[OHOS INFO] [GN] Set module_install_dir or relative_install_dir field in the //foundation/bundlemanager/bundle_framework/test/sceneProject/systemtest/extensionDirTest/twoExtensionDir/version2/feature:version2_twoExtension_feature_hap(//build/toolchain/ohos:ohos_clang_arm). Do not install the module to app.
[OHOS INFO] [GN] Set module_install_dir or relative_install_dir field in the //foundation/bundlemanager/bundle_framework/test/sceneProject/unittest/test_bundle/versionUpdateTest3:versionUpdateTest3(//build/toolchain/ohos:ohos_clang_arm). Do not install the module to app.
[OHOS INFO] [GN] Set module_install_dir or relative_install_dir field in the //foundation/bundlemanager/bundle_framework/test/sceneProject/unittest/test_bundle/versionUpdateTest1:versionUpdateTest1(//build/toolchain/ohos:ohos_clang_arm). Do not install the module to app.
[OHOS INFO] [GN] Set module_install_dir or relative_install_dir field in the //foundation/bundlemanager/bundle_framework/test/sceneProject/unittest/test_bundle/versionUpdateTest2:versionUpdateTest2(//build/toolchain/ohos:ohos_clang_arm). Do not install the module to app.
[OHOS INFO] [GN] Set module_install_dir or relative_install_dir field in the //foundation/bundlemanager/bundle_framework/test/sceneProject/unittest/test_bundle/otaUpdateTestAplDown:otaUpdateTestAplDown(//build/toolchain/ohos:ohos_clang_arm). Do not install the module to app.
[OHOS INFO] [GN] Set module_install_dir or relative_install_dir field in the //foundation/bundlemanager/bundle_framework/test/sceneProject/unittest/test_bundle/otaUpdateTestModuleField:otaUpdateTestModuleField(//build/toolchain/ohos:ohos_clang_arm). Do not install the module to app.
[OHOS INFO] [GN] Set module_install_dir or relative_install_dir field in the //foundation/bundlemanager/bundle_framework/test/sceneProject/unittest/test_bundle/versionUpdateTest4:versionUpdateTest4(//build/toolchain/ohos:ohos_clang_arm). Do not install the module to app.
[OHOS INFO] [GN] Set module_install_dir or relative_install_dir field in the //foundation/bundlemanager/bundle_framework/test/sceneProject/unittest/test_bundle/otaUpdateTestSoChanged/feature2:otaUpdateTestSoChangedFeature2(//build/toolchain/ohos:ohos_clang_arm). Do not install the module to app.
[OHOS INFO] [GN] Set module_install_dir or relative_install_dir field in the //foundation/bundlemanager/bundle_framework/test/sceneProject/unittest/test_bundle/otaUpdateTestSoChanged:otaUpdateTestSoChanged(//build/toolchain/ohos:ohos_clang_arm). Do not install the module to app.
[OHOS INFO] [GN] Set module_install_dir or relative_install_dir field in the //foundation/bundlemanager/bundle_framework/test/sceneProject/unittest/test_bundle/otaUpdateTestAplUp:otaUpdateTestAplUp(//build/toolchain/ohos:ohos_clang_arm). Do not install the module to app.
[OHOS INFO] [GN] Set module_install_dir or relative_install_dir field in the //foundation/bundlemanager/bundle_framework/test/sceneProject/unittest/test_bundle/otaUpdateTestAppField:otaUpdateTestAppField(//build/toolchain/ohos:ohos_clang_arm). Do not install the module to app.
[OHOS INFO] [GN] Set module_install_dir or relative_install_dir field in the //foundation/bundlemanager/bundle_framework/test/sceneProject/unittest/test_bundle/otaUpdateTestAppField2:otaUpdateTestAppField2(//build/toolchain/ohos:ohos_clang_arm). Do not install the module to app.
[OHOS INFO] [GN] Set module_install_dir or relative_install_dir field in the //foundation/bundlemanager/bundle_framework/test/sceneProject/unittest/test_bundle/otaUpdateTestBasis:otaUpdateTestBasis(//build/toolchain/ohos:ohos_clang_arm). Do not install the module to app.
[OHOS INFO] [GN] Set module_install_dir or relative_install_dir field in the //foundation/bundlemanager/bundle_framework/test/sceneProject/unittest/test_bundle/otaUpdateTestBasis/feature1:otaUpdateTestBasisFeature1(//build/toolchain/ohos:ohos_clang_arm). Do not install the module to app.
[OHOS INFO] [GN] Set module_install_dir or relative_install_dir field in the //foundation/bundlemanager/bundle_framework/test/sceneProject/unittest/test_bundle/otaUpdateTestBasis/feature2:otaUpdateTestBasisFeature2(//build/toolchain/ohos:ohos_clang_arm). Do not install the module to app.
[OHOS INFO] [GN] Set module_install_dir or relative_install_dir field in the //foundation/bundlemanager/bundle_framework/test/sceneProject/unittest/test_bundle/otaUpdateTestBasis2:otaUpdateTestBasis2(//build/toolchain/ohos:ohos_clang_arm). Do not install the module to app.
[OHOS INFO] [GN] Set module_install_dir or relative_install_dir field in the //foundation/bundlemanager/bundle_framework/test/sceneProject/unittest/test_bundle/otaUpdateTestSignaIcon:otaUpdateTestSignaIcon(//build/toolchain/ohos:ohos_clang_arm). Do not install the module to app.
[OHOS INFO] [GN] Set module_install_dir or relative_install_dir field in the //foundation/bundlemanager/bundle_framework/test/sceneProject/unittest/test_bundle/ninth_right:ninth_right(//build/toolchain/ohos:ohos_clang_arm). Do not install the module to app.
[OHOS INFO] [GN] Set module_install_dir or relative_install_dir field in the //foundation/bundlemanager/bundle_framework/test/sceneProject/unittest/test_bundle/otaUpdateTestSoChanged/feature1:otaUpdateTestSoChangedFeature1(//build/toolchain/ohos:ohos_clang_arm). Do not install the module to app.
[OHOS INFO] [GN] Set module_install_dir or relative_install_dir field in the //foundation/bundlemanager/bundle_framework/test/sceneProject/unittest/test_bundle/second_backup_right:second_backup_right(//build/toolchain/ohos:ohos_clang_arm). Do not install the module to app.
[OHOS INFO] [GN] Set module_install_dir or relative_install_dir field in the //foundation/bundlemanager/bundle_framework/test/sceneProject/unittest/test_bundle/twelfth_right:twelfth_right(//build/toolchain/ohos:ohos_clang_arm). Do not install the module to app.
[OHOS INFO] [GN] Set module_install_dir or relative_install_dir field in the //foundation/bundlemanager/bundle_framework/test/sceneProject/unittest/test_bundle/fifteenth_right:fifteenth_right(//build/toolchain/ohos:ohos_clang_arm). Do not install the module to app.
[OHOS INFO] [GN] Set module_install_dir or relative_install_dir field in the //foundation/bundlemanager/bundle_framework/test/sceneProject/unittest/test_bundle/fourteenth_right:fourteenth_right(//build/toolchain/ohos:ohos_clang_arm). Do not install the module to app.
[OHOS INFO] [GN] Set module_install_dir or relative_install_dir field in the //foundation/bundlemanager/bundle_framework/test/sceneProject/unittest/test_bundle/first_diff_release_type:first_diff_release_type(//build/toolchain/ohos:ohos_clang_arm). Do not install the module to app.
[OHOS INFO] [GN] Set module_install_dir or relative_install_dir field in the //foundation/bundlemanager/bundle_framework/test/sceneProject/unittest/test_bundle/tenth_right:tenth_right(//build/toolchain/ohos:ohos_clang_arm). Do not install the module to app.
[OHOS INFO] [GN] Set module_install_dir or relative_install_dir field in the //foundation/bundlemanager/bundle_framework/test/sceneProject/unittest/test_bundle/eleventh_right:eleventh_right(//build/toolchain/ohos:ohos_clang_arm). Do not install the module to app.
[OHOS INFO] [GN] Set module_install_dir or relative_install_dir field in the //foundation/bundlemanager/bundle_framework/test/sceneProject/unittest/test_bundle/first_right_with_diff_moduleType:first_right_with_diff_moduleType(//build/toolchain/ohos:ohos_clang_arm). Do not install the module to app.
[OHOS INFO] [GN] Set module_install_dir or relative_install_dir field in the //foundation/bundlemanager/bundle_framework/test/sceneProject/unittest/test_bundle/sixth_right:sixth_right(//build/toolchain/ohos:ohos_clang_arm). Do not install the module to app.
[OHOS INFO] [GN] Set module_install_dir or relative_install_dir field in the //foundation/bundlemanager/bundle_framework/test/sceneProject/unittest/test_bundle/thirteenth_right:thirteenth_right(//build/toolchain/ohos:ohos_clang_arm). Do not install the module to app.
[OHOS INFO] [GN] Set module_install_dir or relative_install_dir field in the //foundation/bundlemanager/bundle_framework/test/sceneProject/unittest/test_bundle/eighth_right:eighth_right(//build/toolchain/ohos:ohos_clang_arm). Do not install the module to app.
[OHOS INFO] [GN] Set module_install_dir or relative_install_dir field in the //foundation/bundlemanager/bundle_framework/test/sceneProject/unittest/test_bundle/first_diff_minCompCode:first_diff_minCompCode(//build/toolchain/ohos:ohos_clang_arm). Do not install the module to app.
[OHOS INFO] [GN] Set module_install_dir or relative_install_dir field in the //foundation/bundlemanager/bundle_framework/test/sceneProject/unittest/test_bundle/sixteenth_right:sixteenth_right(//build/toolchain/ohos:ohos_clang_arm). Do not install the module to app.
[OHOS INFO] [GN] Set module_install_dir or relative_install_dir field in the //foundation/bundlemanager/bundle_framework/test/sceneProject/unittest/test_bundle/first_right_compCode:first_right_compCode(//build/toolchain/ohos:ohos_clang_arm). Do not install the module to app.
[OHOS INFO] [GN] Set module_install_dir or relative_install_dir field in the //foundation/bundlemanager/bundle_framework/test/sceneProject/unittest/driver_test/lower_version_non_driver_feature12:lower_version_non_driver_feature12_hap(//build/toolchain/ohos:ohos_clang_arm). Do not install the module to app.
[OHOS INFO] [GN] Set module_install_dir or relative_install_dir field in the //foundation/bundlemanager/bundle_framework/test/sceneProject/unittest/driver_test/lower_version_driver_feature14:lower_version_driver_feature14_hap(//build/toolchain/ohos:ohos_clang_arm). Do not install the module to app.
[OHOS INFO] [GN] Set module_install_dir or relative_install_dir field in the //foundation/bundlemanager/bundle_framework/test/sceneProject/unittest/driver_test/high_version_non_driver_feature11:high_version_non_driver_feature11_hap(//build/toolchain/ohos:ohos_clang_arm). Do not install the module to app.
[OHOS INFO] [GN] Set module_install_dir or relative_install_dir field in the //foundation/bundlemanager/bundle_framework/test/sceneProject/unittest/bundle_app_service/app_service_version1_library2:appService_v1_library2(//build/toolchain/ohos:ohos_clang_arm). Do not install the module to app.
[OHOS INFO] [GN] Set module_install_dir or relative_install_dir field in the //foundation/bundlemanager/bundle_framework/test/sceneProject/unittest/bundle_app_service/app_service_version2_library2:appService_v2_library2(//build/toolchain/ohos:ohos_clang_arm). Do not install the module to app.
[OHOS INFO] [GN] Set module_install_dir or relative_install_dir field in the //foundation/bundlemanager/bundle_framework/test/sceneProject/unittest/bundle_app_service/app_service_version2_library1:appService_v2_library1(//build/toolchain/ohos:ohos_clang_arm). Do not install the module to app.
[OHOS INFO] [GN] ########## ets_runtime disable cmc-gc ##############
[OHOS INFO] [GN] ************libhilog_base use_musl ***************
[OHOS INFO] [GN] Set module_install_dir or relative_install_dir field in the //foundation/bundlemanager/bundle_framework/test/sceneProject/systemtest/multiUser/lower_versionCode_entry:lower_versionCode_entry_hap(//build/toolchain/ohos:ohos_clang_arm). Do not install the module to app.
[OHOS INFO] [GN] Set module_install_dir or relative_install_dir field in the //foundation/bundlemanager/bundle_framework/test/sceneProject/systemtest/driverBundle/driverBundle1:driverBundle1(//build/toolchain/ohos:ohos_clang_arm). Do not install the module to app.
[OHOS INFO] [GN] Set module_install_dir or relative_install_dir field in the //foundation/bundlemanager/bundle_framework/test/sceneProject/systemtest/multiUser/lower_versionCode_entry/feature:lower_versionCode_entry_hapB(//build/toolchain/ohos:ohos_clang_arm). Do not install the module to app.
[OHOS INFO] [GN] Set module_install_dir or relative_install_dir field in the //foundation/bundlemanager/bundle_framework/test/sceneProject/systemtest/driverBundle/driverBundle2:driverBundle2(//build/toolchain/ohos:ohos_clang_arm). Do not install the module to app.
[OHOS INFO] [GN] ########## ets_runtime disable cmc-gc ##############
[OHOS INFO] [GN] WARNING at the command-line "--args":1:477: Build argument has no effect.
[OHOS INFO] [GN] product_name="rk3568" target_cpu="arm" precise_branch="" is_standard_system=true product_path="/srv/workspace/openharmony_master_default_20260723175927_huawei_33e607913/code/vendor/hihope/rk3568" product_config_path="/srv/workspace/openharmony_master_default_20260723175927_huawei_33e607913/code/vendor/hihope/rk3568" device_name="rk3568" device_path="/srv/workspace/openharmony_master_default_20260723175927_huawei_33e607913/code/device/board/rockchip/rk3568" device_company="rockchip" device_config_path="/srv/workspace/openharmony_master_default_20260723175927_huawei_33e607913/code/device/board/rockchip/rk3568" ohos_build_compiler_specified="" ohos_build_time=1785782784488 ohos_build_datetime="2026-08-04 10:46:24" ace_engine_feature_enable_accessibility=true ace_engine_feature_enable_web=true ace_engine_feature_enable_upgrade_skia=true os_account_multiple_active_accounts=false datamgr_service_udmf=true access_token_enhance_capability=false code_signature_support_oh_code_sign=false code_signature_support_oh_release_app=true code_signature_support_app_allow_list=false init_feature_ab_partition=true hiview_feature_bbox_userspace=true hiview_enable_leak_detector=true hiview_enable_performance_monitor=true t2stack_feature_vtp=true t2stack_feature_coap=true t2stack_feature_dfile=true dsoftbus_feature_coap=true dsoftbus_feature_vtp=true dsoftbus_feature_dfile=true dsoftbus_feature_disc_ble=true dsoftbus_feature_disc_coap=true dsoftbus_feature_disc_lnn_coap=true dsoftbus_feature_conn_pv1=true dsoftbus_feature_conn_br=true dsoftbus_feature_conn_ble=true dsoftbus_feature_conn_tcp_proxy=true dsoftbus_feature_conn_tcp_comm=true dsoftbus_feature_trans_udp_stream=true dsoftbus_feature_trans_udp_file=true dsoftbus_feature_trans_udp=true dsoftbus_feature_trans_proxy_file=true dsoftbus_feature_trans_qos=true dsoftbus_feature_trans_br_proxy=true dsoftbus_feature_lnn_ble=true dsoftbus_feature_lnn_wifi=true dsoftbus_feature_lnn_cloud_sync=true dsoftbus_feature_lnn_channel_rating=true dsoftbus_feature_lnn_lane_mgr=true dsoftbus_feature_lnn_lane_qos=true dsoftbus_feature_lnn_frame=true wifi_feature_non_seperate_p2p=true wifi_feature_non_hdf_driver=true wifi_feature_p2p_random_mac_addr=true fusion_connectivity_partner_agent_feature=true updater_feature_use_ptable=false updater_feature_updater_gen_executable=true updater_feature_sign_on_server=false sys_installer_feature_ohos_cfg=true graphic_2d_feature_rs_enable_eglimage=true graphic_2d_feature_use_texgine=true graphic_2d_feature_upgrade_skia=true audio_framework_feature_dtmf_tone=true audio_framework_feature_opensl_es=true audio_framework_feature_support_os_account=false audio_framework_feature_audiosuite_support=true audio_framework_feature_hdmi_detect_audio=true image_framework_feature_upgrade_skia=true input_feature_combination_key=true input_feature_pointer_drawing=true input_feature_interceptor=true input_feature_monitor=true input_feature_keyboard=true input_feature_mouse=true input_feature_touchscreen=true input_feature_input_device=true battery_manager_feature_enable_charger=true memmgr_purgeable_memory=true memmgr_hyperhold_memory=true usb_manager_feature_pop_up_func_switch_model=false usb_manager_feature_host=true usb_manager_feature_device=true usb_manager_feature_port=true device_status_interaction_coordination=false wpa_supplicant_driver_nl80211=true skia_feature_upgrade=true libuv_use_ffrt=true hdf_core_platform_test_support=false hdf_core_default_peripheral_config=false drivers_interface_display_community=true drivers_interface_display_vdi_default=true drivers_peripheral_input_feature_model=true drivers_peripheral_input_feature_support_ddk=true drivers_peripheral_display_community=true drivers_peripheral_display_vdi_default=true drivers_peripheral_wlan_feature_enable_HDF_NL80211=true drivers_peripheral_wlan_feature_enable_HDF_UT=false drivers_peripheral_wlan_feature_vendor="default" drivers_peripheral_wlan_p2p_name="p2p-dev-wlan0" drivers_peripheral_sensor_feature_model=true drivers_peripheral_audio_feature_full_test_suite=true drivers_peripheral_audio_feature_alsa_lib=false drivers_peripheral_audio_feature_effect=true drivers_peripheral_light_feature_model=true drivers_peripheral_vibrator_feature_model=true drivers_peripheral_codec_feature_support_omx_extend_test=true drivers_peripheral_codec_feature_support_hdi_v1=true smartperf_host_device=true drivers_interface_audio_community=true qrcodegen_feature_ace_engine_qrcode_able=true alsa_lib_feature_config_enable=true ohos_build_enable_ccache=true ohos_build_type="debug" device_type="default" build_variant="root" ohos_components_checktype=4 ohos_interception_rule_switch=1023 root_perf_main="main" runtime_mode="release"
[OHOS INFO] [GN]                                                                                                                                                                                                                                                                                                                                                                                                                                                                                             ^---------
[OHOS INFO] [GN] The variable "device_company" was set as a build argument
[OHOS INFO] [GN] but never appeared in a declare_args() block in any buildfile.
[OHOS INFO] [GN] 
[OHOS INFO] [GN] To view all possible args, run "gn args --list <out_dir>"
[OHOS INFO] [GN] 
[OHOS INFO] [GN] The build continued as if that argument was unspecified.
[OHOS INFO] [GN] 
[OHOS INFO] [GN] Done. Made 140472 targets from 18023 files in 21630ms
[OHOS INFO]  The run time for _gn is 21.82 s

[OHOS INFO] [NINJA] Excuting ninja command: /srv/workspace/openharmony_master_default_20260723175927_huawei_33e607913/code/prebuilts/build-tools/linux-x86/bin/ninja -w dupbuild=warn -C /srv/workspace/openharmony_master_default_20260723175927_huawei_33e607913/code/out/rk3568 make_all
[OHOS INFO] [NINJA] [1/8465] ACTION //base/security/access_token/frameworks/common:permission_definition_check(//build/toolchain/ohos:ohos_clang_arm)
[OHOS INFO] [NINJA] [2/6044] ACTION //arkcompiler/runtime_core/static_core/runtime/asm_defines:asm_defines__notice(//build/toolchain/linux:clang_x64)
[OHOS INFO] [NINJA] [3/6043] ACTION //arkcompiler/runtime_core/static_core/libarkbase:libarktsbase_frontend_static__notice(//build/toolchain/linux:clang_x64)
[OHOS INFO] [NINJA] [4/6042] ACTION //arkcompiler/runtime_core/static_core/libziparchive:libarktsziparchive_static__notice(//build/toolchain/ohos:ohos_clang_arm)
[OHOS INFO] [NINJA] [5/6041] ACTION //arkcompiler/runtime_core/static_core/libarkfile:libarktsfile_frontend_set_static__notice(//build/toolchain/linux:clang_x64)
[OHOS INFO] [NINJA] [6/6040] ACTION //arkcompiler/runtime_core/static_core/libarkbase:libarktsbase_static__notice(//build/toolchain/ohos:ohos_clang_arm)
[OHOS INFO] [NINJA] [7/6038] ACTION //arkcompiler/runtime_core/static_core/libarkbase:libarktsbase__notice(//build/toolchain/ohos:ohos_clang_arm)
[OHOS INFO] [NINJA] [8/6036] ACTION //arkcompiler/runtime_core/static_core/libarkbase:libarktsbase_static__notice(//build/toolchain/linux:clang_x64)
[OHOS INFO] [NINJA] [9/6034] ACTION //arkcompiler/runtime_core/static_core/libarkbase:libarktsbase__notice(//build/toolchain/linux:clang_x64)
[OHOS INFO] [NINJA] [10/6033] ACTION //arkcompiler/runtime_core/static_core/libziparchive:libarktsziparchive_static__notice(//build/toolchain/linux:clang_x64)
[OHOS INFO] [NINJA] [11/6031] ACTION //arkcompiler/runtime_core/static_core/libarkfile:libarktsfile_static__notice(//build/toolchain/linux:clang_x64)
[OHOS INFO] [NINJA] [12/6030] ACTION //arkcompiler/runtime_core/static_core/libarkfile:libarktsfile__notice(//build/toolchain/linux:clang_x64)
[OHOS INFO] [NINJA] [13/6029] ACTION //arkcompiler/runtime_core/static_core/libziparchive:libarktsziparchive_frontend_set_static__notice(//build/toolchain/linux:clang_x64)
[OHOS INFO] [NINJA] [14/6028] ACTION //arkcompiler/runtime_core/static_core/compiler/optimizer/code_generator:libarkencoder__notice(//build/toolchain/linux:clang_x64)
[OHOS INFO] [NINJA] [15/6026] ACTION //arkcompiler/runtime_core/static_core/libziparchive:libarktsziparchive__notice(//build/toolchain/linux:clang_x64)
[OHOS INFO] [NINJA] [16/6024] ACTION //arkcompiler/runtime_core/static_core/assembler:libarktsassembler_frontend_set_static__notice(//build/toolchain/linux:clang_x64)
[OHOS INFO] [NINJA] [17/6023] ACTION //arkcompiler/runtime_core/static_core/libarkfile:libarktsfile_frontend_static__notice(//build/toolchain/linux:clang_x64)
[OHOS INFO] [NINJA] [18/6022] ACTION //arkcompiler/runtime_core/static_core/libziparchive:libarktsziparchive_frontend_static__notice(//build/toolchain/linux:clang_x64)
[OHOS INFO] [NINJA] [19/6021] ACTION //arkcompiler/runtime_core/static_core/libarkbase:libarktsbase_frontend_set_static__notice(//build/toolchain/linux:clang_x64)
[OHOS INFO] [NINJA] [20/6017] ACTION //arkcompiler/runtime_core/static_core/compiler:libarktscompiler__notice(//build/toolchain/linux:clang_x64)
[OHOS INFO] [NINJA] [21/6015] ACTION //arkcompiler/runtime_core/static_core/runtime/asm_defines:asm_defines__notice(//build/toolchain/ohos:ohos_clang_arm)
[OHOS INFO] [NINJA] [22/6014] ACTION //arkcompiler/runtime_core/static_core/libarkfile:libarktsfile_static__notice(//build/toolchain/ohos:ohos_clang_arm)
[OHOS INFO] [NINJA] [23/6013] ACTION //arkcompiler/runtime_core/static_core/libziparchive:libarktsziparchive__notice(//build/toolchain/ohos:ohos_clang_arm)
[OHOS INFO] [NINJA] [24/6011] ACTION //arkcompiler/runtime_core/static_core/isa:isa_combine_static_etc__notice(//build/toolchain/linux:clang_x64)
[OHOS INFO] [NINJA] [25/6010] ACTION //arkcompiler/runtime_core/static_core/libarkfile:libarktsfile__notice(//build/toolchain/ohos:ohos_clang_arm)
[OHOS INFO] [NINJA] [26/6009] ACTION //arkcompiler/runtime_core/static_core/assembler:libarktsassembler_static__notice(//build/toolchain/linux:clang_x64)
[OHOS INFO] [NINJA] [27/6007] ACTION //arkcompiler/runtime_core/static_core/compiler/optimizer/code_generator:libarkencoder_frontend_dependency_static__notice(//build/toolchain/linux:clang_x64)
[OHOS INFO] [NINJA] [28/6005] ACTION //arkcompiler/runtime_core/static_core/compiler:libarktscompiler_frontend_static__notice(//build/toolchain/linux:clang_x64)
[OHOS INFO] [NINJA] [29/6003] ACTION //arkcompiler/runtime_core/static_core/bytecode_optimizer:libarktsbytecodeopt_frontend_static__notice(//build/toolchain/linux:clang_x64)
[OHOS INFO] [NINJA] [30/6002] ACTION //arkcompiler/runtime_core/static_core/assembler:libarktsassembler_frontend_static__notice(//build/toolchain/linux:clang_x64)
[OHOS INFO] [NINJA] [31/6000] ACTION //third_party/skia/m133:ohos_fontconfig.json__notice(//build/toolchain/ohos:ohos_clang_arm)
[OHOS INFO] [NINJA] [32/5999] ACTION //third_party/skia/m133:ohos_fontconfig_old.json__notice(//build/toolchain/ohos:ohos_clang_arm)
[OHOS INFO] [NINJA] [33/5998] ACTION //third_party/skia/m133:ohos_font_file_map.json__notice(//build/toolchain/ohos:ohos_clang_arm)
[OHOS INFO] [NINJA] [34/5997] ACTION //arkcompiler/runtime_core/static_core/assembler:libarktsassembler__notice(//build/toolchain/linux:clang_x64)
[OHOS INFO] [NINJA] [35/5996] ACTION //arkcompiler/runtime_core/static_core/libarkfile:libarktsfile_package__notice(//build/toolchain/linux:clang_x64)
[OHOS INFO] [NINJA] [36/5995] ACTION //arkcompiler/runtime_core/static_core/libarkbase:libpandabase_headers__notice(//build/toolchain/linux:clang_x64)
[OHOS INFO] [NINJA] [37/5993] ACTION //arkcompiler/runtime_core/static_core/libarkbase:libarktsbase_package__notice(//build/toolchain/linux:clang_x64)
[OHOS INFO] [NINJA] [38/5992] ACTION //third_party/skia/m133/modules/svg:svg__notice(//build/toolchain/ohos:ohos_clang_arm)
[OHOS INFO] [NINJA] [39/5906] ACTION //arkcompiler/runtime_core/static_core/assembler:assembler_headers__notice(//build/toolchain/linux:clang_x64)
[OHOS INFO] [NINJA] [40/5904] ACTION //arkcompiler/runtime_core/static_core/libarkfile:libpandafile_headers__notice(//build/toolchain/linux:clang_x64)
[OHOS INFO] [NINJA] [41/5902] ACTION //arkcompiler/runtime_core/static_core/bytecode_optimizer:bytecode_optimizer_headers__notice(//build/toolchain/linux:clang_x64)
[OHOS INFO] [NINJA] [42/5900] ACTION //arkcompiler/runtime_core/static_core/runtime:runtime_gen_headers__notice(//build/toolchain/linux:clang_x64)
[OHOS INFO] [NINJA] [43/5898] ACTION //arkcompiler/runtime_core/static_core/assembler:libarktsassembler_package__notice(//build/toolchain/linux:clang_x64)
[OHOS INFO] [NINJA] [44/5897] ACTION //arkcompiler/runtime_core/static_core/compiler:libarktscompiler_package__notice(//build/toolchain/linux:clang_x64)
[OHOS INFO] [NINJA] [45/5895] ACTION //arkcompiler/runtime_core/static_core/bytecode_optimizer:libarktsbytecodeopt_package__notice(//build/toolchain/linux:clang_x64)
[OHOS INFO] [NINJA] [46/5894] ACTION //arkcompiler/runtime_core/static_core/compiler:compiler_headers__notice(//build/toolchain/linux:clang_x64)
[OHOS INFO] [NINJA] [47/5892] ACTION //arkcompiler/runtime_core/static_core/irtoc:irtoc_ets_fastpath_exec__notice(//build/toolchain/linux:clang_x64)
[OHOS INFO] [NINJA] [48/5891] ACTION //arkcompiler/runtime_core/static_core/irtoc:irtoc_fastpath_exec__notice(//build/toolchain/linux:clang_x64)
[OHOS INFO] [NINJA] [49/5890] ACTION //arkcompiler/runtime_core/static_core/verification/gen:verification_headers__notice(//build/toolchain/linux:clang_x64)
[OHOS INFO] [NINJA] [50/5888] ACTION //arkcompiler/runtime_core/static_core/static_linker:arklinker_static__notice(//build/toolchain/linux:clang_x64)
[OHOS INFO] [NINJA] [51/5886] ACTION //arkcompiler/runtime_core/static_core/runtime:runtime_headers__notice(//build/toolchain/linux:clang_x64)
[OHOS INFO] [NINJA] [52/5880] ACTION //arkcompiler/runtime_core/static_core/irtoc:irtoc__notice(//build/toolchain/linux:clang_x64)
[OHOS INFO] [NINJA] [53/5876] ACTION //arkcompiler/runtime_core/static_core/static_linker:ark_link__notice(//build/toolchain/linux:clang_x64)
[OHOS INFO] [NINJA] [54/5875] ACTION //arkcompiler/runtime_core/static_core/dprof:libdprof_static__notice(//build/toolchain/ohos:ohos_clang_arm)
[OHOS INFO] [NINJA] [55/5873] ACTION //arkcompiler/runtime_core/static_core/compiler:libarktscompiler__notice(//build/toolchain/ohos:ohos_clang_arm)
[OHOS INFO] [NINJA] [56/5872] ACTION //arkcompiler/runtime_core/static_core/runtime/para:Interop.para__notice(//build/toolchain/ohos:ohos_clang_arm)
[OHOS INFO] [NINJA] [57/5871] ACTION //arkcompiler/runtime_core/static_core/compiler/optimizer/code_generator:libarkencoder__notice(//build/toolchain/ohos:ohos_clang_arm)
[OHOS INFO] [NINJA] [58/5868] ACTION //arkcompiler/runtime_core/static_core/assembler:libarktsassembler_static__notice(//build/toolchain/ohos:ohos_clang_arm)
[OHOS INFO] [NINJA] [59/5866] ACTION //arkcompiler/runtime_core/static_core/etc/para:code_coverage.para.dac__notice(//build/toolchain/ohos:ohos_clang_arm)
[OHOS INFO] [NINJA] [60/5865] ACTION //arkcompiler/runtime_core/static_core/etc/para:code_coverage.para__notice(//build/toolchain/ohos:ohos_clang_arm)
[OHOS INFO] [NINJA] [61/5864] ACTION //arkcompiler/runtime_core/static_core/platforms/target_defaults:arktarget_options_static__notice(//build/toolchain/ohos:ohos_clang_arm)
[OHOS INFO] [NINJA] [62/5862] ACTION //arkcompiler/runtime_core/static_core/irtoc:irtoc_interpreter_exec__notice(//build/toolchain/linux:clang_x64)
[OHOS INFO] [NINJA] [63/5860] ACTION //developtools/ace_ets2bundle/ets1.2/libarkts:panda_sdk__notice(//build/toolchain/linux:clang_x64)
[OHOS INFO] [NINJA] [64/5859] ACTION //arkcompiler/runtime_core/static_core/runtime/para:Interop.para.dac__notice(//build/toolchain/ohos:ohos_clang_arm)
[OHOS INFO] [NINJA] [65/5858] ACTION //arkcompiler/runtime_core/static_core/runtime/para:Runtime.para__notice(//build/toolchain/ohos:ohos_clang_arm)
[OHOS INFO] [NINJA] [66/5857] ACTION //arkcompiler/runtime_core/static_core/runtime/para:Runtime.para.dac__notice(//build/toolchain/ohos:ohos_clang_arm)
[OHOS INFO] [NINJA] [67/5856] ACTION //developtools/ace_ets2bundle/ets1.2/libarkts:panda_sdk_info(//build/toolchain/linux:clang_x64)
[OHOS INFO] [NINJA] [68/5856] STAMP clang_x64/obj/developtools/ace_ets2bundle/ets1.2/libarkts/panda_sdk_info.stamp
[OHOS INFO] [NINJA] [69/5856] ACTION //arkcompiler/runtime_core/static_core/dprof:libdprof__notice(//build/toolchain/ohos:ohos_clang_arm)
[OHOS INFO] [NINJA] [70/5855] ACTION //base/location/location/frameworks/native/locator_sdk:locator_interface(//build/toolchain/ohos:ohos_clang_arm)
[OHOS INFO] [NINJA] [71/5811] ACTION //foundation/ability/ability_runtime/cli_tool_framework/interfaces/cli_tool:cli_tool_manager_interface(//build/toolchain/ohos:ohos_clang_arm)
[OHOS INFO] [NINJA] [72/5774] ACTION //foundation/multimedia/audio_framework/services/audio_service/idl:audio_policy_idl_callback(//build/toolchain/ohos:ohos_clang_arm)
[OHOS INFO] [NINJA] [73/5709] ACTION //foundation/multimedia/audio_framework/services/audio_service/idl:audio_policy_idl_interface(//build/toolchain/ohos:ohos_clang_arm)
[OHOS INFO] [NINJA] [74/5263] ACTION //arkcompiler/runtime_core/static_core/runtime:arkruntime_interpreter_impl__notice(//build/toolchain/ohos:ohos_clang_arm)
[OHOS INFO] [NINJA] [75/5262] ACTION //arkcompiler/runtime_core/static_core/platforms/target_defaults:arktarget_options__notice(//build/toolchain/ohos:ohos_clang_arm)
[OHOS INFO] [NINJA] [76/5261] ACTION //arkcompiler/runtime_core/static_core/runtime:libarkruntime__notice(//build/toolchain/ohos:ohos_clang_arm)
[OHOS INFO] [NINJA] [77/5260] ACTION //foundation/multimedia/av_session/services/session:idl_avsession_service_interface(//build/toolchain/ohos:ohos_clang_arm)
[OHOS INFO] [NINJA] [78/4999] ACTION //foundation/arkui/ace_engine/interfaces/inner_api/ui_service_manager:uiservice_manager_interface(//build/toolchain/ohos:ohos_clang_arm)
[OHOS INFO] [NINJA] [79/4845] COPY obj/third_party/jsframework/strip.native.min.abc obj/third_party/jsframework/out/rk3568/obj/third_party/jsframework/strip.native.min.abc
[OHOS INFO] [NINJA] [80/4845] ACTION //arkcompiler/runtime_core/static_core/compiler/aot:libarkaotmanager__notice(//build/toolchain/ohos:ohos_clang_arm)
[OHOS INFO] [NINJA] [81/4843] ACTION //arkcompiler/runtime_core/static_core/assembler:libarktsassembler__notice(//build/toolchain/ohos:ohos_clang_arm)
[OHOS INFO] [NINJA] [82/4842] ACTION //arkcompiler/runtime_core/static_core/runtime:libarkruntime_set_static__notice(//build/toolchain/ohos:ohos_clang_arm)
[OHOS INFO] [NINJA] [83/4841] ACTION //arkcompiler/runtime_core/static_core/plugins/ets/runtime/libani_helpers/interop_js:hybridgref_static__notice(//build/toolchain/ohos:ohos_clang_arm)
[OHOS INFO] [NINJA] [84/4840] ACTION //arkcompiler/runtime_core/static_core/plugins/ets/runtime/ani:ani__notice(//build/toolchain/ohos:ohos_clang_arm)
[OHOS INFO] [NINJA] [85/4750] STAMP obj/third_party/jsframework/ark_build.stamp
[OHOS INFO] [NINJA] [86/4750] ACTION //foundation/arkui/ace_engine/frameworks/bridge/arkts_frontend/koala_projects/incremental/runtime:runtime_annotate(//build/toolchain/ohos:ohos_clang_arm)
[OHOS INFO] [NINJA] [87/4749] ACTION //arkcompiler/runtime_core/static_core/plugins/ets/runtime/libani_helpers:ani_helpers_static__notice(//build/toolchain/ohos:ohos_clang_arm)
[OHOS INFO] [NINJA] [88/4748] ACTION //device/board/hihope/rk3568/camera/vdi_impl/v4l2:copy_source(//build/toolchain/ohos:ohos_clang_arm)
[OHOS INFO] [NINJA] [89/4747] ACTION //foundation/communication/fusion_connectivity/partner_agent/idl:partner_device_agent(//build/toolchain/ohos:ohos_clang_arm)
[OHOS INFO] [NINJA] [90/4734] ACTION //foundation/communication/fusion_connectivity/partner_agent/idl:partner_agent_extension_interface(//build/toolchain/ohos:ohos_clang_arm)
[OHOS INFO] [NINJA] [91/4719] ACTION //arkcompiler/runtime_core/static_core/plugins/ets/runtime/libani_helpers:ani_helpers__notice(//build/toolchain/ohos:ohos_clang_arm)
[OHOS INFO] [NINJA] [92/4718] ACTION //third_party/skia/m133/modules/skparagraph:skia_paragraph_ohos_new__notice(//build/toolchain/ohos:ohos_clang_arm)
[OHOS INFO] [NINJA] [93/4715] ACTION //arkcompiler/runtime_core/static_core/plugins/ets:ohos_ets_etsstdlib_abc__notice(//build/toolchain/ohos:ohos_clang_arm)
[OHOS INFO] [NINJA] [94/4714] ACTION //arkcompiler/runtime_core/static_core/plugins/ets/tools/declgen_ts2sts:build_declgen_etc__notice(//build/toolchain/ohos:ohos_clang_arm)
[OHOS INFO] [NINJA] [95/4712] ACTION //arkcompiler/runtime_core/static_core/libarkbase:libarktsbase_frontend_set_static__notice(//build/toolchain/ohos:ohos_clang_arm)
[OHOS INFO] [NINJA] [96/4710] ACTION //base/account/os_account/frameworks/account_iam:account_iam_interface(//build/toolchain/ohos:ohos_clang_arm)
[OHOS INFO] [NINJA] [97/4662] ACTION //arkcompiler/runtime_core/static_core/libarkbase:libarktsbase_frontend_static__notice(//build/toolchain/ohos:ohos_clang_arm)
[OHOS INFO] [NINJA] [98/4661] ACTION //arkcompiler/runtime_core/static_core/plugins/ets/stdlib:ohos_ets_stdlib__notice(//build/toolchain/ohos:ohos_clang_arm)
[OHOS INFO] [NINJA] [99/4660] ACTION //arkcompiler/runtime_core/static_core/libziparchive:libarktsziparchive_frontend_set_static__notice(//build/toolchain/ohos:ohos_clang_arm)
[OHOS INFO] [NINJA] [100/4659] ACTION //developtools/ace_ets2bundle:install_arkguard_tsc_declgen(//build/toolchain/ohos:ohos_clang_arm)
[OHOS INFO] [NINJA] [101/4659] ACTION //base/global/font_manager/service:font_service_interface(//build/toolchain/ohos:ohos_clang_arm)
[OHOS INFO] [NINJA] [102/4633] ACTION //arkcompiler/runtime_core/static_core/libziparchive:libarktsziparchive_frontend_static__notice(//build/toolchain/ohos:ohos_clang_arm)
[OHOS INFO] [NINJA] [103/4632] ACTION //arkcompiler/runtime_core/static_core/assembler:libarktsassembler_frontend_set_static__notice(//build/toolchain/ohos:ohos_clang_arm)
[OHOS INFO] [NINJA] [104/4631] ACTION //arkcompiler/runtime_core/static_core/libarkfile:libarktsfile_frontend_set_static__notice(//build/toolchain/ohos:ohos_clang_arm)
[OHOS INFO] [NINJA] [105/4629] ACTION //arkcompiler/runtime_core/static_core/compiler/optimizer/code_generator:libarkencoder_frontend_dependency_static__notice(//build/toolchain/ohos:ohos_clang_arm)
[OHOS INFO] [NINJA] [106/4627] ACTION //arkcompiler/runtime_core/static_core/compiler:libarktscompiler_frontend_static__notice(//build/toolchain/ohos:ohos_clang_arm)
[OHOS INFO] [NINJA] [107/4626] ACTION //arkcompiler/runtime_core/static_core/libarkfile:libarktsfile_frontend_static__notice(//build/toolchain/ohos:ohos_clang_arm)
[OHOS INFO] [NINJA] [108/4623] ACTION //arkcompiler/runtime_core/static_core/dprof:libdprof_static__notice(//build/toolchain/linux:clang_x64)
[OHOS INFO] [NINJA] [109/4621] COPY ../../drivers/peripheral/camera/vdi_base/common/pipeline_core/pipeline_impl/src/strategy/config/config.c obj/device/board/hihope/rk3568/camera/vdi_impl/v4l2/drivers/peripheral/camera/vdi_base/common/pipeline_core/pipeline_impl/src/strategy/config/config.c
[OHOS INFO] [NINJA] [110/4621] COPY ../../drivers/peripheral/camera/vdi_base/common/pipeline_core/pipeline_impl/src/strategy/config/params.c obj/device/board/hihope/rk3568/camera/vdi_impl/v4l2/drivers/peripheral/camera/vdi_base/common/pipeline_core/pipeline_impl/src/strategy/config/params.c
[OHOS INFO] [NINJA] [111/4621] ACTION //arkcompiler/runtime_core/static_core/platforms/target_defaults:arktarget_options_static__notice(//build/toolchain/linux:clang_x64)
[OHOS INFO] [NINJA] [112/4619] ACTION //arkcompiler/runtime_core/static_core/bytecode_optimizer:libarktsbytecodeopt_frontend_static__notice(//build/toolchain/ohos:ohos_clang_arm)
[OHOS INFO] [NINJA] [113/4618] ACTION //arkcompiler/runtime_core/static_core/plugins/ets/runtime/interop_js:etsstdlib_install__notice(//build/toolchain/ohos:ohos_clang_arm)
[OHOS INFO] [NINJA] [114/4617] ACTION //arkcompiler/runtime_core/static_core/compiler:libarktscompiler_host__notice(//build/toolchain/linux:clang_x64)
[OHOS INFO] [NINJA] [115/4615] ACTION //arkcompiler/runtime_core/static_core/disassembler:arktsdisassembler__notice(//build/toolchain/ohos:ohos_clang_arm)
[OHOS INFO] [NINJA] [116/4612] ACTION //arkcompiler/runtime_core/static_core/dprof:libdprof__notice(//build/toolchain/linux:clang_x64)
[OHOS INFO] [NINJA] [117/4611] ACTION //arkcompiler/runtime_core/static_core/plugins/ets:ets_sdk_native__notice(//build/toolchain/ohos:ohos_clang_arm)
[OHOS INFO] [NINJA] [118/4610] ACTION //arkcompiler/runtime_core/static_core/assembler:libarktsassembler_frontend_static__notice(//build/toolchain/ohos:ohos_clang_arm)
[OHOS INFO] [NINJA] [119/4608] ACTION //arkcompiler/runtime_core/static_core/platforms/target_defaults:arktarget_options__notice(//build/toolchain/linux:clang_x64)
[OHOS INFO] [NINJA] [120/4607] STAMP obj/device/board/hihope/rk3568/camera/vdi_impl/v4l2/config.c.stamp
[OHOS INFO] [NINJA] [121/4607] STAMP obj/device/board/hihope/rk3568/camera/vdi_impl/v4l2/params.c.stamp
[OHOS INFO] [NINJA] [122/4607] ACTION //arkcompiler/runtime_core/static_core/runtime:arkruntime_interpreter_impl_host__notice(//build/toolchain/linux:clang_x64)
[OHOS INFO] [NINJA] [123/4606] ACTION //arkcompiler/runtime_core/static_core/compiler/aot:libarkaotmanager__notice(//build/toolchain/linux:clang_x64)
[OHOS INFO] [NINJA] [124/4604] ACTION //arkcompiler/runtime_core/static_core/isa:isa_combine_static_etc__notice(//build/toolchain/ohos:ohos_clang_arm)
[OHOS INFO] [NINJA] [125/4603] ACTION //arkcompiler/runtime_core/static_core/runtime:libarkruntime_set_static_host__notice(//build/toolchain/linux:clang_x64)
[OHOS INFO] [NINJA] [126/4602] ACTION //arkcompiler/runtime_core/static_core/plugins/ets:ets2abc_commonsdk_api_etc__notice(//build/toolchain/ohos:ohos_clang_arm)
[OHOS INFO] [NINJA] [127/4601] ACTION //arkcompiler/runtime_core/static_core/plugins/ets/runtime/interop_js:ets_interop_js_napi_static__notice(//build/toolchain/ohos:ohos_clang_arm)
[OHOS INFO] [NINJA] [128/4600] ACTION //arkcompiler/runtime_core/static_core/static_linker:arklinker_static__notice(//build/toolchain/ohos:ohos_clang_arm)
[OHOS INFO] [NINJA] [129/4598] ACTION //arkcompiler/runtime_core/static_core/runtime/tooling/backtrace:arkbacktrace__notice(//build/toolchain/ohos:ohos_clang_arm)
[OHOS INFO] [NINJA] [130/4596] ACTION //developtools/syscap_codec:generate_pcid(//build/toolchain/ohos:ohos_clang_arm)
[OHOS INFO] [NINJA] [131/4596] ACTION //arkcompiler/runtime_core/static_core/plugins/ets:etsstdlib_bootabc_etc__notice(//build/toolchain/ohos:ohos_clang_arm)
[OHOS INFO] [NINJA] [132/4595] ACTION //arkcompiler/runtime_core/static_core/bytecode_optimizer:libarktsbytecodeopt_package__notice(//build/toolchain/ohos:ohos_clang_arm)
[OHOS INFO] [NINJA] [133/4594] ACTION //arkcompiler/runtime_core/static_core/compiler/aot/aot_builder:aotbuilder__notice(//build/toolchain/ohos:ohos_clang_arm)
[OHOS INFO] [NINJA] [134/4593] ACTION //arkcompiler/runtime_core/static_core/compiler:libarktscompiler_package__notice(//build/toolchain/ohos:ohos_clang_arm)
[OHOS INFO] [NINJA] [135/4592] ACTION //arkcompiler/runtime_core/static_core/libarkbase:libarktsbase_package__notice(//build/toolchain/ohos:ohos_clang_arm)
[OHOS INFO] [NINJA] [136/4591] ACTION //arkcompiler/runtime_core/static_core/plugins/ets:ets2abc_commonsdk_arkts_etc__notice(//build/toolchain/ohos:ohos_clang_arm)
[OHOS INFO] [NINJA] [137/4590] ACTION //arkcompiler/runtime_core/static_core/libarkfile:libarktsfile_package__notice(//build/toolchain/ohos:ohos_clang_arm)
[OHOS INFO] [NINJA] [138/4589] ACTION //arkcompiler/runtime_core/static_core/assembler:libarktsassembler_package__notice(//build/toolchain/ohos:ohos_clang_arm)
[OHOS INFO] [NINJA] [139/4588] COPY ../../out/preloader/rk3568/features.json obj/base/startup/init/services/etc/out/preloader/rk3568/features.json
[OHOS INFO] [NINJA] [140/4588] COPY ../../out/preloader/rk3568/system/etc/syscap.json obj/base/startup/init/services/etc/out/preloader/rk3568/system/etc/syscap.json
[OHOS INFO] [NINJA] [141/4588] COPY ../../out/preloader/rk3568/system/etc/param/syscap.para obj/base/startup/init/services/etc/out/preloader/rk3568/system/etc/param/syscap.para
[OHOS INFO] [NINJA] [142/4588] COPY ../../out/preloader/rk3568/system/etc/SystemCapability.json obj/base/startup/init/services/etc/out/preloader/rk3568/system/etc/SystemCapability.json
[OHOS INFO] [NINJA] [143/4588] STAMP obj/developtools/syscap_codec/generate_pcid.stamp
[OHOS INFO] [NINJA] [144/4588] STAMP obj/device/board/hihope/rk3568/camera/vdi_impl/v4l2/pipeline_core/camera_pipeline_core.inputdeps.stamp
[OHOS INFO] [NINJA] [145/4588] ACTION //arkcompiler/runtime_core/static_core/runtime/tooling/inspector:libarkinspector__notice(//build/toolchain/ohos:ohos_clang_arm)
[OHOS INFO] [NINJA] [146/4587] CC obj/out/gen/libext/initext.o
[OHOS INFO] [NINJA] [147/4587] CC obj/out/gen/libext4/initext4.o
[OHOS INFO] [NINJA] [148/4587] CC obj/out/gen/libext6/initext6.o
[OHOS INFO] [NINJA] [149/4587] ACTION //foundation/filemanagement/user_file_service/services/file_extension_hap:external_file_manager_hap__hap_check(//build/toolchain/ohos:ohos_clang_arm)
[OHOS INFO] [NINJA] [150/4587] STAMP obj/foundation/filemanagement/user_file_service/services/file_extension_hap/external_file_manager_hap__hap_check.stamp
[OHOS INFO] [NINJA] [151/4587] STAMP obj/arkcompiler/ets_runtime/ecmascript/compiler/gen_stub_file.stamp
[OHOS INFO] [NINJA] [152/4587] STAMP obj/base/startup/init/services/etc/features.json.stamp
[OHOS INFO] [NINJA] [153/4587] STAMP obj/base/startup/init/services/etc/syscap.json.stamp
[OHOS INFO] [NINJA] [154/4587] STAMP obj/base/startup/init/services/etc/syscap.para.stamp
[OHOS INFO] [NINJA] [155/4587] STAMP obj/base/startup/init/services/etc/systemcapability.json.stamp
[OHOS INFO] [NINJA] [156/4587] ACTION //base/powermgr/power_manager/power_dialog:power_dialog_hap__hap_check(//build/toolchain/ohos:ohos_clang_arm)
[OHOS INFO] [NINJA] [157/4587] COPY pcid.sc obj/developtools/syscap_codec/out/rk3568/pcid.sc
[OHOS INFO] [NINJA] [158/4587] STAMP obj/base/powermgr/power_manager/power_dialog/power_dialog_hap__hap_check.stamp
[OHOS INFO] [NINJA] [159/4587] STAMP obj/device/board/hihope/rk3568/camera/vdi_impl/v4l2/camera_host_vdi_impl_1.0.inputdeps.stamp
[OHOS INFO] [NINJA] [160/4587] ACTION //arkcompiler/runtime_core/static_core/runtime:libarkruntime_host__notice(//build/toolchain/linux:clang_x64)
[OHOS INFO] [NINJA] [161/4586] ACTION //arkcompiler/runtime_core/static_core/compiler/tools/aptool:ark_aptool__notice(//build/toolchain/linux:clang_x64)
[OHOS INFO] [NINJA] [162/4585] ACTION //arkcompiler/runtime_core/static_core/compiler/aot/aot_builder:aotbuilder__notice(//build/toolchain/linux:clang_x64)
[OHOS INFO] [NINJA] [163/4584] ACTION //applications/standard/dlp_manager:dlp_manager__hap_check(//build/toolchain/ohos:ohos_clang_arm)
[OHOS INFO] [NINJA] [164/4584] AR obj/third_party/iptables/extensions/libext4.a
[OHOS INFO] [NINJA] [165/4584] ACTION //applications/standard/permission_manager:permission_manager__hap_check(//build/toolchain/ohos:ohos_clang_arm)
[OHOS INFO] [NINJA] [166/4584] STAMP obj/applications/standard/dlp_manager/dlp_manager__hap_check.stamp
[OHOS INFO] [NINJA] [167/4584] ACTION //arkcompiler/runtime_core/static_core/static_linker:arklinker__notice(//build/toolchain/ohos:ohos_clang_arm)
[OHOS INFO] [NINJA] [168/4582] STAMP obj/base/startup/init/services/etc/etc_files.stamp
[OHOS INFO] [NINJA] [169/4582] STAMP obj/applications/standard/permission_manager/permission_manager__hap_check.stamp
[OHOS INFO] [NINJA] [170/4582] STAMP obj/developtools/syscap_codec/pcid.sc.stamp
[OHOS INFO] [NINJA] [171/4582] AR obj/third_party/iptables/extensions/libext6.a
[OHOS INFO] [NINJA] [172/4582] CC obj/drivers/peripheral/camera/vdi_base/common/pipeline_core/pipeline_impl/src/strategy/config/camera_pipeline_config/config.o
[OHOS INFO] [NINJA] [173/4582] STAMP obj/base/startup/init/services/startup_init.stamp
[OHOS INFO] [NINJA] [174/4582] CC obj/drivers/peripheral/camera/vdi_base/common/pipeline_core/pipeline_impl/src/strategy/config/camera_pipeline_config/params.o
[OHOS INFO] [NINJA] [175/4582] STAMP obj/developtools/syscap_codec/pcid_sc.stamp
[OHOS INFO] [NINJA] [176/4582] STAMP obj/device/board/hihope/rk3568/camera/vdi_impl/v4l2/chipset_build.stamp
[OHOS INFO] [NINJA] [177/4582] ACTION //arkcompiler/runtime_core/static_core/compiler/tools/aptool:ark_aptool__notice(//build/toolchain/ohos:ohos_clang_arm)
[OHOS INFO] [NINJA] [178/4581] ACTION //arkcompiler/runtime_core/static_core/compiler/tools/paoc:ark_aot__notice(//build/toolchain/ohos:ohos_clang_arm)
[OHOS INFO] [NINJA] [179/4580] AR obj/third_party/iptables/extensions/libext.a
[OHOS INFO] [NINJA] [180/4580] ACTION //arkcompiler/runtime_core/static_core/libarkfile/external:libarkfileExt__notice(//build/toolchain/ohos:ohos_clang_arm)
[OHOS INFO] [NINJA] [181/4579] ACTION //arkcompiler/runtime_core/static_core/plugins/ets/runtime/interop_js:ets_interop_js_napi__notice(//build/toolchain/ohos:ohos_clang_arm)
[OHOS INFO] [NINJA] [182/4578] CXX obj/foundation/communication/fusion_connectivity/partner_agent/services/server/src/partner_device_agent_server/partner_device.o
[OHOS INFO] [NINJA] [183/4578] CXX obj/foundation/communication/fusion_connectivity/partner_agent/services/server/src/partner_device_agent_server/partner_device_agent_server.o
[OHOS INFO] [NINJA] [184/4578] ACTION //arkcompiler/runtime_core/static_core/static_linker:ark_link__notice(//build/toolchain/ohos:ohos_clang_arm)
[OHOS INFO] [NINJA] [185/4577] STAMP obj/developtools/syscap_codec/syscap_codec.stamp
[OHOS INFO] [NINJA] [186/4577] CXX obj/foundation/communication/fusion_connectivity/partner_agent/services/server/src/partner_device_agent_server/device_agent_capability_br.o
[OHOS INFO] [NINJA] [187/4577] ACTION //arkcompiler/runtime_core/static_core/panda:arkts_bin__notice(//build/toolchain/ohos:ohos_clang_arm)
[OHOS INFO] [NINJA] [188/4576] ACTION //arkcompiler/runtime_core/static_core/verification/verifier:verifier.config__notice(//build/toolchain/ohos:ohos_clang_arm)
[OHOS INFO] [NINJA] [189/4575] CXX obj/foundation/communication/fusion_connectivity/partner_agent/services/server/src/partner_device_agent_server/device_agent_capability_ble_adv.o
[OHOS INFO] [NINJA] [190/4575] CXX obj/foundation/communication/fusion_connectivity/partner_agent/services/server/src/partner_device_agent_server/partner_device_config.o
[OHOS INFO] [NINJA] [191/4575] ACTION //arkcompiler/runtime_core/static_core/libarkfile/external:libarksupport__notice(//build/toolchain/ohos:ohos_clang_arm)
[OHOS INFO] [NINJA] [192/4574] ACTION //applications/standard/user_certificate_manager:user_cert_manager__hap_check(//build/toolchain/ohos:ohos_clang_arm)
[OHOS INFO] [NINJA] [193/4574] STAMP obj/applications/standard/user_certificate_manager/user_cert_manager__hap_check.stamp
[OHOS INFO] [NINJA] [194/4574] ACTION //foundation/distributedhardware/distributed_hardware_fwk/application:DHardware_UI__hap_check(//build/toolchain/ohos:ohos_clang_arm)
[OHOS INFO] [NINJA] [195/4574] STAMP obj/foundation/distributedhardware/distributed_hardware_fwk/application/DHardware_UI__hap_check.stamp
[OHOS INFO] [NINJA] [196/4574] ACTION //foundation/communication/wifi/wifi/application/portal_login:portal_login_hap__hap_check(//build/toolchain/ohos:ohos_clang_arm)
[OHOS INFO] [NINJA] [197/4574] STAMP obj/foundation/communication/wifi/wifi/application/portal_login/portal_login_hap__hap_check.stamp
[OHOS INFO] [NINJA] [198/4574] ACTION //arkcompiler/runtime_core/static_core/verification/verifier:verifier_bin__notice(//build/toolchain/ohos:ohos_clang_arm)
[OHOS INFO] [NINJA] [199/4573] ACTION //arkcompiler/runtime_core/static_core/compiler/tools/paoc:ark_aot_host__notice(//build/toolchain/linux:clang_x64)
[OHOS INFO] [NINJA] [200/4572] ACTION //developtools/ace_ets2bundle/ets1.2/interop:interop_compile(//build/toolchain/linux:clang_x64)
[OHOS INFO] [NINJA] [201/4571] SOLINK rockchip_products/rockchip_products/libcamera_pipeline_config.z.so
[OHOS INFO] [NINJA] [202/4571] STAMP obj/device/board/hihope/rk3568/camera/vdi_impl/v4l2/camera_board_vdi_impl.stamp
[OHOS INFO] [NINJA] [203/4571] LINK thirdparty/iptables/iptables
[OHOS INFO] [NINJA] [204/4571] SOLINK communication/fusion_connectivity/libpartner_device_agent_server.z.so
[OHOS INFO] [NINJA] [205/4571] ACTION //foundation/ability/ability_runtime/services/dialog_ui/ams_system_dialog:ams_system_dialog_hap(//build/toolchain/ohos:ohos_clang_arm)
[OHOS INFO] [NINJA] [206/4570] ACTION //developtools/ace_ets2bundle/ets1.2/libarkts:regenerate:arktscgen(//build/toolchain/linux:clang_x64)
[OHOS INFO] [NINJA] [207/4569] ACTION //developtools/ace_ets2bundle/ets1.2/libarkts:regenerate(//build/toolchain/linux:clang_x64)
[OHOS INFO] [NINJA] [208/4569] STAMP clang_x64/obj/developtools/ace_ets2bundle/ets1.2/libarkts/regenerate.stamp
[OHOS INFO] [NINJA] [209/4569] STAMP clang_x64/obj/developtools/ace_ets2bundle/ets1.2/libarkts/es2panda_lib.inputdeps.stamp
[OHOS INFO] [NINJA] [210/4569] CXX clang_x64/obj/out/rk3568/clang_x64/obj/developtools/ace_ets2bundle/ets1.2/libarkts/es2panda_lib/bridges.o
[OHOS INFO] [NINJA] [211/4569] SOLINK clang_x64/libarkts/libes2panda_lib.node
[OHOS INFO] [NINJA] [212/4569] ACTION //developtools/ace_ets2bundle/ets1.2/libarkts:es2panda_lib_copy(//build/toolchain/linux:clang_x64)
[OHOS INFO] [NINJA] [213/4569] STAMP clang_x64/obj/developtools/ace_ets2bundle/ets1.2/libarkts/es2panda_lib_copy.stamp
[OHOS INFO] [NINJA] [214/4569] ACTION //base/powermgr/power_manager/power_dialog:power_dialog_hap_compile_app(//build/toolchain/ohos:ohos_clang_arm)
[OHOS INFO] [NINJA] [0/0] [8f1bda6b] project dir: /srv/workspace/openharmony_master_default_20260723175927_huawei_33e607913/code/base/powermgr/power_manager/power_dialog
[OHOS INFO] [NINJA] [0/0] [8f1bda6b] project dir: /srv/workspace/openharmony_master_default_20260723175927_huawei_33e607913/code/base/powermgr/power_manager/power_dialog
[OHOS INFO] [NINJA] [0/0] [8f1bda6b] model_version: 6.0.0
[OHOS INFO] [NINJA] [0/0] [8f1bda6b] project dir: /srv/workspace/openharmony_master_default_20260723175927_huawei_33e607913/code/base/powermgr/power_manager/power_dialog
[OHOS INFO] [NINJA] [0/0] [8f1bda6b] hvigor cmd: bash /srv/workspace/openharmony_master_default_20260723175927_huawei_33e607913/code/prebuilts/tool/command-line-tools/6.x/hvigor/bin/hvigorw assembleHap --mode module -p product=default -p module=entry -p debuggable=false -p buildMode=release --no-daemon
[OHOS INFO] [NINJA] [0/0] [8f1bda6b] Hvigor clean start
[OHOS INFO] [NINJA] [0/0] [8f1bda6b] Hvigor build start
[OHOS INFO] [NINJA] [1/1] [8f1bda6b] Hvigor info: > hvigor UP-TO-DATE :entry:default@PreBuild...  
[OHOS INFO] [NINJA] [1/1] [8f1bda6b] Hvigor info: > hvigor Finished :entry:default@CreateModuleInfo... after 1 ms 
[OHOS INFO] [NINJA] [1/1] [8f1bda6b] Hvigor info: > hvigor UP-TO-DATE :entry:default@GenerateMetadata...  
[OHOS INFO] [NINJA] [1/1] [8f1bda6b] Hvigor info: > hvigor Finished :entry:default@ConfigureCmake... after 1 ms 
[OHOS INFO] [NINJA] [1/1] [8f1bda6b] Hvigor info: > hvigor UP-TO-DATE :entry:default@MergeProfile...  
[OHOS INFO] [NINJA] [1/1] [8f1bda6b] Hvigor info: > hvigor UP-TO-DATE :entry:default@CreateBuildProfile...  
[OHOS INFO] [NINJA] [1/1] [8f1bda6b] Hvigor info: > hvigor Finished :entry:default@PreCheckSyscap... after 1 ms 
[OHOS INFO] [NINJA] [1/1] [8f1bda6b] Hvigor info: > hvigor Finished :entry:default@GeneratePkgContextInfo... after 9 ms 
[OHOS INFO] [NINJA] [1/1] [8f1bda6b] Hvigor info: > hvigor Finished :entry:default@ProcessIntegratedHsp... after 1 ms 
[OHOS INFO] [NINJA] [1/1] [8f1bda6b] Hvigor info: > hvigor Finished :entry:default@BuildNativeWithCmake... after 1 ms 
[OHOS INFO] [NINJA] [1/1] [8f1bda6b] Hvigor info: > hvigor UP-TO-DATE :entry:default@MakePackInfo...  
[OHOS INFO] [NINJA] [1/1] [8f1bda6b] Hvigor info: > hvigor UP-TO-DATE :entry:default@SyscapTransform...  
[OHOS INFO] [NINJA] [1/1] [8f1bda6b] Hvigor info: > hvigor UP-TO-DATE :entry:default@ProcessProfile...  
[OHOS INFO] [NINJA] [1/1] [8f1bda6b] Hvigor info: > hvigor UP-TO-DATE :entry:default@ProcessRouterMap...  
[OHOS INFO] [NINJA] [1/1] [8f1bda6b] Hvigor info: > hvigor UP-TO-DATE :entry:default@ProcessShareConfig...  
[OHOS INFO] [NINJA] [1/1] [8f1bda6b] Hvigor info: > hvigor Finished :entry:default@ProcessStartupConfig... after 2 ms 
[OHOS INFO] [NINJA] [1/1] [8f1bda6b] Hvigor info: > hvigor Finished :entry:default@BuildNativeWithNinja... after 1 ms 
[OHOS INFO] [NINJA] [1/1] [8f1bda6b] Hvigor info: > hvigor UP-TO-DATE :entry:default@ProcessResource...  
[OHOS INFO] [NINJA] [1/1] [8f1bda6b] Hvigor info: > hvigor UP-TO-DATE :entry:default@GenerateLoaderJson...  
[OHOS INFO] [NINJA] [1/1] [8f1bda6b] Hvigor info: > hvigor UP-TO-DATE :entry:default@ProcessLibs...  
[OHOS INFO] [NINJA] [1/1] [8f1bda6b] Hvigor info: > hvigor UP-TO-DATE :entry:default@CompileResource...  
[OHOS INFO] [NINJA] [1/1] [8f1bda6b] Hvigor info: > hvigor UP-TO-DATE :entry:default@DoNativeStrip...  
[OHOS INFO] [NINJA] [1/1] [8f1bda6b] Hvigor info: > hvigor UP-TO-DATE :entry:default@CompileArkTS...  
[OHOS INFO] [NINJA] [1/1] [8f1bda6b] Hvigor info: > hvigor Finished :entry:default@BuildJS... after 2 ms 
[OHOS INFO] [NINJA] [1/1] [8f1bda6b] Hvigor info: > hvigor UP-TO-DATE :entry:default@CacheNativeLibs...  
[OHOS INFO] [NINJA] [1/1] [8f1bda6b] Hvigor info: > hvigor UP-TO-DATE :entry:default@GeneratePkgModuleJson...  
[OHOS INFO] [NINJA] [1/1] [8f1bda6b] Hvigor info: > hvigor Finished :entry:default@ProcessCompiledResources... after 1 ms 
[OHOS INFO] [NINJA] [1/1] [8f1bda6b] Hvigor info: > hvigor UP-TO-DATE :entry:default@PackageHap...  
[OHOS INFO] [NINJA] [1/1] [8f1bda6b] Hvigor info: > hvigor Finished :entry:default@PackingCheck... after 9 ms 
[OHOS INFO] [NINJA] [1/1] [8f1bda6b] Hvigor info: > hvigor Finished :entry:default@SignHap... after 2 ms 
[OHOS INFO] [NINJA] [1/1] [8f1bda6b] Hvigor info: > hvigor UP-TO-DATE :entry:default@CollectDebugSymbol...  
[OHOS INFO] [NINJA] [1/1] [8f1bda6b] Hvigor info: > hvigor Finished :entry:assembleHap... after 1 ms 
[OHOS INFO] [NINJA] [1/1] [8f1bda6b] Hvigor info: > hvigor BUILD SUCCESSFUL in 1 s 481 ms 
[OHOS INFO] [NINJA] [2/2] [8f1bda6b] Hvigor warning: > hvigor WARN: In the stageMode project, the entryModules field configured in feature module is deprecated, but the compatibility of the old project is still maintained.
[OHOS INFO] [NINJA] [2/2] [8f1bda6b] Hvigor warning:          You can configured it in /srv/workspace/openharmony_master_default_20260723175927_huawei_33e607913/code/base/powermgr/power_manager/power_dialog/entry/build-profile.json5 .
[OHOS INFO] [NINJA] [2/2] [8f1bda6b] Hvigor warning: > hvigor WARN: Will skip sign 'hap'. No signingConfigs profile is configured in current project.
[OHOS INFO] [NINJA] [2/2] [8f1bda6b] Hvigor warning:              If needed, configure the signingConfigs in /srv/workspace/openharmony_master_default_20260723175927_huawei_33e607913/code/base/powermgr/power_manager/power_dialog/build-profile.json5.
[OHOS INFO] [NINJA] [0/0] [8f1bda6b] Hvigor build end
[OHOS INFO] [NINJA] [0/0] [8f1bda6b] project dir: /srv/workspace/openharmony_master_default_20260723175927_huawei_33e607913/code/base/powermgr/power_manager/power_dialog
[OHOS INFO] [NINJA] [0/0] [8f1bda6b] project dir: /srv/workspace/openharmony_master_default_20260723175927_huawei_33e607913/code/base/powermgr/power_manager/power_dialog
[OHOS INFO] [NINJA] [215/4569] STAMP obj/base/powermgr/power_manager/power_dialog/power_dialog_hap_compile_app.stamp
[OHOS INFO] [NINJA] [216/4569] ACTION //applications/standard/dlp_manager:dlp_manager_compile_app(//build/toolchain/ohos:ohos_clang_arm)
[OHOS INFO] [NINJA] [0/0] [b8b4d8a6] project dir: /srv/workspace/openharmony_master_default_20260723175927_huawei_33e607913/code/applications/standard/dlp_manager
[OHOS INFO] [NINJA] [0/0] [b8b4d8a6] project dir: /srv/workspace/openharmony_master_default_20260723175927_huawei_33e607913/code/applications/standard/dlp_manager
[OHOS INFO] [NINJA] [0/0] [b8b4d8a6] model_version: 6.0.0
[OHOS INFO] [NINJA] [0/0] [b8b4d8a6] project dir: /srv/workspace/openharmony_master_default_20260723175927_huawei_33e607913/code/applications/standard/dlp_manager
[OHOS INFO] [NINJA] [0/0] [b8b4d8a6] hvigor cmd: bash /srv/workspace/openharmony_master_default_20260723175927_huawei_33e607913/code/prebuilts/tool/command-line-tools/6.x/hvigor/bin/hvigorw assembleHap --mode module -p product=default -p module=entry -p debuggable=false -p buildMode=release --no-daemon
[OHOS INFO] [NINJA] [0/0] [b8b4d8a6] Hvigor clean start
[OHOS INFO] [NINJA] [0/0] [b8b4d8a6] Hvigor build start
[OHOS INFO] [NINJA] [1/1] [b8b4d8a6] Hvigor info: > hvigor UP-TO-DATE :entry:default@PreBuild...  
[OHOS INFO] [NINJA] [1/1] [b8b4d8a6] Hvigor info: > hvigor Finished :entry:default@CreateModuleInfo... after 1 ms 
[OHOS INFO] [NINJA] [1/1] [b8b4d8a6] Hvigor info: > hvigor UP-TO-DATE :entry:default@GenerateMetadata...  
[OHOS INFO] [NINJA] [1/1] [b8b4d8a6] Hvigor info: > hvigor Finished :entry:default@ConfigureCmake... after 1 ms 
[OHOS INFO] [NINJA] [1/1] [b8b4d8a6] Hvigor info: > hvigor UP-TO-DATE :entry:default@MergeProfile...  
[OHOS INFO] [NINJA] [1/1] [b8b4d8a6] Hvigor info: > hvigor UP-TO-DATE :entry:default@CreateBuildProfile...  
[OHOS INFO] [NINJA] [1/1] [b8b4d8a6] Hvigor info: > hvigor Finished :entry:default@PreCheckSyscap... after 1 ms 
[OHOS INFO] [NINJA] [1/1] [b8b4d8a6] Hvigor info: > hvigor Finished :entry:default@GeneratePkgContextInfo... after 9 ms 
[OHOS INFO] [NINJA] [1/1] [b8b4d8a6] Hvigor info: > hvigor Finished :entry:default@ProcessIntegratedHsp... after 1 ms 
[OHOS INFO] [NINJA] [1/1] [b8b4d8a6] Hvigor info: > hvigor Finished :entry:default@BuildNativeWithCmake... after 1 ms 
[OHOS INFO] [NINJA] [1/1] [b8b4d8a6] Hvigor info: > hvigor UP-TO-DATE :entry:default@MakePackInfo...  
[OHOS INFO] [NINJA] [1/1] [b8b4d8a6] Hvigor info: > hvigor UP-TO-DATE :entry:default@SyscapTransform...  
[OHOS INFO] [NINJA] [1/1] [b8b4d8a6] Hvigor info: > hvigor UP-TO-DATE :entry:default@ProcessProfile...  
[OHOS INFO] [NINJA] [1/1] [b8b4d8a6] Hvigor info: > hvigor UP-TO-DATE :entry:default@ProcessRouterMap...  
[OHOS INFO] [NINJA] [1/1] [b8b4d8a6] Hvigor info: > hvigor UP-TO-DATE :entry:default@ProcessShareConfig...  
[OHOS INFO] [NINJA] [1/1] [b8b4d8a6] Hvigor info: > hvigor Finished :entry:default@ProcessStartupConfig... after 2 ms 
[OHOS INFO] [NINJA] [1/1] [b8b4d8a6] Hvigor info: > hvigor Finished :entry:default@BuildNativeWithNinja... after 1 ms 
[OHOS INFO] [NINJA] [1/1] [b8b4d8a6] Hvigor info: > hvigor UP-TO-DATE :entry:default@ProcessResource...  
[OHOS INFO] [NINJA] [1/1] [b8b4d8a6] Hvigor info: > hvigor UP-TO-DATE :entry:default@GenerateLoaderJson...  
[OHOS INFO] [NINJA] [1/1] [b8b4d8a6] Hvigor info: > hvigor UP-TO-DATE :entry:default@ProcessLibs...  
[OHOS INFO] [NINJA] [1/1] [b8b4d8a6] Hvigor info: > hvigor UP-TO-DATE :entry:default@CompileResource...  
[OHOS INFO] [NINJA] [1/1] [b8b4d8a6] Hvigor info: > hvigor UP-TO-DATE :entry:default@DoNativeStrip...  
[OHOS INFO] [NINJA] [1/1] [b8b4d8a6] Hvigor info: > hvigor UP-TO-DATE :entry:default@CompileArkTS...  
[OHOS INFO] [NINJA] [1/1] [b8b4d8a6] Hvigor info: > hvigor Finished :entry:default@BuildJS... after 3 ms 
[OHOS INFO] [NINJA] [1/1] [b8b4d8a6] Hvigor info: > hvigor UP-TO-DATE :entry:default@CacheNativeLibs...  
[OHOS INFO] [NINJA] [1/1] [b8b4d8a6] Hvigor info: > hvigor UP-TO-DATE :entry:default@GeneratePkgModuleJson...  
[OHOS INFO] [NINJA] [1/1] [b8b4d8a6] Hvigor info: > hvigor Finished :entry:default@ProcessCompiledResources... after 1 ms 
[OHOS INFO] [NINJA] [1/1] [b8b4d8a6] Hvigor info: > hvigor UP-TO-DATE :entry:default@PackageHap...  
[OHOS INFO] [NINJA] [1/1] [b8b4d8a6] Hvigor info: > hvigor Finished :entry:default@PackingCheck... after 14 ms 
[OHOS INFO] [NINJA] [1/1] [b8b4d8a6] Hvigor info: > hvigor Finished :entry:default@SignHap... after 2 ms 
[OHOS INFO] [NINJA] [1/1] [b8b4d8a6] Hvigor info: > hvigor UP-TO-DATE :entry:default@CollectDebugSymbol...  
[OHOS INFO] [NINJA] [1/1] [b8b4d8a6] Hvigor info: > hvigor Finished :entry:assembleHap... after 1 ms 
[OHOS INFO] [NINJA] [1/1] [b8b4d8a6] Hvigor info: > hvigor BUILD SUCCESSFUL in 1 s 671 ms 
[OHOS INFO] [NINJA] [2/2] [b8b4d8a6] Hvigor warning: > hvigor WARN: The project has not explicitly set the 'targetSdkVersion' version at build-profile.json5. It is recommended to configure it. Reference: https://developer.huawei.com/consumer/en/doc/harmonyos-guides/ide-hvigor-build-profile-app#section45865492619
[OHOS INFO] [NINJA] [2/2] [b8b4d8a6] Hvigor warning: > hvigor WARN: Will skip sign 'hap'. No signingConfigs profile is configured in current project.
[OHOS INFO] [NINJA] [2/2] [b8b4d8a6] Hvigor warning:              If needed, configure the signingConfigs in /srv/workspace/openharmony_master_default_20260723175927_huawei_33e607913/code/applications/standard/dlp_manager/build-profile.json5.
[OHOS INFO] [NINJA] [0/0] [b8b4d8a6] Hvigor build end
[OHOS INFO] [NINJA] [0/0] [b8b4d8a6] project dir: /srv/workspace/openharmony_master_default_20260723175927_huawei_33e607913/code/applications/standard/dlp_manager
[OHOS INFO] [NINJA] [0/0] [b8b4d8a6] project dir: /srv/workspace/openharmony_master_default_20260723175927_huawei_33e607913/code/applications/standard/dlp_manager
[OHOS INFO] [NINJA] [217/4569] STAMP obj/applications/standard/dlp_manager/dlp_manager_compile_app.stamp
[OHOS INFO] [NINJA] [218/4569] ACTION //foundation/communication/wifi/wifi/application/portal_login:portal_login_hap_compile_app(//build/toolchain/ohos:ohos_clang_arm)
[OHOS INFO] [NINJA] [0/0] [57cf3644] project dir: /srv/workspace/openharmony_master_default_20260723175927_huawei_33e607913/code/foundation/communication/wifi/wifi/application/portal_login
[OHOS INFO] [NINJA] [0/0] [57cf3644] project dir: /srv/workspace/openharmony_master_default_20260723175927_huawei_33e607913/code/foundation/communication/wifi/wifi/application/portal_login
[OHOS INFO] [NINJA] [0/0] [57cf3644] model_version: 6.0.0
[OHOS INFO] [NINJA] [0/0] [57cf3644] project dir: /srv/workspace/openharmony_master_default_20260723175927_huawei_33e607913/code/foundation/communication/wifi/wifi/application/portal_login
[OHOS INFO] [NINJA] [0/0] [57cf3644] hvigor cmd: bash /srv/workspace/openharmony_master_default_20260723175927_huawei_33e607913/code/prebuilts/tool/command-line-tools/6.x/hvigor/bin/hvigorw assembleHap --mode module -p product=default -p module=entry -p debuggable=false -p buildMode=release --no-daemon
[OHOS INFO] [NINJA] [0/0] [57cf3644] Hvigor clean start
[OHOS INFO] [NINJA] [0/0] [57cf3644] Hvigor build start
[OHOS INFO] [NINJA] [1/1] [57cf3644] Hvigor info: > hvigor UP-TO-DATE :entry:default@PreBuild...  
[OHOS INFO] [NINJA] [1/1] [57cf3644] Hvigor info: > hvigor Finished :entry:default@CreateModuleInfo... after 2 ms 
[OHOS INFO] [NINJA] [1/1] [57cf3644] Hvigor info: > hvigor UP-TO-DATE :entry:default@GenerateMetadata...  
[OHOS INFO] [NINJA] [1/1] [57cf3644] Hvigor info: > hvigor Finished :entry:default@ConfigureCmake... after 1 ms 
[OHOS INFO] [NINJA] [1/1] [57cf3644] Hvigor info: > hvigor UP-TO-DATE :entry:default@MergeProfile...  
[OHOS INFO] [NINJA] [1/1] [57cf3644] Hvigor info: > hvigor UP-TO-DATE :entry:default@CreateBuildProfile...  
[OHOS INFO] [NINJA] [1/1] [57cf3644] Hvigor info: > hvigor Finished :entry:default@PreCheckSyscap... after 1 ms 
[OHOS INFO] [NINJA] [1/1] [57cf3644] Hvigor info: > hvigor Finished :entry:default@GeneratePkgContextInfo... after 26 ms 
[OHOS INFO] [NINJA] [1/1] [57cf3644] Hvigor info: > hvigor Finished :entry:default@ProcessIntegratedHsp... after 1 ms 
[OHOS INFO] [NINJA] [1/1] [57cf3644] Hvigor info: > hvigor Finished :entry:default@BuildNativeWithCmake... after 1 ms 
[OHOS INFO] [NINJA] [1/1] [57cf3644] Hvigor info: > hvigor UP-TO-DATE :entry:default@MakePackInfo...  
[OHOS INFO] [NINJA] [1/1] [57cf3644] Hvigor info: > hvigor UP-TO-DATE :entry:default@SyscapTransform...  
[OHOS INFO] [NINJA] [1/1] [57cf3644] Hvigor info: > hvigor UP-TO-DATE :entry:default@ProcessProfile...  
[OHOS INFO] [NINJA] [1/1] [57cf3644] Hvigor info: > hvigor UP-TO-DATE :entry:default@ProcessRouterMap...  
[OHOS INFO] [NINJA] [1/1] [57cf3644] Hvigor info: > hvigor UP-TO-DATE :entry:default@ProcessShareConfig...  
[OHOS INFO] [NINJA] [1/1] [57cf3644] Hvigor info: > hvigor Finished :entry:default@ProcessStartupConfig... after 2 ms 
[OHOS INFO] [NINJA] [1/1] [57cf3644] Hvigor info: > hvigor Finished :entry:default@BuildNativeWithNinja... after 1 ms 
[OHOS INFO] [NINJA] [1/1] [57cf3644] Hvigor info: > hvigor UP-TO-DATE :entry:default@ProcessResource...  
[OHOS INFO] [NINJA] [1/1] [57cf3644] Hvigor info: > hvigor UP-TO-DATE :entry:default@GenerateLoaderJson...  
[OHOS INFO] [NINJA] [1/1] [57cf3644] Hvigor info: > hvigor UP-TO-DATE :entry:default@ProcessLibs...  
[OHOS INFO] [NINJA] [1/1] [57cf3644] Hvigor info: > hvigor UP-TO-DATE :entry:default@CompileResource...  
[OHOS INFO] [NINJA] [1/1] [57cf3644] Hvigor info: > hvigor UP-TO-DATE :entry:default@DoNativeStrip...  
[OHOS INFO] [NINJA] [1/1] [57cf3644] Hvigor info: > hvigor UP-TO-DATE :entry:default@CompileArkTS...  
[OHOS INFO] [NINJA] [1/1] [57cf3644] Hvigor info: > hvigor Finished :entry:default@BuildJS... after 2 ms 
[OHOS INFO] [NINJA] [1/1] [57cf3644] Hvigor info: > hvigor UP-TO-DATE :entry:default@CacheNativeLibs...  
[OHOS INFO] [NINJA] [1/1] [57cf3644] Hvigor info: > hvigor UP-TO-DATE :entry:default@GeneratePkgModuleJson...  
[OHOS INFO] [NINJA] [1/1] [57cf3644] Hvigor info: > hvigor Finished :entry:default@ProcessCompiledResources... after 1 ms 
[OHOS INFO] [NINJA] [1/1] [57cf3644] Hvigor info: > hvigor UP-TO-DATE :entry:default@PackageHap...  
[OHOS INFO] [NINJA] [1/1] [57cf3644] Hvigor info: > hvigor Finished :entry:default@PackingCheck... after 13 ms 
[OHOS INFO] [NINJA] [1/1] [57cf3644] Hvigor info: > hvigor Finished :entry:default@SignHap... after 3 ms 
[OHOS INFO] [NINJA] [1/1] [57cf3644] Hvigor info: > hvigor UP-TO-DATE :entry:default@CollectDebugSymbol...  
[OHOS INFO] [NINJA] [1/1] [57cf3644] Hvigor info: > hvigor Finished :entry:assembleHap... after 1 ms 
[OHOS INFO] [NINJA] [1/1] [57cf3644] Hvigor info: > hvigor BUILD SUCCESSFUL in 1 s 684 ms 
[OHOS INFO] [NINJA] [2/2] [57cf3644] Hvigor warning: > hvigor WARN: The project has not explicitly set the 'targetSdkVersion' version at build-profile.json5. It is recommended to configure it. Reference: https://developer.huawei.com/consumer/en/doc/harmonyos-guides/ide-hvigor-build-profile-app#section45865492619
[OHOS INFO] [NINJA] [2/2] [57cf3644] Hvigor warning: > hvigor WARN: If obfuscation is needed, enable obfuscation settings in this build process; failing to do so may prevent future obfuscation. 
[OHOS INFO] [NINJA] [2/2] [57cf3644] Hvigor warning:                Properly configure obfuscation rules to avoid runtime issues.
[OHOS INFO] [NINJA] [2/2] [57cf3644] Hvigor warning: > hvigor WARN: Will skip sign 'hap'. No signingConfigs profile is configured in current project.
[OHOS INFO] [NINJA] [2/2] [57cf3644] Hvigor warning:              If needed, configure the signingConfigs in /srv/workspace/openharmony_master_default_20260723175927_huawei_33e607913/code/foundation/communication/wifi/wifi/application/portal_login/build-profile.json5.
[OHOS INFO] [NINJA] [0/0] [57cf3644] Hvigor build end
[OHOS INFO] [NINJA] [0/0] [57cf3644] project dir: /srv/workspace/openharmony_master_default_20260723175927_huawei_33e607913/code/foundation/communication/wifi/wifi/application/portal_login
[OHOS INFO] [NINJA] [0/0] [57cf3644] project dir: /srv/workspace/openharmony_master_default_20260723175927_huawei_33e607913/code/foundation/communication/wifi/wifi/application/portal_login
[OHOS INFO] [NINJA] [219/4569] STAMP obj/foundation/communication/wifi/wifi/application/portal_login/portal_login_hap_compile_app.stamp
[OHOS INFO] [NINJA] [220/4569] ACTION //applications/standard/user_certificate_manager:user_cert_manager_compile_app(//build/toolchain/ohos:ohos_clang_arm)
[OHOS INFO] [NINJA] [0/0] [0b63dcd9] project dir: /srv/workspace/openharmony_master_default_20260723175927_huawei_33e607913/code/applications/standard/user_certificate_manager
[OHOS INFO] [NINJA] [0/0] [0b63dcd9] project dir: /srv/workspace/openharmony_master_default_20260723175927_huawei_33e607913/code/applications/standard/user_certificate_manager
[OHOS INFO] [NINJA] [0/0] [0b63dcd9] model_version: 6.0.0
[OHOS INFO] [NINJA] [0/0] [0b63dcd9] project dir: /srv/workspace/openharmony_master_default_20260723175927_huawei_33e607913/code/applications/standard/user_certificate_manager
[OHOS INFO] [NINJA] [0/0] [0b63dcd9] hvigor cmd: bash /srv/workspace/openharmony_master_default_20260723175927_huawei_33e607913/code/prebuilts/tool/command-line-tools/6.x/hvigor/bin/hvigorw assembleHap --mode module -p product=default -p module=CertManager -p debuggable=false -p buildMode=release --no-daemon
[OHOS INFO] [NINJA] [0/0] [0b63dcd9] Hvigor clean start
[OHOS INFO] [NINJA] [0/0] [0b63dcd9] Hvigor build start
[OHOS INFO] [NINJA] [1/1] [0b63dcd9] Hvigor info: > hvigor UP-TO-DATE :CertManager:default@PreBuild...  
[OHOS INFO] [NINJA] [1/1] [0b63dcd9] Hvigor info: > hvigor Finished :CertManager:default@CreateModuleInfo... after 1 ms 
[OHOS INFO] [NINJA] [1/1] [0b63dcd9] Hvigor info: > hvigor UP-TO-DATE :CertManager:default@GenerateMetadata...  
[OHOS INFO] [NINJA] [1/1] [0b63dcd9] Hvigor info: > hvigor Finished :CertManager:default@ConfigureCmake... after 1 ms 
[OHOS INFO] [NINJA] [1/1] [0b63dcd9] Hvigor info: > hvigor UP-TO-DATE :CertManager:default@MergeProfile...  
[OHOS INFO] [NINJA] [1/1] [0b63dcd9] Hvigor info: > hvigor UP-TO-DATE :CertManager:default@CreateBuildProfile...  
[OHOS INFO] [NINJA] [1/1] [0b63dcd9] Hvigor info: > hvigor Finished :CertManager:default@PreCheckSyscap... after 1 ms 
[OHOS INFO] [NINJA] [1/1] [0b63dcd9] Hvigor info: > hvigor Finished :CertManager:default@GeneratePkgContextInfo... after 5 ms 
[OHOS INFO] [NINJA] [1/1] [0b63dcd9] Hvigor info: > hvigor Finished :CertManager:default@ProcessIntegratedHsp... after 1 ms 
[OHOS INFO] [NINJA] [1/1] [0b63dcd9] Hvigor info: > hvigor Finished :CertManager:default@BuildNativeWithCmake... after 1 ms 
[OHOS INFO] [NINJA] [1/1] [0b63dcd9] Hvigor info: > hvigor UP-TO-DATE :CertManager:default@MakePackInfo...  
[OHOS INFO] [NINJA] [1/1] [0b63dcd9] Hvigor info: > hvigor UP-TO-DATE :CertManager:default@SyscapTransform...  
[OHOS INFO] [NINJA] [1/1] [0b63dcd9] Hvigor info: > hvigor UP-TO-DATE :CertManager:default@ProcessProfile...  
[OHOS INFO] [NINJA] [1/1] [0b63dcd9] Hvigor info: > hvigor UP-TO-DATE :CertManager:default@ProcessRouterMap...  
[OHOS INFO] [NINJA] [1/1] [0b63dcd9] Hvigor info: > hvigor UP-TO-DATE :CertManager:default@ProcessShareConfig...  
[OHOS INFO] [NINJA] [1/1] [0b63dcd9] Hvigor info: > hvigor Finished :CertManager:default@ProcessStartupConfig... after 2 ms 
[OHOS INFO] [NINJA] [1/1] [0b63dcd9] Hvigor info: > hvigor Finished :CertManager:default@BuildNativeWithNinja... after 1 ms 
[OHOS INFO] [NINJA] [1/1] [0b63dcd9] Hvigor info: > hvigor UP-TO-DATE :CertManager:default@ProcessResource...  
[OHOS INFO] [NINJA] [1/1] [0b63dcd9] Hvigor info: > hvigor UP-TO-DATE :CertManager:default@GenerateLoaderJson...  
[OHOS INFO] [NINJA] [1/1] [0b63dcd9] Hvigor info: > hvigor UP-TO-DATE :CertManager:default@ProcessLibs...  
[OHOS INFO] [NINJA] [1/1] [0b63dcd9] Hvigor info: > hvigor UP-TO-DATE :CertManager:default@CompileResource...  
[OHOS INFO] [NINJA] [1/1] [0b63dcd9] Hvigor info: > hvigor UP-TO-DATE :CertManager:default@DoNativeStrip...  
[OHOS INFO] [NINJA] [1/1] [0b63dcd9] Hvigor info: > hvigor UP-TO-DATE :CertManager:default@CompileArkTS...  
[OHOS INFO] [NINJA] [1/1] [0b63dcd9] Hvigor info: > hvigor Finished :CertManager:default@BuildJS... after 3 ms 
[OHOS INFO] [NINJA] [1/1] [0b63dcd9] Hvigor info: > hvigor UP-TO-DATE :CertManager:default@CacheNativeLibs...  
[OHOS INFO] [NINJA] [1/1] [0b63dcd9] Hvigor info: > hvigor UP-TO-DATE :CertManager:default@GeneratePkgModuleJson...  
[OHOS INFO] [NINJA] [1/1] [0b63dcd9] Hvigor info: > hvigor Finished :CertManager:default@ProcessCompiledResources... after 1 ms 
[OHOS INFO] [NINJA] [1/1] [0b63dcd9] Hvigor info: > hvigor UP-TO-DATE :CertManager:default@PackageHap...  
[OHOS INFO] [NINJA] [1/1] [0b63dcd9] Hvigor info: > hvigor Finished :CertManager:default@PackingCheck... after 6 ms 
[OHOS INFO] [NINJA] [1/1] [0b63dcd9] Hvigor info: > hvigor Finished :CertManager:default@SignHap... after 3 ms 
[OHOS INFO] [NINJA] [1/1] [0b63dcd9] Hvigor info: > hvigor UP-TO-DATE :CertManager:default@CollectDebugSymbol...  
[OHOS INFO] [NINJA] [1/1] [0b63dcd9] Hvigor info: > hvigor Finished :CertManager:assembleHap... after 1 ms 
[OHOS INFO] [NINJA] [1/1] [0b63dcd9] Hvigor info: > hvigor BUILD SUCCESSFUL in 1 s 624 ms 
[OHOS INFO] [NINJA] [2/2] [0b63dcd9] Hvigor warning: > hvigor WARN: In the stageMode project, the entryModules field configured in feature module is deprecated, but the compatibility of the old project is still maintained.
[OHOS INFO] [NINJA] [2/2] [0b63dcd9] Hvigor warning:          You can configured it in /srv/workspace/openharmony_master_default_20260723175927_huawei_33e607913/code/applications/standard/user_certificate_manager/certmanager/build-profile.json5 .
[OHOS INFO] [NINJA] [2/2] [0b63dcd9] Hvigor warning: > hvigor WARN: The project has not explicitly set the 'targetSdkVersion' version at build-profile.json5. It is recommended to configure it. Reference: https://developer.huawei.com/consumer/en/doc/harmonyos-guides/ide-hvigor-build-profile-app#section45865492619
[OHOS INFO] [NINJA] [2/2] [0b63dcd9] Hvigor warning: > hvigor WARN: If obfuscation is needed, enable obfuscation settings in this build process; failing to do so may prevent future obfuscation. 
[OHOS INFO] [NINJA] [2/2] [0b63dcd9] Hvigor warning:                Properly configure obfuscation rules to avoid runtime issues.
[OHOS INFO] [NINJA] [2/2] [0b63dcd9] Hvigor warning: > hvigor WARN: Will skip sign 'hap'. No signingConfigs profile is configured in current project.
[OHOS INFO] [NINJA] [2/2] [0b63dcd9] Hvigor warning:              If needed, configure the signingConfigs in /srv/workspace/openharmony_master_default_20260723175927_huawei_33e607913/code/applications/standard/user_certificate_manager/build-profile.json5.
[OHOS INFO] [NINJA] [0/0] [0b63dcd9] Hvigor build end
[OHOS INFO] [NINJA] [0/0] [0b63dcd9] project dir: /srv/workspace/openharmony_master_default_20260723175927_huawei_33e607913/code/applications/standard/user_certificate_manager
[OHOS INFO] [NINJA] [0/0] [0b63dcd9] project dir: /srv/workspace/openharmony_master_default_20260723175927_huawei_33e607913/code/applications/standard/user_certificate_manager
[OHOS INFO] [NINJA] [0/0] [0b63dcd9] project dir: /srv/workspace/openharmony_master_default_20260723175927_huawei_33e607913/code/applications/standard/user_certificate_manager
[OHOS INFO] [NINJA] [0/0] [0b63dcd9] project dir: /srv/workspace/openharmony_master_default_20260723175927_huawei_33e607913/code/applications/standard/user_certificate_manager
[OHOS INFO] [NINJA] [221/4569] STAMP obj/applications/standard/user_certificate_manager/user_cert_manager_compile_app.stamp
[OHOS INFO] [NINJA] [222/4569] ACTION //applications/standard/permission_manager:permission_manager_compile_app(//build/toolchain/ohos:ohos_clang_arm)
[OHOS INFO] [NINJA] [0/0] [217121d1] project dir: /srv/workspace/openharmony_master_default_20260723175927_huawei_33e607913/code/applications/standard/permission_manager
[OHOS INFO] [NINJA] [0/0] [217121d1] project dir: /srv/workspace/openharmony_master_default_20260723175927_huawei_33e607913/code/applications/standard/permission_manager
[OHOS INFO] [NINJA] [0/0] [217121d1] model_version: 6.0.0
[OHOS INFO] [NINJA] [0/0] [217121d1] project dir: /srv/workspace/openharmony_master_default_20260723175927_huawei_33e607913/code/applications/standard/permission_manager
[OHOS INFO] [NINJA] [0/0] [217121d1] hvigor cmd: bash /srv/workspace/openharmony_master_default_20260723175927_huawei_33e607913/code/prebuilts/tool/command-line-tools/6.x/hvigor/bin/hvigorw assembleHap --mode module -p product=default -p module=permissionmanager -p debuggable=false -p buildMode=release --no-daemon
[OHOS INFO] [NINJA] [0/0] [217121d1] Hvigor clean start
[OHOS INFO] [NINJA] [0/0] [217121d1] Hvigor build start
[OHOS INFO] [NINJA] [1/1] [217121d1] Hvigor info: > hvigor UP-TO-DATE :permissionmanager:default@PreBuild...  
[OHOS INFO] [NINJA] [1/1] [217121d1] Hvigor info: > hvigor Finished :permissionmanager:default@CreateModuleInfo... after 1 ms 
[OHOS INFO] [NINJA] [1/1] [217121d1] Hvigor info: > hvigor UP-TO-DATE :permissionmanager:default@GenerateMetadata...  
[OHOS INFO] [NINJA] [1/1] [217121d1] Hvigor info: > hvigor Finished :permissionmanager:default@ConfigureCmake... after 1 ms 
[OHOS INFO] [NINJA] [1/1] [217121d1] Hvigor info: > hvigor UP-TO-DATE :permissionmanager:default@MergeProfile...  
[OHOS INFO] [NINJA] [1/1] [217121d1] Hvigor info: > hvigor UP-TO-DATE :permissionmanager:default@CreateBuildProfile...  
[OHOS INFO] [NINJA] [1/1] [217121d1] Hvigor info: > hvigor Finished :permissionmanager:default@PreCheckSyscap... after 1 ms 
[OHOS INFO] [NINJA] [1/1] [217121d1] Hvigor info: > hvigor Finished :permissionmanager:default@GeneratePkgContextInfo... after 5 ms 
[OHOS INFO] [NINJA] [1/1] [217121d1] Hvigor info: > hvigor Finished :permissionmanager:default@ProcessIntegratedHsp... after 1 ms 
[OHOS INFO] [NINJA] [1/1] [217121d1] Hvigor info: > hvigor Finished :permissionmanager:default@BuildNativeWithCmake... after 1 ms 
[OHOS INFO] [NINJA] [1/1] [217121d1] Hvigor info: > hvigor UP-TO-DATE :permissionmanager:default@MakePackInfo...  
[OHOS INFO] [NINJA] [1/1] [217121d1] Hvigor info: > hvigor UP-TO-DATE :permissionmanager:default@SyscapTransform...  
[OHOS INFO] [NINJA] [1/1] [217121d1] Hvigor info: > hvigor UP-TO-DATE :permissionmanager:default@ProcessProfile...  
[OHOS INFO] [NINJA] [1/1] [217121d1] Hvigor info: > hvigor UP-TO-DATE :permissionmanager:default@ProcessRouterMap...  
[OHOS INFO] [NINJA] [1/1] [217121d1] Hvigor info: > hvigor UP-TO-DATE :permissionmanager:default@ProcessShareConfig...  
[OHOS INFO] [NINJA] [1/1] [217121d1] Hvigor info: > hvigor Finished :permissionmanager:default@ProcessStartupConfig... after 2 ms 
[OHOS INFO] [NINJA] [1/1] [217121d1] Hvigor info: > hvigor Finished :permissionmanager:default@BuildNativeWithNinja... after 1 ms 
[OHOS INFO] [NINJA] [1/1] [217121d1] Hvigor info: > hvigor UP-TO-DATE :permissionmanager:default@ProcessResource...  
[OHOS INFO] [NINJA] [1/1] [217121d1] Hvigor info: > hvigor UP-TO-DATE :permissionmanager:default@GenerateLoaderJson...  
[OHOS INFO] [NINJA] [1/1] [217121d1] Hvigor info: > hvigor UP-TO-DATE :permissionmanager:default@ProcessLibs...  
[OHOS INFO] [NINJA] [1/1] [217121d1] Hvigor info: > hvigor UP-TO-DATE :permissionmanager:default@CompileResource...  
[OHOS INFO] [NINJA] [1/1] [217121d1] Hvigor info: > hvigor UP-TO-DATE :permissionmanager:default@DoNativeStrip...  
[OHOS INFO] [NINJA] [1/1] [217121d1] Hvigor info: > hvigor UP-TO-DATE :permissionmanager:default@CompileArkTS...  
[OHOS INFO] [NINJA] [1/1] [217121d1] Hvigor info: > hvigor Finished :permissionmanager:default@BuildJS... after 3 ms 
[OHOS INFO] [NINJA] [1/1] [217121d1] Hvigor info: > hvigor UP-TO-DATE :permissionmanager:default@CacheNativeLibs...  
[OHOS INFO] [NINJA] [1/1] [217121d1] Hvigor info: > hvigor UP-TO-DATE :permissionmanager:default@GeneratePkgModuleJson...  
[OHOS INFO] [NINJA] [1/1] [217121d1] Hvigor info: > hvigor Finished :permissionmanager:default@ProcessCompiledResources... after 1 ms 
[OHOS INFO] [NINJA] [1/1] [217121d1] Hvigor info: > hvigor UP-TO-DATE :permissionmanager:default@PackageHap...  
[OHOS INFO] [NINJA] [1/1] [217121d1] Hvigor info: > hvigor Finished :permissionmanager:default@PackingCheck... after 15 ms 
[OHOS INFO] [NINJA] [1/1] [217121d1] Hvigor info: > hvigor Finished :permissionmanager:default@SignHap... after 3 ms 
[OHOS INFO] [NINJA] [1/1] [217121d1] Hvigor info: > hvigor UP-TO-DATE :permissionmanager:default@CollectDebugSymbol...  
[OHOS INFO] [NINJA] [1/1] [217121d1] Hvigor info: > hvigor Finished :permissionmanager:assembleHap... after 1 ms 
[OHOS INFO] [NINJA] [1/1] [217121d1] Hvigor info: > hvigor BUILD SUCCESSFUL in 1 s 676 ms 
[OHOS INFO] [NINJA] [2/2] [217121d1] Hvigor warning: > hvigor WARN: In the stageMode project, the entryModules field configured in feature module is deprecated, but the compatibility of the old project is still maintained.
[OHOS INFO] [NINJA] [2/2] [217121d1] Hvigor warning:          You can configured it in /srv/workspace/openharmony_master_default_20260723175927_huawei_33e607913/code/applications/standard/permission_manager/permissionmanager/build-profile.json5 .
[OHOS INFO] [NINJA] [2/2] [217121d1] Hvigor warning: > hvigor WARN: The project has not explicitly set the 'targetSdkVersion' version at build-profile.json5. It is recommended to configure it. Reference: https://developer.huawei.com/consumer/en/doc/harmonyos-guides/ide-hvigor-build-profile-app#section45865492619
[OHOS INFO] [NINJA] [2/2] [217121d1] Hvigor warning: > hvigor WARN: Will skip sign 'hap'. No signingConfigs profile is configured in current project.
[OHOS INFO] [NINJA] [2/2] [217121d1] Hvigor warning:              If needed, configure the signingConfigs in /srv/workspace/openharmony_master_default_20260723175927_huawei_33e607913/code/applications/standard/permission_manager/build-profile.json5.
[OHOS INFO] [NINJA] [0/0] [217121d1] Hvigor build end
[OHOS INFO] [NINJA] [0/0] [217121d1] project dir: /srv/workspace/openharmony_master_default_20260723175927_huawei_33e607913/code/applications/standard/permission_manager
[OHOS INFO] [NINJA] [0/0] [217121d1] project dir: /srv/workspace/openharmony_master_default_20260723175927_huawei_33e607913/code/applications/standard/permission_manager
[OHOS INFO] [NINJA] [0/0] [217121d1] project dir: /srv/workspace/openharmony_master_default_20260723175927_huawei_33e607913/code/applications/standard/permission_manager
[OHOS INFO] [NINJA] [0/0] [217121d1] project dir: /srv/workspace/openharmony_master_default_20260723175927_huawei_33e607913/code/applications/standard/permission_manager
[OHOS INFO] [NINJA] [223/4569] STAMP obj/applications/standard/permission_manager/permission_manager_compile_app.stamp
[OHOS INFO] [NINJA] [224/4569] ACTION //foundation/filemanagement/user_file_service/services/file_extension_hap:external_file_manager_hap_compile_app(//build/toolchain/ohos:ohos_clang_arm)
[OHOS INFO] [NINJA] [0/0] [944bda2b] project dir: /srv/workspace/openharmony_master_default_20260723175927_huawei_33e607913/code/foundation/filemanagement/user_file_service/services/file_extension_hap
[OHOS INFO] [NINJA] [0/0] [944bda2b] project dir: /srv/workspace/openharmony_master_default_20260723175927_huawei_33e607913/code/foundation/filemanagement/user_file_service/services/file_extension_hap
[OHOS INFO] [NINJA] [0/0] [944bda2b] model_version: 6.0.0
[OHOS INFO] [NINJA] [0/0] [944bda2b] project dir: /srv/workspace/openharmony_master_default_20260723175927_huawei_33e607913/code/foundation/filemanagement/user_file_service/services/file_extension_hap
[OHOS INFO] [NINJA] [0/0] [944bda2b] hvigor cmd: bash /srv/workspace/openharmony_master_default_20260723175927_huawei_33e607913/code/prebuilts/tool/command-line-tools/6.x/hvigor/bin/hvigorw assembleHap --mode module -p product=default -p module=entry -p debuggable=false -p buildMode=release --no-daemon
[OHOS INFO] [NINJA] [0/0] [944bda2b] Hvigor clean start
[OHOS INFO] [NINJA] [0/0] [944bda2b] Hvigor build start
[OHOS INFO] [NINJA] [1/1] [944bda2b] Hvigor info: > hvigor UP-TO-DATE :entry:default@PreBuild...  
[OHOS INFO] [NINJA] [1/1] [944bda2b] Hvigor info: > hvigor Finished :entry:default@CreateModuleInfo... after 2 ms 
[OHOS INFO] [NINJA] [1/1] [944bda2b] Hvigor info: > hvigor UP-TO-DATE :entry:default@GenerateMetadata...  
[OHOS INFO] [NINJA] [1/1] [944bda2b] Hvigor info: > hvigor Finished :entry:default@ConfigureCmake... after 1 ms 
[OHOS INFO] [NINJA] [1/1] [944bda2b] Hvigor info: > hvigor UP-TO-DATE :entry:default@MergeProfile...  
[OHOS INFO] [NINJA] [1/1] [944bda2b] Hvigor info: > hvigor UP-TO-DATE :entry:default@CreateBuildProfile...  
[OHOS INFO] [NINJA] [1/1] [944bda2b] Hvigor info: > hvigor Finished :entry:default@PreCheckSyscap... after 1 ms 
[OHOS INFO] [NINJA] [1/1] [944bda2b] Hvigor info: > hvigor UP-TO-DATE :entry:default@GeneratePkgContextInfo...  
[OHOS INFO] [NINJA] [1/1] [944bda2b] Hvigor info: > hvigor Finished :entry:default@ProcessIntegratedHsp... after 2 ms 
[OHOS INFO] [NINJA] [1/1] [944bda2b] Hvigor info: > hvigor Finished :entry:default@BuildNativeWithCmake... after 1 ms 
[OHOS INFO] [NINJA] [1/1] [944bda2b] Hvigor info: > hvigor UP-TO-DATE :entry:default@MakePackInfo...  
[OHOS INFO] [NINJA] [1/1] [944bda2b] Hvigor info: > hvigor UP-TO-DATE :entry:default@SyscapTransform...  
[OHOS INFO] [NINJA] [1/1] [944bda2b] Hvigor info: > hvigor UP-TO-DATE :entry:default@ProcessProfile...  
[OHOS INFO] [NINJA] [1/1] [944bda2b] Hvigor info: > hvigor UP-TO-DATE :entry:default@ProcessRouterMap...  
[OHOS INFO] [NINJA] [1/1] [944bda2b] Hvigor info: > hvigor UP-TO-DATE :entry:default@ProcessShareConfig...  
[OHOS INFO] [NINJA] [1/1] [944bda2b] Hvigor info: > hvigor Finished :entry:default@ProcessStartupConfig... after 3 ms 
[OHOS INFO] [NINJA] [1/1] [944bda2b] Hvigor info: > hvigor Finished :entry:default@BuildNativeWithNinja... after 1 ms 
[OHOS INFO] [NINJA] [1/1] [944bda2b] Hvigor info: > hvigor UP-TO-DATE :entry:default@ProcessResource...  
[OHOS INFO] [NINJA] [1/1] [944bda2b] Hvigor info: > hvigor UP-TO-DATE :entry:default@GenerateLoaderJson...  
[OHOS INFO] [NINJA] [1/1] [944bda2b] Hvigor info: > hvigor UP-TO-DATE :entry:default@ProcessLibs...  
[OHOS INFO] [NINJA] [1/1] [944bda2b] Hvigor info: > hvigor UP-TO-DATE :entry:default@CompileResource...  
[OHOS INFO] [NINJA] [1/1] [944bda2b] Hvigor info: > hvigor UP-TO-DATE :entry:default@DoNativeStrip...  
[OHOS INFO] [NINJA] [1/1] [944bda2b] Hvigor info: > hvigor UP-TO-DATE :entry:default@CompileArkTS...  
[OHOS INFO] [NINJA] [1/1] [944bda2b] Hvigor info: > hvigor Finished :entry:default@BuildJS... after 3 ms 
[OHOS INFO] [NINJA] [1/1] [944bda2b] Hvigor info: > hvigor UP-TO-DATE :entry:default@CacheNativeLibs...  
[OHOS INFO] [NINJA] [1/1] [944bda2b] Hvigor info: > hvigor UP-TO-DATE :entry:default@GeneratePkgModuleJson...  
[OHOS INFO] [NINJA] [1/1] [944bda2b] Hvigor info: > hvigor Finished :entry:default@ProcessCompiledResources... after 1 ms 
[OHOS INFO] [NINJA] [1/1] [944bda2b] Hvigor info: > hvigor UP-TO-DATE :entry:default@PackageHap...  
[OHOS INFO] [NINJA] [1/1] [944bda2b] Hvigor info: > hvigor Finished :entry:default@PackingCheck... after 6 ms 
[OHOS INFO] [NINJA] [1/1] [944bda2b] Hvigor info: > hvigor Finished :entry:default@SignHap... after 3 ms 
[OHOS INFO] [NINJA] [1/1] [944bda2b] Hvigor info: > hvigor UP-TO-DATE :entry:default@CollectDebugSymbol...  
[OHOS INFO] [NINJA] [1/1] [944bda2b] Hvigor info: > hvigor Finished :entry:assembleHap... after 1 ms 
[OHOS INFO] [NINJA] [1/1] [944bda2b] Hvigor info: > hvigor BUILD SUCCESSFUL in 1 s 648 ms 
[OHOS INFO] [NINJA] [2/2] [944bda2b] Hvigor warning: > hvigor WARN: Will skip sign 'hap'. No signingConfigs profile is configured in current project.
[OHOS INFO] [NINJA] [2/2] [944bda2b] Hvigor warning:              If needed, configure the signingConfigs in /srv/workspace/openharmony_master_default_20260723175927_huawei_33e607913/code/foundation/filemanagement/user_file_service/services/file_extension_hap/build-profile.json5.
[OHOS INFO] [NINJA] [0/0] [944bda2b] Hvigor build end
[OHOS INFO] [NINJA] [0/0] [944bda2b] project dir: /srv/workspace/openharmony_master_default_20260723175927_huawei_33e607913/code/foundation/filemanagement/user_file_service/services/file_extension_hap
[OHOS INFO] [NINJA] [0/0] [944bda2b] project dir: /srv/workspace/openharmony_master_default_20260723175927_huawei_33e607913/code/foundation/filemanagement/user_file_service/services/file_extension_hap
[OHOS INFO] [NINJA] [225/4569] STAMP obj/foundation/filemanagement/user_file_service/services/file_extension_hap/external_file_manager_hap_compile_app.stamp
[OHOS INFO] [NINJA] [226/4569] ACTION //foundation/distributedhardware/distributed_hardware_fwk/application:DHardware_UI_compile_app(//build/toolchain/ohos:ohos_clang_arm)
[OHOS INFO] [NINJA] [0/0] [6d286f1d] project dir: /srv/workspace/openharmony_master_default_20260723175927_huawei_33e607913/code/foundation/distributedhardware/distributed_hardware_fwk/application
[OHOS INFO] [NINJA] [0/0] [6d286f1d] project dir: /srv/workspace/openharmony_master_default_20260723175927_huawei_33e607913/code/foundation/distributedhardware/distributed_hardware_fwk/application
[OHOS INFO] [NINJA] [0/0] [6d286f1d] model_version: 6.0.0
[OHOS INFO] [NINJA] [0/0] [6d286f1d] project dir: /srv/workspace/openharmony_master_default_20260723175927_huawei_33e607913/code/foundation/distributedhardware/distributed_hardware_fwk/application
[OHOS INFO] [NINJA] [0/0] [6d286f1d] hvigor cmd: bash /srv/workspace/openharmony_master_default_20260723175927_huawei_33e607913/code/prebuilts/tool/command-line-tools/6.x/hvigor/bin/hvigorw assembleHap --mode module -p product=default -p module=entry -p debuggable=false -p buildMode=release --no-daemon
[OHOS INFO] [NINJA] [0/0] [6d286f1d] Hvigor clean start
[OHOS INFO] [NINJA] [0/0] [6d286f1d] Hvigor build start
[OHOS INFO] [NINJA] [1/1] [6d286f1d] Hvigor info: > hvigor UP-TO-DATE :entry:default@PreBuild...  
[OHOS INFO] [NINJA] [1/1] [6d286f1d] Hvigor info: > hvigor Finished :entry:default@CreateModuleInfo... after 2 ms 
[OHOS INFO] [NINJA] [1/1] [6d286f1d] Hvigor info: > hvigor UP-TO-DATE :entry:default@GenerateMetadata...  
[OHOS INFO] [NINJA] [1/1] [6d286f1d] Hvigor info: > hvigor Finished :entry:default@ConfigureCmake... after 1 ms 
[OHOS INFO] [NINJA] [1/1] [6d286f1d] Hvigor info: > hvigor UP-TO-DATE :entry:default@MergeProfile...  
[OHOS INFO] [NINJA] [1/1] [6d286f1d] Hvigor info: > hvigor UP-TO-DATE :entry:default@CreateBuildProfile...  
[OHOS INFO] [NINJA] [1/1] [6d286f1d] Hvigor info: > hvigor Finished :entry:default@PreCheckSyscap... after 1 ms 
[OHOS INFO] [NINJA] [1/1] [6d286f1d] Hvigor info: > hvigor Finished :entry:default@GeneratePkgContextInfo... after 6 ms 
[OHOS INFO] [NINJA] [1/1] [6d286f1d] Hvigor info: > hvigor Finished :entry:default@ProcessIntegratedHsp... after 2 ms 
[OHOS INFO] [NINJA] [1/1] [6d286f1d] Hvigor info: > hvigor Finished :entry:default@BuildNativeWithCmake... after 1 ms 
[OHOS INFO] [NINJA] [1/1] [6d286f1d] Hvigor info: > hvigor UP-TO-DATE :entry:default@MakePackInfo...  
[OHOS INFO] [NINJA] [1/1] [6d286f1d] Hvigor info: > hvigor UP-TO-DATE :entry:default@SyscapTransform...  
[OHOS INFO] [NINJA] [1/1] [6d286f1d] Hvigor info: > hvigor UP-TO-DATE :entry:default@ProcessProfile...  
[OHOS INFO] [NINJA] [1/1] [6d286f1d] Hvigor info: > hvigor UP-TO-DATE :entry:default@ProcessRouterMap...  
[OHOS INFO] [NINJA] [1/1] [6d286f1d] Hvigor info: > hvigor UP-TO-DATE :entry:default@ProcessShareConfig...  
[OHOS INFO] [NINJA] [1/1] [6d286f1d] Hvigor info: > hvigor Finished :entry:default@ProcessStartupConfig... after 2 ms 
[OHOS INFO] [NINJA] [1/1] [6d286f1d] Hvigor info: > hvigor Finished :entry:default@BuildNativeWithNinja... after 1 ms 
[OHOS INFO] [NINJA] [1/1] [6d286f1d] Hvigor info: > hvigor UP-TO-DATE :entry:default@ProcessResource...  
[OHOS INFO] [NINJA] [1/1] [6d286f1d] Hvigor info: > hvigor UP-TO-DATE :entry:default@GenerateLoaderJson...  
[OHOS INFO] [NINJA] [1/1] [6d286f1d] Hvigor info: > hvigor UP-TO-DATE :entry:default@ProcessLibs...  
[OHOS INFO] [NINJA] [1/1] [6d286f1d] Hvigor info: > hvigor UP-TO-DATE :entry:default@CompileResource...  
[OHOS INFO] [NINJA] [1/1] [6d286f1d] Hvigor info: > hvigor UP-TO-DATE :entry:default@DoNativeStrip...  
[OHOS INFO] [NINJA] [1/1] [6d286f1d] Hvigor info: > hvigor UP-TO-DATE :entry:default@CompileArkTS...  
[OHOS INFO] [NINJA] [1/1] [6d286f1d] Hvigor info: > hvigor Finished :entry:default@BuildJS... after 2 ms 
[OHOS INFO] [NINJA] [1/1] [6d286f1d] Hvigor info: > hvigor UP-TO-DATE :entry:default@CacheNativeLibs...  
[OHOS INFO] [NINJA] [1/1] [6d286f1d] Hvigor info: > hvigor UP-TO-DATE :entry:default@GeneratePkgModuleJson...  
[OHOS INFO] [NINJA] [1/1] [6d286f1d] Hvigor info: > hvigor Finished :entry:default@ProcessCompiledResources... after 1 ms 
[OHOS INFO] [NINJA] [1/1] [6d286f1d] Hvigor info: > hvigor UP-TO-DATE :entry:default@PackageHap...  
[OHOS INFO] [NINJA] [1/1] [6d286f1d] Hvigor info: > hvigor Finished :entry:default@PackingCheck... after 7 ms 
[OHOS INFO] [NINJA] [1/1] [6d286f1d] Hvigor info: > hvigor Finished :entry:default@SignHap... after 2 ms 
[OHOS INFO] [NINJA] [1/1] [6d286f1d] Hvigor info: > hvigor UP-TO-DATE :entry:default@CollectDebugSymbol...  
[OHOS INFO] [NINJA] [1/1] [6d286f1d] Hvigor info: > hvigor Finished :entry:assembleHap... after 1 ms 
[OHOS INFO] [NINJA] [1/1] [6d286f1d] Hvigor info: > hvigor BUILD SUCCESSFUL in 1 s 760 ms 
[OHOS INFO] [NINJA] [2/2] [6d286f1d] Hvigor warning: > hvigor WARN: The project has not explicitly set the 'targetSdkVersion' version at build-profile.json5. It is recommended to configure it. Reference: https://developer.huawei.com/consumer/en/doc/harmonyos-guides/ide-hvigor-build-profile-app#section45865492619
[OHOS INFO] [NINJA] [2/2] [6d286f1d] Hvigor warning: > hvigor WARN: Will skip sign 'hap'. No signingConfigs profile is configured in current project.
[OHOS INFO] [NINJA] [2/2] [6d286f1d] Hvigor warning:              If needed, configure the signingConfigs in /srv/workspace/openharmony_master_default_20260723175927_huawei_33e607913/code/foundation/distributedhardware/distributed_hardware_fwk/application/build-profile.json5.
[OHOS INFO] [NINJA] [0/0] [6d286f1d] Hvigor build end
[OHOS INFO] [NINJA] [0/0] [6d286f1d] project dir: /srv/workspace/openharmony_master_default_20260723175927_huawei_33e607913/code/foundation/distributedhardware/distributed_hardware_fwk/application
[OHOS INFO] [NINJA] [0/0] [6d286f1d] project dir: /srv/workspace/openharmony_master_default_20260723175927_huawei_33e607913/code/foundation/distributedhardware/distributed_hardware_fwk/application
[OHOS INFO] [NINJA] [227/4569] STAMP obj/foundation/distributedhardware/distributed_hardware_fwk/application/DHardware_UI_compile_app.stamp
[OHOS INFO] [NINJA] [228/4569] ACTION //arkcompiler/runtime_core/static_core/plugins/ets:etsstdlib(//build/toolchain/ohos:ohos_clang_arm)
[OHOS INFO] [NINJA] [229/4569] STAMP obj/arkcompiler/runtime_core/static_core/plugins/ets/etsstdlib.stamp
[OHOS INFO] [NINJA] [230/4569] STAMP obj/arkcompiler/runtime_core/static_core/runtime/libarkruntime_set_static.inputdeps.stamp
[OHOS INFO] [NINJA] [231/4569] STAMP obj/commonlibrary/ets_utils/js_concurrent_module/worker/worker.inputdeps.stamp
[OHOS INFO] [NINJA] [232/4569] STAMP obj/foundation/ability/ability_runtime/js_environment/frameworks/js_environment/js_environment.inputdeps.stamp
[OHOS INFO] [NINJA] [233/4569] STAMP obj/foundation/ability/ability_runtime/interfaces/inner_api/runtime/runtime.inputdeps.stamp
[OHOS INFO] [NINJA] [234/4569] STAMP obj/foundation/ability/ability_runtime/services/abilitymgr/wantagent_manager.inputdeps.stamp
[OHOS INFO] [NINJA] [235/4569] STAMP obj/foundation/ability/ability_runtime/interfaces/inner_api/wantagent/wantagent_innerkits.inputdeps.stamp
[OHOS INFO] [NINJA] [236/4569] STAMP obj/foundation/resourceschedule/background_task_mgr/interfaces/innerkits/bgtaskmgr_innerkits.inputdeps.stamp
[OHOS INFO] [NINJA] [237/4569] STAMP obj/base/global/i18n/frameworks/intl/intl_util.inputdeps.stamp
[OHOS INFO] [NINJA] [238/4569] STAMP obj/foundation/ability/ability_runtime/interfaces/inner_api/ability_manager/ability_manager.inputdeps.stamp
[OHOS INFO] [NINJA] [239/4569] STAMP obj/foundation/ability/ability_runtime/frameworks/native/appkit/app_context.inputdeps.stamp
[OHOS INFO] [NINJA] [240/4569] STAMP obj/base/hiviewdfx/hiappevent/frameworks/native/libhiappevent/policy/hiappevent_policy.inputdeps.stamp
[OHOS INFO] [NINJA] [241/4569] STAMP obj/base/hiviewdfx/hiappevent/frameworks/native/libhiappevent/observer/hiappevent_observer.inputdeps.stamp
[OHOS INFO] [NINJA] [242/4569] STAMP obj/base/hiviewdfx/hiappevent/frameworks/native/libhiappevent/libhiappevent_base.inputdeps.stamp
[OHOS INFO] [NINJA] [243/4569] STAMP obj/base/time/time_service/services/timeservice_proxy.inputdeps.stamp
[OHOS INFO] [NINJA] [244/4569] STAMP obj/base/hiviewdfx/hiappevent/interfaces/native/inner_api/hiappevent_innerapi.inputdeps.stamp
[OHOS INFO] [NINJA] [245/4569] STAMP obj/base/time/time_service/interfaces/inner_api/time_client.inputdeps.stamp
[OHOS INFO] [NINJA] [246/4569] STAMP obj/arkcompiler/runtime_core/static_core/plugins/ets/runtime/libani_helpers/interop_js/hybridgref_static.inputdeps.stamp
[OHOS INFO] [NINJA] [247/4569] STAMP obj/base/msdp/device_status/intention/ipc/tunnel/msdp_kit_report.inputdeps.stamp
[OHOS INFO] [NINJA] [248/4569] STAMP obj/arkcompiler/runtime_core/static_core/plugins/ets/runtime/libani_helpers/ani_helpers_static.inputdeps.stamp
[OHOS INFO] [NINJA] [249/4569] STAMP obj/foundation/window/window_manager/utils/libwmutil.inputdeps.stamp
[OHOS INFO] [NINJA] [250/4569] STAMP obj/base/msdp/device_status/intention/ipc/tunnel/intention_client.inputdeps.stamp
[OHOS INFO] [NINJA] [251/4569] STAMP obj/base/msdp/device_status/intention/ipc/socket/intention_socket_connection.inputdeps.stamp
[OHOS INFO] [NINJA] [252/4569] STAMP obj/foundation/multimedia/image_framework/interfaces/kits/js/common/image.inputdeps.stamp
[OHOS INFO] [NINJA] [253/4569] STAMP obj/foundation/window/window_manager/dm_lite/libdm_lite.inputdeps.stamp
[OHOS INFO] [NINJA] [254/4569] STAMP obj/foundation/ability/form_fwk/form_manager.inputdeps.stamp
[OHOS INFO] [NINJA] [255/4569] STAMP obj/foundation/arkui/ace_engine/interfaces/inner_api/drawable_descriptor/drawable_descriptor.inputdeps.stamp
[OHOS INFO] [NINJA] [256/4569] STAMP obj/foundation/window/window_manager/dm/libdm.inputdeps.stamp
[OHOS INFO] [NINJA] [257/4569] STAMP obj/foundation/window/window_manager/window_scene/session/screen_session.inputdeps.stamp
[OHOS INFO] [NINJA] [258/4569] STAMP obj/foundation/window/window_manager/wm/libwm_lite.inputdeps.stamp
[OHOS INFO] [NINJA] [259/4569] STAMP obj/base/global/resource_management/interfaces/js/innerkits/core/resmgr_napi_core.inputdeps.stamp
[OHOS INFO] [NINJA] [260/4569] STAMP obj/base/msdp/device_status/interfaces/innerkits/devicestatus_client.inputdeps.stamp
[OHOS INFO] [NINJA] [261/4569] STAMP obj/foundation/ability/ability_runtime/frameworks/js/napi/inner/napi_common/napi_common.inputdeps.stamp
[OHOS INFO] [NINJA] [262/4569] STAMP obj/foundation/ability/ability_runtime/frameworks/native/ability/native/auto_startup_callback.inputdeps.stamp
[OHOS INFO] [NINJA] [263/4569] STAMP obj/foundation/window/window_manager/window_scene/screen_session_manager_client/screen_session_manager_client.inputdeps.stamp
[OHOS INFO] [NINJA] [264/4569] STAMP obj/foundation/ability/ability_runtime/frameworks/native/appkit/app_context_utils.inputdeps.stamp
[OHOS INFO] [NINJA] [265/4569] STAMP obj/foundation/window/window_manager/window_scene/session/scene_session.inputdeps.stamp
[OHOS INFO] [NINJA] [266/4569] STAMP obj/foundation/window/window_manager/window_scene/session/ui_effect_controller_client.inputdeps.stamp
[OHOS INFO] [NINJA] [267/4569] STAMP obj/foundation/ability/ability_runtime/frameworks/native/ability/ability_context_native.inputdeps.stamp
[OHOS INFO] [NINJA] [268/4569] STAMP obj/foundation/window/window_manager/window_scene/session_manager/session_manager.inputdeps.stamp
[OHOS INFO] [NINJA] [269/4569] STAMP obj/foundation/ability/ability_runtime/frameworks/native/appkit/appkit_delegator.inputdeps.stamp
[OHOS INFO] [NINJA] [270/4569] STAMP obj/foundation/ability/ability_runtime/frameworks/cj/ffi/cj_ability_ffi.inputdeps.stamp
[OHOS INFO] [NINJA] [271/4569] STAMP obj/foundation/communication/netmanager_base/utils/net_manager_common.inputdeps.stamp
[OHOS INFO] [NINJA] [272/4569] STAMP obj/foundation/ability/ability_runtime/frameworks/native/ability/native/ability_observer_ipc.inputdeps.stamp
[OHOS INFO] [NINJA] [273/4569] STAMP obj/foundation/ability/ability_runtime/frameworks/native/ability/native/ui_service_extension_connection.inputdeps.stamp
[OHOS INFO] [NINJA] [274/4569] STAMP obj/foundation/bundlemanager/bundle_framework/interfaces/kits/ani/common/bms_ani_common.inputdeps.stamp
[OHOS INFO] [NINJA] [275/4569] STAMP obj/foundation/communication/netmanager_base/interfaces/innerkits/netconnclient/net_conn_parcel.inputdeps.stamp
[OHOS INFO] [NINJA] [276/4569] STAMP obj/foundation/communication/netmanager_base/interfaces/innerkits/netmanagernative/net_native_parcel.inputdeps.stamp
[OHOS INFO] [NINJA] [277/4569] STAMP obj/foundation/window/window_manager/wmserver/sms.inputdeps.stamp
[OHOS INFO] [NINJA] [278/4569] STAMP obj/foundation/communication/netmanager_base/interfaces/innerkits/netconnclient/net_conn_manager_if.inputdeps.stamp
[OHOS INFO] [NINJA] [279/4569] STAMP obj/foundation/multimedia/image_framework/frameworks/kits/js/common/pixelmap_ndk/pixelmap.inputdeps.stamp
[OHOS INFO] [NINJA] [280/4569] STAMP obj/foundation/distributeddatamgr/data_share/interfaces/inner_api/datashare_consumer.inputdeps.stamp
[OHOS INFO] [NINJA] [281/4569] STAMP obj/foundation/communication/ipc/ipc/native/src/taihe/rpc_taihe.inputdeps.stamp
[OHOS INFO] [NINJA] [282/4569] STAMP obj/foundation/distributeddatamgr/data_share/frameworks/ets/ani/datashare_ani_cxx.inputdeps.stamp
[OHOS INFO] [NINJA] [283/4569] STAMP obj/base/powermgr/power_manager/utils/setting/power_setting.inputdeps.stamp
[OHOS INFO] [NINJA] [284/4569] STAMP obj/foundation/distributeddatamgr/data_share/frameworks/js/napi/dataShare/datashare_jscommon.inputdeps.stamp
[OHOS INFO] [NINJA] [285/4569] STAMP obj/foundation/graphic/graphic_2d/frameworks/text/service/texgine/libtexgine_source.inputdeps.stamp
[OHOS INFO] [NINJA] [286/4569] COPY gen/arkcompiler/runtime_core/static_core/plugins/ets/etsstdlib.abc ohos_ets/build-tools/ets2panda/lib/etsstdlib.abc
[OHOS INFO] [NINJA] [287/4569] STAMP obj/foundation/distributeddatamgr/udmf/interfaces/innerkits/udmf_core.inputdeps.stamp
[OHOS INFO] [NINJA] [288/4569] STAMP obj/foundation/graphic/graphic_2d/frameworks/text/service/rosen_text_skia.inputdeps.stamp
[OHOS INFO] [NINJA] [289/4569] STAMP obj/base/powermgr/display_manager/state_manager/interfaces/inner_api/displaymgr.inputdeps.stamp
[OHOS INFO] [NINJA] [290/4569] STAMP obj/foundation/ability/ability_runtime/frameworks/native/insight_intent/insight_intent_context/insightintentcontext.inputdeps.stamp
[OHOS INFO] [NINJA] [291/4569] STAMP obj/foundation/window/window_manager/window_scene/session/ui_effect_controller.inputdeps.stamp
[OHOS INFO] [NINJA] [292/4569] STAMP obj/base/customization/enterprise_device_management/common/native/edm_commom.inputdeps.stamp
[OHOS INFO] [NINJA] [293/4569] STAMP obj/foundation/multimedia/av_session/frameworks/common/avsession_common.inputdeps.stamp
[OHOS INFO] [NINJA] [294/4569] STAMP obj/foundation/multimedia/av_session/services/session/libidl_avsession_service_interface_proxy.inputdeps.stamp
[OHOS INFO] [NINJA] [295/4569] STAMP obj/foundation/multimedia/av_session/services/session/libidl_avsession_service_interface_stub.inputdeps.stamp
[OHOS INFO] [NINJA] [296/4569] STAMP obj/foundation/window/window_manager/window_scene/session_manager/scene_session_manager.inputdeps.stamp
[OHOS INFO] [NINJA] [297/4569] STAMP obj/base/customization/enterprise_device_management/common/external/edm_external_adapters.inputdeps.stamp
[OHOS INFO] [NINJA] [298/4569] STAMP obj/base/customization/enterprise_device_management/interfaces/inner_api/plugin_kits/plugin_kits.inputdeps.stamp
[OHOS INFO] [NINJA] [299/4569] STAMP obj/base/location/location/frameworks/native/locator_sdk/liblocator_interface_proxy.inputdeps.stamp
[OHOS INFO] [NINJA] [300/4569] STAMP obj/foundation/multimedia/av_session/frameworks/native/session/avsession_cast_client.inputdeps.stamp
[OHOS INFO] [NINJA] [301/4569] STAMP obj/arkcompiler/runtime_core/static_core/plugins/ets/ohos_ets_etsstdlib_abc.stamp
[OHOS INFO] [NINJA] [302/4569] STAMP obj/base/customization/enterprise_device_management/interfaces/inner_api/edmservice_kits.inputdeps.stamp
[OHOS INFO] [NINJA] [303/4569] STAMP obj/base/hiviewdfx/hiview/base/utility/hiview_utility.inputdeps.stamp
[OHOS INFO] [NINJA] [304/4569] STAMP obj/foundation/multimedia/av_session/frameworks/native/session/avsession_client.inputdeps.stamp
[OHOS INFO] [NINJA] [305/4569] STAMP obj/foundation/multimedia/image_framework/frameworks/kits/cj/cj_image_ffi.inputdeps.stamp
[OHOS INFO] [NINJA] [306/4569] STAMP obj/base/hiviewdfx/hiview/base/running_status_logger/running_status_logger_source.inputdeps.stamp
[OHOS INFO] [NINJA] [307/4569] STAMP obj/base/hiviewdfx/hiview/utility/common_utils/hiview_reliability_common_utils.inputdeps.stamp
[OHOS INFO] [NINJA] [308/4569] STAMP obj/base/web/webview/sa/app_fwk_update/app_fwk_update_service.inputdeps.stamp
[OHOS INFO] [NINJA] [309/4569] STAMP obj/base/hiviewdfx/hiview/base/event_publish/hiview_event_publish.inputdeps.stamp
[OHOS INFO] [NINJA] [310/4569] STAMP obj/base/hiviewdfx/hiview/base/event_report/hiview_event_report.inputdeps.stamp
[OHOS INFO] [NINJA] [311/4569] STAMP obj/base/hiviewdfx/hiview/base/event_store/event_store_source.inputdeps.stamp
[OHOS INFO] [NINJA] [312/4569] STAMP obj/base/hiviewdfx/hiview/base/logstore/log_store.inputdeps.stamp
[OHOS INFO] [NINJA] [313/4569] STAMP obj/foundation/ability/ability_runtime/services/abilitymgr/modular_object.inputdeps.stamp
[OHOS INFO] [NINJA] [314/4569] STAMP obj/foundation/ability/ability_runtime/interfaces/inner_api/child_process_manager/child_process_manager.inputdeps.stamp
[OHOS INFO] [NINJA] [315/4569] STAMP obj/foundation/graphic/graphic_2d/interfaces/kits/ani/color_manager/ani_color_space_object_convertor.inputdeps.stamp
[OHOS INFO] [NINJA] [316/4569] STAMP obj/base/hiviewdfx/hiview/base/hiview_base.inputdeps.stamp
[OHOS INFO] [NINJA] [317/4569] STAMP obj/foundation/communication/netstack/utils/stack_utils_common.inputdeps.stamp
[OHOS INFO] [NINJA] [318/4569] STAMP obj/foundation/distributedhardware/distributed_hardware_fwk/services/distributedhardwarefwkservice/distributedhardwarefwksvr.inputdeps.stamp
[OHOS INFO] [NINJA] [319/4569] STAMP obj/foundation/multimedia/image_framework/frameworks/kits/taihe/image_taihe.inputdeps.stamp
[OHOS INFO] [NINJA] [320/4569] STAMP obj/foundation/communication/netstack/utils/napi_utils/napi_utils.inputdeps.stamp
[OHOS INFO] [NINJA] [321/4569] STAMP obj/foundation/distributedhardware/distributed_hardware_fwk/interfaces/inner_kits/libdhfwk_sdk.inputdeps.stamp
[OHOS INFO] [NINJA] [322/4569] STAMP obj/base/hiviewdfx/hiview/framework/native/unified_collection/trace_manager/trace_manager_source.inputdeps.stamp
[OHOS INFO] [NINJA] [323/4569] STAMP obj/foundation/communication/netstack/interfaces/innerkits/http_interceptor/http_interceptor_http.inputdeps.stamp
[OHOS INFO] [NINJA] [324/4569] STAMP obj/foundation/resourceschedule/resource_schedule_service/ressched/common/ressched_common_utils.inputdeps.stamp
[OHOS INFO] [NINJA] [325/4569] STAMP obj/base/hiviewdfx/hiview/framework/native/unified_collection/collector/impl/cpu/device_client/collect_device_client.inputdeps.stamp
[OHOS INFO] [NINJA] [326/4569] STAMP obj/base/hiviewdfx/hiview/plugins/performance/perfmonitor/libperfmonitor.inputdeps.stamp
[OHOS INFO] [NINJA] [327/4569] STAMP obj/base/request/request/common/utils/request_application_cxx.inputdeps.stamp
[OHOS INFO] [NINJA] [328/4569] STAMP obj/foundation/ability/ability_runtime/interfaces/inner_api/auto_fill_manager/auto_fill_manager.inputdeps.stamp
[OHOS INFO] [NINJA] [329/4569] STAMP obj/foundation/arkui/ace_engine/frameworks/base/i18n/ace_base_i18n_ohos.inputdeps.stamp
[OHOS INFO] [NINJA] [330/4569] STAMP obj/foundation/arkui/ace_engine/frameworks/bridge/js_frontend/engine/jsi/js_engine_bridge_ark_ohos.inputdeps.stamp
[OHOS INFO] [NINJA] [331/4569] STAMP obj/foundation/barrierfree/accessibility/interfaces/innerkits/asacfwk/accessibilityclient.inputdeps.stamp
[OHOS INFO] [NINJA] [332/4569] STAMP obj/foundation/communication/netmanager_base/interfaces/innerkits/netstatsclient/net_stats_parcel.inputdeps.stamp
[OHOS INFO] [NINJA] [333/4569] STAMP obj/foundation/communication/netstack/interfaces/innerkits/http_client/http_client.inputdeps.stamp
[OHOS INFO] [NINJA] [334/4569] STAMP obj/foundation/resourceschedule/resource_schedule_service/ressched/services/suspend_manager_base_service.inputdeps.stamp
[OHOS INFO] [NINJA] [335/4569] STAMP obj/foundation/resourceschedule/resource_schedule_service/ressched_executor/interfaces/innerkits/ressched_executor_client/resschedexe_client.inputdeps.stamp
[OHOS INFO] [NINJA] [336/4569] STAMP obj/base/hiviewdfx/hiview/framework/native/unified_collection/ucollection_source.inputdeps.stamp
[OHOS INFO] [NINJA] [337/4569] STAMP obj/base/notification/distributed_notification_service/frameworks/ans/ans_callback_stub.inputdeps.stamp
[OHOS INFO] [NINJA] [338/4569] STAMP obj/base/request/request/common/netstack_rs/netstack_rs_cxx.inputdeps.stamp
[OHOS INFO] [NINJA] [339/4569] STAMP obj/developtools/profiler/device/plugins/native_daemon/libnative_daemon_client.inputdeps.stamp
[OHOS INFO] [NINJA] [340/4569] STAMP obj/foundation/ability/dmsfwk/interfaces/innerkits/distributed_event/distributed_sdk.inputdeps.stamp
[OHOS INFO] [NINJA] [341/4569] STAMP obj/foundation/ability/dmsfwk/services/dtbcollabmgr/src/channel_manager/dtbcollab_channel_manager.inputdeps.stamp
[OHOS INFO] [NINJA] [342/4569] STAMP obj/foundation/arkui/ace_engine/frameworks/base/ace_base_ohos.inputdeps.stamp
[OHOS INFO] [NINJA] [343/4569] STAMP obj/foundation/multimedia/audio_framework/frameworks/native/audioeffect/audio_effect.inputdeps.stamp
[OHOS INFO] [NINJA] [344/4569] STAMP obj/third_party/mindspore/mindspore-src/source/mindspore-lite/src/common/lite_common_mid_obj.inputdeps.stamp
[OHOS INFO] [NINJA] [345/4569] STAMP obj/base/hiviewdfx/hiview/plugins/faultlogger/service/idl/faultlogger_service_ohos_common_with_cfi.inputdeps.stamp
[OHOS INFO] [NINJA] [346/4569] STAMP obj/foundation/communication/dhcp/services/utils/dhcp_utils.inputdeps.stamp
[OHOS INFO] [NINJA] [347/4569] STAMP obj/foundation/communication/netmanager_base/interfaces/innerkits/netmanagernative/net_native_manager_if.inputdeps.stamp
[OHOS INFO] [NINJA] [348/4569] STAMP obj/base/request/request/frameworks/native/cache_download/preload_native_static.inputdeps.stamp
[OHOS INFO] [NINJA] [349/4569] STAMP obj/base/security/asset/services/asset/os_dependency/asset_os_dependency.inputdeps.stamp
[OHOS INFO] [NINJA] [350/4569] STAMP obj/base/useriam/pin_auth/frameworks/pinauth_framework_source_set.inputdeps.stamp
[OHOS INFO] [NINJA] [351/4569] STAMP obj/foundation/ability/form_fwk/services/common/libform_common.inputdeps.stamp
[OHOS INFO] [NINJA] [352/4569] STAMP obj/foundation/communication/dhcp/frameworks/native/dhcp_client_proxy_impl.inputdeps.stamp
[OHOS INFO] [NINJA] [353/4569] STAMP obj/foundation/communication/dhcp/frameworks/native/dhcp_server_proxy_impl.inputdeps.stamp
[OHOS INFO] [NINJA] [354/4569] STAMP obj/foundation/communication/netmanager_base/interfaces/innerkits/netpolicyclient/net_policy_parcel.inputdeps.stamp
[OHOS INFO] [NINJA] [355/4569] STAMP obj/foundation/communication/netmanager_base/interfaces/kits/c/netconnclient/net_connection.inputdeps.stamp
[OHOS INFO] [NINJA] [356/4569] STAMP obj/foundation/communication/netmanager_base/services/netsyscontroller/netsys_controller.inputdeps.stamp
[OHOS INFO] [NINJA] [357/4569] STAMP obj/foundation/communication/netmanager_base/utils/napi_utils/napi_utils.inputdeps.stamp
[OHOS INFO] [NINJA] [358/4569] STAMP obj/foundation/communication/netmanager_ext/interfaces/innerkits/netvpnclient/networkvpn_parcel.inputdeps.stamp
[OHOS INFO] [NINJA] [359/4569] STAMP obj/foundation/distributeddatamgr/data_object/interfaces/innerkits/distributeddataobject_impl.inputdeps.stamp
[OHOS INFO] [NINJA] [360/4569] STAMP obj/foundation/graphic/graphic_2d/frameworks/text/interface/ndk_src/text_ndk.inputdeps.stamp
[OHOS INFO] [NINJA] [361/4569] STAMP obj/foundation/multimedia/audio_framework/frameworks/native/hdiadapter_new/hdiadapter_new.inputdeps.stamp
[OHOS INFO] [NINJA] [362/4569] STAMP obj/foundation/multimedia/image_framework/frameworks/kits/js/common/picture_ndk/picture.inputdeps.stamp
[OHOS INFO] [NINJA] [363/4569] STAMP obj/foundation/multimedia/image_framework/frameworks/kits/js/common/pixelmap_ndk/pixelmap_ndk.inputdeps.stamp
[OHOS INFO] [NINJA] [364/4569] STAMP obj/third_party/mindspore/mindspore-src/source/mindspore-lite/mindspore_lib.inputdeps.stamp
[OHOS INFO] [NINJA] [365/4569] STAMP obj/base/hiviewdfx/hidumper/interfaces/innerkits/lib_dump_usage.inputdeps.stamp
[OHOS INFO] [NINJA] [366/4569] STAMP obj/base/hiviewdfx/hiview/plugins/faultlogger/interfaces/cpp/innerkits/faultlogger_client_impl_with_cfi.inputdeps.stamp
[OHOS INFO] [NINJA] [367/4569] STAMP obj/base/hiviewdfx/hiview/plugins/faultlogger/service/idl/faultlogger_service_impl_with_cfi.inputdeps.stamp
[OHOS INFO] [NINJA] [368/4569] STAMP obj/base/hiviewdfx/hiview/plugins/faultlogger/service/page_history/page_history_with_cfi.inputdeps.stamp
[OHOS INFO] [NINJA] [369/4569] STAMP obj/foundation/communication/dhcp/frameworks/native/dhcp_sdk.inputdeps.stamp
[OHOS INFO] [NINJA] [370/4569] STAMP obj/foundation/communication/netmanager_base/frameworks/js/napi/connection/connection_if.inputdeps.stamp
[OHOS INFO] [NINJA] [371/4569] STAMP obj/foundation/communication/netmanager_base/interfaces/innerkits/netpolicyclient/net_policy_manager_if.inputdeps.stamp
[OHOS INFO] [NINJA] [372/4569] STAMP obj/foundation/communication/netmanager_base/interfaces/innerkits/netstatsclient/net_stats_manager_if.inputdeps.stamp
[OHOS INFO] [NINJA] [373/4569] STAMP obj/foundation/communication/netmanager_ext/interfaces/innerkits/netvpnclient/net_vpn_manager_if.inputdeps.stamp
[OHOS INFO] [NINJA] [374/4569] STAMP obj/foundation/communication/wifi/wifi/base/wifi_base.inputdeps.stamp
[OHOS INFO] [NINJA] [375/4569] STAMP obj/foundation/graphic/graphic_2d/rosen/modules/2d_graphics/drawing_ndk/drawing_ndk_source_ohos.inputdeps.stamp
[OHOS INFO] [NINJA] [376/4569] STAMP obj/foundation/graphic/graphic_2d/rosen/modules/effect/skia_effectChain/skeffectchain.inputdeps.stamp
[OHOS INFO] [NINJA] [377/4569] STAMP obj/foundation/multimedia/audio_framework/services/audio_engine/audio_engine_node.inputdeps.stamp
[OHOS INFO] [NINJA] [378/4569] STAMP obj/foundation/multimedia/av_session/services/session/avsession_router.inputdeps.stamp
[OHOS INFO] [NINJA] [379/4569] STAMP obj/foundation/multimedia/image_framework/frameworks/kits/js/common/ndk/image_source.inputdeps.stamp
[OHOS INFO] [NINJA] [380/4569] STAMP obj/foundation/multimedia/media_library/frameworks/utils/permission_utils.inputdeps.stamp
[OHOS INFO] [NINJA] [381/4569] STAMP obj/third_party/mindspore/mindspore-src/source/mindspore-lite/mindspore_train_lib.inputdeps.stamp
[OHOS INFO] [NINJA] [382/4569] COPY gen/arkcompiler/runtime_core/static_core/plugins/ets/etsstdlib.abc obj/arkcompiler/runtime_core/static_core/plugins/ets/runtime/interop_js/out/rk3568/gen/arkcompiler/runtime_core/static_core/plugins/ets/etsstdlib.abc
[OHOS INFO] [NINJA] [383/4569] STAMP obj/base/account/os_account/frameworks/account_iam/account_iam_innerkits.inputdeps.stamp
[OHOS INFO] [NINJA] [384/4569] STAMP obj/base/hiviewdfx/hiview/adapter/plugins/eventservice/service/idl/sys_event_service_ohos.inputdeps.stamp
[OHOS INFO] [NINJA] [385/4569] STAMP obj/base/hiviewdfx/hiview/adapter/service/server/hiview_service_stub.inputdeps.stamp
[OHOS INFO] [NINJA] [386/4569] STAMP obj/base/hiviewdfx/hiview/core/param_update/hiview_param_update.inputdeps.stamp
[OHOS INFO] [NINJA] [387/4569] STAMP obj/base/hiviewdfx/hiview/plugins/faultlogger/service/faultlogger_service_with_cfi.inputdeps.stamp
[OHOS INFO] [NINJA] [388/4569] STAMP obj/base/msdp/device_status/intention/stationary/server/intention_stationary_server.inputdeps.stamp
[OHOS INFO] [NINJA] [389/4569] STAMP obj/base/notification/distributed_notification_service/frameworks/ans/ans_callback_proxy.inputdeps.stamp
[OHOS INFO] [NINJA] [390/4569] STAMP obj/base/powermgr/power_manager/utils/power_utils.inputdeps.stamp
[OHOS INFO] [NINJA] [391/4569] STAMP obj/base/update/sys_installer/services/timer/libsysinstaller_timer.inputdeps.stamp
[OHOS INFO] [NINJA] [392/4569] STAMP obj/base/web/webview/sa/web_native_messaging/web_native_messaging_kit.inputdeps.stamp
[OHOS INFO] [NINJA] [393/4569] STAMP obj/base/web/webview/sa/web_native_messaging/web_native_messaging_service.inputdeps.stamp
[OHOS INFO] [NINJA] [394/4569] STAMP obj/developtools/profiler/hidebug/frameworks/native/hidebug_native.inputdeps.stamp
[OHOS INFO] [NINJA] [395/4569] STAMP obj/foundation/CastEngine/castengine_wifi_display/services/interaction/sharing_interaction_srcs.inputdeps.stamp
[OHOS INFO] [NINJA] [396/4569] STAMP obj/foundation/ability/ability_runtime/frameworks/cj/ffi/want_agent/cj_want_agent_ffi.inputdeps.stamp
[OHOS INFO] [NINJA] [397/4569] STAMP obj/foundation/ability/ability_runtime/tools/ohos-aa/ohos_aa_cli_source_set.inputdeps.stamp
[OHOS INFO] [NINJA] [398/4569] STAMP obj/foundation/bundlemanager/app_domain_verify/frameworks/common/app_domain_verify_frameworks_common.inputdeps.stamp
[OHOS INFO] [NINJA] [399/4569] STAMP obj/foundation/communication/bluetooth/frameworks/js/napi/src/common/bt_napi_common.inputdeps.stamp
[OHOS INFO] [NINJA] [400/4569] STAMP obj/foundation/communication/dsoftbus/core/connection/wifi_direct_cpp/wifi_direct.inputdeps.stamp
[OHOS INFO] [NINJA] [401/4569] STAMP obj/foundation/communication/fusion_connectivity/partner_agent/frameworks/napi/partneragent.inputdeps.stamp
[OHOS INFO] [NINJA] [402/4569] STAMP obj/foundation/communication/netmanager_ext/interfaces/innerkits/ethernetclient/ethernet_parcel.inputdeps.stamp
[OHOS INFO] [NINJA] [403/4569] STAMP obj/foundation/communication/netmanager_ext/interfaces/innerkits/mdnsclient/mdns_parcel.inputdeps.stamp
[OHOS INFO] [NINJA] [404/4569] STAMP obj/foundation/communication/netstack/interfaces/innerkits/net_ssl/net_ssl.inputdeps.stamp
[OHOS INFO] [NINJA] [405/4569] STAMP obj/foundation/communication/netstack/interfaces/innerkits/rust/netstack_rs/netstack_rs_cxx.inputdeps.stamp
[OHOS INFO] [NINJA] [406/4569] STAMP obj/foundation/communication/wifi/wifi/services/wifi_standard/wifi_framework/wifi_manage/network_select/network_select.inputdeps.stamp
[OHOS INFO] [NINJA] [407/4569] STAMP obj/foundation/communication/wifi/wifi/services/wifi_standard/wifi_framework/wifi_manage/wifi_native/wifi_native.inputdeps.stamp
[OHOS INFO] [NINJA] [408/4569] STAMP obj/foundation/communication/wifi/wifi/services/wifi_standard/wifi_framework/wifi_manage/wifi_scan/wifi_scan_service.inputdeps.stamp
[OHOS INFO] [NINJA] [409/4569] STAMP obj/foundation/communication/wifi/wifi/services/wifi_standard/wifi_framework/wifi_toolkit/wifi_toolkit.inputdeps.stamp
[OHOS INFO] [NINJA] [410/4569] STAMP obj/foundation/distributeddatamgr/data_share/interfaces/inner_api/datashare_permission.inputdeps.stamp
[OHOS INFO] [NINJA] [411/4569] STAMP obj/foundation/distributeddatamgr/datamgr_service/services/distributeddataservice/service/data_share/data_share_service.inputdeps.stamp
[OHOS INFO] [NINJA] [412/4569] STAMP obj/foundation/distributedhardware/device_manager/3rd/utils/devicemanager3rdutils.inputdeps.stamp
[OHOS INFO] [NINJA] [413/4569] STAMP obj/foundation/distributedhardware/distributed_screen/common/distributed_screen_utils.inputdeps.stamp
[OHOS INFO] [NINJA] [414/4569] STAMP obj/foundation/filemanagement/dfs_service/interfaces/inner_api/native/cloud_file_kit_inner/cloudfile_kit.inputdeps.stamp
[OHOS INFO] [NINJA] [415/4569] STAMP obj/foundation/filemanagement/dfs_service/interfaces/inner_api/native/cloud_file_kit_inner/cloudfile_kit_core.inputdeps.stamp
[OHOS INFO] [NINJA] [416/4569] STAMP obj/foundation/filemanagement/dfs_service/interfaces/inner_api/native/clouddiskservice_kit_inner/clouddiskservice_kit_inner.inputdeps.stamp
[OHOS INFO] [NINJA] [417/4569] STAMP obj/foundation/filemanagement/file_api/interfaces/kits/cj/js_common_src.inputdeps.stamp
[OHOS INFO] [NINJA] [418/4569] STAMP obj/foundation/filemanagement/file_api/interfaces/kits/cj/js_stream_exporter_src.inputdeps.stamp
[OHOS INFO] [NINJA] [419/4569] STAMP obj/foundation/graphic/graphic_2d/rosen/modules/effect/effect_common/effect_common.inputdeps.stamp
[OHOS INFO] [NINJA] [420/4569] STAMP obj/foundation/graphic/graphic_2d/rosen/modules/effect/effect_ndk/effect_ndk_source_ohos.inputdeps.stamp
[OHOS INFO] [NINJA] [421/4569] STAMP obj/foundation/multimedia/audio_framework/services/audio_engine/hpae_engine_manager.inputdeps.stamp
[OHOS INFO] [NINJA] [422/4569] STAMP obj/foundation/multimedia/av_codec/services/media_engine/plugins/source/http_source/media_plugin_HttpSource_static.inputdeps.stamp
[OHOS INFO] [NINJA] [423/4569] STAMP obj/foundation/multimedia/av_session/services/session/avsession_cast_item.inputdeps.stamp
[OHOS INFO] [NINJA] [424/4569] STAMP obj/foundation/multimedia/image_effect/frameworks/native/image_effect.inputdeps.stamp
[OHOS INFO] [NINJA] [425/4569] STAMP obj/foundation/multimedia/video_processing_engine/services/videoprocessingserviceimpl.inputdeps.stamp
[OHOS INFO] [NINJA] [426/4569] STAMP obj/foundation/resourceschedule/resource_schedule_service/ressched/plugins/cgroup_sched_plugin/framework/process_group/libprocess_group.inputdeps.stamp
[OHOS INFO] [NINJA] [427/4569] STAMP obj/foundation/window/window_manager/dmserver/libdms.inputdeps.stamp
[OHOS INFO] [NINJA] [428/4569] STAMP obj/third_party/mindspore/mindspore-src/source/mindspore-lite/mindspore_ndk.inputdeps.stamp
[OHOS INFO] [NINJA] [429/4569] STAMP obj/arkcompiler/runtime_core/static_core/plugins/ets/ets_sdk_native.inputdeps.stamp
[OHOS INFO] [NINJA] [430/4569] STAMP obj/arkcompiler/runtime_core/static_core/plugins/ets/runtime/interop_js/etsstdlib_install.stamp
[OHOS INFO] [NINJA] [431/4569] STAMP obj/base/global/resource_management/interfaces/cj/cj_resource_manager_ffi.inputdeps.stamp
[OHOS INFO] [NINJA] [432/4569] STAMP obj/base/hiviewdfx/hiappevent/frameworks/cj/ffi/cj_hiappevent_ffi.inputdeps.stamp
[OHOS INFO] [NINJA] [433/4569] STAMP obj/base/hiviewdfx/hiappevent/frameworks/native/ndk/hiappevent_ndk.inputdeps.stamp
[OHOS INFO] [NINJA] [434/4569] STAMP obj/base/hiviewdfx/hidumper/frameworks/native/dump_main.inputdeps.stamp
[OHOS INFO] [NINJA] [435/4569] STAMP obj/base/hiviewdfx/hidumper/services/hidumperservice_cpu_source.inputdeps.stamp
[OHOS INFO] [NINJA] [436/4569] STAMP obj/base/hiviewdfx/hiview/core/hiview_core.inputdeps.stamp
[OHOS INFO] [NINJA] [437/4569] STAMP obj/base/hiviewdfx/hiview/hiretrieval/frameworks/libhiretrieval.inputdeps.stamp
[OHOS INFO] [NINJA] [438/4569] STAMP obj/base/hiviewdfx/hiview/plugins/event_store/event_export/event_export_engine.inputdeps.stamp
[OHOS INFO] [NINJA] [439/4569] STAMP obj/base/hiviewdfx/hiview/plugins/eventlogger/log_catcher/log_catcher.inputdeps.stamp
[OHOS INFO] [NINJA] [440/4569] STAMP obj/base/hiviewdfx/hiview/plugins/freeze_detector/freeze_detector.inputdeps.stamp
[OHOS INFO] [NINJA] [441/4569] STAMP obj/base/hiviewdfx/hiview/plugins/performance/xperf_service/services/xperfservice_server.inputdeps.stamp
[OHOS INFO] [NINJA] [442/4569] STAMP obj/base/hiviewdfx/hiview/plugins/reliability/bbox_detectors/bbox_detector_with_cfi.inputdeps.stamp
[OHOS INFO] [NINJA] [443/4569] STAMP obj/base/msdp/device_status/intention/services/intention_service/intention_service.inputdeps.stamp
[OHOS INFO] [NINJA] [444/4569] STAMP obj/base/msdp/device_status/tools/vdev/devicestatus_vdev.inputdeps.stamp
[OHOS INFO] [NINJA] [445/4569] STAMP obj/base/powermgr/power_manager/services/native/src/actions/default/powermgr_actions_default_impl.inputdeps.stamp
[OHOS INFO] [NINJA] [446/4569] STAMP obj/base/security/certificate_framework/frameworks/js/ani/cert_framework_ani.inputdeps.stamp
[OHOS INFO] [NINJA] [447/4569] STAMP obj/developtools/hdc/hdcd_system_source.inputdeps.stamp
[OHOS INFO] [NINJA] [448/4569] STAMP obj/developtools/profiler/device/plugins/native_daemon/memory_profiler_client.inputdeps.stamp
[OHOS INFO] [NINJA] [449/4569] STAMP obj/foundation/ability/ability_runtime/ets_environment/frameworks/ets_environment/ets_environment.inputdeps.stamp
[OHOS INFO] [NINJA] [450/4569] STAMP obj/foundation/ability/ability_runtime/frameworks/native/child_process/child_process.inputdeps.stamp
[OHOS INFO] [NINJA] [451/4569] STAMP obj/foundation/ability/ability_runtime/service_router_framework/interfaces/inner_api/srms_fwk.inputdeps.stamp
[OHOS INFO] [NINJA] [452/4569] STAMP obj/foundation/ability/ability_runtime/tools/aa/tools_aa_source_set.inputdeps.stamp
[OHOS INFO] [NINJA] [453/4569] STAMP obj/foundation/ai/intelligent_voice_framework/utils/intell_voice_utils.inputdeps.stamp
[OHOS INFO] [NINJA] [454/4569] STAMP obj/foundation/barrierfree/accessibility/interfaces/innerkits/aafwk/accessibleability.inputdeps.stamp
[OHOS INFO] [NINJA] [455/4569] STAMP obj/foundation/barrierfree/accessibility/interfaces/kits/cj/cj_accessibility_ffi.inputdeps.stamp
[OHOS INFO] [NINJA] [456/4569] STAMP obj/foundation/bundlemanager/app_domain_verify/frameworks/app_details_rdb/app_domain_verify_app_details_rdb.inputdeps.stamp
[OHOS INFO] [NINJA] [457/4569] STAMP obj/foundation/bundlemanager/app_domain_verify/frameworks/verifier/app_domain_verify_agent_verifier.inputdeps.stamp
[OHOS INFO] [NINJA] [458/4569] STAMP obj/foundation/bundlemanager/bundle_framework/interfaces/kits/js/bundle_manager/bundle_manager_common.inputdeps.stamp
[OHOS INFO] [NINJA] [459/4569] STAMP obj/foundation/communication/bluetooth/frameworks/cj/a2dp/cj_bluetooth_a2dp_ffi.inputdeps.stamp
[OHOS INFO] [NINJA] [460/4569] STAMP obj/foundation/communication/bluetooth/frameworks/cj/access/cj_bluetooth_access_ffi.inputdeps.stamp
[OHOS INFO] [NINJA] [461/4569] STAMP obj/foundation/communication/bluetooth/frameworks/cj/ble/cj_bluetooth_ble_ffi.inputdeps.stamp
[OHOS INFO] [NINJA] [462/4569] STAMP obj/foundation/communication/bluetooth/frameworks/cj/connection/cj_bluetooth_connection_ffi.inputdeps.stamp
[OHOS INFO] [NINJA] [463/4569] STAMP obj/foundation/communication/bluetooth/frameworks/cj/hfp/cj_bluetooth_hfp_ffi.inputdeps.stamp
[OHOS INFO] [NINJA] [464/4569] ACTION //arkcompiler/runtime_core/static_core/plugins/ets:etsstdlib(//build/toolchain/linux:clang_x64)
[OHOS INFO] [NINJA] [465/4569] STAMP obj/foundation/communication/bluetooth/frameworks/cj/hid/cj_bluetooth_hid_ffi.inputdeps.stamp
[OHOS INFO] [NINJA] [466/4569] STAMP obj/foundation/communication/bluetooth/frameworks/cj/socket/cj_bluetooth_socket_ffi.inputdeps.stamp
[OHOS INFO] [NINJA] [467/4569] STAMP obj/foundation/communication/bluetooth/frameworks/js/napi/src/common/common.inputdeps.stamp
[OHOS INFO] [NINJA] [468/4569] STAMP obj/foundation/communication/dhcp/services/dhcp_client/dhcp_client.inputdeps.stamp
[OHOS INFO] [NINJA] [469/4569] STAMP obj/foundation/communication/dhcp/services/dhcp_client/dhcp_updater_client.inputdeps.stamp
[OHOS INFO] [NINJA] [470/4569] STAMP obj/foundation/communication/netmanager_base/frameworks/cj/connection/cj_net_connection_ffi.inputdeps.stamp
[OHOS INFO] [NINJA] [471/4569] STAMP obj/foundation/communication/netmanager_base/frameworks/cj/statistics/cj_net_statistics_ffi.inputdeps.stamp
[OHOS INFO] [NINJA] [472/4569] STAMP obj/foundation/communication/netmanager_base/services/common/net_service_common.inputdeps.stamp
[OHOS INFO] [NINJA] [473/4569] STAMP obj/foundation/communication/netmanager_base/utils/net_data_share.inputdeps.stamp
[OHOS INFO] [NINJA] [474/4569] STAMP obj/foundation/communication/netmanager_ext/interfaces/innerkits/ethernetclient/ethernet_manager_if.inputdeps.stamp
[OHOS INFO] [NINJA] [475/4569] STAMP obj/foundation/communication/netmanager_ext/interfaces/innerkits/mdnsclient/mdns_manager_if.inputdeps.stamp
[OHOS INFO] [NINJA] [476/4569] STAMP obj/foundation/communication/netmanager_ext/interfaces/innerkits/netshareclient/net_tether_manager_if.inputdeps.stamp
[OHOS INFO] [NINJA] [477/4569] STAMP obj/foundation/communication/netmanager_ext/interfaces/innerkits/netvpnclient/net_vpn_permission_if.inputdeps.stamp
[OHOS INFO] [NINJA] [478/4569] STAMP obj/foundation/communication/netmanager_ext/interfaces/innerkits/networksliceclient/networkslice_manager_if.inputdeps.stamp
[OHOS INFO] [NINJA] [479/4569] STAMP clang_x64/obj/arkcompiler/runtime_core/static_core/plugins/ets/etsstdlib.stamp
[OHOS INFO] [NINJA] [480/4569] STAMP obj/foundation/communication/netmanager_ext/interfaces/innerkits/wearabledistributednetclient/wearable_distributed_net_manager_if.inputdeps.stamp
[OHOS INFO] [NINJA] [481/4569] STAMP obj/foundation/communication/netstack/frameworks/cj/http/cj_net_http_ffi.inputdeps.stamp
[OHOS INFO] [NINJA] [482/4569] STAMP obj/foundation/communication/netstack/frameworks/cj/socket/cj_net_socket_ffi.inputdeps.stamp
[OHOS INFO] [NINJA] [483/4569] STAMP obj/foundation/communication/netstack/frameworks/cj/websocket/cj_net_websocket_ffi.inputdeps.stamp
[OHOS INFO] [NINJA] [484/4569] STAMP obj/foundation/communication/netstack/interfaces/innerkits/http_interceptor/http_interceptor.inputdeps.stamp
[OHOS INFO] [NINJA] [485/4569] STAMP obj/foundation/communication/netstack/interfaces/innerkits/websocket_native/websocket_native.inputdeps.stamp
[OHOS INFO] [NINJA] [486/4569] STAMP obj/foundation/communication/wifi/wifi/frameworks/cj/cj_wifi_ffi.inputdeps.stamp
[OHOS INFO] [NINJA] [487/4569] STAMP obj/foundation/distributeddatamgr/preferences/interfaces/ndk/libohpreferences.inputdeps.stamp
[OHOS INFO] [NINJA] [488/4569] STAMP obj/foundation/distributedhardware/device_manager/3rd/interfaces/devicemanager3rdsdk.inputdeps.stamp
[OHOS INFO] [NINJA] [489/4569] STAMP obj/foundation/distributedhardware/device_manager/interfaces/kits/taihe/device_manager_ani_taihe.inputdeps.stamp
[OHOS INFO] [NINJA] [490/4569] STAMP obj/foundation/distributedhardware/device_manager/services/implementation/devicemanagerserviceimpl.inputdeps.stamp
[OHOS INFO] [NINJA] [491/4569] STAMP obj/foundation/distributedhardware/distributed_screen/interfaces/innerkits/native_cpp/screen_sink/distributed_screen_sink_sdk.inputdeps.stamp
[OHOS INFO] [NINJA] [492/4569] STAMP obj/foundation/distributedhardware/distributed_screen/interfaces/innerkits/native_cpp/screen_source/distributed_screen_source_sdk.inputdeps.stamp
[OHOS INFO] [NINJA] [493/4569] STAMP obj/foundation/filemanagement/dfs_service/interfaces/inner_api/native/cloudsync_kit_inner/cloudsync_kit_inner.inputdeps.stamp
[OHOS INFO] [NINJA] [494/4569] STAMP obj/foundation/filemanagement/dfs_service/interfaces/kits/ndk/clouddiskmanager/src/ohclouddiskmanager.inputdeps.stamp
[OHOS INFO] [NINJA] [495/4569] STAMP obj/foundation/filemanagement/dfs_service/services/clouddisk_database/clouddisk_database.inputdeps.stamp
[OHOS INFO] [NINJA] [496/4569] STAMP obj/foundation/graphic/graphic_2d/interfaces/kits/cj/effect_kit/cj_effect_kit_ffi.inputdeps.stamp
[OHOS INFO] [NINJA] [497/4569] STAMP obj/foundation/multimedia/av_session/services/session/avsession_item.inputdeps.stamp
[OHOS INFO] [NINJA] [498/4569] STAMP obj/foundation/multimedia/image_framework/frameworks/kits/js/common/ndk/image_packer.inputdeps.stamp
[OHOS INFO] [NINJA] [499/4569] STAMP obj/foundation/multimedia/video_processing_engine/framework/image_processing.inputdeps.stamp
[OHOS INFO] [NINJA] [500/4569] STAMP obj/foundation/multimedia/video_processing_engine/framework/videoprocessingenginenapi.inputdeps.stamp
[OHOS INFO] [NINJA] [501/4569] STAMP obj/foundation/multimedia/video_processing_engine/services/videoprocessingservice.inputdeps.stamp
[OHOS INFO] [NINJA] [502/4569] STAMP obj/foundation/multimodalinput/input/frameworks/ets/key_code/KeyCode.inputdeps.stamp
[OHOS INFO] [NINJA] [503/4569] STAMP obj/foundation/multimodalinput/input/frameworks/ets/mouse_event/MouseEvent.inputdeps.stamp
[OHOS INFO] [NINJA] [504/4569] STAMP obj/foundation/multimodalinput/input/service/libmmi-server-common.inputdeps.stamp
[OHOS INFO] [NINJA] [505/4569] STAMP obj/foundation/resourceschedule/resource_schedule_service/ressched_executor/services/resschedexesvc.inputdeps.stamp
[OHOS INFO] [NINJA] [506/4569] STAMP obj/foundation/resourceschedule/resource_schedule_service/ressched_executor/services/resschedexesvc_static.inputdeps.stamp
[OHOS INFO] [NINJA] [507/4569] STAMP obj/foundation/window/window_manager/interfaces/kits/cj/display_runtime/cj_display_ffi.inputdeps.stamp
[OHOS INFO] [NINJA] [508/4569] STAMP obj/foundation/window/window_manager/interfaces/kits/cj/screenshot/cj_screenshot_ffi.inputdeps.stamp
[OHOS INFO] [NINJA] [509/4569] STAMP obj/foundation/window/window_manager/utils/libwmutil_static.inputdeps.stamp
[OHOS INFO] [NINJA] [510/4569] STAMP obj/third_party/mindspore/mindspore-src/source/mindspore-lite/src/litert/taihe/ability_delegator/mindspore_ani_taihe_native.inputdeps.stamp
[OHOS INFO] [NINJA] [511/4569] STAMP clang_x64/obj/arkcompiler/runtime_core/static_core/runtime/libarkruntime_set_static_host.inputdeps.stamp
[OHOS INFO] [NINJA] [512/4569] STAMP obj/base/account/os_account/interfaces/kits/napi/account_iam/account_iam_napi.inputdeps.stamp
[OHOS INFO] [NINJA] [513/4569] STAMP obj/base/account/os_account/services/accountmgr/accountmgr.inputdeps.stamp
[OHOS INFO] [NINJA] [514/4569] STAMP obj/base/customization/enterprise_device_management/interfaces/kits/common/napi_edm_common.inputdeps.stamp
[OHOS INFO] [NINJA] [515/4569] STAMP obj/base/customization/enterprise_device_management/tools/edm/tools_edm_source_set.inputdeps.stamp
[OHOS INFO] [NINJA] [516/4569] STAMP obj/base/global/i18n/interfaces/js/innerkits/intl/intl_napi.inputdeps.stamp
[OHOS INFO] [NINJA] [517/4569] STAMP obj/base/hiviewdfx/hidumper/services/hidumpermemory_source.inputdeps.stamp
[OHOS INFO] [NINJA] [518/4569] STAMP obj/base/hiviewdfx/hidumper/services/hidumperservice_source.inputdeps.stamp
[OHOS INFO] [NINJA] [519/4569] STAMP obj/base/hiviewdfx/hiview/plugins/event_store/sys_event_store.inputdeps.stamp
[OHOS INFO] [NINJA] [520/4569] STAMP obj/base/hiviewdfx/hiview/plugins/event_validator/event_validator.inputdeps.stamp
[OHOS INFO] [NINJA] [521/4569] STAMP obj/base/hiviewdfx/hiview/plugins/eventlogger/eventlogger.inputdeps.stamp
[OHOS INFO] [NINJA] [522/4569] STAMP obj/base/hiviewdfx/hiview/plugins/reliability/bbox_detectors/bdfr_base/bbox_detectors_base_src.inputdeps.stamp
[OHOS INFO] [NINJA] [523/4569] STAMP obj/base/hiviewdfx/hiview/plugins/sysevent_source/sysevent_source.inputdeps.stamp
[OHOS INFO] [NINJA] [524/4569] STAMP obj/base/hiviewdfx/hiview/plugins/unified_collector/unified_collector.inputdeps.stamp
[OHOS INFO] [NINJA] [525/4569] STAMP obj/base/hiviewdfx/hiview/plugins/usage_event_report/usage_event_report.inputdeps.stamp
[OHOS INFO] [NINJA] [526/4569] STAMP obj/base/hiviewdfx/hiview/utility/common_utils/hiview_reliability_common_utils_with_cfi.inputdeps.stamp
[OHOS INFO] [NINJA] [527/4569] STAMP obj/base/hiviewdfx/hiview/utility/smart_parser/smart_parser_with_cfi.inputdeps.stamp
[OHOS INFO] [NINJA] [528/4569] STAMP obj/base/msdp/device_status/tools/vdev/devicestatus_vdev_builders.inputdeps.stamp
[OHOS INFO] [NINJA] [529/4569] STAMP obj/base/security/asset/services/secure_access_fence/core_service/secure_access_fence_wrapper_static.inputdeps.stamp
[OHOS INFO] [NINJA] [530/4569] STAMP obj/base/security/crypto_framework/frameworks/js/ani/crypto_framework_ani.inputdeps.stamp
[OHOS INFO] [NINJA] [531/4569] STAMP obj/base/security/device_auth/services/deviceauth.inputdeps.stamp
[OHOS INFO] [NINJA] [532/4569] STAMP obj/base/startup/init/interfaces/taihe/deviceInfo/deviceInfo_taihe_native.inputdeps.stamp
[OHOS INFO] [NINJA] [533/4569] STAMP obj/base/startup/init/interfaces/taihe/syscap/global_taihe_native.inputdeps.stamp
[OHOS INFO] [NINJA] [534/4569] STAMP obj/base/startup/init/interfaces/taihe/systemParameterEnhance/systemParameterEnhance_taihe_native.inputdeps.stamp
[OHOS INFO] [NINJA] [535/4569] STAMP obj/base/theme/wallpaper_mgr/frameworks/native/wallpaper_service_proxy.inputdeps.stamp
[OHOS INFO] [NINJA] [536/4569] STAMP obj/base/usb/usb_manager/frameworks/ets/taihe/usb_manager/usb_manager_taihe_native.inputdeps.stamp
[OHOS INFO] [NINJA] [537/4569] STAMP obj/base/useriam/user_auth_framework/frameworks/ets/ani/user_access_ctrl/useraccessctrl_ani.inputdeps.stamp
[OHOS INFO] [NINJA] [538/4569] STAMP obj/developtools/profiler/device/plugins/memory_plugin/memdataplugin_source.inputdeps.stamp
[OHOS INFO] [NINJA] [539/4569] STAMP obj/developtools/profiler/device/plugins/network_plugin/networkplugin_source.inputdeps.stamp
[OHOS INFO] [NINJA] [540/4569] STAMP obj/drivers/external_device_manager/frameworks/js/taihe/device_manager_taihe_native.inputdeps.stamp
[OHOS INFO] [NINJA] [541/4569] STAMP obj/foundation/ability/ability_runtime/service_router_framework/interfaces/kits/js/serviceroutermgr/businessabilityrouter.inputdeps.stamp
[OHOS INFO] [NINJA] [542/4569] STAMP obj/foundation/ability/ability_runtime/service_router_framework/services/srms/libsrms.inputdeps.stamp
[OHOS INFO] [NINJA] [543/4569] STAMP obj/foundation/ai/intelligent_voice_framework/services/intell_voice_engine/engine_source.inputdeps.stamp
[OHOS INFO] [NINJA] [544/4569] STAMP obj/foundation/bundlemanager/app_domain_verify/interfaces/kits/js/ani/app_domain_verify_ani.inputdeps.stamp
[OHOS INFO] [NINJA] [545/4569] STAMP obj/foundation/bundlemanager/bundle_framework/interfaces/kits/js/app_control/appcontrol.inputdeps.stamp
[OHOS INFO] [NINJA] [546/4569] STAMP obj/foundation/bundlemanager/bundle_framework/interfaces/kits/js/bundle_manager/bundlemanager.inputdeps.stamp
[OHOS INFO] [NINJA] [547/4569] STAMP obj/foundation/bundlemanager/bundle_framework/interfaces/kits/js/bundle_resource/bundleresourcemanager.inputdeps.stamp
[OHOS INFO] [NINJA] [548/4569] STAMP obj/foundation/bundlemanager/bundle_framework/interfaces/kits/js/bundlemgr/bundle.inputdeps.stamp
[OHOS INFO] [NINJA] [549/4569] STAMP obj/foundation/bundlemanager/bundle_framework/interfaces/kits/js/package/package.inputdeps.stamp
[OHOS INFO] [NINJA] [550/4569] STAMP obj/foundation/bundlemanager/distributed_bundle_framework/interfaces/kits/ani/distributed_bundle_manager/ani_distributed_bundle_manager.inputdeps.stamp
[OHOS INFO] [NINJA] [551/4569] STAMP obj/foundation/bundlemanager/distributed_bundle_framework/services/dbms/libdbms.inputdeps.stamp
[OHOS INFO] [NINJA] [552/4569] STAMP obj/foundation/communication/bluetooth/frameworks/ets/taihe/bluetooth_baseProfile/bluetoothBaseProfile_taihe_native.inputdeps.stamp
[OHOS INFO] [NINJA] [553/4569] STAMP obj/foundation/communication/dsoftbus/sdk/taihe/linkEnhance_taihe_native.inputdeps.stamp
[OHOS INFO] [NINJA] [554/4569] STAMP obj/foundation/communication/dsoftbus/sdk/taihe/agent_communication/conversation_taihe_native.inputdeps.stamp
[OHOS INFO] [NINJA] [555/4569] STAMP obj/foundation/communication/netmanager_base/frameworks/ets/ani/connection/connection_ani_static.inputdeps.stamp
[OHOS INFO] [NINJA] [556/4569] STAMP obj/foundation/communication/netmanager_base/frameworks/ets/ani/statistics/statistics_ani_static.inputdeps.stamp
[OHOS INFO] [NINJA] [557/4569] STAMP obj/foundation/communication/netmanager_base/services/netmanagernative/bpf/netsys_bpf_utils.inputdeps.stamp
[OHOS INFO] [NINJA] [558/4569] STAMP obj/foundation/communication/netmanager_ext/frameworks/ets/ani/eap/eap_ani_static.inputdeps.stamp
[OHOS INFO] [NINJA] [559/4569] STAMP obj/foundation/communication/netmanager_ext/frameworks/ets/ani/ethernet/ethernet_ani_static.inputdeps.stamp
[OHOS INFO] [NINJA] [560/4569] STAMP obj/foundation/communication/netmanager_ext/frameworks/ets/ani/mdns/mdns_ani_static.inputdeps.stamp
[OHOS INFO] [NINJA] [561/4569] STAMP obj/foundation/communication/netmanager_ext/frameworks/ets/ani/sharing/sharing_ani_static.inputdeps.stamp
[OHOS INFO] [NINJA] [562/4569] STAMP obj/foundation/communication/netmanager_ext/frameworks/ets/ani/vpn/vpn_ani_static.inputdeps.stamp
[OHOS INFO] [NINJA] [563/4569] STAMP obj/foundation/communication/netmanager_ext/frameworks/ets/ani/vpnextension/vpnextension_ani_static.inputdeps.stamp
[OHOS INFO] [NINJA] [564/4569] STAMP obj/foundation/communication/netmanager_ext/frameworks/js/napi/ethernet/customeap/eap.inputdeps.stamp
[OHOS INFO] [NINJA] [565/4569] STAMP obj/foundation/communication/netmanager_ext/interfaces/innerkits/mdnsclient/mdns_service_interface_stub.inputdeps.stamp
[OHOS INFO] [NINJA] [566/4569] STAMP obj/foundation/communication/netmanager_ext/interfaces/innerkits/netvpnclient/networkvpn_interface_stub.inputdeps.stamp
[OHOS INFO] [NINJA] [567/4569] STAMP obj/foundation/communication/netstack/frameworks/ets/ani/net_ssl/network_security_ani_static.inputdeps.stamp
[OHOS INFO] [NINJA] [568/4569] STAMP obj/foundation/communication/netstack/frameworks/ets/ani/web_socket/websocket_ani_static.inputdeps.stamp
[OHOS INFO] [NINJA] [569/4569] STAMP obj/foundation/communication/wifi/wifi/frameworks/ets/taihe/wifiManager/wifiManager_taihe_native.inputdeps.stamp
[OHOS INFO] [NINJA] [570/4569] STAMP obj/foundation/distributedhardware/device_manager/ext/pin_auth/devicemanagerext_pin_auth.inputdeps.stamp
[OHOS INFO] [NINJA] [571/4569] STAMP obj/foundation/graphic/graphic_2d/interfaces/kits/ani/color_manager/colorspacemanager_ani.inputdeps.stamp
[OHOS INFO] [NINJA] [572/4569] STAMP obj/foundation/graphic/graphic_2d/interfaces/kits/napi/graphic/effect_kit/effectkit.inputdeps.stamp
[OHOS INFO] [NINJA] [573/4569] STAMP obj/foundation/multimedia/video_processing_engine/interfaces/kits/taihe/video_processing_engine_taihe.inputdeps.stamp
[OHOS INFO] [NINJA] [574/4569] STAMP obj/foundation/multimodalinput/input/frameworks/ets/gesture_event/GestureEvent.inputdeps.stamp
[OHOS INFO] [NINJA] [575/4569] STAMP obj/foundation/multimodalinput/input/frameworks/ets/infrared_emitter/InfraredEmitter.inputdeps.stamp
[OHOS INFO] [NINJA] [576/4569] STAMP obj/foundation/multimodalinput/input/frameworks/ets/input_device/InputDevice.inputdeps.stamp
[OHOS INFO] [NINJA] [577/4569] STAMP obj/foundation/multimodalinput/input/frameworks/ets/input_monitor/InputMonitor.inputdeps.stamp
[OHOS INFO] [NINJA] [578/4569] STAMP obj/foundation/multimodalinput/input/frameworks/ets/intention_code/IntentionCode.inputdeps.stamp
[OHOS INFO] [NINJA] [579/4569] STAMP obj/foundation/multimodalinput/input/frameworks/ets/key_event/KeyEvent.inputdeps.stamp
[OHOS INFO] [NINJA] [580/4569] STAMP obj/foundation/multimodalinput/input/frameworks/ets/pointer/Pointer.inputdeps.stamp
[OHOS INFO] [NINJA] [581/4569] STAMP obj/foundation/multimodalinput/input/frameworks/ets/short_key/short_key_ani.inputdeps.stamp
[OHOS INFO] [NINJA] [582/4569] STAMP obj/foundation/multimodalinput/input/frameworks/ets/touch_event/TouchEvent.inputdeps.stamp
[OHOS INFO] [NINJA] [583/4569] STAMP obj/foundation/officeservice/object_editor/document/content_embed_document.inputdeps.stamp
[OHOS INFO] [NINJA] [584/4569] STAMP obj/foundation/resourceschedule/work_scheduler/interfaces/kits/ets/taihe/work_scheduler/work_scheduler_ani.inputdeps.stamp
[OHOS INFO] [NINJA] [585/4569] STAMP obj/foundation/window/window_manager/interfaces/kits/ani/screen_runtime/screenani_kit.inputdeps.stamp
[OHOS INFO] [NINJA] [586/4569] STAMP obj/foundation/window/window_manager/interfaces/kits/ani/screenshot_runtime/screenshotani_kit.inputdeps.stamp
[OHOS INFO] [NINJA] [587/4569] STAMP obj/test/testfwk/arkxtest/perftest/perftest_core.inputdeps.stamp
[OHOS INFO] [NINJA] [588/4569] STAMP obj/test/testfwk/arkxtest/uitest/uitest_record.inputdeps.stamp
[OHOS INFO] [NINJA] [589/4569] STAMP obj/arkcompiler/runtime_core/static_core/runtime/tooling/inspector/libarkinspector.inputdeps.stamp
[OHOS INFO] [NINJA] [590/4569] STAMP obj/base/customization/enterprise_device_management/interfaces/ets/ani/enterprise_device_management/admin_manager/adminManager_ani.inputdeps.stamp
[OHOS INFO] [NINJA] [591/4569] STAMP obj/base/customization/enterprise_device_management/interfaces/ets/ani/enterprise_device_management/network_manager/networkManager_ani.inputdeps.stamp
[OHOS INFO] [NINJA] [592/4569] STAMP obj/base/customization/enterprise_device_management/interfaces/ets/ani/enterprise_device_management/restrictions/restrictions_ani.inputdeps.stamp
[OHOS INFO] [NINJA] [593/4569] STAMP obj/base/customization/enterprise_device_management/interfaces/ets/ani/enterprise_device_management/security_manager/securityManager_ani.inputdeps.stamp
[OHOS INFO] [NINJA] [594/4569] STAMP obj/base/global/font_manager/service/font_manager_server.inputdeps.stamp
[OHOS INFO] [NINJA] [595/4569] STAMP obj/base/global/i18n/interfaces/cj/cj_i18n_ffi.inputdeps.stamp
[OHOS INFO] [NINJA] [596/4569] STAMP obj/base/global/i18n/interfaces/cj/intl/cj_intl_ffi.inputdeps.stamp
[OHOS INFO] [NINJA] [597/4569] STAMP obj/base/global/i18n/interfaces/ets/ani/i18n/i18n_ani.inputdeps.stamp
[OHOS INFO] [NINJA] [598/4569] STAMP obj/base/global/i18n/interfaces/ets/ani/intl/intl_ani.inputdeps.stamp
[OHOS INFO] [NINJA] [599/4569] STAMP obj/base/global/i18n/interfaces/js/kits/i18n.inputdeps.stamp
[OHOS INFO] [NINJA] [600/4569] STAMP obj/base/global/i18n/services/i18n_sa.inputdeps.stamp
[OHOS INFO] [NINJA] [601/4569] STAMP obj/base/global/resource_management/interfaces/ets/ani/resourceManager/resmgr_ani.inputdeps.stamp
[OHOS INFO] [NINJA] [602/4569] STAMP obj/base/hiviewdfx/hiappevent/frameworks/ets/ani/hiappevent/hiappevent_ani.inputdeps.stamp
[OHOS INFO] [NINJA] [603/4569] STAMP obj/base/hiviewdfx/hilog/interfaces/ets/ani/hilog/hilog_ani.inputdeps.stamp
[OHOS INFO] [NINJA] [604/4569] STAMP obj/base/hiviewdfx/hiview/hiretrieval/interfaces/ets/ani/libhiretrieval_ani.inputdeps.stamp
[OHOS INFO] [NINJA] [605/4569] STAMP obj/base/hiviewdfx/hiview/hiretrieval/interfaces/js/napi/libhiretrieval_napi.inputdeps.stamp
[OHOS INFO] [NINJA] [606/4569] STAMP obj/base/hiviewdfx/hiview/interfaces/ets/ani/loglibrary/loglibrary_ani.inputdeps.stamp
[OHOS INFO] [NINJA] [607/4569] STAMP obj/base/hiviewdfx/hiview/plugins/faultlogger/service/bdfr_base/bdfr_base.inputdeps.stamp
[OHOS INFO] [NINJA] [608/4569] STAMP obj/base/hiviewdfx/hiview/plugins/performance/xperformance.inputdeps.stamp
[OHOS INFO] [NINJA] [609/4569] STAMP obj/base/hiviewdfx/hiview/plugins/usage_event_report/service/usage_report.inputdeps.stamp
[OHOS INFO] [NINJA] [610/4569] STAMP obj/base/inputmethod/imf/services/adapter/settings_data_provider/settings_data_static.inputdeps.stamp
[OHOS INFO] [NINJA] [611/4569] STAMP obj/base/location/location/frameworks/native/locator_sdk/liblocator_interface_stub.inputdeps.stamp
[OHOS INFO] [NINJA] [612/4569] STAMP obj/base/msdp/device_status/frameworks/ets/coordination/Coordination_so.inputdeps.stamp
[OHOS INFO] [NINJA] [613/4569] STAMP obj/base/msdp/device_status/frameworks/ets/devicestatus/multimodalawareness_devicestatus_ani.inputdeps.stamp
[OHOS INFO] [NINJA] [614/4569] STAMP obj/base/msdp/device_status/frameworks/ets/drag/DragInteraction.inputdeps.stamp
[OHOS INFO] [NINJA] [615/4569] STAMP obj/base/msdp/device_status/frameworks/ets/metadataBinding/MetadataBinding.inputdeps.stamp
[OHOS INFO] [NINJA] [616/4569] STAMP obj/base/msdp/device_status/frameworks/ets/motion/motion_so.inputdeps.stamp
[OHOS INFO] [NINJA] [617/4569] STAMP obj/base/msdp/device_status/frameworks/ets/onscreen/onScreen_so.inputdeps.stamp
[OHOS INFO] [NINJA] [618/4569] STAMP obj/base/msdp/device_status/frameworks/ets/underageModel/underageModel_so.inputdeps.stamp
[OHOS INFO] [NINJA] [619/4569] STAMP obj/base/msdp/device_status/frameworks/js/napi/interaction/coordination/cooperate.inputdeps.stamp
[OHOS INFO] [NINJA] [620/4569] STAMP obj/base/msdp/device_status/frameworks/ets/spatialAwareness/spatialawareness_ani.inputdeps.stamp
[OHOS INFO] [NINJA] [621/4569] STAMP obj/base/msdp/device_status/frameworks/js/napi/interaction/drag/draginteraction.inputdeps.stamp
[OHOS INFO] [NINJA] [622/4569] STAMP obj/base/msdp/device_status/intention/services/device_manager/intention_device_manager.inputdeps.stamp
[OHOS INFO] [NINJA] [623/4569] STAMP obj/base/notification/eventhandler/frameworks/emitter/eventEmitter.inputdeps.stamp
[OHOS INFO] [NINJA] [624/4569] STAMP obj/base/powermgr/battery_manager/frameworks/ets/taihe/batteryInfo/battery_manager_taihe_native.inputdeps.stamp
[OHOS INFO] [NINJA] [625/4569] STAMP obj/base/powermgr/battery_manager/frameworks/ets/taihe/charger/battery_manager_charger_taihe_native.inputdeps.stamp
[OHOS INFO] [NINJA] [626/4569] STAMP obj/base/powermgr/battery_manager/services/batteryservice.inputdeps.stamp
[OHOS INFO] [NINJA] [627/4569] STAMP obj/base/powermgr/battery_statistics/frameworks/ets/taihe/battery_stats/batterystats_taihe_native.inputdeps.stamp
[OHOS INFO] [NINJA] [628/4569] STAMP obj/base/powermgr/display_manager/brightness_manager/brightness_manager.inputdeps.stamp
[OHOS INFO] [NINJA] [629/4569] STAMP obj/base/powermgr/display_manager/state_manager/frameworks/ets/taihe/brightness/display_manager_brightness_taihe_native.inputdeps.stamp
[OHOS INFO] [NINJA] [630/4569] STAMP obj/base/powermgr/power_manager/frameworks/ets/taihe/power/power_manager_taihe_native.inputdeps.stamp
[OHOS INFO] [NINJA] [631/4569] STAMP obj/base/powermgr/power_manager/frameworks/ets/taihe/runninglock/power_manager_runninglock_taihe_native.inputdeps.stamp
[OHOS INFO] [NINJA] [632/4569] STAMP obj/base/powermgr/power_manager/frameworks/napi/power/power.inputdeps.stamp
[OHOS INFO] [NINJA] [633/4569] STAMP obj/base/powermgr/thermal_manager/frameworks/ets/taihe/thermal/thermal_manager_taihe_native.inputdeps.stamp
[OHOS INFO] [NINJA] [634/4569] STAMP obj/base/powermgr/thermal_manager/services/thermalservice.inputdeps.stamp
[OHOS INFO] [NINJA] [635/4569] STAMP obj/base/security/access_token/services/common/ability_manager/accesstoken_ability_manager_adapter.inputdeps.stamp
[OHOS INFO] [NINJA] [636/4569] STAMP obj/base/security/dlp_permission_service/services/dlp_permission/sa/dlp_permission_service.inputdeps.stamp
[OHOS INFO] [NINJA] [637/4569] STAMP obj/base/msdp/device_status/frameworks/js/napi/interaction/cooperate/inputdevicecooperate.inputdeps.stamp
[OHOS INFO] [NINJA] [638/4569] STAMP obj/base/security/device_auth/services/deviceauth_service.inputdeps.stamp
[OHOS INFO] [NINJA] [639/4569] STAMP obj/base/sensors/miscdevice/frameworks/ets/taihe/vibrator_taihe_native.inputdeps.stamp
[OHOS INFO] [NINJA] [640/4569] STAMP obj/base/sensors/miscdevice/services/miscdevice_service/libmiscdevice_service.inputdeps.stamp
[OHOS INFO] [NINJA] [641/4569] STAMP obj/base/sensors/miscdevice/services/miscdevice_service/libmiscdevice_service_static.inputdeps.stamp
[OHOS INFO] [NINJA] [642/4569] STAMP obj/base/sensors/sensor/frameworks/ets/taihe/sensor_taihe_native.inputdeps.stamp
[OHOS INFO] [NINJA] [643/4569] STAMP obj/base/sensors/sensor/services/libsensor_service.inputdeps.stamp
[OHOS INFO] [NINJA] [644/4569] STAMP obj/base/sensors/sensor/services/libsensor_service_static.inputdeps.stamp
[OHOS INFO] [NINJA] [645/4569] STAMP obj/base/time/time_service/framework/js/taihe/system_datetime/systemdatetime_taihe_native.inputdeps.stamp
[OHOS INFO] [NINJA] [646/4569] STAMP obj/base/time/time_service/framework/js/taihe/system_timer/systemtimer_taihe_native.inputdeps.stamp
[OHOS INFO] [NINJA] [647/4569] STAMP obj/base/time/time_service/tools/ohos-query-time-cli/ohos-queryTime_exec.inputdeps.stamp
[OHOS INFO] [NINJA] [648/4569] STAMP obj/base/update/updateservice/frameworks/js/ani/update_ani.inputdeps.stamp
[OHOS INFO] [NINJA] [649/4569] STAMP obj/base/useriam/companion_device_auth/services/companiondeviceauthservice.inputdeps.stamp
[OHOS INFO] [NINJA] [650/4569] STAMP obj/base/useriam/face_auth/frameworks/ets/ani/faceauth_ani.inputdeps.stamp
[OHOS INFO] [NINJA] [651/4569] STAMP obj/base/useriam/face_auth/services_ex/faceauthservice_ex_source_set.inputdeps.stamp
[OHOS INFO] [NINJA] [652/4569] STAMP obj/base/useriam/fingerprint_auth/services_ex/fingerprintauthservice_ex_source_set.inputdeps.stamp
[OHOS INFO] [NINJA] [653/4569] STAMP obj/commonlibrary/ets_utils/js_concurrent_module/taskpool/taskpool.inputdeps.stamp
[OHOS INFO] [NINJA] [654/4569] STAMP obj/developtools/profiler/device/plugins/native_daemon/native_daemon_client.inputdeps.stamp
[OHOS INFO] [NINJA] [655/4569] STAMP obj/developtools/profiler/hidebug/interfaces/ets/ani/hidebug/hidebug_ani.inputdeps.stamp
[OHOS INFO] [NINJA] [656/4569] STAMP obj/developtools/profiler/hidebug/interfaces/js/kits/napi/hidebug.inputdeps.stamp
[OHOS INFO] [NINJA] [657/4569] STAMP obj/developtools/syscap_codec/taihe/syscap/systemCapability_taihe_native.inputdeps.stamp
[OHOS INFO] [NINJA] [658/4569] STAMP obj/drivers/external_device_manager/services/native/driver_extension_manager/src/device_manager/driver_extension_device_manager.inputdeps.stamp
[OHOS INFO] [NINJA] [659/4569] STAMP obj/foundation/ability/ability_runtime/cli_tool_framework/frameworks/js/napi/cli_tool_manager/climanager_napi.inputdeps.stamp
[OHOS INFO] [NINJA] [660/4569] STAMP obj/foundation/ability/ability_runtime/cli_tool_framework/frameworks/js/napi/function_manager/functionmanager_napi.inputdeps.stamp
[OHOS INFO] [NINJA] [661/4569] STAMP obj/foundation/ability/ability_runtime/frameworks/js/napi/app/hyper_snap_manager/hypersnapmanager_napi.inputdeps.stamp
[OHOS INFO] [NINJA] [662/4569] STAMP obj/foundation/ability/ability_runtime/frameworks/js/napi/auto_fill_manager/autofillmanager_napi.inputdeps.stamp
[OHOS INFO] [NINJA] [663/4569] STAMP obj/foundation/ability/ability_runtime/frameworks/js/napi/memory_optimizer/appmemoryoptimizer_napi.inputdeps.stamp
[OHOS INFO] [NINJA] [664/4569] STAMP obj/foundation/ability/ability_runtime/services/uripermmgr/plugins/storage_ext/upms_storage_ext.inputdeps.stamp
[OHOS INFO] [NINJA] [665/4569] STAMP obj/foundation/ability/form_fwk/frameworks/js/napi/formbindingdata_napi.inputdeps.stamp
[OHOS INFO] [NINJA] [666/4569] STAMP obj/foundation/ai/intelligent_voice_framework/frameworks/taihe/intellVoice_taihe.inputdeps.stamp
[OHOS INFO] [NINJA] [667/4569] STAMP obj/foundation/ai/intelligent_voice_framework/services/intell_voice_service/server_source.inputdeps.stamp
[OHOS INFO] [NINJA] [668/4569] STAMP obj/foundation/arkui/ui_appearance/services/ui_appearance_service.inputdeps.stamp
[OHOS INFO] [NINJA] [669/4569] STAMP obj/foundation/barrierfree/accessibility/interfaces/kits/ani/accessibility_ani.inputdeps.stamp
[OHOS INFO] [NINJA] [670/4569] STAMP obj/foundation/barrierfree/accessibility/interfaces/kits/ani/accessibility_config/accessibility_config.inputdeps.stamp
[OHOS INFO] [NINJA] [671/4569] STAMP obj/foundation/barrierfree/accessibility/interfaces/kits/napi/accessibility_napi.inputdeps.stamp
[OHOS INFO] [NINJA] [672/4569] STAMP obj/foundation/barrierfree/accessibility/interfaces/kits/napi/accessibility_config/config_napi.inputdeps.stamp
[OHOS INFO] [NINJA] [673/4569] STAMP obj/foundation/bundlemanager/app_domain_verify/services/app_domain_verify_mgr_service.inputdeps.stamp
[OHOS INFO] [NINJA] [674/4569] STAMP obj/foundation/bundlemanager/app_domain_verify/interfaces/kits/js/jsi/appdomainverify_napi.inputdeps.stamp
[OHOS INFO] [NINJA] [675/4569] STAMP obj/foundation/bundlemanager/app_domain_verify/services/app_domain_verify_agent_service.inputdeps.stamp
[OHOS INFO] [NINJA] [676/4569] STAMP obj/foundation/bundlemanager/bundle_framework/interfaces/kits/ani/bundle_installer/ani_bundle_installer.inputdeps.stamp
[OHOS INFO] [NINJA] [677/4569] STAMP obj/foundation/bundlemanager/bundle_framework/interfaces/kits/ani/bundle_monitor/ani_bundle_monitor.inputdeps.stamp
[OHOS INFO] [NINJA] [678/4569] STAMP obj/foundation/bundlemanager/bundle_framework/interfaces/kits/ani/plugin_manager/ani_plugin_bundle_manager.inputdeps.stamp
[OHOS INFO] [NINJA] [679/4569] STAMP obj/foundation/bundlemanager/bundle_framework/interfaces/kits/ani/resource_manager/ani_bundle_res_manager.inputdeps.stamp
[OHOS INFO] [NINJA] [680/4569] STAMP obj/foundation/bundlemanager/bundle_framework/interfaces/kits/ani/zlib/ani_zlib.inputdeps.stamp
[OHOS INFO] [NINJA] [681/4569] STAMP obj/foundation/communication/bluetooth/frameworks/ets/taihe/bluetooth_a2dp/bluetoothA2dp_taihe_native.inputdeps.stamp
[OHOS INFO] [NINJA] [682/4569] STAMP obj/foundation/communication/bluetooth/frameworks/ets/taihe/bluetooth_access/bluetoothAccess_taihe_native.inputdeps.stamp
[OHOS INFO] [NINJA] [683/4569] STAMP obj/foundation/communication/bluetooth/frameworks/ets/taihe/bluetooth_ble/bluetoothBle_taihe_native.inputdeps.stamp
[OHOS INFO] [NINJA] [684/4569] STAMP obj/foundation/communication/bluetooth/frameworks/ets/taihe/bluetooth_connection/bluetoothConnection_taihe_native.inputdeps.stamp
[OHOS INFO] [NINJA] [685/4569] STAMP obj/foundation/communication/bluetooth/frameworks/ets/taihe/bluetooth_constant/bluetoothConstant_taihe_native.inputdeps.stamp
[OHOS INFO] [NINJA] [686/4569] STAMP obj/foundation/communication/bluetooth/frameworks/ets/taihe/bluetooth_hid/bluetoothHid_taihe_native.inputdeps.stamp
[OHOS INFO] [NINJA] [687/4569] STAMP obj/foundation/communication/bluetooth/frameworks/js/napi/bluetooth.inputdeps.stamp
[OHOS INFO] [NINJA] [688/4569] STAMP obj/foundation/communication/bluetooth/frameworks/js/napi/bluetoothmanager.inputdeps.stamp
[OHOS INFO] [NINJA] [689/4569] STAMP obj/foundation/communication/bluetooth/frameworks/js/napi/src/a2dp/a2dp.inputdeps.stamp
[OHOS INFO] [NINJA] [690/4569] STAMP obj/foundation/communication/bluetooth/frameworks/js/napi/src/access/access.inputdeps.stamp
[OHOS INFO] [NINJA] [691/4569] STAMP obj/foundation/communication/bluetooth/frameworks/js/napi/src/audio_manager/weardetection.inputdeps.stamp
[OHOS INFO] [NINJA] [692/4569] STAMP obj/foundation/communication/bluetooth/frameworks/js/napi/src/bas/bas.inputdeps.stamp
[OHOS INFO] [NINJA] [693/4569] STAMP obj/foundation/communication/bluetooth/frameworks/js/napi/src/base_profile/baseprofile.inputdeps.stamp
[OHOS INFO] [NINJA] [694/4569] STAMP obj/foundation/communication/bluetooth/frameworks/js/napi/src/ble/ble.inputdeps.stamp
[OHOS INFO] [NINJA] [695/4569] STAMP obj/foundation/communication/bluetooth/frameworks/js/napi/src/connection/connection.inputdeps.stamp
[OHOS INFO] [NINJA] [696/4569] STAMP obj/foundation/communication/bluetooth/frameworks/ets/taihe/bluetooth_hfp/bluetoothHfp_taihe_native.inputdeps.stamp
[OHOS INFO] [NINJA] [697/4569] STAMP obj/foundation/communication/bluetooth/frameworks/js/napi/src/constant/constant.inputdeps.stamp
[OHOS INFO] [NINJA] [698/4569] STAMP obj/foundation/communication/bluetooth/frameworks/js/napi/src/hfp/hfp.inputdeps.stamp
[OHOS INFO] [NINJA] [699/4569] STAMP obj/foundation/communication/bluetooth/frameworks/js/napi/src/hid/hid.inputdeps.stamp
[OHOS INFO] [NINJA] [700/4569] STAMP obj/foundation/communication/bluetooth/frameworks/js/napi/src/map/map.inputdeps.stamp
[OHOS INFO] [NINJA] [701/4569] STAMP obj/foundation/communication/bluetooth/frameworks/js/napi/src/opp/opp.inputdeps.stamp
[OHOS INFO] [NINJA] [702/4569] STAMP obj/foundation/communication/bluetooth/frameworks/js/napi/src/pan/pan.inputdeps.stamp
[OHOS INFO] [NINJA] [703/4569] STAMP obj/foundation/communication/bluetooth/frameworks/js/napi/src/pbap/pbap.inputdeps.stamp
[OHOS INFO] [NINJA] [704/4569] STAMP obj/foundation/communication/bluetooth/frameworks/js/napi/src/socket/socket.inputdeps.stamp
[OHOS INFO] [NINJA] [705/4569] STAMP obj/foundation/communication/fusion_connectivity/fusion_ranging/frameworks/ets/taihe/FusionConnectivityRanging_taihe_native.inputdeps.stamp
[OHOS INFO] [NINJA] [706/4569] STAMP obj/foundation/communication/netmanager_base/services/netconnmanager/net_conn_manager.inputdeps.stamp
[OHOS INFO] [NINJA] [707/4569] STAMP obj/foundation/communication/netmanager_base/services/netmanagernative/netsys_native_manager.inputdeps.stamp
[OHOS INFO] [NINJA] [708/4569] STAMP obj/foundation/communication/netmanager_base/services/netpolicymanager/net_policy_manager.inputdeps.stamp
[OHOS INFO] [NINJA] [709/4569] STAMP obj/foundation/communication/netmanager_base/services/netstatsmanager/net_stats_manager.inputdeps.stamp
[OHOS INFO] [NINJA] [710/4569] STAMP obj/foundation/communication/netmanager_ext/frameworks/js/napi/ethernet/ethernet.inputdeps.stamp
[OHOS INFO] [NINJA] [711/4569] STAMP obj/foundation/communication/netmanager_ext/frameworks/js/napi/mdns/mdns.inputdeps.stamp
[OHOS INFO] [NINJA] [712/4569] STAMP obj/foundation/communication/netmanager_ext/frameworks/js/napi/sharing/sharing.inputdeps.stamp
[OHOS INFO] [NINJA] [713/4569] STAMP obj/foundation/communication/netmanager_ext/frameworks/js/napi/vpn/vpn.inputdeps.stamp
[OHOS INFO] [NINJA] [714/4569] STAMP obj/foundation/communication/netmanager_ext/services/ethernetmanager/ethernet_manager.inputdeps.stamp
[OHOS INFO] [NINJA] [715/4569] STAMP obj/foundation/communication/netmanager_ext/services/mdnsmanager/mdns_manager.inputdeps.stamp
[OHOS INFO] [NINJA] [716/4569] STAMP obj/foundation/communication/netmanager_ext/services/networksharemanager/net_tether_manager.inputdeps.stamp
[OHOS INFO] [NINJA] [717/4569] STAMP obj/foundation/communication/netmanager_ext/services/vpnmanager/net_vpn_manager.inputdeps.stamp
[OHOS INFO] [NINJA] [718/4569] STAMP obj/foundation/communication/wifi/wifi/frameworks/js/napi/wifi.inputdeps.stamp
[OHOS INFO] [NINJA] [719/4569] STAMP obj/foundation/communication/wifi/wifi/frameworks/js/napi/wifiext.inputdeps.stamp
[OHOS INFO] [NINJA] [720/4569] STAMP obj/foundation/communication/wifi/wifi/frameworks/js/napi/wifimanager.inputdeps.stamp
[OHOS INFO] [NINJA] [721/4569] STAMP obj/foundation/communication/wifi/wifi/frameworks/js/napi/wifimanagerext.inputdeps.stamp
[OHOS INFO] [NINJA] [722/4569] STAMP obj/foundation/distributedhardware/device_manager/3rd/services/implementation/devicemanagerserviceimpl3rd.inputdeps.stamp
[OHOS INFO] [NINJA] [723/4569] STAMP obj/foundation/distributedhardware/device_manager/3rd/services/service/devicemanager3rdservice.inputdeps.stamp
[OHOS INFO] [NINJA] [724/4569] STAMP obj/foundation/distributedhardware/device_manager/services/service/devicemanagerservice.inputdeps.stamp
[OHOS INFO] [NINJA] [725/4569] STAMP obj/foundation/distributedhardware/device_manager/services/service/devicemanagerservicetest.inputdeps.stamp
[OHOS INFO] [NINJA] [726/4569] STAMP obj/foundation/distributedhardware/distributed_hardware_fwk/taihe/hardware_taihe.inputdeps.stamp
[OHOS INFO] [NINJA] [727/4569] STAMP obj/foundation/distributedhardware/mechbody_controller/interface/ets/mech_manager/mechanic_manager_ani.inputdeps.stamp
[OHOS INFO] [NINJA] [728/4569] STAMP obj/foundation/filemanagement/app_file_service/interfaces/kits/ani/backup/ani_session_transfer.inputdeps.stamp
[OHOS INFO] [NINJA] [729/4569] STAMP obj/foundation/filemanagement/app_file_service/interfaces/kits/taihe/backup/file_backup_taihe.inputdeps.stamp
[OHOS INFO] [NINJA] [730/4569] STAMP obj/foundation/filemanagement/app_file_service/interfaces/kits/taihe/fileuri/file_fileuri_taihe.inputdeps.stamp
[OHOS INFO] [NINJA] [731/4569] STAMP obj/foundation/filemanagement/dfs_service/adapter/cloud_adapter_example/cloud_adapter.inputdeps.stamp
[OHOS INFO] [NINJA] [732/4569] STAMP obj/foundation/filemanagement/dfs_service/interfaces/kits/js/ani/file_cloud_sync/cloud_sync_ani.inputdeps.stamp
[OHOS INFO] [NINJA] [733/4569] STAMP obj/foundation/filemanagement/app_file_service/services/backup_sa/backup_sa.inputdeps.stamp
[OHOS INFO] [NINJA] [734/4569] STAMP obj/foundation/filemanagement/dfs_service/interfaces/kits/js/ani/file_cloud_sync_manager/cloud_sync_manager_ani.inputdeps.stamp
[OHOS INFO] [NINJA] [735/4569] STAMP obj/foundation/filemanagement/dfs_service/services/cloudfiledaemon/cloudfiledaemon.inputdeps.stamp
[OHOS INFO] [NINJA] [736/4569] STAMP obj/foundation/filemanagement/dfs_service/services/cloudsyncservice/cloudsync_sa.inputdeps.stamp
[OHOS INFO] [NINJA] [737/4569] STAMP obj/foundation/filemanagement/disk_manager/interfaces/kits/taihe/volume_manager_taihe.inputdeps.stamp
[OHOS INFO] [NINJA] [738/4569] STAMP obj/foundation/filemanagement/storage_service/interfaces/kits/taihe/key_manager/key_manager_taihe.inputdeps.stamp
[OHOS INFO] [NINJA] [739/4569] STAMP obj/foundation/filemanagement/storage_service/interfaces/kits/taihe/storage_statistics/storage_statistics_taihe.inputdeps.stamp
[OHOS INFO] [NINJA] [740/4569] STAMP obj/foundation/filemanagement/user_file_service/interfaces/kits/taihe/clouddiskmanager/clouddiskmanager_taihe.inputdeps.stamp
[OHOS INFO] [NINJA] [741/4569] STAMP obj/foundation/filemanagement/user_file_service/services/file_access_service.inputdeps.stamp
[OHOS INFO] [NINJA] [742/4569] STAMP obj/foundation/graphic/graphic_2d/interfaces/kits/ani/effect_kit/effectKit_ani.inputdeps.stamp
[OHOS INFO] [NINJA] [743/4569] STAMP obj/foundation/graphic/graphic_2d/interfaces/kits/napi/graphic/ui_effect/uieffect_napi.inputdeps.stamp
[OHOS INFO] [NINJA] [744/4569] STAMP obj/foundation/graphic/graphic_2d/interfaces/kits/taihe/ui_effect/uieffect_taihe_native.inputdeps.stamp
[OHOS INFO] [NINJA] [745/4569] STAMP obj/foundation/multimedia/audio_framework/services/audio_suite/audio_suite_service.inputdeps.stamp
[OHOS INFO] [NINJA] [746/4569] STAMP obj/foundation/multimedia/av_session/tools/ohos-avsession-manager/ohos-avsession-manager_exec.inputdeps.stamp
[OHOS INFO] [NINJA] [747/4569] STAMP obj/foundation/multimedia/image_framework/frameworks/kits/taihe/image_taihe_core.inputdeps.stamp
[OHOS INFO] [NINJA] [748/4569] STAMP obj/foundation/multimodalinput/input/frameworks/napi/pointer/pointer.inputdeps.stamp
[OHOS INFO] [NINJA] [749/4569] STAMP obj/foundation/resourceschedule/resource_schedule_service/ressched/interfaces/kits/ets/taihe/background_process_manager/backgroundprocessmanager_ani.inputdeps.stamp
[OHOS INFO] [NINJA] [750/4569] STAMP obj/foundation/resourceschedule/resource_schedule_service/ressched/interfaces/kits/ets/taihe/systemload/systemload_taihe_native.inputdeps.stamp
[OHOS INFO] [NINJA] [751/4569] STAMP obj/foundation/resourceschedule/resource_schedule_service/ressched_executor/plugins/socperf_executor_plugin/socperf_executor_plugin.inputdeps.stamp
[OHOS INFO] [NINJA] [752/4569] STAMP obj/foundation/multimedia/video_processing_engine/interfaces/kits/taihe/video_processing_engine_taihe_core.inputdeps.stamp
[OHOS INFO] [NINJA] [753/4569] STAMP obj/foundation/resourceschedule/device_usage_statistics/usagestatservice.inputdeps.stamp
[OHOS INFO] [NINJA] [754/4569] STAMP obj/foundation/resourceschedule/device_usage_statistics/interfaces/kits/bundlestats/taihe/usage_statistics/usageStatistics_taihe_native.inputdeps.stamp
[OHOS INFO] [NINJA] [755/4569] STAMP obj/foundation/resourceschedule/soc_perf/services/socperf_server.inputdeps.stamp
[OHOS INFO] [NINJA] [756/4569] STAMP obj/foundation/window/window_manager/interfaces/kits/napi/extension/uiextension_napi.inputdeps.stamp
[OHOS INFO] [NINJA] [757/4569] STAMP obj/foundation/window/window_manager/interfaces/kits/napi/screen_runtime/screen_napi.inputdeps.stamp
[OHOS INFO] [NINJA] [758/4569] STAMP obj/foundation/window/window_manager/window_scene/interfaces/kits/napi/transaction_manager/transactionmanager_napi.inputdeps.stamp
[OHOS INFO] [NINJA] [759/4569] STAMP obj/test/testfwk/arkxtest/perftest/perftest_ani.inputdeps.stamp
[OHOS INFO] [NINJA] [760/4569] STAMP obj/test/xts/device_attest/services/devattest_ability/devattest_service.inputdeps.stamp
[OHOS INFO] [NINJA] [761/4569] STAMP obj/test/testfwk/arkxtest/uitest/uitest_ani.inputdeps.stamp
[OHOS INFO] [NINJA] [762/4569] STAMP clang_x64/obj/arkcompiler/runtime_core/static_core/compiler/tools/aptool/ark_aptool.inputdeps.stamp
[OHOS INFO] [NINJA] [763/4569] STAMP obj/arkcompiler/runtime_core/static_core/compiler/tools/aptool/ark_aptool.inputdeps.stamp
[OHOS INFO] [NINJA] [764/4569] STAMP obj/base/customization/enterprise_device_management/interfaces/kits/bluetooth_manager/bluetoothmanager.inputdeps.stamp
[OHOS INFO] [NINJA] [765/4569] STAMP obj/base/customization/enterprise_device_management/interfaces/kits/bundle_manager/bundlemanager.inputdeps.stamp
[OHOS INFO] [NINJA] [766/4569] STAMP obj/base/global/font_manager/interfaces/js/kits/fontmanager.inputdeps.stamp
[OHOS INFO] [NINJA] [767/4569] STAMP obj/base/hiviewdfx/hiappevent/frameworks/js/napi/hiappevent.inputdeps.stamp
[OHOS INFO] [NINJA] [768/4569] STAMP obj/base/hiviewdfx/hiappevent/frameworks/js/napi/hiappevent_v9.inputdeps.stamp
[OHOS INFO] [NINJA] [769/4569] STAMP obj/base/hiviewdfx/hiview/interfaces/js/napi/loglibrary_napi.inputdeps.stamp
[OHOS INFO] [NINJA] [770/4569] STAMP obj/base/hiviewdfx/hiview/plugins/faultlogger/interfaces/js/napi/faultlogger_napi.inputdeps.stamp
[OHOS INFO] [NINJA] [771/4569] STAMP obj/base/msdp/device_status/frameworks/js/napi/stationary.inputdeps.stamp
[OHOS INFO] [NINJA] [772/4569] STAMP obj/base/msdp/device_status/frameworks/js/napi/boomerang/metadatabinding_napi.inputdeps.stamp
[OHOS INFO] [NINJA] [773/4569] STAMP obj/base/msdp/device_status/frameworks/js/napi/device_status/devicestatus_napi.inputdeps.stamp
[OHOS INFO] [NINJA] [774/4569] STAMP obj/base/msdp/device_status/frameworks/js/napi/motion/motion_napi.inputdeps.stamp
[OHOS INFO] [NINJA] [775/4569] STAMP obj/base/msdp/device_status/frameworks/js/napi/onscreen/onscreen_napi.inputdeps.stamp
[OHOS INFO] [NINJA] [776/4569] STAMP obj/base/msdp/device_status/frameworks/js/napi/onscreen/screenevent_napi.inputdeps.stamp
[OHOS INFO] [NINJA] [777/4569] STAMP obj/base/msdp/device_status/libs/devicestatus_algo.inputdeps.stamp
[OHOS INFO] [NINJA] [778/4569] STAMP obj/base/notification/common_event_service/services/cesfwk_services.inputdeps.stamp
[OHOS INFO] [NINJA] [779/4569] STAMP obj/base/powermgr/display_manager/state_manager/frameworks/napi/brightness.inputdeps.stamp
[OHOS INFO] [NINJA] [780/4569] STAMP obj/base/powermgr/display_manager/state_manager/service/displaymgrservice.inputdeps.stamp
[OHOS INFO] [NINJA] [781/4569] STAMP obj/base/powermgr/power_manager/utils/shell/power-shell.inputdeps.stamp
[OHOS INFO] [NINJA] [782/4569] STAMP obj/base/theme/screenlock_mgr/frameworks/ets/ani/screenlock_ani.inputdeps.stamp
[OHOS INFO] [NINJA] [783/4569] STAMP obj/base/update/updateservice/services/engine/updateservice.inputdeps.stamp
[OHOS INFO] [NINJA] [784/4569] STAMP obj/developtools/profiler/hidebug/frameworks/hidebug_ndk/ohhidebug.inputdeps.stamp
[OHOS INFO] [NINJA] [785/4569] STAMP obj/foundation/CastEngine/castengine_cast_framework/interfaces/kits/js/cast.inputdeps.stamp
[OHOS INFO] [NINJA] [786/4569] STAMP obj/foundation/ability/ability_runtime/agent_runtime_framework/services/agentmgr/agentmgr.inputdeps.stamp
[OHOS INFO] [NINJA] [787/4569] STAMP obj/foundation/ability/ability_runtime/cli_tool_framework/services/climgr/climgr.inputdeps.stamp
[OHOS INFO] [NINJA] [788/4569] STAMP obj/foundation/ability/ability_runtime/frameworks/native/appkit/appkit_child.inputdeps.stamp
[OHOS INFO] [NINJA] [789/4569] STAMP obj/foundation/ability/dmsfwk/services/dtbabilitymgr/distributed_ability_manager_svr.inputdeps.stamp
[OHOS INFO] [NINJA] [790/4569] STAMP obj/foundation/ability/dmsfwk/services/dtbschedmgr/distributed_intent.inputdeps.stamp
[OHOS INFO] [NINJA] [791/4569] STAMP obj/foundation/ability/dmsfwk/services/dtbschedmgr/dms_mission_extension.inputdeps.stamp
[OHOS INFO] [NINJA] [792/4569] STAMP obj/foundation/communication/dhcp/services/dhcp_server/dhcp_server.inputdeps.stamp
[OHOS INFO] [NINJA] [793/4569] STAMP obj/foundation/communication/fusion_connectivity/fusion_ranging/frameworks/napi/ranging.inputdeps.stamp
[OHOS INFO] [NINJA] [794/4569] STAMP obj/foundation/communication/netmanager_base/frameworks/js/napi/netstats/statistics.inputdeps.stamp
[OHOS INFO] [NINJA] [795/4569] STAMP obj/foundation/communication/netmanager_base/frameworks/js/napi/network/network.inputdeps.stamp
[OHOS INFO] [NINJA] [796/4569] STAMP obj/foundation/communication/netstack/frameworks/js/napi/fetch/fetch.inputdeps.stamp
[OHOS INFO] [NINJA] [797/4569] STAMP obj/foundation/communication/netstack/frameworks/js/napi/http/http.inputdeps.stamp
[OHOS INFO] [NINJA] [798/4569] STAMP obj/foundation/communication/netstack/frameworks/js/napi/net_ssl/networksecurity_napi.inputdeps.stamp
[OHOS INFO] [NINJA] [799/4569] STAMP obj/foundation/communication/netstack/frameworks/js/napi/socket/socket.inputdeps.stamp
[OHOS INFO] [NINJA] [800/4569] STAMP obj/foundation/communication/netstack/frameworks/js/napi/websocket/websocket.inputdeps.stamp
[OHOS INFO] [NINJA] [801/4569] STAMP obj/foundation/communication/netstack/interfaces/kits/c/net_http/net_http_ndk.inputdeps.stamp
[OHOS INFO] [NINJA] [802/4569] STAMP obj/foundation/communication/netstack/interfaces/kits/c/net_websocket/net_websocket.inputdeps.stamp
[OHOS INFO] [NINJA] [803/4569] STAMP obj/foundation/deviceprofile/device_info_manager/services/core/distributed_device_profile_svr.inputdeps.stamp
[OHOS INFO] [NINJA] [804/4569] STAMP obj/foundation/filemanagement/dfs_service/interfaces/kits/js/cloudfilesync/cloudsync.inputdeps.stamp
[OHOS INFO] [NINJA] [805/4569] STAMP obj/foundation/filemanagement/dfs_service/interfaces/kits/js/cloudsyncmanager/cloudsyncmanager.inputdeps.stamp
[OHOS INFO] [NINJA] [806/4569] STAMP obj/foundation/multimedia/av_session/frameworks/native/ohavsession/ohavsession.inputdeps.stamp
[OHOS INFO] [NINJA] [807/4569] STAMP obj/foundation/resourceschedule/memmgr/services/memmgrservice/memmgrservice.inputdeps.stamp
[OHOS INFO] [NINJA] [808/4569] CXX obj/base/global/font_manager/interfaces/js/kits/src/fontmanager/js_data_migration_listener.o
[OHOS INFO] [NINJA] [809/4569] CXX obj/base/global/font_manager/interfaces/js/kits/src/fontmanager/font_manager_addon.o
[OHOS INFO] [NINJA] [810/4569] CXX obj/foundation/ability/ability_runtime/cli_tool_framework/services/climgr/src/climgr/permission_query_util.o
[OHOS INFO] [NINJA] [811/4569] CXX obj/foundation/ability/ability_runtime/cli_tool_framework/services/climgr/src/climgr/cli_tool_manager_service.o
[OHOS INFO] [NINJA] [812/4569] ACTION //base/powermgr/power_manager/power_dialog:power_dialog_hap(//build/toolchain/ohos:ohos_clang_arm)
[OHOS INFO] [NINJA] [813/4568] SOLINK global/font_manager/libfontmanager.z.so
[OHOS INFO] [NINJA] [814/4568] ACTION //applications/standard/user_certificate_manager:user_cert_manager(//build/toolchain/ohos:ohos_clang_arm)
[OHOS INFO] [NINJA] [815/4565] ACTION //applications/standard/dlp_manager:dlp_manager(//build/toolchain/ohos:ohos_clang_arm)
[OHOS INFO] [NINJA] [816/4562] ACTION //foundation/communication/wifi/wifi/application/portal_login:portal_login_hap(//build/toolchain/ohos:ohos_clang_arm)
[OHOS INFO] [NINJA] [817/4562] ACTION //applications/standard/permission_manager:permission_manager(//build/toolchain/ohos:ohos_clang_arm)
[OHOS INFO] [NINJA] [818/4559] ACTION //device/board/hihope/rk3568/kernel:kernel(//build/toolchain/ohos:ohos_clang_arm)
[OHOS INFO] [NINJA] [819/4559] STAMP obj/device/board/hihope/rk3568/kernel/kernel.stamp
[OHOS INFO] [NINJA] [820/4559] STAMP obj/device/board/hihope/rk3568/rk3568_group.stamp
[OHOS INFO] [NINJA] [821/4559] STAMP obj/out/rk3568/build_configs/device_rk3568/rockchip_products/rockchip_products_info.stamp
[OHOS INFO] [NINJA] [822/4559] ACTION //foundation/filemanagement/user_file_service/services/file_extension_hap:external_file_manager_hap(//build/toolchain/ohos:ohos_clang_arm)
[OHOS INFO] [NINJA] [823/4558] ACTION //foundation/distributedhardware/distributed_hardware_fwk/application:DHardware_UI(//build/toolchain/ohos:ohos_clang_arm)
[OHOS INFO] [NINJA] [824/4558] ACTION //out/rk3568/build_configs/device_rk3568/rockchip_products:rockchip_products(//build/toolchain/ohos:ohos_clang_arm)
[OHOS INFO] [NINJA] [825/4558] STAMP obj/out/rk3568/build_configs/device_rk3568/rockchip_products/rockchip_products.stamp
[OHOS INFO] [NINJA] [826/4558] ACTION //kernel/linux/common_modules/module_sample:ko_sample(//build/toolchain/ohos:ohos_clang_arm)
[OHOS INFO] [NINJA] [827/4558] STAMP obj/kernel/linux/common_modules/module_sample/ko_sample.stamp
[OHOS INFO] [NINJA] [828/4558] STAMP obj/kernel/linux/common_modules/ko_build.stamp
[OHOS INFO] [NINJA] [829/4558] ACTION //base/security/selinux_adapter:build_policy(//build/toolchain/ohos:ohos_clang_arm)
[OHOS INFO] [NINJA] [830/4558] STAMP obj/base/security/selinux_adapter/build_policy.stamp
[OHOS INFO] [NINJA] [831/4558] COPY obj/base/security/selinux_adapter/developer/policy.31 obj/base/security/selinux_adapter/out/rk3568/obj/base/security/selinux_adapter/developer/policy.31
[OHOS INFO] [NINJA] [832/4558] STAMP obj/base/security/selinux_adapter/build_sepolicy.stamp
[OHOS INFO] [NINJA] [833/4558] ACTION //base/security/selinux_adapter:build_contexts(//build/toolchain/ohos:ohos_clang_arm)
[OHOS INFO] [NINJA] [834/4558] STAMP obj/base/security/selinux_adapter/build_contexts.stamp
[OHOS INFO] [NINJA] [835/4558] COPY obj/base/security/selinux_adapter/file_contexts obj/base/security/selinux_adapter/out/rk3568/obj/base/security/selinux_adapter/file_contexts
[OHOS INFO] [NINJA] [836/4558] COPY obj/base/security/selinux_adapter/file_contexts.bin obj/base/security/security/selinux/file_contexts.bin
[OHOS INFO] [NINJA] [837/4558] COPY obj/base/security/selinux_adapter/hdf_service_contexts obj/base/security/selinux_adapter/out/rk3568/obj/base/security/selinux_adapter/hdf_service_contexts
[OHOS INFO] [NINJA] [838/4558] COPY obj/base/security/selinux_adapter/parameter_contexts obj/base/security/selinux_adapter/out/rk3568/obj/base/security/selinux_adapter/parameter_contexts
[OHOS INFO] [NINJA] [839/4558] COPY obj/base/security/selinux_adapter/sehap_contexts obj/base/security/selinux_adapter/out/rk3568/obj/base/security/selinux_adapter/sehap_contexts
[OHOS INFO] [NINJA] [840/4558] COPY obj/base/security/selinux_adapter/service_contexts obj/base/security/selinux_adapter/out/rk3568/obj/base/security/selinux_adapter/service_contexts
[OHOS INFO] [NINJA] [841/4558] STAMP obj/base/security/selinux_adapter/file_contexts.stamp
[OHOS INFO] [NINJA] [842/4558] STAMP obj/base/security/selinux_adapter/filecontexts_toolchain.stamp
[OHOS INFO] [NINJA] [843/4558] STAMP obj/base/security/selinux_adapter/hdf_service_contexts.stamp
[OHOS INFO] [NINJA] [844/4558] STAMP obj/base/security/selinux_adapter/parameter_contexts.stamp
[OHOS INFO] [NINJA] [845/4558] STAMP obj/base/security/selinux_adapter/sehap_contexts.stamp
[OHOS INFO] [NINJA] [846/4558] STAMP obj/base/security/selinux_adapter/service_contexts.stamp
[OHOS INFO] [NINJA] [847/4558] ACTION //build/ohos/images:mk_chip_ckm_img(//build/toolchain/ohos:ohos_clang_arm)
[OHOS INFO] [NINJA] [848/4558] STAMP obj/build/ohos/images/mk_chip_ckm_img.stamp
[OHOS INFO] [NINJA] [849/4558] SOLINK ability/ability_runtime/libclimgr.z.so
[OHOS INFO] [NINJA] [850/4558] ACTION //arkcompiler/runtime_core/static_core/plugins/ets:ets2abc_etsstdlib_bootabc(//build/toolchain/ohos:ohos_clang_arm)
[OHOS INFO] [NINJA] [851/4558] STAMP obj/arkcompiler/runtime_core/static_core/plugins/ets/ets2abc_etsstdlib_bootabc.stamp
[OHOS INFO] [NINJA] [852/4558] COPY obj/arkcompiler/runtime_core/static_core/plugins/ets/etsstdlib_bootabc.abc obj/arkcompiler/runtime_core/static_core/plugins/ets/out/rk3568/obj/arkcompiler/runtime_core/static_core/plugins/ets/etsstdlib_bootabc.abc
[OHOS INFO] [NINJA] [853/4558] STAMP obj/arkcompiler/runtime_core/static_core/plugins/ets/etsstdlib_bootabc_etc.stamp
[OHOS INFO] [NINJA] [854/4558] STAMP obj/arkcompiler/runtime_core/static_core/plugins/ets/etsstdlib_bootabc.stamp
[OHOS INFO] [NINJA] [855/4558] ACTION //developtools/ace_ets2bundle/ets1.2/libarkts:compile(//build/toolchain/linux:clang_x64)
[OHOS INFO] [NINJA] [856/4557] STAMP clang_x64/obj/developtools/ace_ets2bundle/ets1.2/libarkts/libarkts.stamp
[OHOS INFO] [NINJA] [857/4557] ACTION //developtools/ace_ets2bundle/ets1.2/libarkts:libarkts_sdk_copy(//build/toolchain/linux:clang_x64)
[OHOS INFO] [NINJA] [858/4557] STAMP clang_x64/obj/developtools/ace_ets2bundle/ets1.2/libarkts/libarkts_sdk_copy.stamp
[OHOS INFO] [NINJA] [859/4557] ACTION //developtools/ace_ets2bundle/ets1.2:ohos_ets_libarkts_pack(//build/toolchain/linux:clang_x64)
[OHOS INFO] [NINJA] [860/4557] STAMP clang_x64/obj/developtools/ace_ets2bundle/ets1.2/ohos_ets_libarkts_pack.stamp
[OHOS INFO] [NINJA] [861/4557] COPY clang_x64/obj/developtools/ace_ets2bundle/ets1.2/libarkts.tgz clang_x64/obj/developtools/ace_ets2bundle/ets1.2/out/rk3568/clang_x64/obj/developtools/ace_ets2bundle/ets1.2/libarkts.tgz
[OHOS INFO] [NINJA] [862/4557] STAMP clang_x64/obj/developtools/ace_ets2bundle/ets1.2/ohos_ets_libarkts_pack_prebuilt.stamp
[OHOS INFO] [NINJA] [863/4557] COPY clang_x64/gen/developtools/ace_ets2bundle/ets1.2/libarkts ohos_ets/build-tools/libarkts
[OHOS INFO] [NINJA] [864/4557] STAMP clang_x64/obj/developtools/ace_ets2bundle/ets1.2/ohos_ets_libarkts.stamp
[OHOS INFO] [NINJA] [865/4557] ACTION //base/security/selinux_adapter:selinux_check(//build/toolchain/ohos:ohos_clang_arm)
[OHOS INFO] [NINJA] [866/4557] STAMP obj/base/security/selinux_adapter/selinux_check.stamp
[OHOS INFO] [NINJA] [867/4557] STAMP obj/base/security/selinux_adapter/selinux_group.stamp
[OHOS INFO] [NINJA] [868/4557] STAMP obj/out/rk3568/build_configs/security/selinux_adapter/selinux_adapter_info.stamp
[OHOS INFO] [NINJA] [869/4557] ACTION //out/rk3568/build_configs/security/selinux_adapter:selinux_adapter(//build/toolchain/ohos:ohos_clang_arm)
[OHOS INFO] [NINJA] [870/4557] STAMP obj/out/rk3568/build_configs/security/selinux_adapter/selinux_adapter.stamp
[OHOS INFO] [NINJA] [871/4557] ACTION //interface/sdk-js:ohos_base_split(//build/toolchain/ohos:ohos_clang_arm)
[OHOS INFO] [NINJA] [872/4557] STAMP obj/interface/sdk-js/ohos_base_split.stamp
[OHOS INFO] [NINJA] [873/4557] ACTION //interface/sdk-js:ets_internal_api_static(//build/toolchain/ohos:ohos_clang_arm)
[OHOS INFO] [NINJA] [874/4557] STAMP obj/interface/sdk-js/ets_internal_api_static.stamp
[OHOS INFO] [NINJA] [875/4557] ACTION //interface/sdk-js:bundle_arkts(//build/toolchain/ohos:ohos_clang_arm)
[OHOS INFO] [NINJA] [876/4557] ACTION //interface/sdk-js:ets_internal_api(//build/toolchain/ohos:ohos_clang_arm)
[OHOS INFO] [NINJA] [877/4557] STAMP obj/interface/sdk-js/bundle_arkts.stamp
[OHOS INFO] [NINJA] [878/4557] STAMP obj/interface/sdk-js/ets_internal_api.stamp
[OHOS INFO] [NINJA] [879/4557] COPY obj/interface/sdk-js/bundle_arkts ohos_dynamic/arkts
[OHOS INFO] [NINJA] [880/4557] STAMP obj/interface/sdk-js/ohos_ets_dynamic_arkts.stamp
[OHOS INFO] [NINJA] [881/4557] ACTION //interface/sdk-js:bundle_kits_static(//build/toolchain/ohos:ohos_clang_arm)
[OHOS INFO] [NINJA] [882/4557] STAMP obj/interface/sdk-js/bundle_kits_static.stamp
[OHOS INFO] [NINJA] [883/4557] COPY obj/interface/sdk-js/bundle_kits_static ohos_static/kits
[OHOS INFO] [NINJA] [884/4557] STAMP obj/interface/sdk-js/ohos_ets_static_kits.stamp
[OHOS INFO] [NINJA] [885/4557] ACTION //interface/sdk-js:bundle_arkts_static(//build/toolchain/ohos:ohos_clang_arm)
[OHOS INFO] [NINJA] [886/4557] STAMP obj/interface/sdk-js/bundle_arkts_static.stamp
[OHOS INFO] [NINJA] [887/4557] COPY ohos_static/kits ohos_ets/kits
[OHOS INFO] [NINJA] [888/4557] STAMP obj/interface/sdk-js/ohos_ets_kits.stamp
[OHOS INFO] [NINJA] [889/4557] ACTION //interface/sdk-js:bundle_kits(//build/toolchain/ohos:ohos_clang_arm)
[OHOS INFO] [NINJA] [890/4557] COPY obj/interface/sdk-js/bundle_arkts_static ohos_static/arkts
[OHOS INFO] [NINJA] [891/4557] STAMP obj/interface/sdk-js/bundle_kits.stamp
[OHOS INFO] [NINJA] [892/4557] STAMP obj/interface/sdk-js/ohos_ets_static_arkts.stamp
[OHOS INFO] [NINJA] [893/4557] COPY obj/interface/sdk-js/bundle_kits ohos_dynamic/kits
[OHOS INFO] [NINJA] [894/4557] COPY ohos_static/arkts ohos_ets/arkts
[OHOS INFO] [NINJA] [895/4557] STAMP obj/interface/sdk-js/ohos_ets_dynamic_kits.stamp
[OHOS INFO] [NINJA] [896/4557] STAMP obj/interface/sdk-js/ohos_ets_arkts.stamp
[OHOS INFO] [NINJA] [897/4557] ACTION //interface/sdk-js:ets_component(//build/toolchain/ohos:ohos_clang_arm)
[OHOS INFO] [NINJA] [898/4557] STAMP obj/interface/sdk-js/ets_component.stamp
[OHOS INFO] [NINJA] [899/4557] COPY obj/interface/sdk-js/ets_component ohos_dynamic/component
[OHOS INFO] [NINJA] [900/4557] STAMP obj/interface/sdk-js/ohos_ets_dynamic_component.stamp
[OHOS INFO] [NINJA] [901/4557] ACTION //interface/sdk-js:ohos_declaration_ets2(//build/toolchain/ohos:ohos_clang_arm)
[OHOS INFO] [NINJA] [902/4557] STAMP obj/interface/sdk-js/ohos_declaration_ets2.stamp
[OHOS INFO] [NINJA] [903/4557] ACTION //interface/sdk-js:ohos_declaration_ets(//build/toolchain/ohos:ohos_clang_arm)
[OHOS INFO] [NINJA] [904/4557] STAMP obj/interface/sdk-js/ohos_declaration_ets.stamp
[OHOS INFO] [NINJA] [905/4557] COPY ohos_declaration/ohos_declaration_ets2 ohos_static/api
[OHOS INFO] [NINJA] [906/4557] STAMP obj/interface/sdk-js/ohos_ets_static_api_declaration.stamp
[OHOS INFO] [NINJA] [907/4557] COPY obj/interface/sdk-js/ets_internal_api_static 'ohos_static/api/@internal/full'
[OHOS INFO] [NINJA] [908/4557] STAMP obj/interface/sdk-js/ohos_ets_static_api_internal.stamp
[OHOS INFO] [NINJA] [909/4557] COPY ohos_declaration/ohos_declaration_ets ohos_dynamic/api
[OHOS INFO] [NINJA] [910/4557] STAMP obj/interface/sdk-js/ohos_ets_dynamic_api_declaration.stamp
[OHOS INFO] [NINJA] [911/4557] COPY obj/interface/sdk-js/ets_internal_api 'ohos_dynamic/api/@internal/full'
[OHOS INFO] [NINJA] [912/4557] STAMP obj/interface/sdk-js/ohos_ets_dynamic_api_internal.stamp
[OHOS INFO] [NINJA] [913/4557] STAMP obj/interface/sdk-js/ohos_ets_dynamic.stamp
[OHOS INFO] [NINJA] [914/4557] COPY ohos_declaration/ohos_declaration_ets obj/interface/api
[OHOS INFO] [NINJA] [915/4557] STAMP obj/interface/sdk-js/ohos_declaration_ets_api.stamp
[OHOS INFO] [NINJA] [916/4557] COPY ohos_static/api ohos_ets/api
[OHOS INFO] [NINJA] [917/4557] STAMP obj/interface/sdk-js/ohos_ets_api.stamp
[OHOS INFO] [NINJA] [918/4557] COPY obj/interface/api obj/developtools/api
[OHOS INFO] [NINJA] [919/4557] STAMP obj/developtools/ace_ets2bundle/ohos_declaration_ets_ark.stamp
[OHOS INFO] [NINJA] [920/4557] ACTION //interface/sdk-js:ohos_build_dynamic_sdk_component(//build/toolchain/ohos:ohos_clang_arm)
[OHOS INFO] [NINJA] [921/4556] ACTION //foundation/arkui/ace_engine/frameworks/bridge/arkts_frontend/arkoala_generator:patch_sdk(//build/toolchain/ohos:ohos_clang_arm)
[OHOS INFO] [NINJA] [922/4556] STAMP obj/foundation/arkui/ace_engine/frameworks/bridge/arkts_frontend/arkoala_generator/patch_sdk.stamp
[OHOS INFO] [NINJA] [923/4556] ACTION //base/hiviewdfx/hiview/hiretrieval/interfaces/ets/ani:hiretrieval(//build/toolchain/ohos:ohos_clang_arm)
[OHOS INFO] [NINJA] [924/4556] ACTION //base/customization/config_policy/interfaces/ets/ani:custom_config(//build/toolchain/ohos:ohos_clang_arm)
[OHOS INFO] [NINJA] [925/4556] ACTION //base/hiviewdfx/hitrace/interfaces/ets/ani/hitracechain:hitrace_chain(//build/toolchain/ohos:ohos_clang_arm)
[OHOS INFO] [NINJA] [926/4556] ACTION //base/global/font_manager/interfaces/ani:fontManager(//build/toolchain/ohos:ohos_clang_arm)
[OHOS INFO] [NINJA] [927/4556] ACTION //base/customization/enterprise_device_management/interfaces/ets/ani/enterprise_device_management/admin_manager:adminManager(//build/toolchain/ohos:ohos_clang_arm)
[OHOS INFO] [NINJA] [928/4556] ACTION //base/customization/enterprise_device_management/interfaces/ets/ani/enterprise_device_management/restrictions:restrictions(//build/toolchain/ohos:ohos_clang_arm)
[OHOS INFO] [NINJA] [929/4556] ACTION //base/customization/enterprise_device_management/interfaces/ets/ani/enterprise_device_management/network_manager:networkManager(//build/toolchain/ohos:ohos_clang_arm)
[OHOS INFO] [NINJA] [930/4556] ACTION //base/customization/enterprise_device_management/interfaces/ets/ani/enterprise_device_management/security_manager:securityManager(//build/toolchain/ohos:ohos_clang_arm)
[OHOS INFO] [NINJA] [931/4556] ACTION //base/hiviewdfx/hitrace/interfaces/ets/ani/hitracemeter:hitrace_meter(//build/toolchain/ohos:ohos_clang_arm)
[OHOS INFO] [NINJA] [932/4556] ACTION //base/hiviewdfx/hichecker/interfaces/ets/ani/hichecker:hichecker(//build/toolchain/ohos:ohos_clang_arm)
[OHOS INFO] [NINJA] [933/4556] ACTION //base/global/i18n/interfaces/ets/ani/intl:intl(//build/toolchain/ohos:ohos_clang_arm)
[OHOS INFO] [NINJA] [934/4556] ACTION //base/hiviewdfx/hiview/interfaces/ets/ani/loglibrary:loglibrary(//build/toolchain/ohos:ohos_clang_arm)
[OHOS INFO] [NINJA] [935/4556] ACTION //base/hiviewdfx/hilog/interfaces/ets/ani/hilog:hilog(//build/toolchain/ohos:ohos_clang_arm)
[OHOS INFO] [NINJA] [936/4556] ACTION //base/customization/config_policy/interfaces/ets/ani:configPolicy(//build/toolchain/ohos:ohos_clang_arm)
[OHOS INFO] [NINJA] [937/4556] ACTION //developtools/ace_ets2bundle:build_ets_loader_library(//build/toolchain/ohos:ohos_clang_arm)
[OHOS INFO] [NINJA] [938/4541] STAMP obj/developtools/ace_ets2bundle/ets_loader_ark_hap_inner.stamp
[OHOS INFO] [NINJA] [939/4541] ACTION //base/hiviewdfx/hiappevent/frameworks/ets/ani/hiappevent:hiappevent(//build/toolchain/ohos:ohos_clang_arm)
[OHOS INFO] [NINJA] [940/4541] ACTION //base/hiviewdfx/hisysevent/interfaces/ets/ani/hisysevent:hisysevent(//build/toolchain/ohos:ohos_clang_arm)
[OHOS INFO] [NINJA] [941/4541] ACTION //base/account/os_account/frameworks/ets/taihe:distributed_account_abc(//build/toolchain/ohos:ohos_clang_arm)
[OHOS INFO] [NINJA] [942/4541] ACTION //base/global/resource_management/interfaces/ets/ani/resourceManager:resource(//build/toolchain/ohos:ohos_clang_arm)
[OHOS INFO] [NINJA] [943/4541] ACTION //base/global/resource_management/interfaces/ets/ani/resourceManager:rawFileDescriptor(//build/toolchain/ohos:ohos_clang_arm)
[OHOS INFO] [NINJA] [944/4541] ACTION //base/global/resource_management/interfaces/ets/ani/resourceManager:resourceManager(//build/toolchain/ohos:ohos_clang_arm)
[OHOS INFO] [NINJA] [945/4541] ACTION //base/global/i18n/interfaces/ets/ani/i18n:i18n(//build/toolchain/ohos:ohos_clang_arm)
[OHOS INFO] [NINJA] [946/4541] ACTION //arkcompiler/runtime_core/static_core/plugins/ets:ets2abc_commonsdk_arkts(//build/toolchain/ohos:ohos_clang_arm)
[OHOS INFO] [NINJA] [947/4541] ACTION //foundation/filemanagement/file_api/interfaces/kits/js:ohos_file_statvfs_abc(//build/toolchain/ohos:ohos_clang_arm)
[OHOS INFO] [NINJA] [948/4541] ACTION //foundation/filemanagement/file_api/interfaces/kits/js:ohos_file_environment_abc(//build/toolchain/ohos:ohos_clang_arm)
[OHOS INFO] [NINJA] [949/4541] ACTION //foundation/filemanagement/file_api/interfaces/kits/js:ohos_file_securityLabel_abc(//build/toolchain/ohos:ohos_clang_arm)
[OHOS INFO] [NINJA] [950/4541] ACTION //foundation/filemanagement/file_api/interfaces/kits/js:ohos_file_hash_abc(//build/toolchain/ohos:ohos_clang_arm)
[OHOS INFO] [NINJA] [951/4541] ACTION //base/account/os_account/frameworks/ets/taihe:app_account_abc(//build/toolchain/ohos:ohos_clang_arm)
[OHOS INFO] [NINJA] [952/4541] ACTION //drivers/external_device_manager/frameworks/js/taihe/driver_extension_context:driverExtensionContext_abc(//build/toolchain/ohos:ohos_clang_arm)
[OHOS INFO] [NINJA] [953/4541] STAMP obj/drivers/external_device_manager/frameworks/js/taihe/driver_extension_context/driverExtensionContext_abc.stamp
[OHOS INFO] [NINJA] [954/4541] COPY obj/drivers/external_device_manager/frameworks/js/taihe/driver_extension_context/driverExtensionContext_abc.abc obj/drivers/external_device_manager/frameworks/js/taihe/driver_extension_context/out/rk3568/obj/drivers/external_device_manager/frameworks/js/taihe/driver_extension_context/driverExtensionContext_abc.abc
[OHOS INFO] [NINJA] [955/4541] ACTION //foundation/ability/dmsfwk/interfaces/taihe/etsContinueManager:continueManager_taihe_abc(//build/toolchain/ohos:ohos_clang_arm)
[OHOS INFO] [NINJA] [956/4541] STAMP obj/foundation/ability/dmsfwk/interfaces/taihe/etsContinueManager/continueManager_taihe_abc.stamp
[OHOS INFO] [NINJA] [957/4541] ACTION //foundation/filemanagement/file_api/interfaces/kits/js:ohos_file_fs_abc(//build/toolchain/ohos:ohos_clang_arm)
[OHOS INFO] [NINJA] [958/4541] ACTION //base/security/certificate_manager/interfaces/kits/ani/certificate_manager_ani:certmanager_abc(//build/toolchain/ohos:ohos_clang_arm)
[OHOS INFO] [NINJA] [959/4541] ACTION //foundation/arkui/ace_engine/frameworks/bridge/arkts_frontend/koala_projects/incremental/public:public_abc(//build/toolchain/ohos:ohos_clang_arm)
[OHOS INFO] [NINJA] [960/4541] ACTION //foundation/resourceschedule/work_scheduler/interfaces/kits/ets/taihe/work_scheduler_extension:workscheduler_extension_ability_abc(//build/toolchain/ohos:ohos_clang_arm)
[OHOS INFO] [NINJA] [961/4541] STAMP obj/foundation/filemanagement/file_api/interfaces/kits/js/ohos_file_environment_abc.stamp
[OHOS INFO] [NINJA] [962/4541] STAMP obj/foundation/filemanagement/file_api/interfaces/kits/js/ohos_file_fs_abc.stamp
[OHOS INFO] [NINJA] [963/4541] STAMP obj/foundation/filemanagement/file_api/interfaces/kits/js/ohos_file_hash_abc.stamp
[OHOS INFO] [NINJA] [964/4541] STAMP obj/foundation/filemanagement/file_api/interfaces/kits/js/ohos_file_securityLabel_abc.stamp
[OHOS INFO] [NINJA] [965/4541] STAMP obj/foundation/filemanagement/file_api/interfaces/kits/js/ohos_file_statvfs_abc.stamp
[OHOS INFO] [NINJA] [966/4541] STAMP obj/foundation/resourceschedule/work_scheduler/interfaces/kits/ets/taihe/work_scheduler_extension/workscheduler_extension_ability_abc.stamp
[OHOS INFO] [NINJA] [967/4541] ACTION //foundation/resourceschedule/work_scheduler/interfaces/kits/ets/taihe/work_scheduler_extension:workscheduler_extension_context_abc(//build/toolchain/ohos:ohos_clang_arm)
[OHOS INFO] [NINJA] [968/4541] STAMP obj/foundation/resourceschedule/work_scheduler/interfaces/kits/ets/taihe/work_scheduler_extension/workscheduler_extension_context_abc.stamp
[OHOS INFO] [NINJA] [969/4541] ACTION //base/security/certificate_manager/interfaces/kits/ani/certificate_manager_dialog_ani:certmanager_dialog_abc(//build/toolchain/ohos:ohos_clang_arm)
[OHOS INFO] [NINJA] [970/4541] ACTION //base/security/certificate_framework/frameworks/js/ani:cert_framework_ets(//build/toolchain/ohos:ohos_clang_arm)
[OHOS INFO] [NINJA] [971/4541] ACTION //base/account/os_account/frameworks/ets/taihe:os_account_abc(//build/toolchain/ohos:ohos_clang_arm)
[OHOS INFO] [NINJA] [972/4541] ACTION //foundation/arkui/ace_engine/frameworks/bridge/arkts_frontend/koala_projects/incremental/runtime:runtime_compile_abc(//build/toolchain/ohos:ohos_clang_arm)
[OHOS INFO] [NINJA] [973/4541] STAMP obj/foundation/arkui/ace_engine/frameworks/bridge/arkts_frontend/koala_projects/incremental/runtime/runtime_compile_abc.stamp
[OHOS INFO] [NINJA] [974/4541] COPY obj/foundation/arkui/ace_engine/frameworks/bridge/arkts_frontend/koala_projects/incremental/runtime/runtime_compile_abc/modules_static.abc obj/foundation/arkui/ace_engine/frameworks/bridge/arkts_frontend/koala_projects/incremental/runtime/runtime.abc
[OHOS INFO] [NINJA] [975/4541] STAMP obj/arkcompiler/runtime_core/static_core/plugins/ets/ets2abc_commonsdk_arkts.stamp
[OHOS INFO] [NINJA] [976/4541] ACTION //foundation/distributedhardware/device_manager/interfaces/kits/taihe:ohos_distributedDeviceManager_abc(//build/toolchain/ohos:ohos_clang_arm)
[OHOS INFO] [NINJA] [977/4541] ACTION //base/notification/distributed_notification_service/frameworks/ets/ets:notification_common_def_abc(//build/toolchain/ohos:ohos_clang_arm)
[OHOS INFO] [NINJA] [978/4541] ACTION //third_party/mindspore/mindspore-src/source/mindspore-lite/src/litert/taihe/ability_delegator:mindspore_ani_abc(//build/toolchain/ohos:ohos_clang_arm)
[OHOS INFO] [NINJA] [979/4541] ACTION //base/notification/distributed_notification_service/frameworks/ets/ets:notification_action_button_abc(//build/toolchain/ohos:ohos_clang_arm)
[OHOS INFO] [NINJA] [980/4541] ACTION //foundation/arkui/ace_engine/component_ext/movingphoto_ani:movingphotoview_abc(//build/toolchain/ohos:ohos_clang_arm)
[OHOS INFO] [NINJA] [981/4541] ACTION //foundation/window/window_manager/interfaces/kits/ani/float_view/float_view_ani:fvwindow_ani(//build/toolchain/ohos:ohos_clang_arm)
[OHOS INFO] [NINJA] [982/4541] STAMP obj/foundation/arkui/ace_engine/component_ext/movingphoto_ani/movingphotoview_abc.stamp
[OHOS INFO] [NINJA] [983/4541] COPY 'obj/foundation/arkui/ace_engine/component_ext/movingphoto_ani/@ohos.multimedia.MovingPhotoView.abc' 'obj/foundation/arkui/ace_engine/component_ext/movingphoto_ani/out/rk3568/obj/foundation/arkui/ace_engine/component_ext/movingphoto_ani/@ohos.multimedia.MovingPhotoView.abc'
[OHOS INFO] [NINJA] [984/4541] ACTION //foundation/window/window_manager/interfaces/kits/ani/floating_ball/floating_ball_ani:fbwindow_ani(//build/toolchain/ohos:ohos_clang_arm)
[OHOS INFO] [NINJA] [985/4541] ACTION //base/notification/distributed_notification_service/frameworks/ets/ets:notification_extension_content_abc(//build/toolchain/ohos:ohos_clang_arm)
[OHOS INFO] [NINJA] [986/4541] ACTION //foundation/resourceschedule/background_task_mgr/interfaces/kits/ets/taihe:background_task_manager_abc(//build/toolchain/ohos:ohos_clang_arm)
[OHOS INFO] [NINJA] [987/4541] ACTION //base/notification/distributed_notification_service/frameworks/ets/ets:notification_content_abc(//build/toolchain/ohos:ohos_clang_arm)
[OHOS INFO] [NINJA] [988/4541] ACTION //base/notification/distributed_notification_service/frameworks/ets/ets:notification_flags_abc(//build/toolchain/ohos:ohos_clang_arm)
[OHOS INFO] [NINJA] [989/4541] ACTION //base/notification/distributed_notification_service/frameworks/ets/ets:notification_extension_subscriber_extension_context_abc(//build/toolchain/ohos:ohos_clang_arm)
[OHOS INFO] [NINJA] [990/4541] ACTION //base/notification/distributed_notification_service/frameworks/ets/ets:notification_extension_subscription_info_abc(//build/toolchain/ohos:ohos_clang_arm)
[OHOS INFO] [NINJA] [991/4541] ACTION //base/notification/distributed_notification_service/frameworks/ets/ets:notification_extension_subscriber_extension_ability_abc(//build/toolchain/ohos:ohos_clang_arm)
[OHOS INFO] [NINJA] [992/4541] ACTION //base/notification/distributed_notification_service/frameworks/ets/ets:notification_extension_subscription_abc(//build/toolchain/ohos:ohos_clang_arm)
[OHOS INFO] [NINJA] [993/4541] ACTION //base/notification/distributed_notification_service/frameworks/ets/ets:notification_info_abc(//build/toolchain/ohos:ohos_clang_arm)
[OHOS INFO] [NINJA] [994/4541] ACTION //foundation/arkui/ace_engine/frameworks/bridge/arkts_frontend/koala_projects/incremental/common:common_abc(//build/toolchain/ohos:ohos_clang_arm)
[OHOS INFO] [NINJA] [995/4541] ACTION //base/notification/distributed_notification_service/frameworks/ets/ets:notification_request_abc(//build/toolchain/ohos:ohos_clang_arm)
[OHOS INFO] [NINJA] [996/4541] ACTION //base/notification/distributed_notification_service/frameworks/ets/ets:notification_manager_abc(//build/toolchain/ohos:ohos_clang_arm)
[OHOS INFO] [NINJA] [997/4541] ACTION //base/notification/distributed_notification_service/frameworks/ets/ets:notification_slot_abc(//build/toolchain/ohos:ohos_clang_arm)
[OHOS INFO] [NINJA] [998/4541] ACTION //base/notification/distributed_notification_service/frameworks/ets/ets:notification_template_abc(//build/toolchain/ohos:ohos_clang_arm)
[OHOS INFO] [NINJA] [999/4541] ACTION //base/notification/distributed_notification_service/frameworks/ets/ets:notification_sorting_abc(//build/toolchain/ohos:ohos_clang_arm)
[OHOS INFO] [NINJA] [1000/4541] ACTION //base/notification/distributed_notification_service/frameworks/ets/ets:notification_user_input_abc(//build/toolchain/ohos:ohos_clang_arm)
[OHOS INFO] [NINJA] [1001/4541] ACTION //base/notification/distributed_notification_service/frameworks/ets/ets:notification_subscribe_abc(//build/toolchain/ohos:ohos_clang_arm)
[OHOS INFO] [NINJA] [1002/4541] ACTION //base/notification/distributed_notification_service/frameworks/ets/ets:notification_sorting_map_abc(//build/toolchain/ohos:ohos_clang_arm)
[OHOS INFO] [NINJA] [1003/4541] ACTION //foundation/window/window_manager/interfaces/kits/ani/picture_in_picture_runtime/pipwindow_ani:pipwindow_ani(//build/toolchain/ohos:ohos_clang_arm)
[OHOS INFO] [NINJA] [1004/4541] ACTION //base/notification/distributed_notification_service/frameworks/ets/ets:notification_subscribe_info_abc(//build/toolchain/ohos:ohos_clang_arm)
[OHOS INFO] [NINJA] [1005/4541] ACTION //base/print/print_fwk/interfaces/kits/ani/printani:print_extension_context_abc(//build/toolchain/ohos:ohos_clang_arm)
[OHOS INFO] [NINJA] [1006/4541] ACTION //base/security/access_token/frameworks/ets/ani/common:Permission_Request_Result(//build/toolchain/ohos:ohos_clang_arm)
[OHOS INFO] [NINJA] [1007/4541] STAMP obj/base/security/certificate_framework/frameworks/js/ani/cert_framework_ets.stamp
[OHOS INFO] [NINJA] [1008/4541] STAMP obj/base/security/certificate_manager/interfaces/kits/ani/certificate_manager_ani/certmanager_abc.stamp
[OHOS INFO] [NINJA] [1009/4541] ACTION //base/notification/distributed_notification_service/frameworks/ets/ets:notification_subscriber_abc(//build/toolchain/ohos:ohos_clang_arm)
[OHOS INFO] [NINJA] [1010/4541] STAMP obj/base/security/certificate_manager/interfaces/kits/ani/certificate_manager_dialog_ani/certmanager_dialog_abc.stamp
[OHOS INFO] [NINJA] [1011/4541] ACTION //base/security/access_token/frameworks/ets/ani/common:permissions(//build/toolchain/ohos:ohos_clang_arm)
[OHOS INFO] [NINJA] [1012/4541] ACTION //base/print/print_fwk/interfaces/kits/ani/scanani:scan(//build/toolchain/ohos:ohos_clang_arm)
[OHOS INFO] [NINJA] [1013/4541] ACTION //base/print/print_fwk/interfaces/kits/ani/printani:print_extension_ability_ani_abc(//build/toolchain/ohos:ohos_clang_arm)
[OHOS INFO] [NINJA] [1014/4541] ACTION //base/security/access_token/frameworks/ets/ani/el5filekeymanager:screen_lock_file_manager(//build/toolchain/ohos:ohos_clang_arm)
[OHOS INFO] [NINJA] [1015/4541] ACTION //foundation/arkui/ace_engine/frameworks/bridge/arkts_frontend/koala_projects/incremental/compat:compat_abc(//build/toolchain/ohos:ohos_clang_arm)
[OHOS INFO] [NINJA] [1016/4541] ACTION //base/print/print_fwk/interfaces/kits/ani/printani:print(//build/toolchain/ohos:ohos_clang_arm)
[OHOS INFO] [NINJA] [1017/4541] ACTION //base/startup/init/interfaces/taihe/deviceInfo:deviceInfo(//build/toolchain/ohos:ohos_clang_arm)
[OHOS INFO] [NINJA] [1018/4541] ACTION //base/startup/init/interfaces/taihe/systemParameterEnhance:systemParameterEnhance(//build/toolchain/ohos:ohos_clang_arm)
[OHOS INFO] [NINJA] [1019/4541] ACTION //base/startup/init/interfaces/taihe/syscap:global(//build/toolchain/ohos:ohos_clang_arm)
[OHOS INFO] [NINJA] [1020/4541] ACTION //base/usb/usb_manager/frameworks/ets/taihe/usb_manager:usbmanager_serial_abc(//build/toolchain/ohos:ohos_clang_arm)
[OHOS INFO] [NINJA] [1021/4541] STAMP obj/drivers/external_device_manager/frameworks/js/taihe/driver_extension_context/driverExtensionContext_etc.stamp
[OHOS INFO] [NINJA] [1022/4541] ACTION //base/usb/usb_manager/frameworks/ets/taihe/usb_manager:usb_manager_abc(//build/toolchain/ohos:ohos_clang_arm)
[OHOS INFO] [NINJA] [1023/4541] COPY obj/foundation/ability/dmsfwk/interfaces/taihe/etsContinueManager/continueManager_taihe_abc.abc obj/foundation/ability/dmsfwk/interfaces/taihe/etsContinueManager/out/rk3568/obj/foundation/ability/dmsfwk/interfaces/taihe/etsContinueManager/continueManager_taihe_abc.abc
[OHOS INFO] [NINJA] [1024/4541] ACTION //base/security/crypto_framework/frameworks/js/ani:crypto_framework_ets(//build/toolchain/ohos:ohos_clang_arm)
[OHOS INFO] [NINJA] [1025/4541] STAMP obj/foundation/arkui/ace_engine/component_ext/movingphoto_ani/movingphotoview_abc_etc.stamp
[OHOS INFO] [NINJA] [1026/4541] STAMP obj/foundation/arkui/ace_engine/frameworks/bridge/arkts_frontend/koala_projects/incremental/common/common_abc.stamp
[OHOS INFO] [NINJA] [1027/4541] STAMP obj/foundation/arkui/ace_engine/frameworks/bridge/arkts_frontend/koala_projects/incremental/compat/compat_abc.stamp
[OHOS INFO] [NINJA] [1028/4541] STAMP obj/foundation/arkui/ace_engine/frameworks/bridge/arkts_frontend/koala_projects/incremental/public/public_abc.stamp
[OHOS INFO] [NINJA] [1029/4541] STAMP obj/foundation/arkui/ace_engine/frameworks/bridge/arkts_frontend/koala_projects/incremental/runtime/runtime_abc.stamp
[OHOS INFO] [NINJA] [1030/4541] ACTION //drivers/external_device_manager/frameworks/js/taihe:device_manager_abc(//build/toolchain/ohos:ohos_clang_arm)
[OHOS INFO] [NINJA] [1031/4541] ACTION //base/useriam/user_auth_framework/frameworks/ets/ani/user_access_ctrl:user_access_ctrl_abc(//build/toolchain/ohos:ohos_clang_arm)
[OHOS INFO] [NINJA] [1032/4541] ACTION //foundation/arkui/ace_engine/advanced_ui_component_static/downloadfilebutton:download_file_button_ets_abc(//build/toolchain/ohos:ohos_clang_arm)
[OHOS INFO] [NINJA] [1033/4541] STAMP obj/foundation/arkui/ace_engine/advanced_ui_component_static/downloadfilebutton/download_file_button_ets_abc.stamp
[OHOS INFO] [NINJA] [1034/4541] COPY obj/foundation/arkui/ace_engine/advanced_ui_component_static/downloadfilebutton/download_file_button_ets_abc/modules_static.abc obj/foundation/arkui/ace_engine/advanced_ui_component_static/downloadfilebutton/download_file_button_ets_abc.abc
[OHOS INFO] [NINJA] [1035/4541] STAMP obj/foundation/arkui/ace_engine/advanced_ui_component_static/downloadfilebutton/copy_download_file_button_ets_abc.stamp
[OHOS INFO] [NINJA] [1036/4541] ACTION //base/useriam/user_auth_framework/frameworks/ets/ani/user_auth:user_auth(//build/toolchain/ohos:ohos_clang_arm)
[OHOS INFO] [NINJA] [1037/4541] ACTION //base/useriam/user_auth_framework/frameworks/ets/ani/user_auth_extension:user_auth_extension(//build/toolchain/ohos:ohos_clang_arm)
[OHOS INFO] [NINJA] [1038/4541] ACTION //drivers/external_device_manager/frameworks/js/ani/driver_extension_ability:driver_extension_ability_abc(//build/toolchain/ohos:ohos_clang_arm)
[OHOS INFO] [NINJA] [1039/4541] ACTION //foundation/arkui/ace_engine/interfaces/ets/ani/pluginComponent:pluginComponent(//build/toolchain/ohos:ohos_clang_arm)
[OHOS INFO] [NINJA] [1040/4541] ACTION //base/security/access_token/frameworks/ets/ani/accesstoken:ability_access_ctrl(//build/toolchain/ohos:ohos_clang_arm)
[OHOS INFO] [NINJA] [1041/4541] ACTION //foundation/arkui/ace_engine/frameworks/bridge/arkts_frontend/koala_projects/interop:interop-arkts_abc(//build/toolchain/ohos:ohos_clang_arm)
[OHOS INFO] [NINJA] [1042/4541] STAMP obj/foundation/arkui/ace_engine/frameworks/bridge/arkts_frontend/koala_projects/interop/interop-arkts_abc.stamp
[OHOS INFO] [NINJA] [1043/4541] STAMP obj/foundation/distributedhardware/device_manager/interfaces/kits/taihe/ohos_distributedDeviceManager_abc.stamp
[OHOS INFO] [NINJA] [1044/4541] COPY obj/foundation/filemanagement/file_api/interfaces/kits/js/ohos_file_environment_abc.abc obj/foundation/filemanagement/file_api/interfaces/kits/js/out/rk3568/obj/foundation/filemanagement/file_api/interfaces/kits/js/ohos_file_environment_abc.abc
[OHOS INFO] [NINJA] [1045/4541] COPY obj/foundation/filemanagement/file_api/interfaces/kits/js/ohos_file_fs_abc.abc obj/foundation/filemanagement/file_api/interfaces/kits/js/out/rk3568/obj/foundation/filemanagement/file_api/interfaces/kits/js/ohos_file_fs_abc.abc
[OHOS INFO] [NINJA] [1046/4541] COPY obj/foundation/filemanagement/file_api/interfaces/kits/js/ohos_file_hash_abc.abc obj/foundation/filemanagement/file_api/interfaces/kits/js/out/rk3568/obj/foundation/filemanagement/file_api/interfaces/kits/js/ohos_file_hash_abc.abc
[OHOS INFO] [NINJA] [1047/4541] COPY obj/foundation/filemanagement/file_api/interfaces/kits/js/ohos_file_securityLabel_abc.abc obj/foundation/filemanagement/file_api/interfaces/kits/js/out/rk3568/obj/foundation/filemanagement/file_api/interfaces/kits/js/ohos_file_securityLabel_abc.abc
[OHOS INFO] [NINJA] [1048/4541] COPY obj/foundation/filemanagement/file_api/interfaces/kits/js/ohos_file_statvfs_abc.abc obj/foundation/filemanagement/file_api/interfaces/kits/js/out/rk3568/obj/foundation/filemanagement/file_api/interfaces/kits/js/ohos_file_statvfs_abc.abc
[OHOS INFO] [NINJA] [1049/4541] ACTION //foundation/bundlemanager/app_domain_verify/interfaces/kits/js/ani:app_domain_verify_ets(//build/toolchain/ohos:ohos_clang_arm)
[OHOS INFO] [NINJA] [1050/4541] ACTION //foundation/bundlemanager/distributed_bundle_framework/interfaces/kits/ani/distributed_bundle_manager:distributed_bundle_manager(//build/toolchain/ohos:ohos_clang_arm)
[OHOS INFO] [NINJA] [1051/4541] ACTION //foundation/communication/dsoftbus/sdk/taihe:linkEnhance_taihe_ani(//build/toolchain/ohos:ohos_clang_arm)
[OHOS INFO] [NINJA] [1052/4541] ACTION //foundation/arkui/ace_engine/interfaces/ets/ani/inspector:inspector(//build/toolchain/ohos:ohos_clang_arm)
[OHOS INFO] [NINJA] [1053/4541] ACTION //foundation/multimedia/media_library/frameworks/ani/ets/photo_picker_static/recent_photo_component:recent_photo_component_ets_abc(//build/toolchain/ohos:ohos_clang_arm)
[OHOS INFO] [NINJA] [1054/4541] STAMP obj/foundation/multimedia/media_library/frameworks/ani/ets/photo_picker_static/recent_photo_component/recent_photo_component_ets_abc.stamp
[OHOS INFO] [NINJA] [1055/4541] COPY obj/foundation/multimedia/media_library/frameworks/ani/ets/photo_picker_static/recent_photo_component/recent_photo_component_ets_abc/modules_static.abc obj/foundation/multimedia/media_library/frameworks/ani/ets/photo_picker_static/recent_photo_component/recent_photo_component_ets_abc.abc
[OHOS INFO] [NINJA] [1056/4541] ACTION //foundation/communication/ipc/ipc/native/src/ani/rpc:rpc_abc(//build/toolchain/ohos:ohos_clang_arm)
[OHOS INFO] [NINJA] [1057/4541] ACTION //foundation/bundlemanager/distributed_bundle_framework/interfaces/kits/ani/distributed_bundle_manager:remote_ability_info(//build/toolchain/ohos:ohos_clang_arm)
[OHOS INFO] [NINJA] [1058/4541] ACTION //foundation/communication/dsoftbus/sdk/taihe/agent_communication:conversation_taihe_ani(//build/toolchain/ohos:ohos_clang_arm)
[OHOS INFO] [NINJA] [1059/4541] ACTION //foundation/arkui/ace_engine/frameworks/core/components_ng/pattern/container_modal/static/source:window_titlebar_component_abc(//build/toolchain/ohos:ohos_clang_arm)
[OHOS INFO] [NINJA] [1060/4541] STAMP obj/foundation/arkui/ace_engine/frameworks/core/components_ng/pattern/container_modal/static/source/window_titlebar_component_abc.stamp
[OHOS INFO] [NINJA] [1061/4541] COPY obj/foundation/arkui/ace_engine/frameworks/core/components_ng/pattern/container_modal/static/source/window_titlebar_component_abc/modules_static.abc obj/foundation/arkui/ace_engine/frameworks/core/components_ng/pattern/container_modal/static/source/window_titlebar_component_abc.abc
[OHOS INFO] [NINJA] [1062/4541] STAMP obj/foundation/arkui/ace_engine/frameworks/core/components_ng/pattern/container_modal/static/source/copy_window_titlebar_component_abc.stamp
[OHOS INFO] [NINJA] [1063/4541] ACTION //foundation/multimedia/av_session/avinputcastpicker_static/avinputcastpicker:av_input_cast_picker_ets_abc(//build/toolchain/ohos:ohos_clang_arm)
[OHOS INFO] [NINJA] [1064/4541] STAMP obj/foundation/multimedia/av_session/avinputcastpicker_static/avinputcastpicker/av_input_cast_picker_ets_abc.stamp
[OHOS INFO] [NINJA] [1065/4541] COPY obj/foundation/arkui/ace_engine/frameworks/core/components_ng/pattern/container_modal/static/source/window_titlebar_component_abc.abc obj/foundation/arkui/ace_engine/frameworks/core/components_ng/pattern/container_modal/static/source/out/rk3568/obj/foundation/arkui/ace_engine/frameworks/core/components_ng/pattern/container_modal/static/source/window_titlebar_component_abc.abc
[OHOS INFO] [NINJA] [1066/4541] STAMP obj/foundation/arkui/ace_engine/frameworks/core/components_ng/pattern/container_modal/static/source/window_titlebar_component_abc_etc.stamp
[OHOS INFO] [NINJA] [1067/4541] COPY obj/foundation/multimedia/av_session/avinputcastpicker_static/avinputcastpicker/av_input_cast_picker_ets_abc/modules_static.abc obj/foundation/multimedia/av_session/avinputcastpicker_static/avinputcastpicker/av_input_cast_picker_ets_abc.abc
[OHOS INFO] [NINJA] [1068/4541] STAMP obj/foundation/arkui/ace_engine/frameworks/core/components_ng/pattern/container_modal/static/source/WindowTitlebarComponent.stamp
[OHOS INFO] [NINJA] [1069/4541] ACTION //foundation/graphic/graphic_2d/interfaces/kits/ani/color_manager:color_space_manager(//build/toolchain/ohos:ohos_clang_arm)
[OHOS INFO] [NINJA] [1070/4541] ACTION //foundation/multimedia/av_session/avvolumepanel_static/avvolumepanel:av_volume_panel_ets_abc(//build/toolchain/ohos:ohos_clang_arm)
[OHOS INFO] [NINJA] [1071/4541] STAMP obj/foundation/multimedia/av_session/avvolumepanel_static/avvolumepanel/av_volume_panel_ets_abc.stamp
[OHOS INFO] [NINJA] [1072/4541] COPY obj/foundation/multimedia/av_session/avvolumepanel_static/avvolumepanel/av_volume_panel_ets_abc/modules_static.abc obj/foundation/multimedia/av_session/avvolumepanel_static/avvolumepanel/av_volume_panel_ets_abc.abc
[OHOS INFO] [NINJA] [1073/4541] ACTION //foundation/multimedia/media_library/frameworks/ani/ets/photo_picker_static/album_picker_component:album_picker_component_ets_abc(//build/toolchain/ohos:ohos_clang_arm)
[OHOS INFO] [NINJA] [1074/4541] STAMP obj/foundation/multimedia/media_library/frameworks/ani/ets/photo_picker_static/album_picker_component/album_picker_component_ets_abc.stamp
[OHOS INFO] [NINJA] [1075/4541] COPY obj/foundation/multimedia/media_library/frameworks/ani/ets/photo_picker_static/album_picker_component/album_picker_component_ets_abc/modules_static.abc obj/foundation/multimedia/media_library/frameworks/ani/ets/photo_picker_static/album_picker_component/album_picker_component_ets_abc.abc
[OHOS INFO] [NINJA] [1076/4541] ACTION //base/security/access_token/frameworks/ets/ani/privacy:privacy_manager(//build/toolchain/ohos:ohos_clang_arm)
[OHOS INFO] [NINJA] [1077/4541] ACTION //foundation/graphic/graphic_2d/interfaces/kits/ani/hdr_capability:hdr_capability(//build/toolchain/ohos:ohos_clang_arm)
[OHOS INFO] [NINJA] [1078/4541] ACTION //foundation/graphic/graphic_2d/interfaces/kits/ani/window_animation_manager:window_animation_manager_ets(//build/toolchain/ohos:ohos_clang_arm)
[OHOS INFO] [NINJA] [1079/4541] ACTION //foundation/communication/wifi/wifi/frameworks/ets/taihe/wifiManager:wifiManager_framework_abc(//build/toolchain/ohos:ohos_clang_arm)
[OHOS INFO] [NINJA] [1080/4541] ACTION //foundation/multimodalinput/input/frameworks/ets/gesture_event:gesture_event(//build/toolchain/ohos:ohos_clang_arm)
[OHOS INFO] [NINJA] [1081/4541] ACTION //foundation/multimodalinput/input/frameworks/ets/input_consumer:input_consumer(//build/toolchain/ohos:ohos_clang_arm)
[OHOS INFO] [NINJA] [1082/4541] STAMP obj/foundation/resourceschedule/background_task_mgr/interfaces/kits/ets/taihe/background_task_manager_abc.stamp
[OHOS INFO] [NINJA] [1083/4541] ACTION //foundation/multimodalinput/input/frameworks/ets/infrared_emitter:infrared_emitter(//build/toolchain/ohos:ohos_clang_arm)
[OHOS INFO] [NINJA] [1084/4541] ACTION //foundation/multimodalinput/input/frameworks/ets/input_event_client:input_event_client(//build/toolchain/ohos:ohos_clang_arm)
[OHOS INFO] [NINJA] [1085/4541] COPY obj/foundation/resourceschedule/work_scheduler/interfaces/kits/ets/taihe/work_scheduler_extension/workscheduler_extension_ability_abc.abc obj/foundation/resourceschedule/work_scheduler/interfaces/kits/ets/taihe/work_scheduler_extension/out/rk3568/obj/foundation/resourceschedule/work_scheduler/interfaces/kits/ets/taihe/work_scheduler_extension/workscheduler_extension_ability_abc.abc
[OHOS INFO] [NINJA] [1086/4541] COPY obj/foundation/resourceschedule/work_scheduler/interfaces/kits/ets/taihe/work_scheduler_extension/workscheduler_extension_context_abc.abc obj/foundation/resourceschedule/work_scheduler/interfaces/kits/ets/taihe/work_scheduler_extension/out/rk3568/obj/foundation/resourceschedule/work_scheduler/interfaces/kits/ets/taihe/work_scheduler_extension/workscheduler_extension_context_abc.abc
[OHOS INFO] [NINJA] [1087/4541] ACTION //foundation/multimodalinput/input/frameworks/ets/input_device:input_device(//build/toolchain/ohos:ohos_clang_arm)
[OHOS INFO] [NINJA] [1088/4541] ACTION //foundation/multimodalinput/input/frameworks/ets/intention_code:intention_code(//build/toolchain/ohos:ohos_clang_arm)
[OHOS INFO] [NINJA] [1089/4541] ACTION //foundation/multimodalinput/input/frameworks/ets/input_monitor:input_monitor(//build/toolchain/ohos:ohos_clang_arm)
[OHOS INFO] [NINJA] [1090/4541] ACTION //foundation/multimodalinput/input/frameworks/ets/input_event:input_event(//build/toolchain/ohos:ohos_clang_arm)
[OHOS INFO] [NINJA] [1091/4541] ACTION //foundation/multimedia/av_session/avpicker_static/avpicker:av_cast_picker_ets_abc(//build/toolchain/ohos:ohos_clang_arm)
[OHOS INFO] [NINJA] [1092/4541] STAMP obj/foundation/multimedia/av_session/avpicker_static/avpicker/av_cast_picker_ets_abc.stamp
[OHOS INFO] [NINJA] [1093/4541] COPY obj/foundation/multimedia/av_session/avpicker_static/avpicker/av_cast_picker_ets_abc/modules_static.abc obj/foundation/multimedia/av_session/avpicker_static/avpicker/av_cast_picker_ets_abc.abc
[OHOS INFO] [NINJA] [1094/4541] ACTION //foundation/graphic/graphic_2d/frameworks/text/interface/mlb/ani:text_engine(//build/toolchain/ohos:ohos_clang_arm)
[OHOS INFO] [NINJA] [1095/4541] STAMP obj/foundation/window/window_manager/interfaces/kits/ani/float_view/float_view_ani/fvwindow_ani.stamp
[OHOS INFO] [NINJA] [1096/4541] STAMP obj/foundation/window/window_manager/interfaces/kits/ani/floating_ball/floating_ball_ani/fbwindow_ani.stamp
[OHOS INFO] [NINJA] [1097/4541] STAMP obj/foundation/window/window_manager/interfaces/kits/ani/picture_in_picture_runtime/pipwindow_ani/pipwindow_ani.stamp
[OHOS INFO] [NINJA] [1098/4541] ACTION //arkcompiler/runtime_core/static_core/plugins/ets:ets2abc_commonsdk_api(//build/toolchain/ohos:ohos_clang_arm)
[OHOS INFO] [NINJA] [1099/4541] STAMP obj/arkcompiler/runtime_core/static_core/plugins/ets/ets2abc_commonsdk_api.stamp
[OHOS INFO] [NINJA] [1100/4541] ACTION //foundation/multimodalinput/input/frameworks/ets/key_event:key_event(//build/toolchain/ohos:ohos_clang_arm)
[OHOS INFO] [NINJA] [1101/4541] ACTION //foundation/multimodalinput/input/frameworks/ets/mouse_event:mouse_event(//build/toolchain/ohos:ohos_clang_arm)
[OHOS INFO] [NINJA] [1102/4541] ACTION //foundation/arkui/ace_engine/advanced_ui_component_static/fullscreenlaunchcomponent:full_screen_launch_ets_abc(//build/toolchain/ohos:ohos_clang_arm)
[OHOS INFO] [NINJA] [1103/4541] STAMP obj/foundation/arkui/ace_engine/advanced_ui_component_static/fullscreenlaunchcomponent/full_screen_launch_ets_abc.stamp
[OHOS INFO] [NINJA] [1104/4541] COPY obj/foundation/arkui/ace_engine/advanced_ui_component_static/fullscreenlaunchcomponent/full_screen_launch_ets_abc/modules_static.abc obj/foundation/arkui/ace_engine/advanced_ui_component_static/fullscreenlaunchcomponent/full_screen_launch_ets_abc.abc
[OHOS INFO] [NINJA] [1105/4541] STAMP obj/foundation/arkui/ace_engine/advanced_ui_component_static/fullscreenlaunchcomponent/copy_full_screen_launch_ets_abc.stamp
[OHOS INFO] [NINJA] [1106/4541] STAMP obj/third_party/mindspore/mindspore-src/source/mindspore-lite/src/litert/taihe/ability_delegator/mindspore_ani_abc.stamp
[OHOS INFO] [NINJA] [1107/4541] ACTION //foundation/multimodalinput/input/frameworks/ets/short_key:short_key(//build/toolchain/ohos:ohos_clang_arm)
[OHOS INFO] [NINJA] [1108/4541] COPY obj/arkcompiler/runtime_core/static_core/plugins/ets/ets2abc_commonsdk_api.abc obj/arkcompiler/runtime_core/static_core/plugins/ets/out/rk3568/obj/arkcompiler/runtime_core/static_core/plugins/ets/ets2abc_commonsdk_api.abc
[OHOS INFO] [NINJA] [1109/4541] COPY obj/arkcompiler/runtime_core/static_core/plugins/ets/ets2abc_commonsdk_arkts.abc obj/arkcompiler/runtime_core/static_core/plugins/ets/out/rk3568/obj/arkcompiler/runtime_core/static_core/plugins/ets/ets2abc_commonsdk_arkts.abc
[OHOS INFO] [NINJA] [1110/4541] STAMP obj/base/account/os_account/frameworks/ets/taihe/app_account_abc.stamp
[OHOS INFO] [NINJA] [1111/4541] STAMP obj/base/account/os_account/frameworks/ets/taihe/distributed_account_abc.stamp
[OHOS INFO] [NINJA] [1112/4541] STAMP obj/base/account/os_account/frameworks/ets/taihe/os_account_abc.stamp
[OHOS INFO] [NINJA] [1113/4541] STAMP obj/base/hiviewdfx/hitrace/interfaces/ets/ani/hitracechain/hitrace_chain.stamp
[OHOS INFO] [NINJA] [1114/4541] STAMP obj/base/hiviewdfx/hitrace/interfaces/ets/ani/hitracemeter/hitrace_meter.stamp
[OHOS INFO] [NINJA] [1115/4541] ACTION //foundation/multimodalinput/input/frameworks/ets/touch_event:touch_event(//build/toolchain/ohos:ohos_clang_arm)
[OHOS INFO] [NINJA] [1116/4541] ACTION //foundation/multimodalinput/input/frameworks/ets/key_code:key_code(//build/toolchain/ohos:ohos_clang_arm)
[OHOS INFO] [NINJA] [1117/4541] ACTION //foundation/systemabilitymgr/selectionfwk/frameworks/ets/taihe/SelectionPanel:SelectionPanel(//build/toolchain/ohos:ohos_clang_arm)
[OHOS INFO] [NINJA] [1118/4541] ACTION //foundation/graphic/graphic_2d/interfaces/kits/ani/drawing:drawing(//build/toolchain/ohos:ohos_clang_arm)
[OHOS INFO] [NINJA] [1119/4541] ACTION //foundation/resourceschedule/work_scheduler/interfaces/kits/ets/taihe/work_scheduler:work_scheduler_abc(//build/toolchain/ohos:ohos_clang_arm)
[OHOS INFO] [NINJA] [1120/4541] ACTION //foundation/window/window_manager/interfaces/kits/ani/display_runtime/display_ani:display_abc(//build/toolchain/ohos:ohos_clang_arm)
[OHOS INFO] [NINJA] [1121/4541] ACTION //foundation/multimodalinput/input/frameworks/ets/pointer:pointer(//build/toolchain/ohos:ohos_clang_arm)
[OHOS INFO] [NINJA] [1122/4541] ACTION //base/inputmethod/imf/frameworks/ets/inputmethodlist:inputmethod_dialog_ets_abc(//build/toolchain/ohos:ohos_clang_arm)
[OHOS INFO] [NINJA] [1123/4541] STAMP obj/base/inputmethod/imf/frameworks/ets/inputmethodlist/inputmethod_dialog_ets_abc.stamp
[OHOS INFO] [NINJA] [1124/4541] COPY obj/base/inputmethod/imf/frameworks/ets/inputmethodlist/inputmethod_dialog_ets_abc/inputmethod_dialog_ets_abc.abc obj/base/inputmethod/imf/frameworks/ets/inputmethodlist/inputmethod_dialog_ets_abc.abc
[OHOS INFO] [NINJA] [1125/4541] ACTION //base/useriam/user_auth_framework/frameworks/ets/ani/user_auth_icon:user_auth_icon_ets_abc(//build/toolchain/ohos:ohos_clang_arm)
[OHOS INFO] [NINJA] [1126/4541] STAMP obj/base/useriam/user_auth_framework/frameworks/ets/ani/user_auth_icon/user_auth_icon_ets_abc.stamp
[OHOS INFO] [NINJA] [1127/4541] COPY obj/base/useriam/user_auth_framework/frameworks/ets/ani/user_auth_icon/user_auth_icon_ets_abc/modules_static.abc obj/base/useriam/user_auth_framework/frameworks/ets/ani/user_auth_icon/user_auth_icon_ets_abc.abc
[OHOS INFO] [NINJA] [1128/4541] ACTION //foundation/multimedia/media_library/frameworks/ani/ets/photo_picker_static/photo_picker_component:photo_picker_component_ets_abc(//build/toolchain/ohos:ohos_clang_arm)
[OHOS INFO] [NINJA] [1129/4541] STAMP obj/foundation/multimedia/media_library/frameworks/ani/ets/photo_picker_static/photo_picker_component/photo_picker_component_ets_abc.stamp
[OHOS INFO] [NINJA] [1130/4541] COPY obj/foundation/multimedia/media_library/frameworks/ani/ets/photo_picker_static/photo_picker_component/photo_picker_component_ets_abc/modules_static.abc obj/foundation/multimedia/media_library/frameworks/ani/ets/photo_picker_static/photo_picker_component/photo_picker_component_ets_abc.abc
[OHOS INFO] [NINJA] [1131/4541] ACTION //foundation/systemabilitymgr/selectionfwk/frameworks/ets/taihe/SelectionManager:selectionManager(//build/toolchain/ohos:ohos_clang_arm)
[OHOS INFO] [NINJA] [1132/4541] ACTION //foundation/distributeddatamgr/udmf/interfaces/taihe/ets:udmf_components_ets_abc(//build/toolchain/ohos:ohos_clang_arm)
[OHOS INFO] [NINJA] [1133/4541] STAMP obj/foundation/distributeddatamgr/udmf/interfaces/taihe/ets/udmf_components_ets_abc.stamp
[OHOS INFO] [NINJA] [1134/4541] ACTION //base/inputmethod/imf/frameworks/ets/taihe/inputMethod:inputmethod_panel_abc(//build/toolchain/ohos:ohos_clang_arm)
[OHOS INFO] [NINJA] [1135/4541] ACTION //foundation/window/window_manager/interfaces/kits/ani/embeddable_window_stage/ets:extension_window_host_ani(//build/toolchain/ohos:ohos_clang_arm)
[OHOS INFO] [NINJA] [1136/4541] ACTION //foundation/window/window_manager/interfaces/kits/ani/screen_runtime/screen_ani:screen_abc(//build/toolchain/ohos:ohos_clang_arm)
[OHOS INFO] [NINJA] [1137/4541] ACTION //foundation/window/window_manager/interfaces/kits/ani/picture_in_picture_runtime/pipwindow_ani:pipcontent_ani(//build/toolchain/ohos:ohos_clang_arm)
[OHOS INFO] [NINJA] [1138/4541] STAMP obj/foundation/window/window_manager/interfaces/kits/ani/picture_in_picture_runtime/pipwindow_ani/pipcontent_ani.stamp
[OHOS INFO] [NINJA] [1139/4541] ACTION //base/inputmethod/imf/frameworks/ets/taihe/inputMethod:inputmethod_subtype_abc(//build/toolchain/ohos:ohos_clang_arm)
[OHOS INFO] [NINJA] [1140/4541] ACTION //base/inputmethod/imf/frameworks/ets/taihe/keyboardPanelManager:inputmethod_systempanelmanager_abc(//build/toolchain/ohos:ohos_clang_arm)
[OHOS INFO] [NINJA] [1141/4541] ACTION //foundation/window/window_manager/interfaces/kits/ani/screenshot_runtime/screenshot_ani:screenshot_abc(//build/toolchain/ohos:ohos_clang_arm)
[OHOS INFO] [NINJA] [1142/4541] ACTION //base/inputmethod/imf/frameworks/ets/taihe/inputMethodEngine:inputmethod_extraconfig_abc(//build/toolchain/ohos:ohos_clang_arm)
[OHOS INFO] [NINJA] [1143/4541] ACTION //base/msdp/device_status/frameworks/ets/devicestatus:multimodalawareness_devicestatus_abc(//build/toolchain/ohos:ohos_clang_arm)
[OHOS INFO] [NINJA] [1144/4541] ACTION //base/msdp/device_status/frameworks/ets/drag:drag_abc(//build/toolchain/ohos:ohos_clang_arm)
[OHOS INFO] [NINJA] [1145/4541] ACTION //base/msdp/device_status/frameworks/ets/coordination:coordination_abc(//build/toolchain/ohos:ohos_clang_arm)
[OHOS INFO] [NINJA] [1146/4541] ACTION //base/msdp/device_status/frameworks/ets/motion:motion_abc(//build/toolchain/ohos:ohos_clang_arm)
[OHOS INFO] [NINJA] [1147/4541] ACTION //base/msdp/device_status/frameworks/ets/onscreen:onScreen_abc(//build/toolchain/ohos:ohos_clang_arm)
[OHOS INFO] [NINJA] [1148/4541] STAMP obj/base/notification/distributed_notification_service/frameworks/ets/ets/notification_action_button_abc.stamp
[OHOS INFO] [NINJA] [1149/4541] STAMP obj/base/notification/distributed_notification_service/frameworks/ets/ets/notification_common_def_abc.stamp
[OHOS INFO] [NINJA] [1150/4541] STAMP obj/base/notification/distributed_notification_service/frameworks/ets/ets/notification_content_abc.stamp
[OHOS INFO] [NINJA] [1151/4541] STAMP obj/base/notification/distributed_notification_service/frameworks/ets/ets/notification_extension_content_abc.stamp
[OHOS INFO] [NINJA] [1152/4541] STAMP obj/base/notification/distributed_notification_service/frameworks/ets/ets/notification_extension_subscriber_extension_ability_abc.stamp
[OHOS INFO] [NINJA] [1153/4541] ACTION //base/msdp/device_status/frameworks/ets/spatialAwareness:spatialAwareness_abc(//build/toolchain/ohos:ohos_clang_arm)
[OHOS INFO] [NINJA] [1154/4541] STAMP obj/base/notification/distributed_notification_service/frameworks/ets/ets/notification_extension_subscriber_extension_context_abc.stamp
[OHOS INFO] [NINJA] [1155/4541] STAMP obj/base/notification/distributed_notification_service/frameworks/ets/ets/notification_extension_subscription_abc.stamp
[OHOS INFO] [NINJA] [1156/4541] STAMP obj/base/notification/distributed_notification_service/frameworks/ets/ets/notification_extension_subscription_info_abc.stamp
[OHOS INFO] [NINJA] [1157/4541] STAMP obj/base/notification/distributed_notification_service/frameworks/ets/ets/notification_flags_abc.stamp
[OHOS INFO] [NINJA] [1158/4541] STAMP obj/base/notification/distributed_notification_service/frameworks/ets/ets/notification_info_abc.stamp
[OHOS INFO] [NINJA] [1159/4541] STAMP obj/base/notification/distributed_notification_service/frameworks/ets/ets/notification_manager_abc.stamp
[OHOS INFO] [NINJA] [1160/4541] ACTION //base/notification/common_event_service/interfaces/kits/ani/common_event:commonEventData(//build/toolchain/ohos:ohos_clang_arm)
[OHOS INFO] [NINJA] [1161/4541] STAMP obj/base/notification/distributed_notification_service/frameworks/ets/ets/notification_request_abc.stamp
[OHOS INFO] [NINJA] [1162/4541] STAMP obj/base/notification/distributed_notification_service/frameworks/ets/ets/notification_slot_abc.stamp
[OHOS INFO] [NINJA] [1163/4541] STAMP obj/base/notification/distributed_notification_service/frameworks/ets/ets/notification_sorting_abc.stamp
[OHOS INFO] [NINJA] [1164/4541] STAMP obj/base/notification/distributed_notification_service/frameworks/ets/ets/notification_sorting_map_abc.stamp
[OHOS INFO] [NINJA] [1165/4541] STAMP obj/base/notification/distributed_notification_service/frameworks/ets/ets/notification_subscribe_abc.stamp
[OHOS INFO] [NINJA] [1166/4541] STAMP obj/base/notification/distributed_notification_service/frameworks/ets/ets/notification_subscribe_info_abc.stamp
[OHOS INFO] [NINJA] [1167/4541] STAMP obj/base/notification/distributed_notification_service/frameworks/ets/ets/notification_subscriber_abc.stamp
[OHOS INFO] [NINJA] [1168/4541] STAMP obj/base/notification/distributed_notification_service/frameworks/ets/ets/notification_template_abc.stamp
[OHOS INFO] [NINJA] [1169/4541] STAMP obj/base/notification/distributed_notification_service/frameworks/ets/ets/notification_user_input_abc.stamp
[OHOS INFO] [NINJA] [1170/4541] ACTION //base/notification/common_event_service/interfaces/kits/ani/common_event:commonEventSubscribeInfo(//build/toolchain/ohos:ohos_clang_arm)
[OHOS INFO] [NINJA] [1171/4541] ACTION //base/notification/common_event_service/interfaces/kits/ani/common_event:commonEventPublishData(//build/toolchain/ohos:ohos_clang_arm)
[OHOS INFO] [NINJA] [1172/4541] ACTION //base/inputmethod/imf/frameworks/ets/taihe/inputMethodEngine:inputmethod_engine_abc(//build/toolchain/ohos:ohos_clang_arm)
[OHOS INFO] [NINJA] [1173/4541] ACTION //base/msdp/device_status/frameworks/ets/underageModel:underageModel_abc(//build/toolchain/ohos:ohos_clang_arm)
[OHOS INFO] [NINJA] [1174/4541] ACTION //base/inputmethod/imf/frameworks/ets/extension/ets:inputmethod_extension_ability_ani(//build/toolchain/ohos:ohos_clang_arm)
[OHOS INFO] [NINJA] [1175/4541] ACTION //base/msdp/device_status/frameworks/ets/metadataBinding:metadataBinding_abc(//build/toolchain/ohos:ohos_clang_arm)
[OHOS INFO] [NINJA] [1176/4541] ACTION //foundation/ability/ability_runtime/frameworks/ets/taihe/distributedmissionmanager:distributedmissionmanager_abc(//build/toolchain/ohos:ohos_clang_arm)
[OHOS INFO] [NINJA] [1177/4541] ACTION //base/notification/common_event_service/interfaces/kits/ani/common_event:commonEventSubscriber(//build/toolchain/ohos:ohos_clang_arm)
[OHOS INFO] [NINJA] [1178/4541] STAMP obj/base/print/print_fwk/interfaces/kits/ani/printani/print.stamp
[OHOS INFO] [NINJA] [1179/4541] STAMP obj/base/print/print_fwk/interfaces/kits/ani/printani/print_extension_ability_ani_abc.stamp
[OHOS INFO] [NINJA] [1180/4541] STAMP obj/base/print/print_fwk/interfaces/kits/ani/printani/print_extension_context_abc.stamp
[OHOS INFO] [NINJA] [1181/4541] STAMP obj/base/print/print_fwk/interfaces/kits/ani/scanani/scan.stamp
[OHOS INFO] [NINJA] [1182/4541] ACTION //base/notification/common_event_service/interfaces/kits/ani/common_event:common_event_manager(//build/toolchain/ohos:ohos_clang_arm)
[OHOS INFO] [NINJA] [1183/4541] ACTION //base/hiviewdfx/hiview/plugins/faultlogger/interfaces/ets/ani/faultlogger:faultlog_extension_ability_ani_abc(//build/toolchain/ohos:ohos_clang_arm)
[OHOS INFO] [NINJA] [1184/4541] STAMP obj/base/security/access_token/frameworks/ets/ani/accesstoken/ability_access_ctrl.stamp
[OHOS INFO] [NINJA] [1185/4541] STAMP obj/base/security/access_token/frameworks/ets/ani/common/Permission_Request_Result.stamp
[OHOS INFO] [NINJA] [1186/4541] STAMP obj/base/security/access_token/frameworks/ets/ani/common/permissions.stamp
[OHOS INFO] [NINJA] [1187/4541] STAMP obj/base/security/access_token/frameworks/ets/ani/el5filekeymanager/screen_lock_file_manager.stamp
[OHOS INFO] [NINJA] [1188/4541] STAMP obj/base/security/access_token/frameworks/ets/ani/privacy/privacy_manager.stamp
[OHOS INFO] [NINJA] [1189/4541] COPY obj/base/security/certificate_framework/frameworks/js/ani/cert_framework_ets.abc obj/base/security/certificate_framework/frameworks/js/ani/out/rk3568/obj/base/security/certificate_framework/frameworks/js/ani/cert_framework_ets.abc
[OHOS INFO] [NINJA] [1190/4541] COPY obj/base/security/certificate_manager/interfaces/kits/ani/certificate_manager_ani/certmanager_abc.abc obj/base/security/certificate_manager/interfaces/kits/ani/certificate_manager_ani/out/rk3568/obj/base/security/certificate_manager/interfaces/kits/ani/certificate_manager_ani/certmanager_abc.abc
[OHOS INFO] [NINJA] [1191/4541] COPY obj/base/security/certificate_manager/interfaces/kits/ani/certificate_manager_dialog_ani/certmanager_dialog_abc.abc obj/base/security/certificate_manager/interfaces/kits/ani/certificate_manager_dialog_ani/out/rk3568/obj/base/security/certificate_manager/interfaces/kits/ani/certificate_manager_dialog_ani/certmanager_dialog_abc.abc
[OHOS INFO] [NINJA] [1192/4541] STAMP obj/base/security/crypto_framework/frameworks/js/ani/crypto_framework_ets.stamp
[OHOS INFO] [NINJA] [1193/4541] ACTION //base/notification/eventhandler/frameworks/emitter:event_emitter_abc(//build/toolchain/ohos:ohos_clang_arm)
[OHOS INFO] [NINJA] [1194/4541] ACTION //base/location/location/frameworks/ets/taihe/locator_sdk:location_framework_abc(//build/toolchain/ohos:ohos_clang_arm)
[OHOS INFO] [NINJA] [1195/4541] STAMP obj/base/startup/init/interfaces/taihe/deviceInfo/deviceInfo.stamp
[OHOS INFO] [NINJA] [1196/4541] STAMP obj/base/startup/init/interfaces/taihe/syscap/global.stamp
[OHOS INFO] [NINJA] [1197/4541] STAMP obj/base/startup/init/interfaces/taihe/systemParameterEnhance/systemParameterEnhance.stamp
[OHOS INFO] [NINJA] [1198/4541] ACTION //base/powermgr/battery_manager/frameworks/ets/taihe/batteryInfo:batteryInfo(//build/toolchain/ohos:ohos_clang_arm)
[OHOS INFO] [NINJA] [1199/4541] ACTION //base/powermgr/battery_statistics/frameworks/ets/taihe/battery_stats:batterystats_abc(//build/toolchain/ohos:ohos_clang_arm)
[OHOS INFO] [NINJA] [1200/4541] ACTION //base/powermgr/battery_manager/frameworks/ets/taihe/charger:charger(//build/toolchain/ohos:ohos_clang_arm)
[OHOS INFO] [NINJA] [1201/4541] ACTION //base/powermgr/display_manager/state_manager/frameworks/ets/taihe/brightness:brightness_abc(//build/toolchain/ohos:ohos_clang_arm)
[OHOS INFO] [NINJA] [1202/4541] ACTION //base/notification/common_event_service/interfaces/kits/ani/common_event:static_subscriber_extension_ability(//build/toolchain/ohos:ohos_clang_arm)
[OHOS INFO] [NINJA] [1203/4541] ACTION //base/notification/common_event_service/interfaces/kits/ani/common_event:static_subscriber_extension_context(//build/toolchain/ohos:ohos_clang_arm)
[OHOS INFO] [NINJA] [1204/4541] ACTION //base/powermgr/power_manager/frameworks/ets/taihe/power:power_abc(//build/toolchain/ohos:ohos_clang_arm)
[OHOS INFO] [NINJA] [1205/4541] ACTION //base/powermgr/power_manager/frameworks/ets/taihe/runninglock:runningLock_abc(//build/toolchain/ohos:ohos_clang_arm)
[OHOS INFO] [NINJA] [1206/4541] ACTION //base/powermgr/thermal_manager/frameworks/ets/taihe/thermal:thermal_abc(//build/toolchain/ohos:ohos_clang_arm)
[OHOS INFO] [NINJA] [1207/4541] ACTION //base/request/request/frameworks/ets/ani/cache_download:cache_download(//build/toolchain/ohos:ohos_clang_arm)
[OHOS INFO] [NINJA] [1208/4541] ACTION //base/notification/distributed_notification_service/frameworks/reminder_ani:reminder_agent_manager_abc(//build/toolchain/ohos:ohos_clang_arm)
[OHOS INFO] [NINJA] [1209/4541] STAMP obj/base/usb/usb_manager/frameworks/ets/taihe/usb_manager/usb_manager_abc.stamp
[OHOS INFO] [NINJA] [1210/4541] STAMP obj/base/usb/usb_manager/frameworks/ets/taihe/usb_manager/usbmanager_serial_abc.stamp
[OHOS INFO] [NINJA] [1211/4541] ACTION //base/telephony/cellular_data/frameworks/ets/ani:cellular_data_abc(//build/toolchain/ohos:ohos_clang_arm)
[OHOS INFO] [NINJA] [1212/4541] ACTION //base/sensors/miscdevice/frameworks/ets/taihe:vibrator_abc(//build/toolchain/ohos:ohos_clang_arm)
[OHOS INFO] [NINJA] [1213/4541] STAMP obj/base/useriam/user_auth_framework/frameworks/ets/ani/user_access_ctrl/user_access_ctrl_abc.stamp
[OHOS INFO] [NINJA] [1214/4541] STAMP obj/base/useriam/user_auth_framework/frameworks/ets/ani/user_auth/user_auth.stamp
[OHOS INFO] [NINJA] [1215/4541] STAMP obj/base/useriam/user_auth_framework/frameworks/ets/ani/user_auth_extension/user_auth_extension.stamp
[OHOS INFO] [NINJA] [1216/4541] STAMP obj/base/useriam/user_auth_framework/frameworks/ets/ani/user_auth_icon/copy_user_auth_icon_ets_abc.stamp
[OHOS INFO] [NINJA] [1217/4541] ACTION //base/telephony/core_service/frameworks/ets/ani/vcard:vcard_ani_abc(//build/toolchain/ohos:ohos_clang_arm)
[OHOS INFO] [NINJA] [1218/4541] ACTION //base/telephony/core_service/frameworks/ets/ani/radio:telephony_radio_abc(//build/toolchain/ohos:ohos_clang_arm)
[OHOS INFO] [NINJA] [1219/4541] ACTION //base/sensors/sensor/frameworks/ets/taihe:sensor_abc(//build/toolchain/ohos:ohos_clang_arm)
[OHOS INFO] [NINJA] [1220/4541] ACTION //base/time/time_service/framework/js/taihe/system_datetime:systemdatetime_abc(//build/toolchain/ohos:ohos_clang_arm)
[OHOS INFO] [NINJA] [1221/4541] ACTION //base/telephony/core_service/frameworks/ets/ani/sim:sim_ani_abc(//build/toolchain/ohos:ohos_clang_arm)
[OHOS INFO] [NINJA] [1222/4541] ACTION //foundation/window/window_manager/interfaces/kits/ani/embeddable_window_stage/ets:extension_window_ani(//build/toolchain/ohos:ohos_clang_arm)
[OHOS INFO] [NINJA] [1223/4541] ACTION //base/useriam/face_auth/frameworks/ets/ani:face_auth_taihe_abc(//build/toolchain/ohos:ohos_clang_arm)
[OHOS INFO] [NINJA] [1224/4541] ACTION //base/telephony/sms_mms/frameworks/ets/taihe:telephony_sms_abc(//build/toolchain/ohos:ohos_clang_arm)
[OHOS INFO] [NINJA] [1225/4541] STAMP obj/drivers/external_device_manager/frameworks/js/ani/driver_extension_ability/driver_extension_ability_abc.stamp
[OHOS INFO] [NINJA] [1226/4541] STAMP obj/drivers/external_device_manager/frameworks/js/taihe/device_manager_abc.stamp
[OHOS INFO] [NINJA] [1227/4541] ACTION //base/request/request/frameworks/ets/ani/request:request(//build/toolchain/ohos:ohos_clang_arm)
[OHOS INFO] [NINJA] [1228/4541] ACTION //base/telephony/call_manager/frameworks/ets/taihe:telephony_call_abc(//build/toolchain/ohos:ohos_clang_arm)
[OHOS INFO] [NINJA] [1229/4541] ACTION //base/update/updateservice/frameworks/js/ani:update_framework_abc(//build/toolchain/ohos:ohos_clang_arm)
[OHOS INFO] [NINJA] [1230/4541] ACTION //base/theme/wallpaper_mgr/frameworks/ets/taihe/wallpapermgr:wallpapermgr_abc(//build/toolchain/ohos:ohos_clang_arm)
[OHOS INFO] [NINJA] [1231/4541] ACTION //foundation/window/window_manager/interfaces/kits/ani/environmental:window_env_static(//build/toolchain/ohos:ohos_clang_arm)
[OHOS INFO] [NINJA] [1232/4541] ACTION //base/telephony/state_registry/frameworks/ets/ani/observer:observer_ani_abc(//build/toolchain/ohos:ohos_clang_arm)
[OHOS INFO] [NINJA] [1233/4541] ACTION //base/time/time_service/framework/js/taihe/system_timer:systemtimer_abc(//build/toolchain/ohos:ohos_clang_arm)
[OHOS INFO] [NINJA] [1234/4541] ACTION //base/useriam/companion_device_auth/frameworks/ets/ani:companiondeviceauth(//build/toolchain/ohos:ohos_clang_arm)
[OHOS INFO] [NINJA] [1235/4541] ACTION //developtools/profiler/hidebug/interfaces/ets/ani/hidebug:hidebug(//build/toolchain/ohos:ohos_clang_arm)
[OHOS INFO] [NINJA] [1236/4541] ACTION //base/web/webview/interfaces/kits/ani/webnativemessagingextension/ets:web_native_messaging_extension_ability(//build/toolchain/ohos:ohos_clang_arm)
[OHOS INFO] [NINJA] [1237/4541] ACTION //foundation/ability/ability_runtime/agent_runtime_framework/frameworks/ets/ets:agent_runtime_agent_card_abc(//build/toolchain/ohos:ohos_clang_arm)
[OHOS INFO] [NINJA] [1238/4541] ACTION //developtools/syscap_codec/taihe/syscap:systemCapability(//build/toolchain/ohos:ohos_clang_arm)
[OHOS INFO] [NINJA] [1239/4541] ACTION //foundation/ability/ability_runtime/agent_runtime_framework/frameworks/ets/ets:agent_runtime_agent_extension_connect_callback_abc(//build/toolchain/ohos:ohos_clang_arm)
[OHOS INFO] [NINJA] [1240/4541] ACTION //base/web/webview/interfaces/kits/ani/webnativemessagingextension/ets:web_native_messaging_extension_manager(//build/toolchain/ohos:ohos_clang_arm)
[OHOS INFO] [NINJA] [1241/4541] ACTION //base/web/webview/interfaces/kits/ani/webnativemessagingextension/ets:web_native_messaging_extension_context(//build/toolchain/ohos:ohos_clang_arm)
[OHOS INFO] [NINJA] [1242/4541] ACTION //foundation/ability/ability_runtime/agent_runtime_framework/frameworks/ets/ets:agent_runtime_agent_constant_abc(//build/toolchain/ohos:ohos_clang_arm)
[OHOS INFO] [NINJA] [1243/4541] ACTION //foundation/ability/ability_runtime/agent_runtime_framework/frameworks/ets/ets:agent_runtime_agent_host_proxy_abc(//build/toolchain/ohos:ohos_clang_arm)
[OHOS INFO] [NINJA] [1244/4541] ACTION //foundation/ability/ability_runtime/agent_runtime_framework/frameworks/ets/ets:agent_runtime_agent_proxy_abc(//build/toolchain/ohos:ohos_clang_arm)
[OHOS INFO] [NINJA] [1245/4541] ACTION //foundation/ability/ability_runtime/agent_runtime_framework/frameworks/ets/ets:agent_runtime_agent_utils_abc(//build/toolchain/ohos:ohos_clang_arm)
[OHOS INFO] [NINJA] [1246/4541] ACTION //base/inputmethod/imf/frameworks/ets/taihe/inputMethod:inputmethod_abc(//build/toolchain/ohos:ohos_clang_arm)
[OHOS INFO] [NINJA] [1247/4541] ACTION //foundation/ability/ability_runtime/agent_runtime_framework/frameworks/ets/ets:agent_runtime_agent_extension_abc(//build/toolchain/ohos:ohos_clang_arm)
[OHOS INFO] [NINJA] [1248/4541] ACTION //foundation/ability/ability_runtime/frameworks/ets/ets:ability_ability_abc(//build/toolchain/ohos:ohos_clang_arm)
[OHOS INFO] [NINJA] [1249/4541] ACTION //foundation/ability/ability_runtime/frameworks/ets/ets:ability_delegator_application_testRunner_abc(//build/toolchain/ohos:ohos_clang_arm)
[OHOS INFO] [NINJA] [1250/4541] ACTION //foundation/ability/ability_runtime/frameworks/ets/ets:ability_delegator_args_abc(//build/toolchain/ohos:ohos_clang_arm)
[OHOS INFO] [NINJA] [1251/4541] ACTION //foundation/ability/form_fwk/services/form_render_service:formrender_service_hap__js_assets(//build/toolchain/ohos:ohos_clang_arm)
[OHOS INFO] [NINJA] [1252/4536] ACTION //foundation/ability/ability_runtime/frameworks/ets/ets:ability_first_frame_state_data_abc(//build/toolchain/ohos:ohos_clang_arm)
[OHOS INFO] [NINJA] [1253/4536] ACTION //foundation/ability/ability_runtime/agent_runtime_framework/frameworks/ets/ets:agent_runtime_agent_extension_context_abc(//build/toolchain/ohos:ohos_clang_arm)
[OHOS INFO] [NINJA] [1254/4536] ACTION //foundation/ability/ability_runtime/agent_runtime_framework/frameworks/ets/ets:agent_runtime_agent_manager_abc(//build/toolchain/ohos:ohos_clang_arm)
[OHOS INFO] [NINJA] [1255/4536] ACTION //foundation/window/window_manager/interfaces/kits/ani/window_runtime/window_stage_ani:window_stage_ani(//build/toolchain/ohos:ohos_clang_arm)
[OHOS INFO] [NINJA] [1256/4536] ACTION //foundation/ability/ability_runtime/frameworks/ets/ets:ability_first_frame_state_observer_abc(//build/toolchain/ohos:ohos_clang_arm)
[OHOS INFO] [NINJA] [1257/4536] ACTION //foundation/ability/ability_runtime/agent_runtime_framework/frameworks/ets/ets:agent_runtime_agent_ui_extension_ability_abc(//build/toolchain/ohos:ohos_clang_arm)
[OHOS INFO] [NINJA] [1258/4536] ACTION //foundation/ability/ability_runtime/frameworks/ets/ets:ability_application_abc(//build/toolchain/ohos:ohos_clang_arm)
[OHOS INFO] [NINJA] [1259/4536] ACTION //foundation/ability/ability_runtime/frameworks/ets/ets:ability_foreground_state_observer_abc(//build/toolchain/ohos:ohos_clang_arm)
[OHOS INFO] [NINJA] [1260/4536] ACTION //foundation/ability/ability_runtime/frameworks/ets/ets:ability_delegator_ability_monitor_abc(//build/toolchain/ohos:ohos_clang_arm)
[OHOS INFO] [NINJA] [1261/4536] ACTION //foundation/ability/ability_runtime/frameworks/ets/ets:ability_delegator_abc(//build/toolchain/ohos:ohos_clang_arm)
[OHOS INFO] [NINJA] [1262/4536] ACTION //foundation/ability/ability_runtime/frameworks/ets/ets:ability_runtime_ability_context_constant_abc(//build/toolchain/ohos:ohos_clang_arm)
[OHOS INFO] [NINJA] [1263/4536] ACTION //foundation/ability/ability_runtime/frameworks/ets/ets:ability_runtime_ability_dialogRequest_abc(//build/toolchain/ohos:ohos_clang_arm)
[OHOS INFO] [NINJA] [1264/4536] ACTION //foundation/ability/ability_runtime/frameworks/ets/ets:ability_runtime_ability_result_abc(//build/toolchain/ohos:ohos_clang_arm)
[OHOS INFO] [NINJA] [1265/4536] ACTION //foundation/ability/ability_runtime/frameworks/ets/ets:ability_delegator_interop_ability_monitor_abc(//build/toolchain/ohos:ohos_clang_arm)
[OHOS INFO] [NINJA] [1266/4536] ACTION //foundation/ability/ability_runtime/frameworks/ets/ets:ability_delegator_registry_abc(//build/toolchain/ohos:ohos_clang_arm)
[OHOS INFO] [NINJA] [1267/4536] ACTION //foundation/ability/ability_runtime/frameworks/ets/ets:ability_runtime_ability_stage_monitor_abc(//build/toolchain/ohos:ohos_clang_arm)
[OHOS INFO] [NINJA] [1268/4536] ACTION //foundation/ability/ability_runtime/frameworks/ets/ets:ability_runtime_ability_start_callback_abc(//build/toolchain/ohos:ohos_clang_arm)
[OHOS INFO] [NINJA] [1269/4536] ACTION //foundation/ability/ability_runtime/frameworks/ets/ets:ability_runtime_ability_abc(//build/toolchain/ohos:ohos_clang_arm)
[OHOS INFO] [NINJA] [1270/4536] ACTION //foundation/ability/ability_runtime/frameworks/ets/ets:ability_runtime_ability_state_data_abc(//build/toolchain/ohos:ohos_clang_arm)
[OHOS INFO] [NINJA] [1271/4536] ACTION //foundation/ability/ability_runtime/frameworks/ets/ets:ability_runtime_AbilityRunningInfo_abc(//build/toolchain/ohos:ohos_clang_arm)
[OHOS INFO] [NINJA] [1272/4536] ACTION //foundation/ability/ability_runtime/frameworks/ets/ets:ability_runtime_ability_system_configuration_updated_callback_abc(//build/toolchain/ohos:ohos_clang_arm)
[OHOS INFO] [NINJA] [1273/4536] ACTION //foundation/ability/ability_runtime/frameworks/ets/ets:ability_runtime_ability_constant_abc(//build/toolchain/ohos:ohos_clang_arm)
[OHOS INFO] [NINJA] [1274/4536] ACTION //foundation/ability/ability_runtime/frameworks/ets/ets:ability_runtime_ability_utils_abc(//build/toolchain/ohos:ohos_clang_arm)
[OHOS INFO] [NINJA] [1275/4536] ACTION //foundation/ability/ability_runtime/frameworks/ets/ets:ability_runtime_ability_mission_manager_abc(//build/toolchain/ohos:ohos_clang_arm)
[OHOS INFO] [NINJA] [1276/4536] ACTION //foundation/ability/ability_runtime/frameworks/ets/ets:ability_runtime_ability_stage_abc(//build/toolchain/ohos:ohos_clang_arm)
[OHOS INFO] [NINJA] [1277/4536] ACTION //foundation/ability/ability_runtime/frameworks/ets/ets:ability_runtime_app_state_data_abc(//build/toolchain/ohos:ohos_clang_arm)
[OHOS INFO] [NINJA] [1278/4536] ACTION //foundation/ability/ability_runtime/frameworks/ets/ets:ability_runtime_application_state_change_callback_abc(//build/toolchain/ohos:ohos_clang_arm)
[OHOS INFO] [NINJA] [1279/4536] ACTION //foundation/ability/ability_runtime/frameworks/ets/ets:ability_runtime_app_memory_optimizer_abc(//build/toolchain/ohos:ohos_clang_arm)
[OHOS INFO] [NINJA] [1280/4536] ACTION //foundation/ability/ability_runtime/frameworks/ets/ets:ability_runtime_ability_manager_abc(//build/toolchain/ohos:ohos_clang_arm)
[OHOS INFO] [NINJA] [1281/4536] ACTION //foundation/ability/ability_runtime/frameworks/ets/ets:ability_runtime_ability_stage_context_abc(//build/toolchain/ohos:ohos_clang_arm)
[OHOS INFO] [NINJA] [1282/4536] ACTION //foundation/ability/ability_runtime/frameworks/ets/ets:ability_runtime_action_extension_ability_abc(//build/toolchain/ohos:ohos_clang_arm)
[OHOS INFO] [NINJA] [1283/4536] ACTION //foundation/ability/ability_runtime/frameworks/ets/ets:ability_runtime_auto_fill_rect_abc(//build/toolchain/ohos:ohos_clang_arm)
[OHOS INFO] [NINJA] [1284/4536] ACTION //foundation/ability/ability_runtime/frameworks/ets/ets:ability_runtime_auto_fill_popup_config_abc(//build/toolchain/ohos:ohos_clang_arm)
[OHOS INFO] [NINJA] [1285/4536] ACTION //foundation/ability/ability_runtime/frameworks/ets/ets:ability_runtime_auto_fill_trigger_type_abc(//build/toolchain/ohos:ohos_clang_arm)
[OHOS INFO] [NINJA] [1286/4536] ACTION //foundation/ability/ability_runtime/frameworks/ets/ets:ability_runtime_auto_fill_request_abc(//build/toolchain/ohos:ohos_clang_arm)
[OHOS INFO] [NINJA] [1287/4536] ACTION //foundation/ability/ability_runtime/frameworks/ets/ets:ability_runtime_auto_startup_info_abc(//build/toolchain/ohos:ohos_clang_arm)
[OHOS INFO] [NINJA] [1288/4536] ACTION //foundation/ability/ability_runtime/frameworks/ets/ets:ability_runtime_base_context_abc(//build/toolchain/ohos:ohos_clang_arm)
[OHOS INFO] [NINJA] [1289/4536] ACTION //foundation/ability/ability_runtime/frameworks/ets/ets:ability_runtime_auto_fill_type_abc(//build/toolchain/ohos:ohos_clang_arm)
[OHOS INFO] [NINJA] [1290/4536] ACTION //foundation/ability/ability_runtime/frameworks/ets/ets:ability_runtime_auto_startup_callback_abc(//build/toolchain/ohos:ohos_clang_arm)
[OHOS INFO] [NINJA] [1291/4536] ACTION //foundation/ability/ability_runtime/frameworks/ets/ets:ability_runtime_auto_fill_extension_ability_abc(//build/toolchain/ohos:ohos_clang_arm)
[OHOS INFO] [NINJA] [1292/4536] ACTION //foundation/ability/ability_runtime/frameworks/ets/ets:ability_runtime_app_manager_abc(//build/toolchain/ohos:ohos_clang_arm)
[OHOS INFO] [NINJA] [1293/4536] ACTION //foundation/ability/ability_runtime/frameworks/ets/ets:ability_runtime_auto_startup_manager_abc(//build/toolchain/ohos:ohos_clang_arm)
[OHOS INFO] [NINJA] [1294/4536] ACTION //foundation/ability/ability_runtime/frameworks/ets/ets:ability_runtime_child_process_abc(//build/toolchain/ohos:ohos_clang_arm)
[OHOS INFO] [NINJA] [1295/4536] ACTION //foundation/ability/ability_runtime/frameworks/ets/ets:ability_runtime_auto_fill_extension_context_abc(//build/toolchain/ohos:ohos_clang_arm)
[OHOS INFO] [NINJA] [1296/4536] ACTION //foundation/ability/ability_runtime/frameworks/ets/ets:ability_runtime_child_process_args_abc(//build/toolchain/ohos:ohos_clang_arm)
[OHOS INFO] [NINJA] [1297/4536] ACTION //foundation/ability/ability_runtime/frameworks/ets/ets:ability_runtime_child_process_manager_abc(//build/toolchain/ohos:ohos_clang_arm)
[OHOS INFO] [NINJA] [1298/4536] ACTION //foundation/ability/ability_runtime/frameworks/ets/ets:ability_runtime_child_process_options_abc(//build/toolchain/ohos:ohos_clang_arm)
[OHOS INFO] [NINJA] [1299/4536] ACTION //foundation/ability/ability_runtime/frameworks/ets/ets:ability_runtime_completion_handler_abc(//build/toolchain/ohos:ohos_clang_arm)
[OHOS INFO] [NINJA] [1300/4536] ACTION //foundation/ability/ability_runtime/frameworks/ets/ets:ability_runtime_configuration_abc(//build/toolchain/ohos:ohos_clang_arm)
[OHOS INFO] [NINJA] [1301/4536] ACTION //foundation/ability/ability_runtime/frameworks/ets/ets:ability_runtime_completionHandler_callback_abc(//build/toolchain/ohos:ohos_clang_arm)
[OHOS INFO] [NINJA] [1302/4536] ACTION //foundation/ability/ability_runtime/frameworks/ets/ets:ability_runtime_connect_options_abc(//build/toolchain/ohos:ohos_clang_arm)
[OHOS INFO] [NINJA] [1303/4536] ACTION //foundation/ability/ability_runtime/frameworks/ets/ets:ability_runtime_configuration_constant_abc(//build/toolchain/ohos:ohos_clang_arm)
[OHOS INFO] [NINJA] [1304/4536] ACTION //foundation/ability/ability_runtime/frameworks/ets/ets:ability_runtime_data_ability_helper_abc(//build/toolchain/ohos:ohos_clang_arm)
[OHOS INFO] [NINJA] [1305/4536] ACTION //foundation/ability/ability_runtime/frameworks/ets/ets:ability_runtime_custom_data_abc(//build/toolchain/ohos:ohos_clang_arm)
[OHOS INFO] [NINJA] [1306/4536] ACTION //foundation/ability/ability_runtime/frameworks/ets/ets:ability_runtime_data_uri_utils_abc(//build/toolchain/ohos:ohos_clang_arm)
[OHOS INFO] [NINJA] [1307/4536] ACTION //foundation/ability/ability_runtime/frameworks/ets/ets:ability_runtime_error_code_abc(//build/toolchain/ohos:ohos_clang_arm)
[OHOS INFO] [NINJA] [1308/4536] ACTION //foundation/ability/ability_runtime/frameworks/ets/ets:ability_runtime_event_hub_abc(//build/toolchain/ohos:ohos_clang_arm)
[OHOS INFO] [NINJA] [1309/4536] ACTION //foundation/ability/ability_runtime/frameworks/ets/ets:ability_runtime_context_abc(//build/toolchain/ohos:ohos_clang_arm)
[OHOS INFO] [NINJA] [1310/4536] ACTION //foundation/ability/ability_runtime/frameworks/ets/ets:ability_runtime_hyper_snap_manager_abc(//build/toolchain/ohos:ohos_clang_arm)
[OHOS INFO] [NINJA] [1311/4536] ACTION //foundation/ability/ability_runtime/frameworks/ets/ets:ability_runtime_insight_intent_abc(//build/toolchain/ohos:ohos_clang_arm)
[OHOS INFO] [NINJA] [1312/4536] ACTION //base/inputmethod/imf/services/dialog:input_method_choose_hap__js_assets(//build/toolchain/ohos:ohos_clang_arm)
[OHOS INFO] [NINJA] [1313/4532] ACTION //foundation/ability/ability_runtime/frameworks/ets/ets:ability_runtime_insight_intent_context_abc(//build/toolchain/ohos:ohos_clang_arm)
[OHOS INFO] [NINJA] [1314/4532] ACTION //foundation/window/window_manager/window_scene/interfaces/kits/ani/scene_session_manager/scene_session_manager_ani:scene_session_manager_abc(//build/toolchain/ohos:ohos_clang_arm)
[OHOS INFO] [NINJA] [1315/4532] ACTION //foundation/ability/ability_runtime/frameworks/ets/ets:ability_runtime_caller_callee_abc(//build/toolchain/ohos:ohos_clang_arm)
[OHOS INFO] [NINJA] [1316/4532] ACTION //foundation/ability/ability_runtime/frameworks/ets/ets:ability_runtime_environment_callback_abc(//build/toolchain/ohos:ohos_clang_arm)
[OHOS INFO] [NINJA] [1317/4532] ACTION //foundation/ability/ability_runtime/frameworks/ets/ets:ability_runtime_embedded_uiextension_ability_abc(//build/toolchain/ohos:ohos_clang_arm)
[OHOS INFO] [NINJA] [1318/4532] ACTION //foundation/ability/ability_runtime/frameworks/ets/ets:ability_runtime_dialog_session_abc(//build/toolchain/ohos:ohos_clang_arm)
[OHOS INFO] [NINJA] [1319/4532] ACTION //foundation/ability/ability_runtime/frameworks/ets/ets:ability_runtime_extension_running_info_abc(//build/toolchain/ohos:ohos_clang_arm)
[OHOS INFO] [NINJA] [1320/4532] ACTION //foundation/ability/ability_runtime/frameworks/ets/ets:ability_runtime_extension_context_abc(//build/toolchain/ohos:ohos_clang_arm)
[OHOS INFO] [NINJA] [1321/4532] ACTION //foundation/ability/ability_runtime/frameworks/ets/ets:ability_runtime_extension_ability_abc(//build/toolchain/ohos:ohos_clang_arm)
[OHOS INFO] [NINJA] [1322/4532] ACTION //foundation/ability/ability_runtime/frameworks/ets/ets:ability_runtime_insight_intent_decorator_abc(//build/toolchain/ohos:ohos_clang_arm)
[OHOS INFO] [NINJA] [1323/4532] ACTION //foundation/ability/ability_runtime/frameworks/ets/ets:ability_runtime_insight_intent_driver_abc(//build/toolchain/ohos:ohos_clang_arm)
[OHOS INFO] [NINJA] [1324/4532] ACTION //foundation/ability/ability_runtime/frameworks/ets/ets:ability_runtime_insight_intent_provider_abc(//build/toolchain/ohos:ohos_clang_arm)
[OHOS INFO] [NINJA] [1325/4532] ACTION //foundation/ability/ability_runtime/frameworks/ets/ets:ability_runtime_kiosk_status_abc(//build/toolchain/ohos:ohos_clang_arm)
[OHOS INFO] [NINJA] [1326/4532] ACTION //foundation/ability/ability_runtime/frameworks/ets/ets:ability_runtime_mission_info_abc(//build/toolchain/ohos:ohos_clang_arm)
[OHOS INFO] [NINJA] [1327/4532] ACTION //foundation/ability/ability_runtime/frameworks/ets/ets:ability_runtime_multi_app_mode_abc(//build/toolchain/ohos:ohos_clang_arm)
[OHOS INFO] [NINJA] [1328/4532] ACTION //foundation/ability/ability_runtime/frameworks/ets/ets:ability_runtime_openLink_options_abc(//build/toolchain/ohos:ohos_clang_arm)
[OHOS INFO] [NINJA] [1329/4532] ACTION //foundation/ability/ability_runtime/frameworks/ets/ets:ability_runtime_page_node_info_abc(//build/toolchain/ohos:ohos_clang_arm)
[OHOS INFO] [NINJA] [1330/4532] ACTION //foundation/resourceschedule/background_task_mgr/resources:backgroundtaskresources_hap__js_assets(//build/toolchain/ohos:ohos_clang_arm)
[OHOS INFO] [NINJA] [1331/4527] ACTION //foundation/ability/ability_runtime/frameworks/ets/ets:ability_runtime_process_data_abc(//build/toolchain/ohos:ohos_clang_arm)
[OHOS INFO] [NINJA] [1332/4527] ACTION //foundation/ability/ability_runtime/frameworks/ets/ets:ability_runtime_running_app_clone_abc(//build/toolchain/ohos:ohos_clang_arm)
[OHOS INFO] [NINJA] [1333/4527] ACTION //foundation/ability/ability_runtime/frameworks/ets/ets:ability_runtime_ability_lifecycle_callback_abc(//build/toolchain/ohos:ohos_clang_arm)
[OHOS INFO] [NINJA] [1334/4527] ACTION //foundation/ability/ability_runtime/frameworks/ets/ets:ability_runtime_running_multi_appinfo_abc(//build/toolchain/ohos:ohos_clang_arm)
[OHOS INFO] [NINJA] [1335/4527] ACTION //foundation/ability/ability_runtime/frameworks/ets/ets:ability_runtime_running_multi_instance_info_abc(//build/toolchain/ohos:ohos_clang_arm)
[OHOS INFO] [NINJA] [1336/4527] ACTION //foundation/ability/ability_runtime/frameworks/ets/ets:ability_runtime_kiosk_manager_abc(//build/toolchain/ohos:ohos_clang_arm)
[OHOS INFO] [NINJA] [1337/4527] ACTION //foundation/ability/ability_runtime/frameworks/ets/ets:ability_runtime_mission_listener_abc(//build/toolchain/ohos:ohos_clang_arm)
[OHOS INFO] [NINJA] [1338/4527] ACTION //foundation/ability/ability_runtime/frameworks/ets/ets:ability_runtime_mission_snapshot_abc(//build/toolchain/ohos:ohos_clang_arm)
[OHOS INFO] [NINJA] [1339/4527] ACTION //foundation/ability/ability_runtime/frameworks/ets/ets:ability_runtime_startup_config_abc(//build/toolchain/ohos:ohos_clang_arm)
[OHOS INFO] [NINJA] [1340/4527] ACTION //foundation/ability/ability_runtime/frameworks/ets/ets:ability_runtime_startup_config_entry_abc(//build/toolchain/ohos:ohos_clang_arm)
[OHOS INFO] [NINJA] [1341/4527] ACTION //foundation/ability/ability_runtime/frameworks/ets/ets:ability_runtime_startup_listener_abc(//build/toolchain/ohos:ohos_clang_arm)
[OHOS INFO] [NINJA] [1342/4527] ACTION //foundation/ability/ability_runtime/frameworks/ets/ets:ability_runtime_shell_cmd_result_abc(//build/toolchain/ohos:ohos_clang_arm)
[OHOS INFO] [NINJA] [1343/4527] ACTION //foundation/ability/ability_runtime/frameworks/ets/ets:ability_runtime_share_extension_ability_abc(//build/toolchain/ohos:ohos_clang_arm)
[OHOS INFO] [NINJA] [1344/4527] ACTION //foundation/ability/ability_runtime/frameworks/ets/ets:ability_runtime_process_information_abc(//build/toolchain/ohos:ohos_clang_arm)
[OHOS INFO] [NINJA] [1345/4527] ACTION //foundation/ability/ability_runtime/frameworks/ets/ets:ability_runtime_view_data_abc(//build/toolchain/ohos:ohos_clang_arm)
[OHOS INFO] [NINJA] [1346/4527] ACTION //foundation/ability/ability_runtime/frameworks/ets/ets:ability_runtime_application_context_abc(//build/toolchain/ohos:ohos_clang_arm)
[OHOS INFO] [NINJA] [1347/4527] ACTION //foundation/ability/ability_runtime/frameworks/ets/ets:ability_runtime_want_abc(//build/toolchain/ohos:ohos_clang_arm)
[OHOS INFO] [NINJA] [1348/4527] ACTION //foundation/ability/ability_runtime/frameworks/ets/ets:ability_runtime_start_options_abc(//build/toolchain/ohos:ohos_clang_arm)
[OHOS INFO] [NINJA] [1349/4527] ACTION //foundation/ability/ability_runtime/frameworks/ets/ets:ability_runtime_trigger_info_abc(//build/toolchain/ohos:ohos_clang_arm)
[OHOS INFO] [NINJA] [1350/4527] ACTION //foundation/ability/ability_runtime/frameworks/ets/ets:ability_runtime_startup_task_executor_abc(//build/toolchain/ohos:ohos_clang_arm)
[OHOS INFO] [NINJA] [1351/4527] ACTION //foundation/ability/ability_runtime/frameworks/ets/ets:ability_runtime_startup_task_abc(//build/toolchain/ohos:ohos_clang_arm)
[OHOS INFO] [NINJA] [1352/4527] ACTION //foundation/ability/ability_runtime/frameworks/ets/ets:ability_runtime_ui_service_extension_ability_abc(//build/toolchain/ohos:ohos_clang_arm)
[OHOS INFO] [NINJA] [1353/4527] ACTION //foundation/ability/ability_runtime/frameworks/ets/ets:ability_runtime_want_constant_abc(//build/toolchain/ohos:ohos_clang_arm)
[OHOS INFO] [NINJA] [1354/4527] ACTION //foundation/ability/ability_runtime/frameworks/ets/ets:ability_runtime_vertical_panel_manager_abc(//build/toolchain/ohos:ohos_clang_arm)
[OHOS INFO] [NINJA] [1355/4527] ACTION //foundation/ability/ability_runtime/frameworks/ets/ets:ability_runtime_startup_manager_abc(//build/toolchain/ohos:ohos_clang_arm)
[OHOS INFO] [NINJA] [1356/4527] ACTION //foundation/ability/ability_runtime/frameworks/ets/ets:app_foreground_state_observer_abc(//build/toolchain/ohos:ohos_clang_arm)
[OHOS INFO] [NINJA] [1357/4527] ACTION //foundation/ability/ability_runtime/frameworks/ets/ets:app_processInfo_abc(//build/toolchain/ohos:ohos_clang_arm)
[OHOS INFO] [NINJA] [1358/4527] ACTION //foundation/ability/ability_runtime/frameworks/ets/ets:ability_runtime_auto_fill_manager_abc(//build/toolchain/ohos:ohos_clang_arm)
[OHOS INFO] [NINJA] [1359/4527] ACTION //foundation/ability/ability_runtime/frameworks/ets/ets:ability_runtime_want_agent_info_abc(//build/toolchain/ohos:ohos_clang_arm)
[OHOS INFO] [NINJA] [1360/4527] ACTION //foundation/ability/ability_runtime/frameworks/ets/ets:application_state_observer_abc(//build/toolchain/ohos:ohos_clang_arm)
[OHOS INFO] [NINJA] [1361/4527] ACTION //foundation/ability/ability_runtime/frameworks/ets/ets:ability_runtime_want_agent_abc(//build/toolchain/ohos:ohos_clang_arm)
[OHOS INFO] [NINJA] [1362/4527] ACTION //foundation/ability/ability_runtime/frameworks/ets/ets:completion_handler_for_atomic_service_abc(//build/toolchain/ohos:ohos_clang_arm)
[OHOS INFO] [NINJA] [1363/4527] ACTION //foundation/ability/ability_runtime/frameworks/ets/ets:errorManager_abc(//build/toolchain/ohos:ohos_clang_arm)
[OHOS INFO] [NINJA] [1364/4527] STAMP obj/foundation/ability/ability_runtime/frameworks/ets/taihe/distributedmissionmanager/distributedmissionmanager_abc.stamp
[OHOS INFO] [NINJA] [1365/4527] ACTION //foundation/ability/ability_runtime/frameworks/ets/ets:appRecovery_abc(//build/toolchain/ohos:ohos_clang_arm)
[OHOS INFO] [NINJA] [1366/4527] ACTION //foundation/ability/ability_runtime/frameworks/ets/ets:quick_fix_manager_abc(//build/toolchain/ohos:ohos_clang_arm)
[OHOS INFO] [NINJA] [1367/4527] STAMP obj/foundation/ability/dmsfwk/interfaces/taihe/etsContinueManager/continueManager_etc.stamp
[OHOS INFO] [NINJA] [1368/4527] ACTION //foundation/ability/ability_runtime/frameworks/ets/ets:business_ability_info_abc(//build/toolchain/ohos:ohos_clang_arm)
[OHOS INFO] [NINJA] [1369/4527] ACTION //foundation/ability/ability_runtime/frameworks/ets/ets:atomic_service_options_abc(//build/toolchain/ohos:ohos_clang_arm)
[OHOS INFO] [NINJA] [1370/4527] ACTION //foundation/ability/ability_runtime/frameworks/ets/ets:ui_service_extension_connect_callback_abc(//build/toolchain/ohos:ohos_clang_arm)
[OHOS INFO] [NINJA] [1371/4527] ACTION //foundation/ability/ability_runtime/frameworks/ets/ets:ui_service_host_proxy_abc(//build/toolchain/ohos:ohos_clang_arm)
[OHOS INFO] [NINJA] [1372/4527] ACTION //foundation/ability/ability_runtime/frameworks/ets/ets:business_ability_router_abc(//build/toolchain/ohos:ohos_clang_arm)
[OHOS INFO] [NINJA] [1373/4527] ACTION //foundation/ability/ability_runtime/frameworks/ets/ets:uri_permission_manager_abc(//build/toolchain/ohos:ohos_clang_arm)
[OHOS INFO] [NINJA] [1374/4527] ACTION //foundation/ability/ability_runtime/frameworks/ets/ets:ui_service_proxy_abc(//build/toolchain/ohos:ohos_clang_arm)
[OHOS INFO] [NINJA] [1375/4527] ACTION //foundation/ability/form_fwk/frameworks/ets/ani/form_agent:formagent(//build/toolchain/ohos:ohos_clang_arm)
[OHOS INFO] [NINJA] [1376/4527] ACTION //foundation/ability/form_fwk/frameworks/ets/ani/form_binding_data:form_binding_data(//build/toolchain/ohos:ohos_clang_arm)
[OHOS INFO] [NINJA] [1377/4527] ACTION //foundation/ability/form_fwk/frameworks/ets/ani/form_error:formError(//build/toolchain/ohos:ohos_clang_arm)
[OHOS INFO] [NINJA] [1378/4527] ACTION //foundation/ability/ability_runtime/frameworks/ets/ets:ui_service_extension_context_abc(//build/toolchain/ohos:ohos_clang_arm)
[OHOS INFO] [NINJA] [1379/4527] ACTION //foundation/ability/form_fwk/frameworks/ets/ani/form_observer:form_observer_abc(//build/toolchain/ohos:ohos_clang_arm)
[OHOS INFO] [NINJA] [1380/4527] COPY obj/foundation/arkui/ace_engine/advanced_ui_component_static/downloadfilebutton/download_file_button_ets_abc.abc obj/foundation/arkui/ace_engine/advanced_ui_component_static/downloadfilebutton/out/rk3568/obj/foundation/arkui/ace_engine/advanced_ui_component_static/downloadfilebutton/download_file_button_ets_abc.abc
[OHOS INFO] [NINJA] [1381/4527] COPY obj/foundation/arkui/ace_engine/advanced_ui_component_static/fullscreenlaunchcomponent/full_screen_launch_ets_abc.abc obj/foundation/arkui/ace_engine/advanced_ui_component_static/fullscreenlaunchcomponent/out/rk3568/obj/foundation/arkui/ace_engine/advanced_ui_component_static/fullscreenlaunchcomponent/full_screen_launch_ets_abc.abc
[OHOS INFO] [NINJA] [1382/4527] ACTION //foundation/ability/form_fwk/frameworks/ets/ani/form_host:formHost(//build/toolchain/ohos:ohos_clang_arm)
[OHOS INFO] [NINJA] [1383/4527] ACTION //foundation/ability/form_fwk/frameworks/ets/ani/form_info:formInfo(//build/toolchain/ohos:ohos_clang_arm)
[OHOS INFO] [NINJA] [1384/4527] ACTION //foundation/ability/form_fwk/frameworks/ets/ani/form_edit_extension_ability:form_edit_extension_ability(//build/toolchain/ohos:ohos_clang_arm)
[OHOS INFO] [NINJA] [1385/4527] ACTION //foundation/ability/ability_runtime/frameworks/ets/ets:app_service_extension_ability(//build/toolchain/ohos:ohos_clang_arm)
[OHOS INFO] [NINJA] [1386/4527] ACTION //foundation/ability/dmsfwk/interfaces/taihe:dmsfwk_taihe_ani(//build/toolchain/ohos:ohos_clang_arm)
[OHOS INFO] [NINJA] [1387/4527] ACTION //applications/standard/admin_provisioning:adminprovisioning_hap__js_assets(//build/toolchain/ohos:ohos_clang_arm)
[OHOS INFO] [NINJA] [1388/4523] ACTION //foundation/ability/form_fwk/frameworks/ets/ani/form_edit_extension_ability:form_edit_extension_context(//build/toolchain/ohos:ohos_clang_arm)
[OHOS INFO] [NINJA] [1389/4523] STAMP obj/foundation/arkui/ace_engine/interfaces/ets/ani/inspector/inspector.stamp
[OHOS INFO] [NINJA] [1390/4523] ACTION //foundation/ability/ability_runtime/frameworks/ets/ets:form_extension_ability_ani(//build/toolchain/ohos:ohos_clang_arm)
[OHOS INFO] [NINJA] [1391/4523] ACTION //foundation/ability/ability_runtime/frameworks/ets/ets:ability_runtime_interop_ability_lifecycle_callback_abc(//build/toolchain/ohos:ohos_clang_arm)
[OHOS INFO] [NINJA] [1392/4523] ACTION //foundation/ability/ability_runtime/frameworks/ets/ets:service_extension_ability(//build/toolchain/ohos:ohos_clang_arm)
[OHOS INFO] [NINJA] [1393/4523] ACTION //foundation/ability/ability_runtime/frameworks/ets/ets:photo_editor_extension_ability_ani_abc(//build/toolchain/ohos:ohos_clang_arm)
[OHOS INFO] [NINJA] [1394/4523] ACTION //foundation/ability/form_fwk/frameworks/ets/ani/form_provider:formProvider(//build/toolchain/ohos:ohos_clang_arm)
[OHOS INFO] [NINJA] [1395/4523] ACTION //foundation/arkui/ace_engine/interfaces/ets/ani/curves:curves(//build/toolchain/ohos:ohos_clang_arm)
[OHOS INFO] [NINJA] [1396/4523] STAMP obj/foundation/arkui/ace_engine/interfaces/ets/ani/pluginComponent/pluginComponent.stamp
[OHOS INFO] [NINJA] [1397/4523] ACTION //foundation/arkui/ace_engine/interfaces/ets/ani/componentUtils:componentUtils(//build/toolchain/ohos:ohos_clang_arm)
[OHOS INFO] [NINJA] [1398/4523] ACTION //foundation/ai/intelligent_voice_framework/frameworks/taihe:intelligent_voice_framework_taihe_abc(//build/toolchain/ohos:ohos_clang_arm)
[OHOS INFO] [NINJA] [1399/4523] ACTION //foundation/ability/form_fwk/frameworks/ets/ani/live_form_extension_ability:live_form_extension_ability(//build/toolchain/ohos:ohos_clang_arm)
[OHOS INFO] [NINJA] [1400/4523] ACTION //foundation/ability/form_fwk/frameworks/ets/ani/live_form_extension_ability:live_form_extension_context(//build/toolchain/ohos:ohos_clang_arm)
[OHOS INFO] [NINJA] [1401/4523] ACTION //foundation/arkui/ace_engine/interfaces/ets/ani/imagecache:imagecache(//build/toolchain/ohos:ohos_clang_arm)
[OHOS INFO] [NINJA] [1402/4523] ACTION //foundation/arkui/ace_engine/interfaces/ets/ani/matrix4:matrix4(//build/toolchain/ohos:ohos_clang_arm)
[OHOS INFO] [NINJA] [1403/4523] ACTION //foundation/ability/ability_runtime/frameworks/ets/ets:ability_runtime_ui_ability_abc(//build/toolchain/ohos:ohos_clang_arm)
[OHOS INFO] [NINJA] [1404/4523] ACTION //foundation/arkui/ace_engine/interfaces/ets/ani/mediaquery:mediaquery(//build/toolchain/ohos:ohos_clang_arm)
[OHOS INFO] [NINJA] [1405/4523] ACTION //base/web/webview/interfaces/kits/ani/webview:web_innerUI(//build/toolchain/ohos:ohos_clang_arm)
[OHOS INFO] [NINJA] [1406/4523] ACTION //foundation/arkui/ace_engine/interfaces/ets/ani/ohosprompt:prompt(//build/toolchain/ohos:ohos_clang_arm)
[OHOS INFO] [NINJA] [1407/4523] STAMP obj/foundation/bundlemanager/app_domain_verify/interfaces/kits/js/ani/app_domain_verify_ets.stamp
[OHOS INFO] [NINJA] [1408/4523] ACTION //foundation/arkui/ace_engine/interfaces/ets/ani/performanceMonitor:performanceMonitor(//build/toolchain/ohos:ohos_clang_arm)
[OHOS INFO] [NINJA] [1409/4523] ACTION //foundation/ability/ability_runtime/frameworks/ets/ets:ability_runtime_ui_ability_context_abc(//build/toolchain/ohos:ohos_clang_arm)
[OHOS INFO] [NINJA] [1410/4523] ACTION //foundation/arkui/ace_engine/interfaces/ets/ani/focuscontroller:focusController(//build/toolchain/ohos:ohos_clang_arm)
[OHOS INFO] [NINJA] [1411/4523] ACTION //foundation/arkui/ace_engine/interfaces/ets/ani/systemprompt:systemprompt(//build/toolchain/ohos:ohos_clang_arm)
[OHOS INFO] [NINJA] [1412/4523] ACTION //foundation/ability/dmsfwk/frameworks/native/distributed_extension/ets:distributed_extension_ability_ani(//build/toolchain/ohos:ohos_clang_arm)
[OHOS INFO] [NINJA] [1413/4523] ACTION //foundation/arkui/ace_engine/interfaces/ets/ani/displaySync:display_sync_ani_abc(//build/toolchain/ohos:ohos_clang_arm)
[OHOS INFO] [NINJA] [1414/4523] ACTION //foundation/arkui/ui_appearance/interfaces/ets/ani:ui_appearance_abc(//build/toolchain/ohos:ohos_clang_arm)
[OHOS INFO] [NINJA] [1415/4523] ACTION //base/notification/distributed_notification_service/services/dialog_ui/enable_notification_dialog:enable_notification_dialog_hap__js_assets(//build/toolchain/ohos:ohos_clang_arm)
[OHOS INFO] [NINJA] [1416/4519] ACTION //foundation/arkui/ace_engine/interfaces/ets/ani/overlayManager:overlayManager(//build/toolchain/ohos:ohos_clang_arm)
[OHOS INFO] [NINJA] [1417/4519] ACTION //foundation/ability/ability_runtime/frameworks/ets/ets:ui_extension_ability_ani_abc(//build/toolchain/ohos:ohos_clang_arm)
[OHOS INFO] [NINJA] [1418/4519] ACTION //foundation/barrierfree/accessibility/interfaces/kits/ani:accessibility_ani_abc(//build/toolchain/ohos:ohos_clang_arm)
[OHOS INFO] [NINJA] [1419/4519] ACTION //foundation/arkui/ace_engine/interfaces/ets/ani/animator:animator_ani_abc(//build/toolchain/ohos:ohos_clang_arm)
[OHOS INFO] [NINJA] [1420/4519] ACTION //base/web/webview/interfaces/kits/ani/webview:web_webview(//build/toolchain/ohos:ohos_clang_arm)
[OHOS INFO] [NINJA] [1421/4519] ACTION //foundation/bundlemanager/bundle_framework/interfaces/kits/ani/app_control:app_control(//build/toolchain/ohos:ohos_clang_arm)
[OHOS INFO] [NINJA] [1422/4519] ACTION //foundation/arkui/ace_engine/interfaces/ets/ani/smartgesturecontroller:smartGestureController(//build/toolchain/ohos:ohos_clang_arm)
[OHOS INFO] [NINJA] [1423/4519] ACTION //foundation/barrierfree/accessibility/interfaces/kits/ani/accessibility_config:accessibility_config_ani_abc(//build/toolchain/ohos:ohos_clang_arm)
[OHOS INFO] [NINJA] [1424/4519] ACTION //foundation/arkui/ace_engine/interfaces/ets/ani/shape:shape_ani_abc(//build/toolchain/ohos:ohos_clang_arm)
[OHOS INFO] [NINJA] [1425/4519] ACTION //foundation/barrierfree/accessibility/interfaces/kits/ani/accessibility_extension:accessibility_extension_ability_ani_abc(//build/toolchain/ohos:ohos_clang_arm)
[OHOS INFO] [NINJA] [1426/4519] ACTION //foundation/bundlemanager/bundle_framework/interfaces/kits/ani/bundle_installer:bundle_installer(//build/toolchain/ohos:ohos_clang_arm)
[OHOS INFO] [NINJA] [1427/4519] ACTION //foundation/bundlemanager/bundle_framework/interfaces/kits/ani/bundle_manager:app_provision_info(//build/toolchain/ohos:ohos_clang_arm)
[OHOS INFO] [NINJA] [1428/4519] ACTION //foundation/bundlemanager/bundle_framework/interfaces/kits/ani/bundle_monitor:bundle_monitor(//build/toolchain/ohos:ohos_clang_arm)
[OHOS INFO] [NINJA] [1429/4519] ACTION //foundation/barrierfree/accessibility/interfaces/kits/ani/accessibility_extension:accessibility_extension_context_ani_abc(//build/toolchain/ohos:ohos_clang_arm)
[OHOS INFO] [NINJA] [1430/4519] ACTION //foundation/bundlemanager/bundle_framework/interfaces/kits/ani/bundle_manager:metadata(//build/toolchain/ohos:ohos_clang_arm)
[OHOS INFO] [NINJA] [1431/4519] ACTION //foundation/bundlemanager/bundle_framework/interfaces/kits/ani/bundle_manager:permission_def(//build/toolchain/ohos:ohos_clang_arm)
[OHOS INFO] [NINJA] [1432/4519] ACTION //foundation/bundlemanager/bundle_framework/interfaces/kits/ani/bundle_manager:bundle_manager(//build/toolchain/ohos:ohos_clang_arm)
[OHOS INFO] [NINJA] [1433/4519] ACTION //foundation/bundlemanager/bundle_framework/interfaces/kits/ani/default_app_manager:default_app_manager(//build/toolchain/ohos:ohos_clang_arm)
[OHOS INFO] [NINJA] [1434/4519] ACTION //foundation/bundlemanager/bundle_framework/interfaces/kits/ani/freeInstall:freeInstall(//build/toolchain/ohos:ohos_clang_arm)
[OHOS INFO] [NINJA] [1435/4519] ACTION //foundation/bundlemanager/bundle_framework/interfaces/kits/ani/bundle_manager:plugin_bundle_info(//build/toolchain/ohos:ohos_clang_arm)
[OHOS INFO] [NINJA] [1436/4519] ACTION //foundation/bundlemanager/bundle_framework/interfaces/kits/ani/bundle_manager:skill(//build/toolchain/ohos:ohos_clang_arm)
[OHOS INFO] [NINJA] [1437/4519] ACTION //foundation/bundlemanager/bundle_framework/interfaces/kits/ani/bundle_manager:ability_info(//build/toolchain/ohos:ohos_clang_arm)
[OHOS INFO] [NINJA] [1438/4519] ACTION //foundation/bundlemanager/bundle_framework/interfaces/kits/ani/overlay:overlay(//build/toolchain/ohos:ohos_clang_arm)
[OHOS INFO] [NINJA] [1439/4519] ACTION //foundation/bundlemanager/bundle_framework/interfaces/kits/ani/bundle_manager:bundle_info(//build/toolchain/ohos:ohos_clang_arm)
[OHOS INFO] [NINJA] [1440/4519] STAMP obj/foundation/bundlemanager/distributed_bundle_framework/interfaces/kits/ani/distributed_bundle_manager/distributed_bundle_manager.stamp
[OHOS INFO] [NINJA] [1441/4519] STAMP obj/foundation/bundlemanager/distributed_bundle_framework/interfaces/kits/ani/distributed_bundle_manager/remote_ability_info.stamp
[OHOS INFO] [NINJA] [1442/4519] ACTION //foundation/bundlemanager/bundle_framework/interfaces/kits/ani/launcher_bundle_manager:element_name(//build/toolchain/ohos:ohos_clang_arm)
[OHOS INFO] [NINJA] [1443/4519] ACTION //foundation/bundlemanager/bundle_framework/interfaces/kits/ani/freeInstall:dispatch_info(//build/toolchain/ohos:ohos_clang_arm)
[OHOS INFO] [NINJA] [1444/4519] ACTION //foundation/bundlemanager/bundle_framework/interfaces/kits/ani/plugin_manager:plugin_bundle_manager(//build/toolchain/ohos:ohos_clang_arm)
[OHOS INFO] [NINJA] [1445/4519] ACTION //foundation/arkui/ace_engine/interfaces/ets/ani/promptaction:promptAction(//build/toolchain/ohos:ohos_clang_arm)
[OHOS INFO] [NINJA] [1446/4519] ACTION //foundation/bundlemanager/bundle_framework/interfaces/kits/ani/bundle_manager:extension_ability_info(//build/toolchain/ohos:ohos_clang_arm)
[OHOS INFO] [NINJA] [1447/4519] ACTION //foundation/bundlemanager/bundle_framework/interfaces/kits/ani/freeInstall:bundle_pack_info(//build/toolchain/ohos:ohos_clang_arm)
[OHOS INFO] [NINJA] [1448/4519] ACTION //foundation/bundlemanager/bundle_framework/interfaces/kits/ani/bundle_manager:hap_module_info(//build/toolchain/ohos:ohos_clang_arm)
[OHOS INFO] [NINJA] [1449/4519] ACTION //foundation/bundlemanager/bundle_framework/interfaces/kits/ani/launcher_bundle_manager:launcher_bundle_manager(//build/toolchain/ohos:ohos_clang_arm)
[OHOS INFO] [NINJA] [1450/4519] ACTION //foundation/bundlemanager/bundle_framework/interfaces/kits/ani/shortcut_manager:shortcut_info(//build/toolchain/ohos:ohos_clang_arm)
[OHOS INFO] [NINJA] [1451/4519] STAMP obj/foundation/communication/dsoftbus/sdk/taihe/linkEnhance_taihe_ani.stamp
[OHOS INFO] [NINJA] [1452/4519] STAMP obj/foundation/communication/dsoftbus/sdk/taihe/agent_communication/conversation_taihe_ani.stamp
[OHOS INFO] [NINJA] [1453/4519] ACTION //foundation/bundlemanager/bundle_framework/interfaces/kits/ani/bundle_manager:application_info(//build/toolchain/ohos:ohos_clang_arm)
[OHOS INFO] [NINJA] [1454/4519] STAMP obj/foundation/communication/ipc/ipc/native/src/ani/rpc/rpc_abc.stamp
[OHOS INFO] [NINJA] [1455/4519] ACTION //foundation/bundlemanager/bundle_framework/interfaces/kits/ani/shortcut_manager:shortcut_manager(//build/toolchain/ohos:ohos_clang_arm)
[OHOS INFO] [NINJA] [1456/4519] ACTION //foundation/arkui/ace_engine/interfaces/ets/ani/componentSnapshot:componentSnapshot(//build/toolchain/ohos:ohos_clang_arm)
[OHOS INFO] [NINJA] [1457/4519] ACTION //foundation/bundlemanager/bundle_framework/interfaces/kits/ani/overlay:overlay_module_info(//build/toolchain/ohos:ohos_clang_arm)
[OHOS INFO] [NINJA] [1458/4519] ACTION //foundation/bundlemanager/bundle_framework/interfaces/kits/ani/resource_manager:bundle_resource_manager(//build/toolchain/ohos:ohos_clang_arm)
[OHOS INFO] [NINJA] [1459/4519] ACTION //foundation/bundlemanager/bundle_framework/interfaces/kits/ani/bundle_manager:share_bundle_info(//build/toolchain/ohos:ohos_clang_arm)
[OHOS INFO] [NINJA] [1460/4519] ACTION //foundation/bundlemanager/bundle_framework/interfaces/kits/ani/bundle_manager:recoverable_application_info(//build/toolchain/ohos:ohos_clang_arm)
[OHOS INFO] [NINJA] [1461/4519] ACTION //foundation/communication/bluetooth/frameworks/ets/taihe/bluetooth_hfp:bluetoothHfp_abc(//build/toolchain/ohos:ohos_clang_arm)
[OHOS INFO] [NINJA] [1462/4519] ACTION //foundation/communication/bluetooth/frameworks/ets/taihe/bluetooth_baseProfile:bluetoothBaseProfile_abc(//build/toolchain/ohos:ohos_clang_arm)
[OHOS INFO] [NINJA] [1463/4519] ACTION //foundation/communication/bluetooth/frameworks/ets/taihe/bluetooth_a2dp:bluetoothA2dp_abc(//build/toolchain/ohos:ohos_clang_arm)
[OHOS INFO] [NINJA] [1464/4519] ACTION //foundation/communication/bluetooth/frameworks/ets/taihe/bluetooth_constant:bluetoothConstant_abc(//build/toolchain/ohos:ohos_clang_arm)
[OHOS INFO] [NINJA] [1465/4519] ACTION //foundation/communication/bluetooth/frameworks/ets/taihe/bluetooth_access:bluetoothAccess_abc(//build/toolchain/ohos:ohos_clang_arm)
[OHOS INFO] [NINJA] [1466/4519] ACTION //foundation/communication/bluetooth/frameworks/ets/taihe/bluetooth_hid:bluetoothHid_abc(//build/toolchain/ohos:ohos_clang_arm)
[OHOS INFO] [NINJA] [1467/4519] ACTION //foundation/communication/dsoftbus/br_proxy/taihe:proxychannelmanager_taihe_ani(//build/toolchain/ohos:ohos_clang_arm)
[OHOS INFO] [NINJA] [1468/4519] ACTION //foundation/communication/bluetooth/frameworks/ets/taihe/bluetooth_connection:bluetoothConnection_abc(//build/toolchain/ohos:ohos_clang_arm)
[OHOS INFO] [NINJA] [1469/4519] STAMP obj/foundation/communication/wifi/wifi/frameworks/ets/taihe/wifiManager/wifiManager_framework_abc.stamp
[OHOS INFO] [NINJA] [1470/4519] ACTION //foundation/bundlemanager/bundle_framework/interfaces/kits/ani/zlib:zlib(//build/toolchain/ohos:ohos_clang_arm)
[OHOS INFO] [NINJA] [1471/4519] ACTION //foundation/communication/bluetooth/frameworks/ets/taihe/bluetooth_ble:bluetoothBle_abc(//build/toolchain/ohos:ohos_clang_arm)
[OHOS INFO] [NINJA] [1472/4519] ACTION //foundation/ability/ability_runtime/frameworks/ets/ets:ability_runtime_insight_intent_executor_abc(//build/toolchain/ohos:ohos_clang_arm)
[OHOS INFO] [NINJA] [1473/4519] ACTION //foundation/communication/ipc/ipc/native/src/taihe:rpc_taihe_abc(//build/toolchain/ohos:ohos_clang_arm)
[OHOS INFO] [NINJA] [1474/4519] ACTION //foundation/communication/fusion_connectivity/fusion_ranging/frameworks/ets/taihe:fusionConnectivityRanging_abc(//build/toolchain/ohos:ohos_clang_arm)
[OHOS INFO] [NINJA] [1475/4519] ACTION //foundation/bundlemanager/bundle_framework/interfaces/kits/ani/launcher_bundle_manager:launcher_ability_info(//build/toolchain/ohos:ohos_clang_arm)
[OHOS INFO] [NINJA] [1476/4519] ACTION //foundation/communication/netmanager_ext/frameworks/ets/ani/eap:eap(//build/toolchain/ohos:ohos_clang_arm)
[OHOS INFO] [NINJA] [1477/4519] ACTION //foundation/communication/netmanager_ext/frameworks/ets/ani/ethernet:ethernet(//build/toolchain/ohos:ohos_clang_arm)
[OHOS INFO] [NINJA] [1478/4519] ACTION //foundation/arkui/ace_engine/interfaces/ets/ani/test:arkui_test(//build/toolchain/ohos:ohos_clang_arm)
[OHOS INFO] [NINJA] [1479/4519] ACTION //foundation/communication/netmanager_base/frameworks/ets/ani/statistics:statistics(//build/toolchain/ohos:ohos_clang_arm)
[OHOS INFO] [NINJA] [1480/4519] ACTION //foundation/communication/netmanager_ext/frameworks/ets/ani/vpnextension:vpnextension(//build/toolchain/ohos:ohos_clang_arm)
[OHOS INFO] [NINJA] [1481/4519] ACTION //foundation/arkui/ace_engine/interfaces/ets/ani/observer:observer(//build/toolchain/ohos:ohos_clang_arm)
[OHOS INFO] [NINJA] [1482/4519] ACTION //foundation/communication/netmanager_base/frameworks/ets/ani/connection:connection(//build/toolchain/ohos:ohos_clang_arm)
[OHOS INFO] [NINJA] [1483/4519] COPY obj/foundation/distributeddatamgr/udmf/interfaces/taihe/ets/udmf_components_ets_abc/udmf_components_ets_abc.abc obj/foundation/distributeddatamgr/udmf/interfaces/taihe/ets/udmf_components_ets_abc.abc
[OHOS INFO] [NINJA] [1484/4519] ACTION //foundation/communication/netmanager_ext/frameworks/ets/ani/sharing:sharing(//build/toolchain/ohos:ohos_clang_arm)
[OHOS INFO] [NINJA] [1485/4519] ACTION //foundation/distributeddatamgr/data_share/frameworks/ets/ani:datashare_predicates_ani_abc(//build/toolchain/ohos:ohos_clang_arm)
[OHOS INFO] [NINJA] [1486/4519] COPY obj/foundation/distributedhardware/device_manager/interfaces/kits/taihe/ohos_distributedDeviceManager_abc.abc obj/foundation/distributedhardware/device_manager/interfaces/kits/taihe/out/rk3568/obj/foundation/distributedhardware/device_manager/interfaces/kits/taihe/ohos_distributedDeviceManager_abc.abc
[OHOS INFO] [NINJA] [1487/4519] ACTION //foundation/bundlemanager/bundle_framework/interfaces/kits/ani/resource_manager:bundle_resource_info(//build/toolchain/ohos:ohos_clang_arm)
[OHOS INFO] [NINJA] [1488/4519] ACTION //foundation/communication/netstack/frameworks/ets/ani/web_socket:websocket(//build/toolchain/ohos:ohos_clang_arm)
[OHOS INFO] [NINJA] [1489/4519] ACTION //foundation/distributeddatamgr/data_object/frameworks/ets/taihe/ohos.data.distributedDataObject:distributeddata_object(//build/toolchain/ohos:ohos_clang_arm)
[OHOS INFO] [NINJA] [1490/4519] ACTION //foundation/communication/netstack/frameworks/ets/ani/net_ssl:network_security(//build/toolchain/ohos:ohos_clang_arm)
[OHOS INFO] [NINJA] [1491/4519] ACTION //foundation/communication/netmanager_ext/frameworks/ets/ani/vpn:vpn(//build/toolchain/ohos:ohos_clang_arm)
[OHOS INFO] [NINJA] [1492/4519] ACTION //foundation/communication/netstack/frameworks/ets/ani/http:http(//build/toolchain/ohos:ohos_clang_arm)
[OHOS INFO] [NINJA] [1493/4519] ACTION //foundation/distributeddatamgr/data_share/frameworks/ets/ani:datashare_resultset_ani_abc(//build/toolchain/ohos:ohos_clang_arm)
[OHOS INFO] [NINJA] [1494/4519] ACTION //foundation/bundlemanager/bundle_framework/interfaces/kits/ani/resource_manager:launcher_ability_resource_info(//build/toolchain/ohos:ohos_clang_arm)
[OHOS INFO] [NINJA] [1495/4519] ACTION //foundation/communication/netmanager_base/frameworks/ets/ani/policy:policy(//build/toolchain/ohos:ohos_clang_arm)
[OHOS INFO] [NINJA] [1496/4519] STAMP obj/foundation/filemanagement/file_api/interfaces/kits/js/ohos_file_environment_abc_etc.stamp
[OHOS INFO] [NINJA] [1497/4519] STAMP obj/foundation/filemanagement/file_api/interfaces/kits/js/ohos_file_fs_abc_etc.stamp
[OHOS INFO] [NINJA] [1498/4519] STAMP obj/foundation/filemanagement/file_api/interfaces/kits/js/ohos_file_hash_abc_etc.stamp
[OHOS INFO] [NINJA] [1499/4519] STAMP obj/foundation/filemanagement/file_api/interfaces/kits/js/ohos_file_securityLabel_abc_etc.stamp
[OHOS INFO] [NINJA] [1500/4519] STAMP obj/foundation/filemanagement/file_api/interfaces/kits/js/ohos_file_statvfs_abc_etc.stamp
[OHOS INFO] [NINJA] [1501/4519] ACTION //foundation/distributeddatamgr/preferences/frameworks/ets/taihe/preferences:preferences_abc(//build/toolchain/ohos:ohos_clang_arm)
[OHOS INFO] [NINJA] [1502/4519] ACTION //foundation/communication/netmanager_ext/frameworks/ets/ani/vpnextensionability:vpnextensionability_ani_abc(//build/toolchain/ohos:ohos_clang_arm)
[OHOS INFO] [NINJA] [1503/4519] ACTION //foundation/communication/netmanager_ext/frameworks/ets/ani/mdns:mdns(//build/toolchain/ohos:ohos_clang_arm)
[OHOS INFO] [NINJA] [1504/4519] ACTION //foundation/distributeddatamgr/relational_store/frameworks/ets/taihe/cloud_data:clouddata_commontype_abc(//build/toolchain/ohos:ohos_clang_arm)
[OHOS INFO] [NINJA] [1505/4519] STAMP obj/foundation/graphic/graphic_2d/frameworks/text/interface/mlb/ani/text_engine.stamp
[OHOS INFO] [NINJA] [1506/4519] STAMP obj/foundation/graphic/graphic_2d/interfaces/kits/ani/color_manager/color_space_manager.stamp
[OHOS INFO] [NINJA] [1507/4519] STAMP obj/foundation/graphic/graphic_2d/interfaces/kits/ani/drawing/drawing.stamp
[OHOS INFO] [NINJA] [1508/4519] ACTION //foundation/filemanagement/app_file_service/interfaces/kits/ani/backup:backup_transfer_abc(//build/toolchain/ohos:ohos_clang_arm)
[OHOS INFO] [NINJA] [1509/4519] STAMP obj/foundation/graphic/graphic_2d/interfaces/kits/ani/hdr_capability/hdr_capability.stamp
[OHOS INFO] [NINJA] [1510/4519] STAMP obj/foundation/graphic/graphic_2d/interfaces/kits/ani/window_animation_manager/window_animation_manager_ets.stamp
[OHOS INFO] [NINJA] [1511/4519] ACTION //foundation/distributeddatamgr/relational_store/frameworks/ets/cloud_extension:cloud_extension_ext_abc(//build/toolchain/ohos:ohos_clang_arm)
[OHOS INFO] [NINJA] [1512/4519] ACTION //foundation/distributeddatamgr/data_share/frameworks/ets/ani:datashare_extension_ability_ani_abc(//build/toolchain/ohos:ohos_clang_arm)
[OHOS INFO] [NINJA] [1513/4519] ACTION //foundation/distributeddatamgr/data_share/frameworks/ets/ani:datashare_ani_abc(//build/toolchain/ohos:ohos_clang_arm)
[OHOS INFO] [NINJA] [1514/4519] ACTION //foundation/filemanagement/app_file_service/interfaces/kits/taihe/fileshare:file_share_taihe_abc(//build/toolchain/ohos:ohos_clang_arm)
[OHOS INFO] [NINJA] [1515/4519] ACTION //foundation/distributedhardware/distributed_hardware_fwk/taihe:hardware_taihe_abc(//build/toolchain/ohos:ohos_clang_arm)
[OHOS INFO] [NINJA] [1516/4519] ACTION //foundation/distributeddatamgr/pasteboard/interfaces/taihe:pasteboard_taihe_ani(//build/toolchain/ohos:ohos_clang_arm)
[OHOS INFO] [NINJA] [1517/4519] ACTION //foundation/distributedhardware/mechbody_controller/interface/ets/mech_manager:mech_manager_abc(//build/toolchain/ohos:ohos_clang_arm)
[OHOS INFO] [NINJA] [1518/4519] ACTION //foundation/distributeddatamgr/relational_store/frameworks/ets/taihe/cloud_data:clouddata_abc(//build/toolchain/ohos:ohos_clang_arm)
[OHOS INFO] [NINJA] [1519/4519] STAMP obj/foundation/multimedia/av_session/avinputcastpicker_static/avinputcastpicker/copy_av_input_cast_picker_ets_abc.stamp
[OHOS INFO] [NINJA] [1520/4519] STAMP obj/foundation/multimedia/av_session/avpicker_static/avpicker/copy_av_cast_picker_ets_abc.stamp
[OHOS INFO] [NINJA] [1521/4519] STAMP obj/foundation/multimedia/av_session/avvolumepanel_static/avvolumepanel/copy_av_volume_panel_ets_abc.stamp
[OHOS INFO] [NINJA] [1522/4519] ACTION //foundation/filemanagement/app_file_service/interfaces/kits/taihe/fileuri:file_fileuri_taihe_abc(//build/toolchain/ohos:ohos_clang_arm)
[OHOS INFO] [NINJA] [1523/4519] ACTION //foundation/filemanagement/dfs_service/interfaces/kits/js/ani/file_cloud_sync_manager:file_cloud_sync_manager(//build/toolchain/ohos:ohos_clang_arm)
[OHOS INFO] [NINJA] [1524/4519] ACTION //foundation/filemanagement/app_file_service/interfaces/kits/taihe/backup:file_backup_taihe_abc(//build/toolchain/ohos:ohos_clang_arm)
[OHOS INFO] [NINJA] [1525/4519] ACTION //foundation/filemanagement/storage_service/interfaces/kits/taihe/key_manager:key_manager_taihe_abc(//build/toolchain/ohos:ohos_clang_arm)
[OHOS INFO] [NINJA] [1526/4519] ACTION //foundation/filemanagement/dfs_service/interfaces/kits/js/ani/file_cloud_sync:file_cloud_sync(//build/toolchain/ohos:ohos_clang_arm)
[OHOS INFO] [NINJA] [1527/4519] ACTION //foundation/distributeddatamgr/kv_store/frameworks/ets/taihe/kv_store:distributedkvstore_abc(//build/toolchain/ohos:ohos_clang_arm)
[OHOS INFO] [NINJA] [1528/4519] ACTION //foundation/filemanagement/disk_manager/interfaces/kits/taihe:volume_manager_taihe_abc(//build/toolchain/ohos:ohos_clang_arm)
[OHOS INFO] [NINJA] [1529/4519] STAMP obj/foundation/multimedia/media_library/frameworks/ani/ets/photo_picker_static/album_picker_component/copy_album_picker_component_ets_abc.stamp
[OHOS INFO] [NINJA] [1530/4519] STAMP obj/foundation/multimedia/media_library/frameworks/ani/ets/photo_picker_static/photo_picker_component/copy_photo_picker_component_ets_abc.stamp
[OHOS INFO] [NINJA] [1531/4519] STAMP obj/foundation/multimedia/media_library/frameworks/ani/ets/photo_picker_static/recent_photo_component/copy_recent_photo_component_ets_abc.stamp
[OHOS INFO] [NINJA] [1532/4519] ACTION //foundation/filemanagement/storage_service/interfaces/kits/taihe/storage_statistics:storage_statistics_taihe_abc(//build/toolchain/ohos:ohos_clang_arm)
[OHOS INFO] [NINJA] [1533/4519] ACTION //foundation/filemanagement/user_file_service/interfaces/kits/taihe/clouddiskmanager:clouddiskmanager_taihe_abc(//build/toolchain/ohos:ohos_clang_arm)
[OHOS INFO] [NINJA] [1534/4519] ACTION //foundation/distributeddatamgr/relational_store/frameworks/ets/taihe/relational_store:relationalstore_abc(//build/toolchain/ohos:ohos_clang_arm)
[OHOS INFO] [NINJA] [1535/4519] ACTION //foundation/graphic/graphic_3d/kits/ets:graphics3d_scene_post_process_settings(//build/toolchain/ohos:ohos_clang_arm)
[OHOS INFO] [NINJA] [1536/4519] ACTION //foundation/graphic/graphic_3d/kits/ets:graphics3d_scene_types(//build/toolchain/ohos:ohos_clang_arm)
[OHOS INFO] [NINJA] [1537/4519] STAMP obj/foundation/multimodalinput/input/frameworks/ets/gesture_event/gesture_event.stamp
[OHOS INFO] [NINJA] [1538/4519] STAMP obj/foundation/multimodalinput/input/frameworks/ets/infrared_emitter/infrared_emitter.stamp
[OHOS INFO] [NINJA] [1539/4519] STAMP obj/foundation/multimodalinput/input/frameworks/ets/input_consumer/input_consumer.stamp
[OHOS INFO] [NINJA] [1540/4519] STAMP obj/foundation/multimodalinput/input/frameworks/ets/input_device/input_device.stamp
[OHOS INFO] [NINJA] [1541/4519] STAMP obj/foundation/multimodalinput/input/frameworks/ets/input_event/input_event.stamp
[OHOS INFO] [NINJA] [1542/4519] STAMP obj/foundation/multimodalinput/input/frameworks/ets/input_event_client/input_event_client.stamp
[OHOS INFO] [NINJA] [1543/4519] STAMP obj/foundation/multimodalinput/input/frameworks/ets/input_monitor/input_monitor.stamp
[OHOS INFO] [NINJA] [1544/4519] STAMP obj/foundation/multimodalinput/input/frameworks/ets/intention_code/intention_code.stamp
[OHOS INFO] [NINJA] [1545/4519] STAMP obj/foundation/multimodalinput/input/frameworks/ets/key_code/key_code.stamp
[OHOS INFO] [NINJA] [1546/4519] STAMP obj/foundation/multimodalinput/input/frameworks/ets/key_event/key_event.stamp
[OHOS INFO] [NINJA] [1547/4519] STAMP obj/foundation/multimodalinput/input/frameworks/ets/mouse_event/mouse_event.stamp
[OHOS INFO] [NINJA] [1548/4519] STAMP obj/foundation/multimodalinput/input/frameworks/ets/pointer/pointer.stamp
[OHOS INFO] [NINJA] [1549/4519] STAMP obj/foundation/multimodalinput/input/frameworks/ets/short_key/short_key.stamp
[OHOS INFO] [NINJA] [1550/4519] STAMP obj/foundation/multimodalinput/input/frameworks/ets/touch_event/touch_event.stamp
[OHOS INFO] [NINJA] [1551/4519] COPY obj/foundation/resourceschedule/background_task_mgr/interfaces/kits/ets/taihe/background_task_manager_abc.abc obj/foundation/resourceschedule/background_task_mgr/interfaces/kits/ets/taihe/out/rk3568/obj/foundation/resourceschedule/background_task_mgr/interfaces/kits/ets/taihe/background_task_manager_abc.abc
[OHOS INFO] [NINJA] [1552/4519] ACTION //foundation/graphic/graphic_2d/interfaces/kits/ani/effect_kit:effectKit(//build/toolchain/ohos:ohos_clang_arm)
[OHOS INFO] [NINJA] [1553/4519] ACTION //foundation/multimedia/drm_framework/frameworks/taihe:drm_framework_taihe_abc(//build/toolchain/ohos:ohos_clang_arm)
[OHOS INFO] [NINJA] [1554/4519] ACTION //foundation/multimedia/player_framework/frameworks/taihe:soundpool_taihe_abc(//build/toolchain/ohos:ohos_clang_arm)
[OHOS INFO] [NINJA] [1555/4519] ACTION //foundation/graphic/graphic_3d/kits/ets:graphics3d_scene_boids_sim(//build/toolchain/ohos:ohos_clang_arm)
[OHOS INFO] [NINJA] [1556/4519] STAMP obj/foundation/resourceschedule/work_scheduler/interfaces/kits/ets/taihe/work_scheduler/work_scheduler_abc.stamp
[OHOS INFO] [NINJA] [1557/4519] STAMP obj/foundation/resourceschedule/work_scheduler/interfaces/kits/ets/taihe/work_scheduler_extension/workscheduler_extension_ability_etc.stamp
[OHOS INFO] [NINJA] [1558/4519] STAMP obj/foundation/resourceschedule/work_scheduler/interfaces/kits/ets/taihe/work_scheduler_extension/workscheduler_extension_context_etc.stamp
[OHOS INFO] [NINJA] [1559/4519] ACTION //foundation/graphic/graphic_3d/kits/ets:graphics3d_scene(//build/toolchain/ohos:ohos_clang_arm)
[OHOS INFO] [NINJA] [1560/4519] STAMP obj/foundation/systemabilitymgr/selectionfwk/frameworks/ets/taihe/SelectionManager/selectionManager.stamp
[OHOS INFO] [NINJA] [1561/4519] STAMP obj/foundation/systemabilitymgr/selectionfwk/frameworks/ets/taihe/SelectionPanel/SelectionPanel.stamp
[OHOS INFO] [NINJA] [1562/4519] STAMP obj/foundation/window/window_manager/interfaces/kits/ani/display_runtime/display_ani/display_abc.stamp
[OHOS INFO] [NINJA] [1563/4519] STAMP obj/foundation/window/window_manager/interfaces/kits/ani/embeddable_window_stage/ets/extension_window_ani.stamp
[OHOS INFO] [NINJA] [1564/4519] STAMP obj/foundation/window/window_manager/interfaces/kits/ani/embeddable_window_stage/ets/extension_window_host_ani.stamp
[OHOS INFO] [NINJA] [1565/4519] STAMP obj/foundation/window/window_manager/interfaces/kits/ani/environmental/window_env_static.stamp
[OHOS INFO] [NINJA] [1566/4519] COPY obj/foundation/window/window_manager/interfaces/kits/ani/float_view/float_view_ani/fvwindow_ani.abc obj/foundation/window/window_manager/interfaces/kits/ani/float_view/float_view_ani/out/rk3568/obj/foundation/window/window_manager/interfaces/kits/ani/float_view/float_view_ani/fvwindow_ani.abc
[OHOS INFO] [NINJA] [1567/4519] COPY obj/foundation/window/window_manager/interfaces/kits/ani/floating_ball/floating_ball_ani/fbwindow_ani.abc obj/foundation/window/window_manager/interfaces/kits/ani/floating_ball/floating_ball_ani/out/rk3568/obj/foundation/window/window_manager/interfaces/kits/ani/floating_ball/floating_ball_ani/fbwindow_ani.abc
[OHOS INFO] [NINJA] [1568/4519] COPY obj/foundation/window/window_manager/interfaces/kits/ani/picture_in_picture_runtime/pipwindow_ani/pipcontent_ani.abc obj/foundation/window/window_manager/interfaces/kits/ani/picture_in_picture_runtime/pipwindow_ani/out/rk3568/obj/foundation/window/window_manager/interfaces/kits/ani/picture_in_picture_runtime/pipwindow_ani/pipcontent_ani.abc
[OHOS INFO] [NINJA] [1569/4519] COPY obj/foundation/window/window_manager/interfaces/kits/ani/picture_in_picture_runtime/pipwindow_ani/pipwindow_ani.abc obj/foundation/window/window_manager/interfaces/kits/ani/picture_in_picture_runtime/pipwindow_ani/out/rk3568/obj/foundation/window/window_manager/interfaces/kits/ani/picture_in_picture_runtime/pipwindow_ani/pipwindow_ani.abc
[OHOS INFO] [NINJA] [1570/4519] STAMP obj/foundation/window/window_manager/interfaces/kits/ani/screen_runtime/screen_ani/screen_abc.stamp
[OHOS INFO] [NINJA] [1571/4519] STAMP obj/foundation/window/window_manager/interfaces/kits/ani/screenshot_runtime/screenshot_ani/screenshot_abc.stamp
[OHOS INFO] [NINJA] [1572/4519] STAMP obj/foundation/window/window_manager/interfaces/kits/ani/window_runtime/window_stage_ani/window_stage_ani.stamp
[OHOS INFO] [NINJA] [1573/4519] STAMP obj/foundation/window/window_manager/window_scene/interfaces/kits/ani/scene_session_manager/scene_session_manager_ani/scene_session_manager_abc.stamp
[OHOS INFO] [NINJA] [1574/4519] ACTION //foundation/multimedia/media_library/frameworks/ani:userfile_manager(//build/toolchain/ohos:ohos_clang_arm)
[OHOS INFO] [NINJA] [1575/4519] ACTION //foundation/multimedia/camera_framework/frameworks/taihe:camera_picker_taihe_abc(//build/toolchain/ohos:ohos_clang_arm)
[OHOS INFO] [NINJA] [1576/4519] COPY obj/third_party/mindspore/mindspore-src/source/mindspore-lite/src/litert/taihe/ability_delegator/mindspore_ani_abc.abc obj/third_party/mindspore/mindspore-src/source/mindspore-lite/src/litert/taihe/ability_delegator/out/rk3568/obj/third_party/mindspore/mindspore-src/source/mindspore-lite/src/litert/taihe/ability_delegator/mindspore_ani_abc.abc
[OHOS INFO] [NINJA] [1577/4519] ACTION //foundation/graphic/graphic_3d/kits/ets:graphics3d_scene_nodes(//build/toolchain/ohos:ohos_clang_arm)
[OHOS INFO] [NINJA] [1578/4519] ACTION //foundation/multimedia/player_framework/frameworks/taihe/audioHaptic:audioHaptic_taihe_abc(//build/toolchain/ohos:ohos_clang_arm)
[OHOS INFO] [NINJA] [1579/4519] ACTION //foundation/filemanagement/app_file_service/frameworks/native/backup_ext/ani:backup_ext_abc(//build/toolchain/ohos:ohos_clang_arm)
[OHOS INFO] [NINJA] [1580/4519] STAMP obj/arkcompiler/runtime_core/static_core/plugins/ets/ets2abc_commonsdk_api_etc.stamp
[OHOS INFO] [NINJA] [1581/4519] STAMP obj/arkcompiler/runtime_core/static_core/plugins/ets/ets2abc_commonsdk_arkts_etc.stamp
[OHOS INFO] [NINJA] [1582/4519] COPY obj/base/account/os_account/frameworks/ets/taihe/app_account_abc.abc obj/base/account/os_account/frameworks/ets/taihe/out/rk3568/obj/base/account/os_account/frameworks/ets/taihe/app_account_abc.abc
[OHOS INFO] [NINJA] [1583/4519] COPY obj/base/account/os_account/frameworks/ets/taihe/distributed_account_abc.abc obj/base/account/os_account/frameworks/ets/taihe/out/rk3568/obj/base/account/os_account/frameworks/ets/taihe/distributed_account_abc.abc
[OHOS INFO] [NINJA] [1584/4519] COPY obj/base/account/os_account/frameworks/ets/taihe/os_account_abc.abc obj/base/account/os_account/frameworks/ets/taihe/out/rk3568/obj/base/account/os_account/frameworks/ets/taihe/os_account_abc.abc
[OHOS INFO] [NINJA] [1585/4519] STAMP obj/base/customization/config_policy/interfaces/ets/ani/configPolicy.stamp
[OHOS INFO] [NINJA] [1586/4519] STAMP obj/base/customization/config_policy/interfaces/ets/ani/custom_config.stamp
[OHOS INFO] [NINJA] [1587/4519] STAMP obj/base/customization/enterprise_device_management/interfaces/ets/ani/enterprise_device_management/admin_manager/adminManager.stamp
[OHOS INFO] [NINJA] [1588/4519] STAMP obj/base/customization/enterprise_device_management/interfaces/ets/ani/enterprise_device_management/network_manager/networkManager.stamp
[OHOS INFO] [NINJA] [1589/4519] STAMP obj/base/customization/enterprise_device_management/interfaces/ets/ani/enterprise_device_management/restrictions/restrictions.stamp
[OHOS INFO] [NINJA] [1590/4519] STAMP obj/base/customization/enterprise_device_management/interfaces/ets/ani/enterprise_device_management/security_manager/securityManager.stamp
[OHOS INFO] [NINJA] [1591/4519] STAMP obj/base/global/font_manager/interfaces/ani/fontManager.stamp
[OHOS INFO] [NINJA] [1592/4519] STAMP obj/base/global/i18n/interfaces/ets/ani/i18n/i18n.stamp
[OHOS INFO] [NINJA] [1593/4519] STAMP obj/base/global/i18n/interfaces/ets/ani/intl/intl.stamp
[OHOS INFO] [NINJA] [1594/4519] STAMP obj/base/global/resource_management/interfaces/ets/ani/resourceManager/rawFileDescriptor.stamp
[OHOS INFO] [NINJA] [1595/4519] STAMP obj/base/global/resource_management/interfaces/ets/ani/resourceManager/resource.stamp
[OHOS INFO] [NINJA] [1596/4519] STAMP obj/base/global/resource_management/interfaces/ets/ani/resourceManager/resourceManager.stamp
[OHOS INFO] [NINJA] [1597/4519] ACTION //foundation/resourceschedule/resource_schedule_service/ressched/interfaces/kits/ets/taihe/systemload:systemload_abc(//build/toolchain/ohos:ohos_clang_arm)
[OHOS INFO] [NINJA] [1598/4519] STAMP obj/base/hiviewdfx/hiappevent/frameworks/ets/ani/hiappevent/hiappevent.stamp
[OHOS INFO] [NINJA] [1599/4519] STAMP obj/base/hiviewdfx/hichecker/interfaces/ets/ani/hichecker/hichecker.stamp
[OHOS INFO] [NINJA] [1600/4519] STAMP obj/base/hiviewdfx/hilog/interfaces/ets/ani/hilog/hilog.stamp
[OHOS INFO] [NINJA] [1601/4519] STAMP obj/base/hiviewdfx/hisysevent/interfaces/ets/ani/hisysevent/hisysevent.stamp
[OHOS INFO] [NINJA] [1602/4519] COPY obj/base/hiviewdfx/hitrace/interfaces/ets/ani/hitracechain/hitrace_chain.abc obj/base/hiviewdfx/hitrace/interfaces/ets/ani/hitracechain/out/rk3568/obj/base/hiviewdfx/hitrace/interfaces/ets/ani/hitracechain/hitrace_chain.abc
[OHOS INFO] [NINJA] [1603/4519] COPY obj/base/hiviewdfx/hitrace/interfaces/ets/ani/hitracemeter/hitrace_meter.abc obj/base/hiviewdfx/hitrace/interfaces/ets/ani/hitracemeter/out/rk3568/obj/base/hiviewdfx/hitrace/interfaces/ets/ani/hitracemeter/hitrace_meter.abc
[OHOS INFO] [NINJA] [1604/4519] STAMP obj/base/hiviewdfx/hiview/hiretrieval/interfaces/ets/ani/hiretrieval.stamp
[OHOS INFO] [NINJA] [1605/4519] STAMP obj/base/hiviewdfx/hiview/interfaces/ets/ani/loglibrary/loglibrary.stamp
[OHOS INFO] [NINJA] [1606/4519] STAMP obj/base/hiviewdfx/hiview/plugins/faultlogger/interfaces/ets/ani/faultlogger/faultlog_extension_ability_ani_abc.stamp
[OHOS INFO] [NINJA] [1607/4519] STAMP obj/base/inputmethod/imf/frameworks/ets/extension/ets/inputmethod_extension_ability_ani.stamp
[OHOS INFO] [NINJA] [1608/4519] STAMP obj/base/inputmethod/imf/frameworks/ets/inputmethodlist/copy_inputmethod_dialog_ets_abc.stamp
[OHOS INFO] [NINJA] [1609/4519] STAMP obj/base/inputmethod/imf/frameworks/ets/taihe/inputMethod/inputmethod_abc.stamp
[OHOS INFO] [NINJA] [1610/4519] STAMP obj/base/inputmethod/imf/frameworks/ets/taihe/inputMethod/inputmethod_panel_abc.stamp
[OHOS INFO] [NINJA] [1611/4519] STAMP obj/base/inputmethod/imf/frameworks/ets/taihe/inputMethod/inputmethod_subtype_abc.stamp
[OHOS INFO] [NINJA] [1612/4519] STAMP obj/base/inputmethod/imf/frameworks/ets/taihe/inputMethodEngine/inputmethod_engine_abc.stamp
[OHOS INFO] [NINJA] [1613/4519] STAMP obj/base/inputmethod/imf/frameworks/ets/taihe/inputMethodEngine/inputmethod_extraconfig_abc.stamp
[OHOS INFO] [NINJA] [1614/4519] STAMP obj/base/inputmethod/imf/frameworks/ets/taihe/keyboardPanelManager/inputmethod_systempanelmanager_abc.stamp
[OHOS INFO] [NINJA] [1615/4519] STAMP obj/base/location/location/frameworks/ets/taihe/locator_sdk/location_framework_abc.stamp
[OHOS INFO] [NINJA] [1616/4519] ACTION //foundation/resourceschedule/device_usage_statistics/interfaces/kits/bundlestats/taihe/usage_statistics:usage_statistics_abc(//build/toolchain/ohos:ohos_clang_arm)
[OHOS INFO] [NINJA] [1617/4519] STAMP obj/base/msdp/device_status/frameworks/ets/coordination/coordination_abc.stamp
[OHOS INFO] [NINJA] [1618/4519] STAMP obj/base/msdp/device_status/frameworks/ets/devicestatus/multimodalawareness_devicestatus_abc.stamp
[OHOS INFO] [NINJA] [1619/4519] STAMP obj/base/msdp/device_status/frameworks/ets/drag/drag_abc.stamp
[OHOS INFO] [NINJA] [1620/4519] ACTION //foundation/resourceschedule/device_standby/interfaces/kits/ani:device_standby_abc(//build/toolchain/ohos:ohos_clang_arm)
[OHOS INFO] [NINJA] [1621/4519] STAMP obj/base/msdp/device_status/frameworks/ets/motion/motion_abc.stamp
[OHOS INFO] [NINJA] [1622/4519] STAMP obj/base/msdp/device_status/frameworks/ets/metadataBinding/metadataBinding_abc.stamp
[OHOS INFO] [NINJA] [1623/4519] STAMP obj/base/msdp/device_status/frameworks/ets/onscreen/onScreen_abc.stamp
[OHOS INFO] [NINJA] [1624/4519] STAMP obj/base/msdp/device_status/frameworks/ets/spatialAwareness/spatialAwareness_abc.stamp
[OHOS INFO] [NINJA] [1625/4519] STAMP obj/base/msdp/device_status/frameworks/ets/underageModel/underageModel_abc.stamp
[OHOS INFO] [NINJA] [1626/4519] STAMP obj/base/notification/common_event_service/interfaces/kits/ani/common_event/commonEventData.stamp
[OHOS INFO] [NINJA] [1627/4519] STAMP obj/base/notification/common_event_service/interfaces/kits/ani/common_event/commonEventPublishData.stamp
[OHOS INFO] [NINJA] [1628/4519] STAMP obj/base/notification/common_event_service/interfaces/kits/ani/common_event/commonEventSubscribeInfo.stamp
[OHOS INFO] [NINJA] [1629/4519] STAMP obj/base/notification/common_event_service/interfaces/kits/ani/common_event/common_event_manager.stamp
[OHOS INFO] [NINJA] [1630/4519] STAMP obj/base/notification/common_event_service/interfaces/kits/ani/common_event/commonEventSubscriber.stamp
[OHOS INFO] [NINJA] [1631/4519] ACTION //foundation/resourceschedule/resource_schedule_service/ressched/interfaces/kits/ets/taihe/background_process_manager:backgroundprocessmanager_abc(//build/toolchain/ohos:ohos_clang_arm)
[OHOS INFO] [NINJA] [1632/4519] STAMP obj/base/notification/common_event_service/interfaces/kits/ani/common_event/static_subscriber_extension_ability.stamp
[OHOS INFO] [NINJA] [1633/4519] STAMP obj/base/notification/common_event_service/interfaces/kits/ani/common_event/static_subscriber_extension_context.stamp
[OHOS INFO] [NINJA] [1634/4519] COPY obj/base/notification/distributed_notification_service/frameworks/ets/ets/notification_action_button.abc obj/base/notification/distributed_notification_service/frameworks/ets/ets/out/rk3568/obj/base/notification/distributed_notification_service/frameworks/ets/ets/notification_action_button.abc
[OHOS INFO] [NINJA] [1635/4519] COPY obj/base/notification/distributed_notification_service/frameworks/ets/ets/notification_common_def.abc obj/base/notification/distributed_notification_service/frameworks/ets/ets/out/rk3568/obj/base/notification/distributed_notification_service/frameworks/ets/ets/notification_common_def.abc
[OHOS INFO] [NINJA] [1636/4519] COPY obj/base/notification/distributed_notification_service/frameworks/ets/ets/notification_content.abc obj/base/notification/distributed_notification_service/frameworks/ets/ets/out/rk3568/obj/base/notification/distributed_notification_service/frameworks/ets/ets/notification_content.abc
[OHOS INFO] [NINJA] [1637/4519] COPY obj/base/notification/distributed_notification_service/frameworks/ets/ets/notification_extension_content.abc obj/base/notification/distributed_notification_service/frameworks/ets/ets/out/rk3568/obj/base/notification/distributed_notification_service/frameworks/ets/ets/notification_extension_content.abc
[OHOS INFO] [NINJA] [1638/4519] COPY obj/base/notification/distributed_notification_service/frameworks/ets/ets/notification_extension_subscriber_extension_ability.abc obj/base/notification/distributed_notification_service/frameworks/ets/ets/out/rk3568/obj/base/notification/distributed_notification_service/frameworks/ets/ets/notification_extension_subscriber_extension_ability.abc
[OHOS INFO] [NINJA] [1639/4519] COPY obj/base/notification/distributed_notification_service/frameworks/ets/ets/notification_extension_subscriber_extension_context.abc obj/base/notification/distributed_notification_service/frameworks/ets/ets/out/rk3568/obj/base/notification/distributed_notification_service/frameworks/ets/ets/notification_extension_subscriber_extension_context.abc
[OHOS INFO] [NINJA] [1640/4519] COPY obj/base/notification/distributed_notification_service/frameworks/ets/ets/notification_extension_subscription.abc obj/base/notification/distributed_notification_service/frameworks/ets/ets/out/rk3568/obj/base/notification/distributed_notification_service/frameworks/ets/ets/notification_extension_subscription.abc
[OHOS INFO] [NINJA] [1641/4519] COPY obj/base/notification/distributed_notification_service/frameworks/ets/ets/notification_extension_subscription_info.abc obj/base/notification/distributed_notification_service/frameworks/ets/ets/out/rk3568/obj/base/notification/distributed_notification_service/frameworks/ets/ets/notification_extension_subscription_info.abc
[OHOS INFO] [NINJA] [1642/4519] COPY obj/base/notification/distributed_notification_service/frameworks/ets/ets/notification_flags.abc obj/base/notification/distributed_notification_service/frameworks/ets/ets/out/rk3568/obj/base/notification/distributed_notification_service/frameworks/ets/ets/notification_flags.abc
[OHOS INFO] [NINJA] [1643/4519] COPY obj/base/notification/distributed_notification_service/frameworks/ets/ets/notification_info.abc obj/base/notification/distributed_notification_service/frameworks/ets/ets/out/rk3568/obj/base/notification/distributed_notification_service/frameworks/ets/ets/notification_info.abc
[OHOS INFO] [NINJA] [1644/4519] COPY obj/base/notification/distributed_notification_service/frameworks/ets/ets/notification_manager.abc obj/base/notification/distributed_notification_service/frameworks/ets/ets/out/rk3568/obj/base/notification/distributed_notification_service/frameworks/ets/ets/notification_manager.abc
[OHOS INFO] [NINJA] [1645/4519] COPY obj/base/notification/distributed_notification_service/frameworks/ets/ets/notification_request.abc obj/base/notification/distributed_notification_service/frameworks/ets/ets/out/rk3568/obj/base/notification/distributed_notification_service/frameworks/ets/ets/notification_request.abc
[OHOS INFO] [NINJA] [1646/4519] COPY obj/base/notification/distributed_notification_service/frameworks/ets/ets/notification_slot.abc obj/base/notification/distributed_notification_service/frameworks/ets/ets/out/rk3568/obj/base/notification/distributed_notification_service/frameworks/ets/ets/notification_slot.abc
[OHOS INFO] [NINJA] [1647/4519] COPY obj/base/notification/distributed_notification_service/frameworks/ets/ets/notification_sorting.abc obj/base/notification/distributed_notification_service/frameworks/ets/ets/out/rk3568/obj/base/notification/distributed_notification_service/frameworks/ets/ets/notification_sorting.abc
[OHOS INFO] [NINJA] [1648/4519] COPY obj/base/notification/distributed_notification_service/frameworks/ets/ets/notification_sorting_map.abc obj/base/notification/distributed_notification_service/frameworks/ets/ets/out/rk3568/obj/base/notification/distributed_notification_service/frameworks/ets/ets/notification_sorting_map.abc
[OHOS INFO] [NINJA] [1649/4519] COPY obj/base/notification/distributed_notification_service/frameworks/ets/ets/notification_subscribe.abc obj/base/notification/distributed_notification_service/frameworks/ets/ets/out/rk3568/obj/base/notification/distributed_notification_service/frameworks/ets/ets/notification_subscribe.abc
[OHOS INFO] [NINJA] [1650/4519] COPY obj/base/notification/distributed_notification_service/frameworks/ets/ets/notification_subscribe_info.abc obj/base/notification/distributed_notification_service/frameworks/ets/ets/out/rk3568/obj/base/notification/distributed_notification_service/frameworks/ets/ets/notification_subscribe_info.abc
[OHOS INFO] [NINJA] [1651/4519] COPY obj/base/notification/distributed_notification_service/frameworks/ets/ets/notification_subscriber.abc obj/base/notification/distributed_notification_service/frameworks/ets/ets/out/rk3568/obj/base/notification/distributed_notification_service/frameworks/ets/ets/notification_subscriber.abc
[OHOS INFO] [NINJA] [1652/4519] COPY obj/base/notification/distributed_notification_service/frameworks/ets/ets/notification_template.abc obj/base/notification/distributed_notification_service/frameworks/ets/ets/out/rk3568/obj/base/notification/distributed_notification_service/frameworks/ets/ets/notification_template.abc
[OHOS INFO] [NINJA] [1653/4519] COPY obj/base/notification/distributed_notification_service/frameworks/ets/ets/notification_user_input.abc obj/base/notification/distributed_notification_service/frameworks/ets/ets/out/rk3568/obj/base/notification/distributed_notification_service/frameworks/ets/ets/notification_user_input.abc
[OHOS INFO] [NINJA] [1654/4519] STAMP obj/base/notification/distributed_notification_service/frameworks/reminder_ani/reminder_agent_manager_abc.stamp
[OHOS INFO] [NINJA] [1655/4519] STAMP obj/base/notification/eventhandler/frameworks/emitter/event_emitter_abc.stamp
[OHOS INFO] [NINJA] [1656/4519] STAMP obj/base/powermgr/battery_manager/frameworks/ets/taihe/charger/charger.stamp
[OHOS INFO] [NINJA] [1657/4519] STAMP obj/base/powermgr/battery_statistics/frameworks/ets/taihe/battery_stats/batterystats_abc.stamp
[OHOS INFO] [NINJA] [1658/4519] STAMP obj/base/powermgr/battery_manager/frameworks/ets/taihe/batteryInfo/batteryInfo.stamp
[OHOS INFO] [NINJA] [1659/4519] STAMP obj/base/powermgr/display_manager/state_manager/frameworks/ets/taihe/brightness/brightness_abc.stamp
[OHOS INFO] [NINJA] [1660/4519] STAMP obj/base/powermgr/power_manager/frameworks/ets/taihe/power/power_abc.stamp
[OHOS INFO] [NINJA] [1661/4519] STAMP obj/base/powermgr/power_manager/frameworks/ets/taihe/runninglock/runningLock_abc.stamp
[OHOS INFO] [NINJA] [1662/4519] STAMP obj/base/powermgr/thermal_manager/frameworks/ets/taihe/thermal/thermal_abc.stamp
[OHOS INFO] [NINJA] [1663/4519] COPY obj/base/print/print_fwk/interfaces/kits/ani/printani/print_extension_ability_ani.abc obj/base/print/print_fwk/interfaces/kits/ani/printani/out/rk3568/obj/base/print/print_fwk/interfaces/kits/ani/printani/print_extension_ability_ani.abc
[OHOS INFO] [NINJA] [1664/4519] COPY obj/base/print/print_fwk/interfaces/kits/ani/printani/print.abc obj/base/print/print_fwk/interfaces/kits/ani/printani/out/rk3568/obj/base/print/print_fwk/interfaces/kits/ani/printani/print.abc
[OHOS INFO] [NINJA] [1665/4519] COPY obj/base/print/print_fwk/interfaces/kits/ani/printani/print_extension_context_abc.abc obj/base/print/print_fwk/interfaces/kits/ani/printani/out/rk3568/obj/base/print/print_fwk/interfaces/kits/ani/printani/print_extension_context_abc.abc
[OHOS INFO] [NINJA] [1666/4519] STAMP obj/base/request/request/frameworks/ets/ani/cache_download/cache_download.stamp
[OHOS INFO] [NINJA] [1667/4519] COPY obj/base/print/print_fwk/interfaces/kits/ani/scanani/scan.abc obj/base/print/print_fwk/interfaces/kits/ani/scanani/out/rk3568/obj/base/print/print_fwk/interfaces/kits/ani/scanani/scan.abc
[OHOS INFO] [NINJA] [1668/4519] STAMP obj/base/request/request/frameworks/ets/ani/request/request.stamp
[OHOS INFO] [NINJA] [1669/4519] COPY obj/base/security/access_token/frameworks/ets/ani/accesstoken/ability_access_ctrl.abc obj/base/security/access_token/frameworks/ets/ani/accesstoken/out/rk3568/obj/base/security/access_token/frameworks/ets/ani/accesstoken/ability_access_ctrl.abc
[OHOS INFO] [NINJA] [1670/4519] COPY obj/base/security/access_token/frameworks/ets/ani/common/Permission_Request_Result.abc obj/base/security/access_token/frameworks/ets/ani/common/out/rk3568/obj/base/security/access_token/frameworks/ets/ani/common/Permission_Request_Result.abc
[OHOS INFO] [NINJA] [1671/4519] COPY obj/base/security/access_token/frameworks/ets/ani/common/permissions.abc obj/base/security/access_token/frameworks/ets/ani/common/out/rk3568/obj/base/security/access_token/frameworks/ets/ani/common/permissions.abc
[OHOS INFO] [NINJA] [1672/4519] COPY obj/base/security/access_token/frameworks/ets/ani/el5filekeymanager/screen_lock_file_manager.abc obj/base/security/access_token/frameworks/ets/ani/el5filekeymanager/out/rk3568/obj/base/security/access_token/frameworks/ets/ani/el5filekeymanager/screen_lock_file_manager.abc
[OHOS INFO] [NINJA] [1673/4519] STAMP obj/base/security/certificate_framework/frameworks/js/ani/cert_framework_etc.stamp
[OHOS INFO] [NINJA] [1674/4519] COPY obj/base/security/access_token/frameworks/ets/ani/privacy/privacy_manager.abc obj/base/security/access_token/frameworks/ets/ani/privacy/out/rk3568/obj/base/security/access_token/frameworks/ets/ani/privacy/privacy_manager.abc
[OHOS INFO] [NINJA] [1675/4519] STAMP obj/base/security/certificate_manager/interfaces/kits/ani/certificate_manager_ani/certmanager_ani_abc_etc.stamp
[OHOS INFO] [NINJA] [1676/4519] STAMP obj/base/security/certificate_manager/interfaces/kits/ani/certificate_manager_dialog_ani/certmanager_dialog_ani_abc_etc.stamp
[OHOS INFO] [NINJA] [1677/4519] COPY obj/base/security/crypto_framework/frameworks/js/ani/crypto_framework_ets.abc obj/base/security/crypto_framework/frameworks/js/ani/out/rk3568/obj/base/security/crypto_framework/frameworks/js/ani/crypto_framework_ets.abc
[OHOS INFO] [NINJA] [1678/4519] STAMP obj/base/sensors/miscdevice/frameworks/ets/taihe/vibrator_abc.stamp
[OHOS INFO] [NINJA] [1679/4519] STAMP obj/base/sensors/sensor/frameworks/ets/taihe/sensor_abc.stamp
[OHOS INFO] [NINJA] [1680/4519] COPY obj/base/startup/init/interfaces/taihe/deviceInfo/deviceInfo.abc obj/base/startup/init/interfaces/taihe/deviceInfo/out/rk3568/obj/base/startup/init/interfaces/taihe/deviceInfo/deviceInfo.abc
[OHOS INFO] [NINJA] [1681/4519] COPY obj/base/startup/init/interfaces/taihe/syscap/global.abc obj/base/startup/init/interfaces/taihe/syscap/out/rk3568/obj/base/startup/init/interfaces/taihe/syscap/global.abc
[OHOS INFO] [NINJA] [1682/4519] COPY obj/base/startup/init/interfaces/taihe/systemParameterEnhance/systemParameterEnhance.abc obj/base/startup/init/interfaces/taihe/systemParameterEnhance/out/rk3568/obj/base/startup/init/interfaces/taihe/systemParameterEnhance/systemParameterEnhance.abc
[OHOS INFO] [NINJA] [1683/4519] STAMP obj/base/telephony/call_manager/frameworks/ets/taihe/telephony_call_abc.stamp
[OHOS INFO] [NINJA] [1684/4519] STAMP obj/base/telephony/cellular_data/frameworks/ets/ani/cellular_data_abc.stamp
[OHOS INFO] [NINJA] [1685/4519] STAMP obj/base/telephony/core_service/frameworks/ets/ani/radio/telephony_radio_abc.stamp
[OHOS INFO] [NINJA] [1686/4519] STAMP obj/base/telephony/core_service/frameworks/ets/ani/sim/sim_ani_abc.stamp
[OHOS INFO] [NINJA] [1687/4519] STAMP obj/base/telephony/core_service/frameworks/ets/ani/vcard/vcard_ani_abc.stamp
[OHOS INFO] [NINJA] [1688/4519] STAMP obj/base/telephony/sms_mms/frameworks/ets/taihe/telephony_sms_abc.stamp
[OHOS INFO] [NINJA] [1689/4519] STAMP obj/base/telephony/state_registry/frameworks/ets/ani/observer/observer_ani_abc.stamp
[OHOS INFO] [NINJA] [1690/4519] STAMP obj/base/theme/wallpaper_mgr/frameworks/ets/taihe/wallpapermgr/wallpapermgr_abc.stamp
[OHOS INFO] [NINJA] [1691/4519] STAMP obj/base/time/time_service/framework/js/taihe/system_datetime/systemdatetime_abc.stamp
[OHOS INFO] [NINJA] [1692/4519] STAMP obj/base/time/time_service/framework/js/taihe/system_timer/systemtimer_abc.stamp
[OHOS INFO] [NINJA] [1693/4519] STAMP obj/base/update/updateservice/frameworks/js/ani/update_framework_abc.stamp
[OHOS INFO] [NINJA] [1694/4519] ACTION //base/global/system_resources/systemres:systemres_hap__js_assets(//build/toolchain/ohos:ohos_clang_arm)
[OHOS INFO] [NINJA] [1695/4519] COPY obj/base/usb/usb_manager/frameworks/ets/taihe/usb_manager/usb_manager_abc.abc obj/base/usb/usb_manager/frameworks/ets/taihe/usb_manager/out/rk3568/obj/base/usb/usb_manager/frameworks/ets/taihe/usb_manager/usb_manager_abc.abc
[OHOS INFO] [NINJA] [1696/4519] COPY obj/base/usb/usb_manager/frameworks/ets/taihe/usb_manager/usbmanager_serial_abc.abc obj/base/usb/usb_manager/frameworks/ets/taihe/usb_manager/out/rk3568/obj/base/usb/usb_manager/frameworks/ets/taihe/usb_manager/usbmanager_serial_abc.abc
[OHOS INFO] [NINJA] [1697/4519] STAMP obj/base/useriam/companion_device_auth/frameworks/ets/ani/companiondeviceauth.stamp
[OHOS INFO] [NINJA] [1698/4519] STAMP obj/base/useriam/face_auth/frameworks/ets/ani/face_auth_taihe_abc.stamp
[OHOS INFO] [NINJA] [1699/4519] COPY obj/base/useriam/user_auth_framework/frameworks/ets/ani/user_access_ctrl/ohos.userIAM.userAccessCtrl.abc obj/base/useriam/user_auth_framework/frameworks/ets/ani/user_access_ctrl/out/rk3568/obj/base/useriam/user_auth_framework/frameworks/ets/ani/user_access_ctrl/ohos.userIAM.userAccessCtrl.abc
[OHOS INFO] [NINJA] [1700/4519] COPY obj/base/useriam/user_auth_framework/frameworks/ets/ani/user_auth/user_auth.abc obj/base/useriam/user_auth_framework/frameworks/ets/ani/user_auth/out/rk3568/obj/base/useriam/user_auth_framework/frameworks/ets/ani/user_auth/user_auth.abc
[OHOS INFO] [NINJA] [1701/4519] COPY obj/base/useriam/user_auth_framework/frameworks/ets/ani/user_auth_extension/user_auth_extension.abc obj/base/useriam/user_auth_framework/frameworks/ets/ani/user_auth_extension/out/rk3568/obj/base/useriam/user_auth_framework/frameworks/ets/ani/user_auth_extension/user_auth_extension.abc
[OHOS INFO] [NINJA] [1702/4519] COPY obj/base/useriam/user_auth_framework/frameworks/ets/ani/user_auth_icon/user_auth_icon_ets_abc.abc obj/base/useriam/user_auth_framework/frameworks/ets/ani/user_auth_icon/out/rk3568/obj/base/useriam/user_auth_framework/frameworks/ets/ani/user_auth_icon/user_auth_icon_ets_abc.abc
[OHOS INFO] [NINJA] [1703/4519] STAMP obj/base/web/webview/interfaces/kits/ani/webnativemessagingextension/ets/web_native_messaging_extension_ability.stamp
[OHOS INFO] [NINJA] [1704/4519] STAMP obj/base/web/webview/interfaces/kits/ani/webnativemessagingextension/ets/web_native_messaging_extension_context.stamp
[OHOS INFO] [NINJA] [1705/4519] STAMP obj/base/web/webview/interfaces/kits/ani/webnativemessagingextension/ets/web_native_messaging_extension_manager.stamp
[OHOS INFO] [NINJA] [1706/4519] STAMP obj/base/web/webview/interfaces/kits/ani/webview/web_innerUI.stamp
[OHOS INFO] [NINJA] [1707/4519] STAMP obj/base/web/webview/interfaces/kits/ani/webview/web_webview.stamp
[OHOS INFO] [NINJA] [1708/4519] ACTION //base/telephony/core_service/telephonyres:telephonyres_hap__js_assets(//build/toolchain/ohos:ohos_clang_arm)
[OHOS INFO] [NINJA] [1709/4519] ACTION //foundation/multimedia/audio_framework/frameworks/taihe:audio_framework_taihe_abc(//build/toolchain/ohos:ohos_clang_arm)
[OHOS INFO] [NINJA] [1710/4519] STAMP obj/developtools/profiler/hidebug/interfaces/ets/ani/hidebug/hidebug.stamp
[OHOS INFO] [NINJA] [1711/4519] STAMP obj/developtools/syscap_codec/taihe/syscap/systemCapability.stamp
[OHOS INFO] [NINJA] [1712/4519] COPY obj/drivers/external_device_manager/frameworks/js/ani/driver_extension_ability/driverExtensionAbility.abc obj/drivers/external_device_manager/frameworks/js/ani/driver_extension_ability/out/rk3568/obj/drivers/external_device_manager/frameworks/js/ani/driver_extension_ability/driverExtensionAbility.abc
[OHOS INFO] [NINJA] [1713/4519] COPY obj/drivers/external_device_manager/frameworks/js/taihe/device_manager_abc.abc obj/drivers/external_device_manager/frameworks/js/taihe/out/rk3568/obj/drivers/external_device_manager/frameworks/js/taihe/device_manager_abc.abc
[OHOS INFO] [NINJA] [1714/4519] STAMP obj/foundation/ability/ability_runtime/agent_runtime_framework/frameworks/ets/ets/agent_runtime_agent_card_abc.stamp
[OHOS INFO] [NINJA] [1715/4519] STAMP obj/foundation/ability/ability_runtime/agent_runtime_framework/frameworks/ets/ets/agent_runtime_agent_constant_abc.stamp
[OHOS INFO] [NINJA] [1716/4519] STAMP obj/foundation/ability/ability_runtime/agent_runtime_framework/frameworks/ets/ets/agent_runtime_agent_extension_abc.stamp
[OHOS INFO] [NINJA] [1717/4519] STAMP obj/foundation/ability/ability_runtime/agent_runtime_framework/frameworks/ets/ets/agent_runtime_agent_extension_connect_callback_abc.stamp
[OHOS INFO] [NINJA] [1718/4519] STAMP obj/foundation/ability/ability_runtime/agent_runtime_framework/frameworks/ets/ets/agent_runtime_agent_extension_context_abc.stamp
[OHOS INFO] [NINJA] [1719/4519] STAMP obj/foundation/ability/ability_runtime/agent_runtime_framework/frameworks/ets/ets/agent_runtime_agent_host_proxy_abc.stamp
[OHOS INFO] [NINJA] [1720/4519] STAMP obj/foundation/ability/ability_runtime/agent_runtime_framework/frameworks/ets/ets/agent_runtime_agent_manager_abc.stamp
[OHOS INFO] [NINJA] [1721/4519] STAMP obj/foundation/ability/ability_runtime/agent_runtime_framework/frameworks/ets/ets/agent_runtime_agent_proxy_abc.stamp
[OHOS INFO] [NINJA] [1722/4519] STAMP obj/foundation/ability/ability_runtime/agent_runtime_framework/frameworks/ets/ets/agent_runtime_agent_ui_extension_ability_abc.stamp
[OHOS INFO] [NINJA] [1723/4519] STAMP obj/foundation/ability/ability_runtime/agent_runtime_framework/frameworks/ets/ets/agent_runtime_agent_utils_abc.stamp
[OHOS INFO] [NINJA] [1724/4519] STAMP obj/foundation/ability/ability_runtime/frameworks/ets/ets/ability_ability_abc.stamp
[OHOS INFO] [NINJA] [1725/4519] STAMP obj/foundation/ability/ability_runtime/frameworks/ets/ets/ability_application_abc.stamp
[OHOS INFO] [NINJA] [1726/4519] STAMP obj/foundation/ability/ability_runtime/frameworks/ets/ets/ability_delegator_abc.stamp
[OHOS INFO] [NINJA] [1727/4519] STAMP obj/foundation/ability/ability_runtime/frameworks/ets/ets/ability_delegator_ability_monitor_abc.stamp
[OHOS INFO] [NINJA] [1728/4519] STAMP obj/foundation/ability/ability_runtime/frameworks/ets/ets/ability_delegator_application_testRunner_abc.stamp
[OHOS INFO] [NINJA] [1729/4519] STAMP obj/foundation/ability/ability_runtime/frameworks/ets/ets/ability_delegator_args_abc.stamp
[OHOS INFO] [NINJA] [1730/4519] STAMP obj/foundation/ability/ability_runtime/frameworks/ets/ets/ability_delegator_interop_ability_monitor_abc.stamp
[OHOS INFO] [NINJA] [1731/4519] STAMP obj/foundation/ability/ability_runtime/frameworks/ets/ets/ability_delegator_registry_abc.stamp
[OHOS INFO] [NINJA] [1732/4519] STAMP obj/foundation/ability/ability_runtime/frameworks/ets/ets/ability_first_frame_state_data_abc.stamp
[OHOS INFO] [NINJA] [1733/4519] STAMP obj/foundation/ability/ability_runtime/frameworks/ets/ets/ability_first_frame_state_observer_abc.stamp
[OHOS INFO] [NINJA] [1734/4519] STAMP obj/foundation/ability/ability_runtime/frameworks/ets/ets/ability_foreground_state_observer_abc.stamp
[OHOS INFO] [NINJA] [1735/4519] STAMP obj/foundation/ability/ability_runtime/frameworks/ets/ets/ability_runtime_AbilityRunningInfo_abc.stamp
[OHOS INFO] [NINJA] [1736/4519] STAMP obj/foundation/ability/ability_runtime/frameworks/ets/ets/ability_runtime_ability_abc.stamp
[OHOS INFO] [NINJA] [1737/4519] STAMP obj/foundation/ability/ability_runtime/frameworks/ets/ets/ability_runtime_ability_constant_abc.stamp
[OHOS INFO] [NINJA] [1738/4519] STAMP obj/foundation/ability/ability_runtime/frameworks/ets/ets/ability_runtime_ability_context_constant_abc.stamp
[OHOS INFO] [NINJA] [1739/4519] STAMP obj/foundation/ability/ability_runtime/frameworks/ets/ets/ability_runtime_ability_dialogRequest_abc.stamp
[OHOS INFO] [NINJA] [1740/4519] STAMP obj/foundation/ability/ability_runtime/frameworks/ets/ets/ability_runtime_ability_lifecycle_callback_abc.stamp
[OHOS INFO] [NINJA] [1741/4519] STAMP obj/foundation/ability/ability_runtime/frameworks/ets/ets/ability_runtime_ability_manager_abc.stamp
[OHOS INFO] [NINJA] [1742/4519] STAMP obj/foundation/ability/ability_runtime/frameworks/ets/ets/ability_runtime_ability_mission_manager_abc.stamp
[OHOS INFO] [NINJA] [1743/4519] STAMP obj/foundation/ability/ability_runtime/frameworks/ets/ets/ability_runtime_ability_result_abc.stamp
[OHOS INFO] [NINJA] [1744/4519] STAMP obj/foundation/ability/ability_runtime/frameworks/ets/ets/ability_runtime_ability_stage_abc.stamp
[OHOS INFO] [NINJA] [1745/4519] STAMP obj/foundation/ability/ability_runtime/frameworks/ets/ets/ability_runtime_ability_stage_context_abc.stamp
[OHOS INFO] [NINJA] [1746/4519] STAMP obj/foundation/ability/ability_runtime/frameworks/ets/ets/ability_runtime_ability_stage_monitor_abc.stamp
[OHOS INFO] [NINJA] [1747/4519] STAMP obj/foundation/ability/ability_runtime/frameworks/ets/ets/ability_runtime_ability_start_callback_abc.stamp
[OHOS INFO] [NINJA] [1748/4519] STAMP obj/foundation/ability/ability_runtime/frameworks/ets/ets/ability_runtime_ability_state_data_abc.stamp
[OHOS INFO] [NINJA] [1749/4519] STAMP obj/foundation/ability/ability_runtime/frameworks/ets/ets/ability_runtime_ability_system_configuration_updated_callback_abc.stamp
[OHOS INFO] [NINJA] [1750/4519] STAMP obj/foundation/ability/ability_runtime/frameworks/ets/ets/ability_runtime_ability_utils_abc.stamp
[OHOS INFO] [NINJA] [1751/4519] STAMP obj/foundation/ability/ability_runtime/frameworks/ets/ets/ability_runtime_action_extension_ability_abc.stamp
[OHOS INFO] [NINJA] [1752/4519] STAMP obj/foundation/ability/ability_runtime/frameworks/ets/ets/ability_runtime_app_manager_abc.stamp
[OHOS INFO] [NINJA] [1753/4519] STAMP obj/foundation/ability/ability_runtime/frameworks/ets/ets/ability_runtime_app_memory_optimizer_abc.stamp
[OHOS INFO] [NINJA] [1754/4519] STAMP obj/foundation/ability/ability_runtime/frameworks/ets/ets/ability_runtime_app_state_data_abc.stamp
[OHOS INFO] [NINJA] [1755/4519] STAMP obj/foundation/ability/ability_runtime/frameworks/ets/ets/ability_runtime_application_context_abc.stamp
[OHOS INFO] [NINJA] [1756/4519] STAMP obj/foundation/ability/ability_runtime/frameworks/ets/ets/ability_runtime_application_state_change_callback_abc.stamp
[OHOS INFO] [NINJA] [1757/4519] STAMP obj/foundation/ability/ability_runtime/frameworks/ets/ets/ability_runtime_auto_fill_extension_ability_abc.stamp
[OHOS INFO] [NINJA] [1758/4519] STAMP obj/foundation/ability/ability_runtime/frameworks/ets/ets/ability_runtime_auto_fill_extension_context_abc.stamp
[OHOS INFO] [NINJA] [1759/4519] STAMP obj/foundation/ability/ability_runtime/frameworks/ets/ets/ability_runtime_auto_fill_manager_abc.stamp
[OHOS INFO] [NINJA] [1760/4519] STAMP obj/foundation/ability/ability_runtime/frameworks/ets/ets/ability_runtime_auto_fill_popup_config_abc.stamp
[OHOS INFO] [NINJA] [1761/4519] STAMP obj/foundation/ability/ability_runtime/frameworks/ets/ets/ability_runtime_auto_fill_rect_abc.stamp
[OHOS INFO] [NINJA] [1762/4519] STAMP obj/foundation/ability/ability_runtime/frameworks/ets/ets/ability_runtime_auto_fill_request_abc.stamp
[OHOS INFO] [NINJA] [1763/4519] STAMP obj/foundation/ability/ability_runtime/frameworks/ets/ets/ability_runtime_auto_fill_trigger_type_abc.stamp
[OHOS INFO] [NINJA] [1764/4519] STAMP obj/foundation/ability/ability_runtime/frameworks/ets/ets/ability_runtime_auto_fill_type_abc.stamp
[OHOS INFO] [NINJA] [1765/4519] STAMP obj/foundation/ability/ability_runtime/frameworks/ets/ets/ability_runtime_auto_startup_callback_abc.stamp
[OHOS INFO] [NINJA] [1766/4519] STAMP obj/foundation/ability/ability_runtime/frameworks/ets/ets/ability_runtime_auto_startup_info_abc.stamp
[OHOS INFO] [NINJA] [1767/4519] STAMP obj/foundation/ability/ability_runtime/frameworks/ets/ets/ability_runtime_auto_startup_manager_abc.stamp
[OHOS INFO] [NINJA] [1768/4519] STAMP obj/foundation/ability/ability_runtime/frameworks/ets/ets/ability_runtime_base_context_abc.stamp
[OHOS INFO] [NINJA] [1769/4519] STAMP obj/foundation/ability/ability_runtime/frameworks/ets/ets/ability_runtime_caller_callee_abc.stamp
[OHOS INFO] [NINJA] [1770/4519] STAMP obj/foundation/ability/ability_runtime/frameworks/ets/ets/ability_runtime_child_process_abc.stamp
[OHOS INFO] [NINJA] [1771/4519] STAMP obj/foundation/ability/ability_runtime/frameworks/ets/ets/ability_runtime_child_process_args_abc.stamp
[OHOS INFO] [NINJA] [1772/4519] STAMP obj/foundation/ability/ability_runtime/frameworks/ets/ets/ability_runtime_child_process_manager_abc.stamp
[OHOS INFO] [NINJA] [1773/4519] STAMP obj/foundation/ability/ability_runtime/frameworks/ets/ets/ability_runtime_child_process_options_abc.stamp
[OHOS INFO] [NINJA] [1774/4519] STAMP obj/foundation/ability/ability_runtime/frameworks/ets/ets/ability_runtime_completionHandler_callback_abc.stamp
[OHOS INFO] [NINJA] [1775/4519] STAMP obj/foundation/ability/ability_runtime/frameworks/ets/ets/ability_runtime_completion_handler_abc.stamp
[OHOS INFO] [NINJA] [1776/4519] STAMP obj/foundation/ability/ability_runtime/frameworks/ets/ets/ability_runtime_configuration_abc.stamp
[OHOS INFO] [NINJA] [1777/4519] STAMP obj/foundation/ability/ability_runtime/frameworks/ets/ets/ability_runtime_configuration_constant_abc.stamp
[OHOS INFO] [NINJA] [1778/4519] STAMP obj/foundation/ability/ability_runtime/frameworks/ets/ets/ability_runtime_connect_options_abc.stamp
[OHOS INFO] [NINJA] [1779/4519] STAMP obj/foundation/ability/ability_runtime/frameworks/ets/ets/ability_runtime_context_abc.stamp
[OHOS INFO] [NINJA] [1780/4519] STAMP obj/foundation/ability/ability_runtime/frameworks/ets/ets/ability_runtime_custom_data_abc.stamp
[OHOS INFO] [NINJA] [1781/4519] STAMP obj/foundation/ability/ability_runtime/frameworks/ets/ets/ability_runtime_data_ability_helper_abc.stamp
[OHOS INFO] [NINJA] [1782/4519] STAMP obj/foundation/ability/ability_runtime/frameworks/ets/ets/ability_runtime_data_uri_utils_abc.stamp
[OHOS INFO] [NINJA] [1783/4519] STAMP obj/foundation/ability/ability_runtime/frameworks/ets/ets/ability_runtime_dialog_session_abc.stamp
[OHOS INFO] [NINJA] [1784/4519] STAMP obj/foundation/ability/ability_runtime/frameworks/ets/ets/ability_runtime_embedded_uiextension_ability_abc.stamp
[OHOS INFO] [NINJA] [1785/4519] STAMP obj/foundation/ability/ability_runtime/frameworks/ets/ets/ability_runtime_environment_callback_abc.stamp
[OHOS INFO] [NINJA] [1786/4519] STAMP obj/foundation/ability/ability_runtime/frameworks/ets/ets/ability_runtime_error_code_abc.stamp
[OHOS INFO] [NINJA] [1787/4519] STAMP obj/foundation/ability/ability_runtime/frameworks/ets/ets/ability_runtime_event_hub_abc.stamp
[OHOS INFO] [NINJA] [1788/4519] STAMP obj/foundation/ability/ability_runtime/frameworks/ets/ets/ability_runtime_extension_ability_abc.stamp
[OHOS INFO] [NINJA] [1789/4519] STAMP obj/foundation/ability/ability_runtime/frameworks/ets/ets/ability_runtime_extension_context_abc.stamp
[OHOS INFO] [NINJA] [1790/4519] STAMP obj/foundation/ability/ability_runtime/frameworks/ets/ets/ability_runtime_extension_running_info_abc.stamp
[OHOS INFO] [NINJA] [1791/4519] STAMP obj/foundation/ability/ability_runtime/frameworks/ets/ets/ability_runtime_hyper_snap_manager_abc.stamp
[OHOS INFO] [NINJA] [1792/4519] STAMP obj/foundation/ability/ability_runtime/frameworks/ets/ets/ability_runtime_insight_intent_abc.stamp
[OHOS INFO] [NINJA] [1793/4519] STAMP obj/foundation/ability/ability_runtime/frameworks/ets/ets/ability_runtime_insight_intent_context_abc.stamp
[OHOS INFO] [NINJA] [1794/4519] STAMP obj/foundation/ability/ability_runtime/frameworks/ets/ets/ability_runtime_insight_intent_decorator_abc.stamp
[OHOS INFO] [NINJA] [1795/4519] STAMP obj/foundation/ability/ability_runtime/frameworks/ets/ets/ability_runtime_insight_intent_driver_abc.stamp
[OHOS INFO] [NINJA] [1796/4519] STAMP obj/foundation/ability/ability_runtime/frameworks/ets/ets/ability_runtime_insight_intent_executor_abc.stamp
[OHOS INFO] [NINJA] [1797/4519] STAMP obj/foundation/ability/ability_runtime/frameworks/ets/ets/ability_runtime_insight_intent_provider_abc.stamp
[OHOS INFO] [NINJA] [1798/4519] STAMP obj/foundation/ability/ability_runtime/frameworks/ets/ets/ability_runtime_interop_ability_lifecycle_callback_abc.stamp
[OHOS INFO] [NINJA] [1799/4519] ACTION //foundation/multimedia/video_processing_engine/interfaces/kits/taihe:video_processing_engine_taihe_abc(//build/toolchain/ohos:ohos_clang_arm)
[OHOS INFO] [NINJA] [1800/4519] STAMP obj/foundation/ability/ability_runtime/frameworks/ets/ets/ability_runtime_kiosk_manager_abc.stamp
[OHOS INFO] [NINJA] [1801/4519] STAMP obj/foundation/ability/ability_runtime/frameworks/ets/ets/ability_runtime_kiosk_status_abc.stamp
[OHOS INFO] [NINJA] [1802/4519] STAMP obj/foundation/ability/ability_runtime/frameworks/ets/ets/ability_runtime_mission_info_abc.stamp
[OHOS INFO] [NINJA] [1803/4519] STAMP obj/foundation/ability/ability_runtime/frameworks/ets/ets/ability_runtime_mission_listener_abc.stamp
[OHOS INFO] [NINJA] [1804/4519] STAMP obj/foundation/ability/ability_runtime/frameworks/ets/ets/ability_runtime_mission_snapshot_abc.stamp
[OHOS INFO] [NINJA] [1805/4519] STAMP obj/foundation/ability/ability_runtime/frameworks/ets/ets/ability_runtime_multi_app_mode_abc.stamp
[OHOS INFO] [NINJA] [1806/4519] STAMP obj/foundation/ability/ability_runtime/frameworks/ets/ets/ability_runtime_openLink_options_abc.stamp
[OHOS INFO] [NINJA] [1807/4519] STAMP obj/foundation/ability/ability_runtime/frameworks/ets/ets/ability_runtime_page_node_info_abc.stamp
[OHOS INFO] [NINJA] [1808/4519] STAMP obj/foundation/ability/ability_runtime/frameworks/ets/ets/ability_runtime_process_data_abc.stamp
[OHOS INFO] [NINJA] [1809/4519] STAMP obj/foundation/ability/ability_runtime/frameworks/ets/ets/ability_runtime_process_information_abc.stamp
[OHOS INFO] [NINJA] [1810/4519] STAMP obj/foundation/ability/ability_runtime/frameworks/ets/ets/ability_runtime_running_app_clone_abc.stamp
[OHOS INFO] [NINJA] [1811/4519] STAMP obj/foundation/ability/ability_runtime/frameworks/ets/ets/ability_runtime_running_multi_appinfo_abc.stamp
[OHOS INFO] [NINJA] [1812/4519] STAMP obj/foundation/ability/ability_runtime/frameworks/ets/ets/ability_runtime_running_multi_instance_info_abc.stamp
[OHOS INFO] [NINJA] [1813/4519] STAMP obj/foundation/ability/ability_runtime/frameworks/ets/ets/ability_runtime_share_extension_ability_abc.stamp
[OHOS INFO] [NINJA] [1814/4519] STAMP obj/foundation/ability/ability_runtime/frameworks/ets/ets/ability_runtime_shell_cmd_result_abc.stamp
[OHOS INFO] [NINJA] [1815/4519] STAMP obj/foundation/ability/ability_runtime/frameworks/ets/ets/ability_runtime_start_options_abc.stamp
[OHOS INFO] [NINJA] [1816/4519] STAMP obj/foundation/ability/ability_runtime/frameworks/ets/ets/ability_runtime_startup_config_abc.stamp
[OHOS INFO] [NINJA] [1817/4519] STAMP obj/foundation/ability/ability_runtime/frameworks/ets/ets/ability_runtime_startup_config_entry_abc.stamp
[OHOS INFO] [NINJA] [1818/4519] STAMP obj/foundation/ability/ability_runtime/frameworks/ets/ets/ability_runtime_startup_listener_abc.stamp
[OHOS INFO] [NINJA] [1819/4519] STAMP obj/foundation/ability/ability_runtime/frameworks/ets/ets/ability_runtime_startup_manager_abc.stamp
[OHOS INFO] [NINJA] [1820/4519] STAMP obj/foundation/ability/ability_runtime/frameworks/ets/ets/ability_runtime_startup_task_abc.stamp
[OHOS INFO] [NINJA] [1821/4519] STAMP obj/foundation/ability/ability_runtime/frameworks/ets/ets/ability_runtime_startup_task_executor_abc.stamp
[OHOS INFO] [NINJA] [1822/4519] STAMP obj/foundation/ability/ability_runtime/frameworks/ets/ets/ability_runtime_trigger_info_abc.stamp
[OHOS INFO] [NINJA] [1823/4519] STAMP obj/foundation/ability/ability_runtime/frameworks/ets/ets/ability_runtime_ui_ability_abc.stamp
[OHOS INFO] [NINJA] [1824/4519] STAMP obj/foundation/ability/ability_runtime/frameworks/ets/ets/ability_runtime_ui_ability_context_abc.stamp
[OHOS INFO] [NINJA] [1825/4519] STAMP obj/foundation/ability/ability_runtime/frameworks/ets/ets/ability_runtime_ui_service_extension_ability_abc.stamp
[OHOS INFO] [NINJA] [1826/4519] STAMP obj/foundation/ability/ability_runtime/frameworks/ets/ets/ability_runtime_vertical_panel_manager_abc.stamp
[OHOS INFO] [NINJA] [1827/4519] STAMP obj/foundation/ability/ability_runtime/frameworks/ets/ets/ability_runtime_view_data_abc.stamp
[OHOS INFO] [NINJA] [1828/4519] STAMP obj/foundation/ability/ability_runtime/frameworks/ets/ets/ability_runtime_want_abc.stamp
[OHOS INFO] [NINJA] [1829/4519] STAMP obj/foundation/ability/ability_runtime/frameworks/ets/ets/ability_runtime_want_agent_abc.stamp
[OHOS INFO] [NINJA] [1830/4519] STAMP obj/foundation/ability/ability_runtime/frameworks/ets/ets/ability_runtime_want_agent_info_abc.stamp
[OHOS INFO] [NINJA] [1831/4519] STAMP obj/foundation/ability/ability_runtime/frameworks/ets/ets/ability_runtime_want_constant_abc.stamp
[OHOS INFO] [NINJA] [1832/4519] STAMP obj/foundation/ability/ability_runtime/frameworks/ets/ets/appRecovery_abc.stamp
[OHOS INFO] [NINJA] [1833/4519] STAMP obj/foundation/ability/ability_runtime/frameworks/ets/ets/app_foreground_state_observer_abc.stamp
[OHOS INFO] [NINJA] [1834/4519] STAMP obj/foundation/ability/ability_runtime/frameworks/ets/ets/app_processInfo_abc.stamp
[OHOS INFO] [NINJA] [1835/4519] STAMP obj/foundation/ability/ability_runtime/frameworks/ets/ets/app_service_extension_ability.stamp
[OHOS INFO] [NINJA] [1836/4519] STAMP obj/foundation/ability/ability_runtime/frameworks/ets/ets/application_state_observer_abc.stamp
[OHOS INFO] [NINJA] [1837/4519] STAMP obj/foundation/ability/ability_runtime/frameworks/ets/ets/atomic_service_options_abc.stamp
[OHOS INFO] [NINJA] [1838/4519] STAMP obj/foundation/ability/ability_runtime/frameworks/ets/ets/business_ability_info_abc.stamp
[OHOS INFO] [NINJA] [1839/4519] STAMP obj/foundation/ability/ability_runtime/frameworks/ets/ets/business_ability_router_abc.stamp
[OHOS INFO] [NINJA] [1840/4519] STAMP obj/foundation/ability/ability_runtime/frameworks/ets/ets/completion_handler_for_atomic_service_abc.stamp
[OHOS INFO] [NINJA] [1841/4519] STAMP obj/foundation/ability/ability_runtime/frameworks/ets/ets/errorManager_abc.stamp
[OHOS INFO] [NINJA] [1842/4519] STAMP obj/foundation/ability/ability_runtime/frameworks/ets/ets/form_extension_ability_ani.stamp
[OHOS INFO] [NINJA] [1843/4519] STAMP obj/foundation/ability/ability_runtime/frameworks/ets/ets/photo_editor_extension_ability_ani_abc.stamp
[OHOS INFO] [NINJA] [1844/4519] STAMP obj/foundation/ability/ability_runtime/frameworks/ets/ets/quick_fix_manager_abc.stamp
[OHOS INFO] [NINJA] [1845/4519] STAMP obj/foundation/ability/ability_runtime/frameworks/ets/ets/service_extension_ability.stamp
[OHOS INFO] [NINJA] [1846/4519] STAMP obj/foundation/ability/ability_runtime/frameworks/ets/ets/ui_extension_ability_ani_abc.stamp
[OHOS INFO] [NINJA] [1847/4519] STAMP obj/foundation/ability/ability_runtime/frameworks/ets/ets/ui_service_extension_connect_callback_abc.stamp
[OHOS INFO] [NINJA] [1848/4519] STAMP obj/foundation/ability/ability_runtime/frameworks/ets/ets/ui_service_host_proxy_abc.stamp
[OHOS INFO] [NINJA] [1849/4519] STAMP obj/foundation/ability/ability_runtime/frameworks/ets/ets/ui_service_extension_context_abc.stamp
[OHOS INFO] [NINJA] [1850/4519] STAMP obj/foundation/ability/ability_runtime/frameworks/ets/ets/uri_permission_manager_abc.stamp
[OHOS INFO] [NINJA] [1851/4519] STAMP obj/foundation/ability/ability_runtime/frameworks/ets/ets/ui_service_proxy_abc.stamp
[OHOS INFO] [NINJA] [1852/4519] STAMP obj/foundation/ability/dmsfwk/frameworks/native/distributed_extension/ets/distributed_extension_ability_ani.stamp
[OHOS INFO] [NINJA] [1853/4519] COPY obj/foundation/ability/ability_runtime/frameworks/ets/taihe/distributedmissionmanager/distributedmissionmanager.abc obj/foundation/ability/ability_runtime/frameworks/ets/taihe/distributedmissionmanager/out/rk3568/obj/foundation/ability/ability_runtime/frameworks/ets/taihe/distributedmissionmanager/distributedmissionmanager.abc
[OHOS INFO] [NINJA] [1854/4519] STAMP obj/foundation/ability/dmsfwk/interfaces/taihe/dmsfwk_taihe_ani.stamp
[OHOS INFO] [NINJA] [1855/4519] STAMP obj/foundation/ability/form_fwk/frameworks/ets/ani/form_agent/formagent.stamp
[OHOS INFO] [NINJA] [1856/4519] STAMP obj/foundation/ability/form_fwk/frameworks/ets/ani/form_binding_data/form_binding_data.stamp
[OHOS INFO] [NINJA] [1857/4519] STAMP obj/foundation/ability/form_fwk/frameworks/ets/ani/form_edit_extension_ability/form_edit_extension_ability.stamp
[OHOS INFO] [NINJA] [1858/4519] STAMP obj/foundation/ability/form_fwk/frameworks/ets/ani/form_edit_extension_ability/form_edit_extension_context.stamp
[OHOS INFO] [NINJA] [1859/4519] STAMP obj/foundation/ability/form_fwk/frameworks/ets/ani/form_error/formError.stamp
[OHOS INFO] [NINJA] [1860/4519] STAMP obj/foundation/ability/form_fwk/frameworks/ets/ani/form_host/formHost.stamp
[OHOS INFO] [NINJA] [1861/4519] STAMP obj/foundation/ability/form_fwk/frameworks/ets/ani/form_info/formInfo.stamp
[OHOS INFO] [NINJA] [1862/4519] STAMP obj/foundation/ability/form_fwk/frameworks/ets/ani/form_observer/form_observer_abc.stamp
[OHOS INFO] [NINJA] [1863/4519] STAMP obj/foundation/ability/form_fwk/frameworks/ets/ani/form_provider/formProvider.stamp
[OHOS INFO] [NINJA] [1864/4519] STAMP obj/foundation/ability/form_fwk/frameworks/ets/ani/live_form_extension_ability/live_form_extension_ability.stamp
[OHOS INFO] [NINJA] [1865/4519] STAMP obj/foundation/ability/form_fwk/frameworks/ets/ani/live_form_extension_ability/live_form_extension_context.stamp
[OHOS INFO] [NINJA] [1866/4519] STAMP obj/foundation/ai/intelligent_voice_framework/frameworks/taihe/intelligent_voice_framework_taihe_abc.stamp
[OHOS INFO] [NINJA] [1867/4519] STAMP obj/foundation/arkui/ace_engine/advanced_ui_component_static/downloadfilebutton/download_file_button_ets_abc_etc.stamp
[OHOS INFO] [NINJA] [1868/4519] STAMP obj/foundation/arkui/ace_engine/advanced_ui_component_static/fullscreenlaunchcomponent/full_screen_launch_ets_abc_etc.stamp
[OHOS INFO] [NINJA] [1869/4519] STAMP obj/foundation/arkui/ace_engine/interfaces/ets/ani/animator/animator_ani_abc.stamp
[OHOS INFO] [NINJA] [1870/4519] STAMP obj/foundation/arkui/ace_engine/interfaces/ets/ani/componentSnapshot/componentSnapshot.stamp
[OHOS INFO] [NINJA] [1871/4519] STAMP obj/foundation/arkui/ace_engine/interfaces/ets/ani/componentUtils/componentUtils.stamp
[OHOS INFO] [NINJA] [1872/4519] STAMP obj/foundation/arkui/ace_engine/interfaces/ets/ani/curves/curves.stamp
[OHOS INFO] [NINJA] [1873/4519] STAMP obj/foundation/arkui/ace_engine/interfaces/ets/ani/displaySync/display_sync_ani_abc.stamp
[OHOS INFO] [NINJA] [1874/4519] STAMP obj/foundation/arkui/ace_engine/interfaces/ets/ani/focuscontroller/focusController.stamp
[OHOS INFO] [NINJA] [1875/4519] STAMP obj/foundation/arkui/ace_engine/interfaces/ets/ani/imagecache/imagecache.stamp
[OHOS INFO] [NINJA] [1876/4519] STAMP obj/foundation/arkui/ace_engine/interfaces/ets/ani/matrix4/matrix4.stamp
[OHOS INFO] [NINJA] [1877/4519] COPY obj/foundation/arkui/ace_engine/interfaces/ets/ani/inspector/inspector.abc obj/foundation/arkui/ace_engine/interfaces/ets/ani/inspector/out/rk3568/obj/foundation/arkui/ace_engine/interfaces/ets/ani/inspector/inspector.abc
[OHOS INFO] [NINJA] [1878/4519] STAMP obj/foundation/arkui/ace_engine/interfaces/ets/ani/mediaquery/mediaquery.stamp
[OHOS INFO] [NINJA] [1879/4519] STAMP obj/foundation/arkui/ace_engine/interfaces/ets/ani/observer/observer.stamp
[OHOS INFO] [NINJA] [1880/4519] STAMP obj/foundation/arkui/ace_engine/interfaces/ets/ani/ohosprompt/prompt.stamp
[OHOS INFO] [NINJA] [1881/4519] STAMP obj/foundation/arkui/ace_engine/interfaces/ets/ani/overlayManager/overlayManager.stamp
[OHOS INFO] [NINJA] [1882/4519] STAMP obj/foundation/arkui/ace_engine/interfaces/ets/ani/performanceMonitor/performanceMonitor.stamp
[OHOS INFO] [NINJA] [1883/4519] COPY obj/foundation/arkui/ace_engine/interfaces/ets/ani/pluginComponent/pluginComponent.abc obj/foundation/arkui/ace_engine/interfaces/ets/ani/pluginComponent/out/rk3568/obj/foundation/arkui/ace_engine/interfaces/ets/ani/pluginComponent/pluginComponent.abc
[OHOS INFO] [NINJA] [1884/4519] STAMP obj/foundation/arkui/ace_engine/interfaces/ets/ani/promptaction/promptAction.stamp
[OHOS INFO] [NINJA] [1885/4519] STAMP obj/foundation/arkui/ace_engine/interfaces/ets/ani/shape/shape_ani_abc.stamp
[OHOS INFO] [NINJA] [1886/4519] STAMP obj/foundation/arkui/ace_engine/interfaces/ets/ani/smartgesturecontroller/smartGestureController.stamp
[OHOS INFO] [NINJA] [1887/4519] STAMP obj/foundation/arkui/ace_engine/interfaces/ets/ani/systemprompt/systemprompt.stamp
[OHOS INFO] [NINJA] [1888/4519] STAMP obj/foundation/arkui/ace_engine/interfaces/ets/ani/test/arkui_test.stamp
[OHOS INFO] [NINJA] [1889/4519] STAMP obj/foundation/arkui/ui_appearance/interfaces/ets/ani/ui_appearance_abc.stamp
[OHOS INFO] [NINJA] [1890/4519] STAMP obj/foundation/barrierfree/accessibility/interfaces/kits/ani/accessibility_ani_abc.stamp
[OHOS INFO] [NINJA] [1891/4519] STAMP obj/foundation/barrierfree/accessibility/interfaces/kits/ani/accessibility_config/accessibility_config_ani_abc.stamp
[OHOS INFO] [NINJA] [1892/4519] STAMP obj/foundation/barrierfree/accessibility/interfaces/kits/ani/accessibility_extension/accessibility_extension_ability_ani_abc.stamp
[OHOS INFO] [NINJA] [1893/4519] STAMP obj/foundation/barrierfree/accessibility/interfaces/kits/ani/accessibility_extension/accessibility_extension_context_ani_abc.stamp
[OHOS INFO] [NINJA] [1894/4519] COPY obj/foundation/bundlemanager/app_domain_verify/interfaces/kits/js/ani/app_domain_verify_ets.abc obj/foundation/bundlemanager/app_domain_verify/interfaces/kits/js/ani/out/rk3568/obj/foundation/bundlemanager/app_domain_verify/interfaces/kits/js/ani/app_domain_verify_ets.abc
[OHOS INFO] [NINJA] [1895/4519] STAMP obj/foundation/bundlemanager/bundle_framework/interfaces/kits/ani/app_control/app_control.stamp
[OHOS INFO] [NINJA] [1896/4519] STAMP obj/foundation/bundlemanager/bundle_framework/interfaces/kits/ani/bundle_installer/bundle_installer.stamp
[OHOS INFO] [NINJA] [1897/4519] STAMP obj/foundation/bundlemanager/bundle_framework/interfaces/kits/ani/bundle_manager/ability_info.stamp
[OHOS INFO] [NINJA] [1898/4519] STAMP obj/foundation/bundlemanager/bundle_framework/interfaces/kits/ani/bundle_manager/app_provision_info.stamp
[OHOS INFO] [NINJA] [1899/4519] STAMP obj/foundation/bundlemanager/bundle_framework/interfaces/kits/ani/bundle_manager/application_info.stamp
[OHOS INFO] [NINJA] [1900/4519] STAMP obj/foundation/bundlemanager/bundle_framework/interfaces/kits/ani/bundle_manager/bundle_info.stamp
[OHOS INFO] [NINJA] [1901/4519] STAMP obj/foundation/bundlemanager/bundle_framework/interfaces/kits/ani/bundle_manager/extension_ability_info.stamp
[OHOS INFO] [NINJA] [1902/4519] STAMP obj/foundation/bundlemanager/bundle_framework/interfaces/kits/ani/bundle_manager/bundle_manager.stamp
[OHOS INFO] [NINJA] [1903/4519] ACTION //applications/standard/settings/ani/intelligentscene:intelligentscene(//build/toolchain/ohos:ohos_clang_arm)
[OHOS INFO] [NINJA] [1904/4519] STAMP obj/foundation/bundlemanager/bundle_framework/interfaces/kits/ani/bundle_manager/hap_module_info.stamp
[OHOS INFO] [NINJA] [1905/4519] STAMP obj/foundation/bundlemanager/bundle_framework/interfaces/kits/ani/bundle_manager/metadata.stamp
[OHOS INFO] [NINJA] [1906/4519] STAMP obj/foundation/bundlemanager/bundle_framework/interfaces/kits/ani/bundle_manager/permission_def.stamp
[OHOS INFO] [NINJA] [1907/4519] STAMP obj/foundation/bundlemanager/bundle_framework/interfaces/kits/ani/bundle_manager/plugin_bundle_info.stamp
[OHOS INFO] [NINJA] [1908/4519] STAMP obj/foundation/bundlemanager/bundle_framework/interfaces/kits/ani/bundle_manager/recoverable_application_info.stamp
[OHOS INFO] [NINJA] [1909/4519] STAMP obj/foundation/bundlemanager/bundle_framework/interfaces/kits/ani/bundle_manager/skill.stamp
[OHOS INFO] [NINJA] [1910/4519] STAMP obj/foundation/bundlemanager/bundle_framework/interfaces/kits/ani/bundle_manager/share_bundle_info.stamp
[OHOS INFO] [NINJA] [1911/4519] STAMP obj/foundation/bundlemanager/bundle_framework/interfaces/kits/ani/bundle_monitor/bundle_monitor.stamp
[OHOS INFO] [NINJA] [1912/4519] STAMP obj/foundation/bundlemanager/bundle_framework/interfaces/kits/ani/default_app_manager/default_app_manager.stamp
[OHOS INFO] [NINJA] [1913/4519] STAMP obj/foundation/bundlemanager/bundle_framework/interfaces/kits/ani/freeInstall/bundle_pack_info.stamp
[OHOS INFO] [NINJA] [1914/4519] STAMP obj/foundation/bundlemanager/bundle_framework/interfaces/kits/ani/freeInstall/dispatch_info.stamp
[OHOS INFO] [NINJA] [1915/4519] STAMP obj/foundation/bundlemanager/bundle_framework/interfaces/kits/ani/freeInstall/freeInstall.stamp
[OHOS INFO] [NINJA] [1916/4519] STAMP obj/foundation/bundlemanager/bundle_framework/interfaces/kits/ani/launcher_bundle_manager/element_name.stamp
[OHOS INFO] [NINJA] [1917/4519] STAMP obj/foundation/bundlemanager/bundle_framework/interfaces/kits/ani/launcher_bundle_manager/launcher_ability_info.stamp
[OHOS INFO] [NINJA] [1918/4519] STAMP obj/foundation/bundlemanager/bundle_framework/interfaces/kits/ani/launcher_bundle_manager/launcher_bundle_manager.stamp
[OHOS INFO] [NINJA] [1919/4519] STAMP obj/foundation/bundlemanager/bundle_framework/interfaces/kits/ani/overlay/overlay.stamp
[OHOS INFO] [NINJA] [1920/4519] STAMP obj/foundation/bundlemanager/bundle_framework/interfaces/kits/ani/overlay/overlay_module_info.stamp
[OHOS INFO] [NINJA] [1921/4519] STAMP obj/foundation/bundlemanager/bundle_framework/interfaces/kits/ani/plugin_manager/plugin_bundle_manager.stamp
[OHOS INFO] [NINJA] [1922/4519] STAMP obj/foundation/bundlemanager/bundle_framework/interfaces/kits/ani/resource_manager/bundle_resource_info.stamp
[OHOS INFO] [NINJA] [1923/4519] STAMP obj/foundation/bundlemanager/bundle_framework/interfaces/kits/ani/resource_manager/bundle_resource_manager.stamp
[OHOS INFO] [NINJA] [1924/4519] STAMP obj/foundation/bundlemanager/bundle_framework/interfaces/kits/ani/resource_manager/launcher_ability_resource_info.stamp
[OHOS INFO] [NINJA] [1925/4519] STAMP obj/foundation/bundlemanager/bundle_framework/interfaces/kits/ani/shortcut_manager/shortcut_info.stamp
[OHOS INFO] [NINJA] [1926/4519] STAMP obj/foundation/bundlemanager/bundle_framework/interfaces/kits/ani/shortcut_manager/shortcut_manager.stamp
[OHOS INFO] [NINJA] [1927/4519] STAMP obj/foundation/bundlemanager/bundle_framework/interfaces/kits/ani/zlib/zlib.stamp
[OHOS INFO] [NINJA] [1928/4519] COPY obj/foundation/bundlemanager/distributed_bundle_framework/interfaces/kits/ani/distributed_bundle_manager/distributed_bundle_manager.abc obj/foundation/bundlemanager/distributed_bundle_framework/interfaces/kits/ani/distributed_bundle_manager/out/rk3568/obj/foundation/bundlemanager/distributed_bundle_framework/interfaces/kits/ani/distributed_bundle_manager/distributed_bundle_manager.abc
[OHOS INFO] [NINJA] [1929/4519] COPY obj/foundation/bundlemanager/distributed_bundle_framework/interfaces/kits/ani/distributed_bundle_manager/remote_ability_info.abc obj/foundation/bundlemanager/distributed_bundle_framework/interfaces/kits/ani/distributed_bundle_manager/out/rk3568/obj/foundation/bundlemanager/distributed_bundle_framework/interfaces/kits/ani/distributed_bundle_manager/remote_ability_info.abc
[OHOS INFO] [NINJA] [1930/4519] STAMP obj/foundation/communication/bluetooth/frameworks/ets/taihe/bluetooth_a2dp/bluetoothA2dp_abc.stamp
[OHOS INFO] [NINJA] [1931/4519] STAMP obj/foundation/communication/bluetooth/frameworks/ets/taihe/bluetooth_access/bluetoothAccess_abc.stamp
[OHOS INFO] [NINJA] [1932/4519] STAMP obj/foundation/communication/bluetooth/frameworks/ets/taihe/bluetooth_baseProfile/bluetoothBaseProfile_abc.stamp
[OHOS INFO] [NINJA] [1933/4519] STAMP obj/foundation/communication/bluetooth/frameworks/ets/taihe/bluetooth_ble/bluetoothBle_abc.stamp
[OHOS INFO] [NINJA] [1934/4519] STAMP obj/foundation/communication/bluetooth/frameworks/ets/taihe/bluetooth_connection/bluetoothConnection_abc.stamp
[OHOS INFO] [NINJA] [1935/4519] STAMP obj/foundation/communication/bluetooth/frameworks/ets/taihe/bluetooth_hfp/bluetoothHfp_abc.stamp
[OHOS INFO] [NINJA] [1936/4519] STAMP obj/foundation/communication/bluetooth/frameworks/ets/taihe/bluetooth_constant/bluetoothConstant_abc.stamp
[OHOS INFO] [NINJA] [1937/4519] STAMP obj/foundation/communication/bluetooth/frameworks/ets/taihe/bluetooth_hid/bluetoothHid_abc.stamp
[OHOS INFO] [NINJA] [1938/4519] STAMP obj/foundation/communication/dsoftbus/br_proxy/taihe/proxychannelmanager_taihe_ani.stamp
[OHOS INFO] [NINJA] [1939/4519] COPY obj/foundation/communication/dsoftbus/sdk/taihe/linkEnhance_taihe_ani.abc obj/foundation/communication/dsoftbus/sdk/taihe/out/rk3568/obj/foundation/communication/dsoftbus/sdk/taihe/linkEnhance_taihe_ani.abc
[OHOS INFO] [NINJA] [1940/4519] STAMP obj/foundation/communication/fusion_connectivity/fusion_ranging/frameworks/ets/taihe/fusionConnectivityRanging_abc.stamp
[OHOS INFO] [NINJA] [1941/4519] COPY obj/foundation/communication/dsoftbus/sdk/taihe/agent_communication/conversation_taihe_ani.abc obj/foundation/communication/dsoftbus/sdk/taihe/agent_communication/out/rk3568/obj/foundation/communication/dsoftbus/sdk/taihe/agent_communication/conversation_taihe_ani.abc
[OHOS INFO] [NINJA] [1942/4519] STAMP obj/foundation/communication/ipc/ipc/native/src/taihe/rpc_taihe_abc.stamp
[OHOS INFO] [NINJA] [1943/4519] COPY obj/foundation/communication/ipc/ipc/native/src/ani/rpc/rpc.abc obj/foundation/communication/ipc/ipc/native/src/ani/rpc/out/rk3568/obj/foundation/communication/ipc/ipc/native/src/ani/rpc/rpc.abc
[OHOS INFO] [NINJA] [1944/4519] STAMP obj/foundation/communication/netmanager_base/frameworks/ets/ani/connection/connection.stamp
[OHOS INFO] [NINJA] [1945/4519] STAMP obj/foundation/communication/netmanager_base/frameworks/ets/ani/policy/policy.stamp
[OHOS INFO] [NINJA] [1946/4519] STAMP obj/foundation/communication/netmanager_base/frameworks/ets/ani/statistics/statistics.stamp
[OHOS INFO] [NINJA] [1947/4519] STAMP obj/foundation/communication/netmanager_ext/frameworks/ets/ani/eap/eap.stamp
[OHOS INFO] [NINJA] [1948/4519] STAMP obj/foundation/communication/netmanager_ext/frameworks/ets/ani/ethernet/ethernet.stamp
[OHOS INFO] [NINJA] [1949/4519] STAMP obj/foundation/communication/netmanager_ext/frameworks/ets/ani/mdns/mdns.stamp
[OHOS INFO] [NINJA] [1950/4519] STAMP obj/foundation/communication/netmanager_ext/frameworks/ets/ani/sharing/sharing.stamp
[OHOS INFO] [NINJA] [1951/4519] STAMP obj/foundation/communication/netmanager_ext/frameworks/ets/ani/vpn/vpn.stamp
[OHOS INFO] [NINJA] [1952/4519] STAMP obj/foundation/communication/netmanager_ext/frameworks/ets/ani/vpnextension/vpnextension.stamp
[OHOS INFO] [NINJA] [1953/4519] STAMP obj/foundation/communication/netmanager_ext/frameworks/ets/ani/vpnextensionability/vpnextensionability_ani_abc.stamp
[OHOS INFO] [NINJA] [1954/4519] STAMP obj/foundation/communication/netstack/frameworks/ets/ani/http/http.stamp
[OHOS INFO] [NINJA] [1955/4519] STAMP obj/foundation/communication/netstack/frameworks/ets/ani/net_ssl/network_security.stamp
[OHOS INFO] [NINJA] [1956/4519] STAMP obj/foundation/communication/netstack/frameworks/ets/ani/web_socket/websocket.stamp
[OHOS INFO] [NINJA] [1957/4519] COPY obj/foundation/communication/wifi/wifi/frameworks/ets/taihe/wifiManager/wifiManager_framework_abc.abc obj/foundation/communication/wifi/wifi/frameworks/ets/taihe/wifiManager/out/rk3568/obj/foundation/communication/wifi/wifi/frameworks/ets/taihe/wifiManager/wifiManager_framework_abc.abc
[OHOS INFO] [NINJA] [1958/4519] STAMP obj/foundation/distributeddatamgr/data_object/frameworks/ets/taihe/ohos.data.distributedDataObject/distributeddata_object.stamp
[OHOS INFO] [NINJA] [1959/4519] STAMP obj/foundation/distributeddatamgr/data_share/frameworks/ets/ani/datashare_ani_abc.stamp
[OHOS INFO] [NINJA] [1960/4519] STAMP obj/foundation/distributeddatamgr/data_share/frameworks/ets/ani/datashare_extension_ability_ani_abc.stamp
[OHOS INFO] [NINJA] [1961/4519] STAMP obj/foundation/distributeddatamgr/data_share/frameworks/ets/ani/datashare_predicates_ani_abc.stamp
[OHOS INFO] [NINJA] [1962/4519] STAMP obj/foundation/distributeddatamgr/data_share/frameworks/ets/ani/datashare_resultset_ani_abc.stamp
[OHOS INFO] [NINJA] [1963/4519] STAMP obj/foundation/distributeddatamgr/kv_store/frameworks/ets/taihe/kv_store/distributedkvstore_abc.stamp
[OHOS INFO] [NINJA] [1964/4519] STAMP obj/foundation/distributeddatamgr/pasteboard/interfaces/taihe/pasteboard_taihe_ani.stamp
[OHOS INFO] [NINJA] [1965/4519] ACTION //foundation/graphic/graphic_3d/kits/ets:graphics3d_scene_resources(//build/toolchain/ohos:ohos_clang_arm)
[OHOS INFO] [NINJA] [1966/4519] STAMP obj/foundation/distributeddatamgr/preferences/frameworks/ets/taihe/preferences/preferences_abc.stamp
[OHOS INFO] [NINJA] [1967/4519] STAMP obj/foundation/distributeddatamgr/relational_store/frameworks/ets/cloud_extension/cloud_extension_ext_abc.stamp
[OHOS INFO] [NINJA] [1968/4519] STAMP obj/foundation/distributeddatamgr/relational_store/frameworks/ets/taihe/cloud_data/clouddata_abc.stamp
[OHOS INFO] [NINJA] [1969/4519] STAMP obj/foundation/distributeddatamgr/relational_store/frameworks/ets/taihe/cloud_data/clouddata_commontype_abc.stamp
[OHOS INFO] [NINJA] [1970/4519] STAMP obj/foundation/distributeddatamgr/relational_store/frameworks/ets/taihe/relational_store/relationalstore_abc.stamp
[OHOS INFO] [NINJA] [1971/4519] STAMP obj/foundation/distributeddatamgr/udmf/interfaces/taihe/ets/copy_udmf_components_ets_abc.stamp
[OHOS INFO] [NINJA] [1972/4519] STAMP obj/foundation/distributedhardware/device_manager/interfaces/kits/taihe/ohos_distributedDeviceManager_etc.stamp
[OHOS INFO] [NINJA] [1973/4519] STAMP obj/foundation/distributedhardware/distributed_hardware_fwk/taihe/hardware_taihe_abc.stamp
[OHOS INFO] [NINJA] [1974/4519] STAMP obj/foundation/distributedhardware/mechbody_controller/interface/ets/mech_manager/mech_manager_abc.stamp
[OHOS INFO] [NINJA] [1975/4519] STAMP obj/foundation/filemanagement/app_file_service/frameworks/native/backup_ext/ani/backup_ext_abc.stamp
[OHOS INFO] [NINJA] [1976/4519] STAMP obj/foundation/filemanagement/app_file_service/interfaces/kits/ani/backup/backup_transfer_abc.stamp
[OHOS INFO] [NINJA] [1977/4519] STAMP obj/foundation/filemanagement/app_file_service/interfaces/kits/taihe/backup/file_backup_taihe_abc.stamp
[OHOS INFO] [NINJA] [1978/4519] STAMP obj/foundation/filemanagement/app_file_service/interfaces/kits/taihe/fileshare/file_share_taihe_abc.stamp
[OHOS INFO] [NINJA] [1979/4519] STAMP obj/foundation/filemanagement/app_file_service/interfaces/kits/taihe/fileuri/file_fileuri_taihe_abc.stamp
[OHOS INFO] [NINJA] [1980/4519] ACTION //commonlibrary/ets_utils/base_sdk:base_sdk(//build/toolchain/ohos:ohos_clang_arm)
[OHOS INFO] [NINJA] [1981/4519] STAMP obj/foundation/filemanagement/dfs_service/interfaces/kits/js/ani/file_cloud_sync/file_cloud_sync.stamp
[OHOS INFO] [NINJA] [1982/4519] STAMP obj/foundation/filemanagement/dfs_service/interfaces/kits/js/ani/file_cloud_sync_manager/file_cloud_sync_manager.stamp
[OHOS INFO] [NINJA] [1983/4519] STAMP obj/foundation/filemanagement/disk_manager/interfaces/kits/taihe/volume_manager_taihe_abc.stamp
[OHOS INFO] [NINJA] [1984/4519] STAMP obj/foundation/filemanagement/file_api/interfaces/kits/js/ani_file_environment.inputdeps.stamp
[OHOS INFO] [NINJA] [1985/4519] STAMP obj/foundation/filemanagement/file_api/interfaces/kits/js/ani_file_hash.inputdeps.stamp
[OHOS INFO] [NINJA] [1986/4519] STAMP obj/foundation/filemanagement/file_api/interfaces/kits/js/ani_file_securitylabel.inputdeps.stamp
[OHOS INFO] [NINJA] [1987/4519] STAMP obj/foundation/filemanagement/file_api/interfaces/kits/js/ani_file_statvfs.inputdeps.stamp
[OHOS INFO] [NINJA] [1988/4519] STAMP obj/foundation/filemanagement/storage_service/interfaces/kits/taihe/key_manager/key_manager_taihe_abc.stamp
[OHOS INFO] [NINJA] [1989/4519] STAMP obj/foundation/filemanagement/storage_service/interfaces/kits/taihe/storage_statistics/storage_statistics_taihe_abc.stamp
[OHOS INFO] [NINJA] [1990/4519] STAMP obj/foundation/filemanagement/user_file_service/interfaces/kits/taihe/clouddiskmanager/clouddiskmanager_taihe_abc.stamp
[OHOS INFO] [NINJA] [1991/4519] COPY obj/foundation/graphic/graphic_2d/frameworks/text/interface/mlb/ani/text_engine.abc obj/foundation/graphic/graphic_2d/frameworks/text/interface/mlb/ani/out/rk3568/obj/foundation/graphic/graphic_2d/frameworks/text/interface/mlb/ani/text_engine.abc
[OHOS INFO] [NINJA] [1992/4519] COPY obj/foundation/graphic/graphic_2d/interfaces/kits/ani/color_manager/color_space_manager.abc obj/foundation/graphic/graphic_2d/interfaces/kits/ani/color_manager/out/rk3568/obj/foundation/graphic/graphic_2d/interfaces/kits/ani/color_manager/color_space_manager.abc
[OHOS INFO] [NINJA] [1993/4519] COPY obj/foundation/graphic/graphic_2d/interfaces/kits/ani/drawing/drawing.abc obj/foundation/graphic/graphic_2d/interfaces/kits/ani/drawing/out/rk3568/obj/foundation/graphic/graphic_2d/interfaces/kits/ani/drawing/drawing.abc
[OHOS INFO] [NINJA] [1994/4519] STAMP obj/foundation/graphic/graphic_2d/interfaces/kits/ani/effect_kit/effectKit.stamp
[OHOS INFO] [NINJA] [1995/4519] COPY obj/foundation/graphic/graphic_2d/interfaces/kits/ani/hdr_capability/hdr_capability.abc obj/foundation/graphic/graphic_2d/interfaces/kits/ani/hdr_capability/out/rk3568/obj/foundation/graphic/graphic_2d/interfaces/kits/ani/hdr_capability/hdr_capability.abc
[OHOS INFO] [NINJA] [1996/4519] COPY obj/foundation/graphic/graphic_2d/interfaces/kits/ani/window_animation_manager/window_animation_manager_ets.abc obj/foundation/graphic/graphic_2d/interfaces/kits/ani/window_animation_manager/out/rk3568/obj/foundation/graphic/graphic_2d/interfaces/kits/ani/window_animation_manager/window_animation_manager_ets.abc
[OHOS INFO] [NINJA] [1997/4519] STAMP obj/foundation/graphic/graphic_3d/kits/ets/graphics3d_scene.stamp
[OHOS INFO] [NINJA] [1998/4519] STAMP obj/foundation/graphic/graphic_3d/kits/ets/graphics3d_scene_boids_sim.stamp
[OHOS INFO] [NINJA] [1999/4519] STAMP obj/foundation/graphic/graphic_3d/kits/ets/graphics3d_scene_nodes.stamp
[OHOS INFO] [NINJA] [2000/4519] STAMP obj/foundation/graphic/graphic_3d/kits/ets/graphics3d_scene_post_process_settings.stamp
[OHOS INFO] [NINJA] [2001/4519] STAMP obj/foundation/graphic/graphic_3d/kits/ets/graphics3d_scene_resources.stamp
[OHOS INFO] [NINJA] [2002/4519] STAMP obj/foundation/graphic/graphic_3d/kits/ets/graphics3d_scene_types.stamp
[OHOS INFO] [NINJA] [2003/4519] STAMP obj/foundation/multimedia/audio_framework/frameworks/taihe/audio_framework_taihe_abc.stamp
[OHOS INFO] [NINJA] [2004/4519] COPY obj/foundation/multimedia/av_session/avinputcastpicker_static/avinputcastpicker/av_input_cast_picker_ets_abc.abc obj/foundation/multimedia/av_session/avinputcastpicker_static/avinputcastpicker/out/rk3568/obj/foundation/multimedia/av_session/avinputcastpicker_static/avinputcastpicker/av_input_cast_picker_ets_abc.abc
[OHOS INFO] [NINJA] [2005/4519] COPY obj/foundation/multimedia/av_session/avpicker_static/avpicker/av_cast_picker_ets_abc.abc obj/foundation/multimedia/av_session/avpicker_static/avpicker/out/rk3568/obj/foundation/multimedia/av_session/avpicker_static/avpicker/av_cast_picker_ets_abc.abc
[OHOS INFO] [NINJA] [2006/4519] ACTION //test/testfwk/arkxtest/perftest:perftest_abc(//build/toolchain/ohos:ohos_clang_arm)
[OHOS INFO] [NINJA] [2007/4519] STAMP obj/foundation/multimedia/camera_framework/frameworks/taihe/camera_picker_taihe_abc.stamp
[OHOS INFO] [NINJA] [2008/4519] STAMP obj/foundation/multimedia/drm_framework/frameworks/taihe/drm_framework_taihe_abc.stamp
[OHOS INFO] [NINJA] [2009/4519] COPY obj/foundation/multimedia/av_session/avvolumepanel_static/avvolumepanel/av_volume_panel_ets_abc.abc obj/foundation/multimedia/av_session/avvolumepanel_static/avvolumepanel/out/rk3568/obj/foundation/multimedia/av_session/avvolumepanel_static/avvolumepanel/av_volume_panel_ets_abc.abc
[OHOS INFO] [NINJA] [2010/4519] STAMP obj/foundation/multimedia/media_library/frameworks/ani/userfile_manager.stamp
[OHOS INFO] [NINJA] [2011/4519] COPY obj/foundation/multimedia/media_library/frameworks/ani/ets/photo_picker_static/album_picker_component/album_picker_component_ets_abc.abc obj/foundation/multimedia/media_library/frameworks/ani/ets/photo_picker_static/album_picker_component/out/rk3568/obj/foundation/multimedia/media_library/frameworks/ani/ets/photo_picker_static/album_picker_component/album_picker_component_ets_abc.abc
[OHOS INFO] [NINJA] [2012/4519] COPY obj/foundation/multimedia/media_library/frameworks/ani/ets/photo_picker_static/photo_picker_component/photo_picker_component_ets_abc.abc obj/foundation/multimedia/media_library/frameworks/ani/ets/photo_picker_static/photo_picker_component/out/rk3568/obj/foundation/multimedia/media_library/frameworks/ani/ets/photo_picker_static/photo_picker_component/photo_picker_component_ets_abc.abc
[OHOS INFO] [NINJA] [2013/4519] COPY obj/foundation/multimedia/media_library/frameworks/ani/ets/photo_picker_static/recent_photo_component/recent_photo_component_ets_abc.abc obj/foundation/multimedia/media_library/frameworks/ani/ets/photo_picker_static/recent_photo_component/out/rk3568/obj/foundation/multimedia/media_library/frameworks/ani/ets/photo_picker_static/recent_photo_component/recent_photo_component_ets_abc.abc
[OHOS INFO] [NINJA] [2014/4519] STAMP obj/foundation/multimedia/player_framework/frameworks/taihe/soundpool_taihe_abc.stamp
[OHOS INFO] [NINJA] [2015/4519] STAMP obj/foundation/multimedia/player_framework/frameworks/taihe/audioHaptic/audioHaptic_taihe_abc.stamp
[OHOS INFO] [NINJA] [2016/4519] STAMP obj/foundation/multimedia/video_processing_engine/interfaces/kits/taihe/video_processing_engine_taihe_abc.stamp
[OHOS INFO] [NINJA] [2017/4519] COPY obj/foundation/multimodalinput/input/frameworks/ets/gesture_event/gesture_event.abc obj/foundation/multimodalinput/input/frameworks/ets/gesture_event/out/rk3568/obj/foundation/multimodalinput/input/frameworks/ets/gesture_event/gesture_event.abc
[OHOS INFO] [NINJA] [2018/4519] COPY obj/foundation/multimodalinput/input/frameworks/ets/infrared_emitter/infrared_emitter.abc obj/foundation/multimodalinput/input/frameworks/ets/infrared_emitter/out/rk3568/obj/foundation/multimodalinput/input/frameworks/ets/infrared_emitter/infrared_emitter.abc
[OHOS INFO] [NINJA] [2019/4519] COPY obj/foundation/multimodalinput/input/frameworks/ets/input_consumer/input_consumer.abc obj/foundation/multimodalinput/input/frameworks/ets/input_consumer/out/rk3568/obj/foundation/multimodalinput/input/frameworks/ets/input_consumer/input_consumer.abc
[OHOS INFO] [NINJA] [2020/4519] COPY obj/foundation/multimodalinput/input/frameworks/ets/input_device/input_device.abc obj/foundation/multimodalinput/input/frameworks/ets/input_device/out/rk3568/obj/foundation/multimodalinput/input/frameworks/ets/input_device/input_device.abc
[OHOS INFO] [NINJA] [2021/4519] COPY obj/foundation/multimodalinput/input/frameworks/ets/input_event/input_event.abc obj/foundation/multimodalinput/input/frameworks/ets/input_event/out/rk3568/obj/foundation/multimodalinput/input/frameworks/ets/input_event/input_event.abc
[OHOS INFO] [NINJA] [2022/4519] ACTION //base/theme/screenlock_mgr/frameworks/ets/ani:screenLock_static(//build/toolchain/ohos:ohos_clang_arm)
[OHOS INFO] [NINJA] [2023/4519] COPY obj/foundation/multimodalinput/input/frameworks/ets/input_event_client/input_event_client.abc obj/foundation/multimodalinput/input/frameworks/ets/input_event_client/out/rk3568/obj/foundation/multimodalinput/input/frameworks/ets/input_event_client/input_event_client.abc
[OHOS INFO] [NINJA] [2024/4519] COPY obj/foundation/multimodalinput/input/frameworks/ets/input_monitor/input_monitor.abc obj/foundation/multimodalinput/input/frameworks/ets/input_monitor/out/rk3568/obj/foundation/multimodalinput/input/frameworks/ets/input_monitor/input_monitor.abc
[OHOS INFO] [NINJA] [2025/4519] ACTION //foundation/multimedia/player_framework/frameworks/taihe:media_taihe_abc(//build/toolchain/ohos:ohos_clang_arm)
[OHOS INFO] [NINJA] [2026/4519] COPY obj/foundation/multimodalinput/input/frameworks/ets/intention_code/intention_code.abc obj/foundation/multimodalinput/input/frameworks/ets/intention_code/out/rk3568/obj/foundation/multimodalinput/input/frameworks/ets/intention_code/intention_code.abc
[OHOS INFO] [NINJA] [2027/4519] COPY obj/foundation/multimodalinput/input/frameworks/ets/key_code/key_code.abc obj/foundation/multimodalinput/input/frameworks/ets/key_code/out/rk3568/obj/foundation/multimodalinput/input/frameworks/ets/key_code/key_code.abc
[OHOS INFO] [NINJA] [2028/4519] STAMP obj/foundation/multimedia/player_framework/frameworks/taihe/media_taihe_abc.stamp
[OHOS INFO] [NINJA] [2029/4519] COPY obj/foundation/multimodalinput/input/frameworks/ets/key_event/key_event.abc obj/foundation/multimodalinput/input/frameworks/ets/key_event/out/rk3568/obj/foundation/multimodalinput/input/frameworks/ets/key_event/key_event.abc
[OHOS INFO] [NINJA] [2030/4519] COPY obj/foundation/multimodalinput/input/frameworks/ets/mouse_event/mouse_event.abc obj/foundation/multimodalinput/input/frameworks/ets/mouse_event/out/rk3568/obj/foundation/multimodalinput/input/frameworks/ets/mouse_event/mouse_event.abc
[OHOS INFO] [NINJA] [2031/4519] COPY obj/foundation/multimodalinput/input/frameworks/ets/pointer/pointer.abc obj/foundation/multimodalinput/input/frameworks/ets/pointer/out/rk3568/obj/foundation/multimodalinput/input/frameworks/ets/pointer/pointer.abc
[OHOS INFO] [NINJA] [2032/4519] COPY obj/foundation/multimodalinput/input/frameworks/ets/short_key/short_key.abc obj/foundation/multimodalinput/input/frameworks/ets/short_key/out/rk3568/obj/foundation/multimodalinput/input/frameworks/ets/short_key/short_key.abc
[OHOS INFO] [NINJA] [2033/4519] COPY obj/foundation/multimodalinput/input/frameworks/ets/touch_event/touch_event.abc obj/foundation/multimodalinput/input/frameworks/ets/touch_event/out/rk3568/obj/foundation/multimodalinput/input/frameworks/ets/touch_event/touch_event.abc
[OHOS INFO] [NINJA] [2034/4519] STAMP obj/foundation/resourceschedule/background_task_mgr/interfaces/kits/ets/taihe/background_task_manager_etc.stamp
[OHOS INFO] [NINJA] [2035/4519] STAMP obj/foundation/resourceschedule/device_standby/interfaces/kits/ani/device_standby_abc.stamp
[OHOS INFO] [NINJA] [2036/4519] STAMP obj/foundation/resourceschedule/device_usage_statistics/interfaces/kits/bundlestats/taihe/usage_statistics/usage_statistics_abc.stamp
[OHOS INFO] [NINJA] [2037/4519] STAMP obj/foundation/resourceschedule/resource_schedule_service/ressched/interfaces/kits/ets/taihe/background_process_manager/backgroundprocessmanager_abc.stamp
[OHOS INFO] [NINJA] [2038/4519] STAMP obj/foundation/resourceschedule/resource_schedule_service/ressched/interfaces/kits/ets/taihe/systemload/systemload_abc.stamp
[OHOS INFO] [NINJA] [2039/4519] COPY obj/foundation/resourceschedule/work_scheduler/interfaces/kits/ets/taihe/work_scheduler/work_scheduler_abc.abc obj/foundation/resourceschedule/work_scheduler/interfaces/kits/ets/taihe/work_scheduler/out/rk3568/obj/foundation/resourceschedule/work_scheduler/interfaces/kits/ets/taihe/work_scheduler/work_scheduler_abc.abc
[OHOS INFO] [NINJA] [2040/4519] COPY obj/foundation/systemabilitymgr/selectionfwk/frameworks/ets/taihe/SelectionManager/selectionManager.abc obj/foundation/systemabilitymgr/selectionfwk/frameworks/ets/taihe/SelectionManager/out/rk3568/obj/foundation/systemabilitymgr/selectionfwk/frameworks/ets/taihe/SelectionManager/selectionManager.abc
[OHOS INFO] [NINJA] [2041/4519] COPY obj/foundation/systemabilitymgr/selectionfwk/frameworks/ets/taihe/SelectionPanel/SelectionPanel.abc obj/foundation/systemabilitymgr/selectionfwk/frameworks/ets/taihe/SelectionPanel/out/rk3568/obj/foundation/systemabilitymgr/selectionfwk/frameworks/ets/taihe/SelectionPanel/SelectionPanel.abc
[OHOS INFO] [NINJA] [2042/4519] COPY obj/foundation/window/window_manager/interfaces/kits/ani/display_runtime/display_ani/display_abc.abc obj/foundation/window/window_manager/interfaces/kits/ani/display_runtime/display_ani/out/rk3568/obj/foundation/window/window_manager/interfaces/kits/ani/display_runtime/display_ani/display_abc.abc
[OHOS INFO] [NINJA] [2043/4519] COPY obj/foundation/window/window_manager/interfaces/kits/ani/embeddable_window_stage/ets/extension_window_ani.abc obj/foundation/window/window_manager/interfaces/kits/ani/embeddable_window_stage/ets/out/rk3568/obj/foundation/window/window_manager/interfaces/kits/ani/embeddable_window_stage/ets/extension_window_ani.abc
[OHOS INFO] [NINJA] [2044/4519] COPY obj/foundation/window/window_manager/interfaces/kits/ani/embeddable_window_stage/ets/extension_window_host_ani.abc obj/foundation/window/window_manager/interfaces/kits/ani/embeddable_window_stage/ets/out/rk3568/obj/foundation/window/window_manager/interfaces/kits/ani/embeddable_window_stage/ets/extension_window_host_ani.abc
[OHOS INFO] [NINJA] [2045/4519] STAMP obj/foundation/window/window_manager/interfaces/kits/ani/float_view/float_view_ani/fvwindow_etc.stamp
[OHOS INFO] [NINJA] [2046/4519] COPY obj/foundation/window/window_manager/interfaces/kits/ani/environmental/window_env_static.abc obj/foundation/window/window_manager/interfaces/kits/ani/environmental/out/rk3568/obj/foundation/window/window_manager/interfaces/kits/ani/environmental/window_env_static.abc
[OHOS INFO] [NINJA] [2047/4519] STAMP obj/foundation/window/window_manager/interfaces/kits/ani/floating_ball/floating_ball_ani/fbwindow_etc.stamp
[OHOS INFO] [NINJA] [2048/4519] COPY obj/foundation/window/window_manager/interfaces/kits/ani/screen_runtime/screen_ani/screen_abc.abc obj/foundation/window/window_manager/interfaces/kits/ani/screen_runtime/screen_ani/out/rk3568/obj/foundation/window/window_manager/interfaces/kits/ani/screen_runtime/screen_ani/screen_abc.abc
[OHOS INFO] [NINJA] [2049/4519] STAMP obj/foundation/window/window_manager/interfaces/kits/ani/picture_in_picture_runtime/pipwindow_ani/pipcontent_etc.stamp
[OHOS INFO] [NINJA] [2050/4519] STAMP obj/foundation/window/window_manager/interfaces/kits/ani/picture_in_picture_runtime/pipwindow_ani/pipwindow_etc.stamp
[OHOS INFO] [NINJA] [2051/4519] COPY obj/foundation/window/window_manager/interfaces/kits/ani/screenshot_runtime/screenshot_ani/screenshot_abc.abc obj/foundation/window/window_manager/interfaces/kits/ani/screenshot_runtime/screenshot_ani/out/rk3568/obj/foundation/window/window_manager/interfaces/kits/ani/screenshot_runtime/screenshot_ani/screenshot_abc.abc
[OHOS INFO] [NINJA] [2052/4519] COPY obj/foundation/window/window_manager/interfaces/kits/ani/window_runtime/window_stage_ani/window_stage_ani.abc obj/foundation/window/window_manager/interfaces/kits/ani/window_runtime/window_stage_ani/out/rk3568/obj/foundation/window/window_manager/interfaces/kits/ani/window_runtime/window_stage_ani/window_stage_ani.abc
[OHOS INFO] [NINJA] [2053/4519] COPY obj/foundation/window/window_manager/window_scene/interfaces/kits/ani/scene_session_manager/scene_session_manager_ani/scene_session_manager_abc.abc obj/foundation/window/window_manager/window_scene/interfaces/kits/ani/scene_session_manager/scene_session_manager_ani/out/rk3568/obj/foundation/window/window_manager/window_scene/interfaces/kits/ani/scene_session_manager/scene_session_manager_ani/scene_session_manager_abc.abc
[OHOS INFO] [NINJA] [2054/4519] STAMP obj/test/testfwk/arkxtest/perftest/perftest_abc.stamp
[OHOS INFO] [NINJA] [2055/4519] STAMP obj/applications/standard/settings/ani/intelligentscene/intelligentscene.stamp
[OHOS INFO] [NINJA] [2056/4519] STAMP obj/third_party/mindspore/mindspore-src/source/mindspore-lite/src/litert/taihe/ability_delegator/mindspore_ani_etc.stamp
[OHOS INFO] [NINJA] [2057/4519] STAMP obj/arkcompiler/runtime_core/static_core/plugins/ets/commonsdk_packages.stamp
[OHOS INFO] [NINJA] [2058/4519] STAMP obj/base/account/os_account/frameworks/ets/taihe/app_account_etc.stamp
[OHOS INFO] [NINJA] [2059/4519] STAMP obj/base/account/os_account/frameworks/ets/taihe/distributed_account_etc.stamp
[OHOS INFO] [NINJA] [2060/4519] STAMP obj/base/account/os_account/frameworks/ets/taihe/os_account_etc.stamp
[OHOS INFO] [NINJA] [2061/4519] COPY obj/base/customization/config_policy/interfaces/ets/ani/configPolicy.abc obj/base/customization/config_policy/interfaces/ets/ani/out/rk3568/obj/base/customization/config_policy/interfaces/ets/ani/configPolicy.abc
[OHOS INFO] [NINJA] [2062/4519] COPY obj/base/customization/config_policy/interfaces/ets/ani/custom_config.abc obj/base/customization/config_policy/interfaces/ets/ani/out/rk3568/obj/base/customization/config_policy/interfaces/ets/ani/custom_config.abc
[OHOS INFO] [NINJA] [2063/4519] COPY obj/base/customization/enterprise_device_management/interfaces/ets/ani/enterprise_device_management/admin_manager/adminManager.abc obj/base/customization/enterprise_device_management/interfaces/ets/ani/enterprise_device_management/admin_manager/out/rk3568/obj/base/customization/enterprise_device_management/interfaces/ets/ani/enterprise_device_management/admin_manager/adminManager.abc
[OHOS INFO] [NINJA] [2064/4519] COPY obj/base/customization/enterprise_device_management/interfaces/ets/ani/enterprise_device_management/network_manager/networkManager.abc obj/base/customization/enterprise_device_management/interfaces/ets/ani/enterprise_device_management/network_manager/out/rk3568/obj/base/customization/enterprise_device_management/interfaces/ets/ani/enterprise_device_management/network_manager/networkManager.abc
[OHOS INFO] [NINJA] [2065/4519] COPY obj/base/customization/enterprise_device_management/interfaces/ets/ani/enterprise_device_management/restrictions/restrictions.abc obj/base/customization/enterprise_device_management/interfaces/ets/ani/enterprise_device_management/restrictions/out/rk3568/obj/base/customization/enterprise_device_management/interfaces/ets/ani/enterprise_device_management/restrictions/restrictions.abc
[OHOS INFO] [NINJA] [2066/4519] COPY obj/base/customization/enterprise_device_management/interfaces/ets/ani/enterprise_device_management/security_manager/securityManager.abc obj/base/customization/enterprise_device_management/interfaces/ets/ani/enterprise_device_management/security_manager/out/rk3568/obj/base/customization/enterprise_device_management/interfaces/ets/ani/enterprise_device_management/security_manager/securityManager.abc
[OHOS INFO] [NINJA] [2067/4519] COPY obj/base/global/font_manager/interfaces/ani/fontManager.abc obj/base/global/font_manager/interfaces/ani/out/rk3568/obj/base/global/font_manager/interfaces/ani/fontManager.abc
[OHOS INFO] [NINJA] [2068/4519] COPY obj/base/global/i18n/interfaces/ets/ani/i18n/i18n.abc obj/base/global/i18n/interfaces/ets/ani/i18n/out/rk3568/obj/base/global/i18n/interfaces/ets/ani/i18n/i18n.abc
[OHOS INFO] [NINJA] [2069/4519] COPY obj/base/global/i18n/interfaces/ets/ani/intl/intl.abc obj/base/global/i18n/interfaces/ets/ani/intl/out/rk3568/obj/base/global/i18n/interfaces/ets/ani/intl/intl.abc
[OHOS INFO] [NINJA] [2070/4519] COPY obj/base/global/resource_management/interfaces/ets/ani/resourceManager/rawFileDescriptor.abc obj/base/global/resource_management/interfaces/ets/ani/resourceManager/out/rk3568/obj/base/global/resource_management/interfaces/ets/ani/resourceManager/rawFileDescriptor.abc
[OHOS INFO] [NINJA] [2071/4519] COPY obj/base/global/resource_management/interfaces/ets/ani/resourceManager/resourceManager.abc obj/base/global/resource_management/interfaces/ets/ani/resourceManager/out/rk3568/obj/base/global/resource_management/interfaces/ets/ani/resourceManager/resourceManager.abc
[OHOS INFO] [NINJA] [2072/4519] COPY obj/base/global/resource_management/interfaces/ets/ani/resourceManager/resource.abc obj/base/global/resource_management/interfaces/ets/ani/resourceManager/out/rk3568/obj/base/global/resource_management/interfaces/ets/ani/resourceManager/resource.abc
[OHOS INFO] [NINJA] [2073/4519] STAMP obj/base/global/system_resources/systemres/systemres_hap__js_assets.stamp
[OHOS INFO] [NINJA] [2074/4519] COPY obj/base/hiviewdfx/hiappevent/frameworks/ets/ani/hiappevent/hiappevent.abc obj/base/hiviewdfx/hiappevent/frameworks/ets/ani/hiappevent/out/rk3568/obj/base/hiviewdfx/hiappevent/frameworks/ets/ani/hiappevent/hiappevent.abc
[OHOS INFO] [NINJA] [2075/4519] COPY obj/base/hiviewdfx/hichecker/interfaces/ets/ani/hichecker/hichecker.abc obj/base/hiviewdfx/hichecker/interfaces/ets/ani/hichecker/out/rk3568/obj/base/hiviewdfx/hichecker/interfaces/ets/ani/hichecker/hichecker.abc
[OHOS INFO] [NINJA] [2076/4519] COPY obj/base/hiviewdfx/hilog/interfaces/ets/ani/hilog/hilog.abc obj/base/hiviewdfx/hilog/interfaces/ets/ani/hilog/out/rk3568/obj/base/hiviewdfx/hilog/interfaces/ets/ani/hilog/hilog.abc
[OHOS INFO] [NINJA] [2077/4519] COPY obj/base/hiviewdfx/hisysevent/interfaces/ets/ani/hisysevent/hisysevent.abc obj/base/hiviewdfx/hisysevent/interfaces/ets/ani/hisysevent/out/rk3568/obj/base/hiviewdfx/hisysevent/interfaces/ets/ani/hisysevent/hisysevent.abc
[OHOS INFO] [NINJA] [2078/4519] COPY obj/base/hiviewdfx/hiview/hiretrieval/interfaces/ets/ani/hiretrieval.abc obj/base/hiviewdfx/hiview/hiretrieval/interfaces/ets/ani/out/rk3568/obj/base/hiviewdfx/hiview/hiretrieval/interfaces/ets/ani/hiretrieval.abc
[OHOS INFO] [NINJA] [2079/4519] STAMP obj/base/hiviewdfx/hitrace/interfaces/ets/ani/hitracechain/hitrace_chain_etc.stamp
[OHOS INFO] [NINJA] [2080/4519] STAMP obj/base/hiviewdfx/hitrace/interfaces/ets/ani/hitracemeter/hitrace_meter_etc.stamp
[OHOS INFO] [NINJA] [2081/4519] COPY obj/base/hiviewdfx/hiview/interfaces/ets/ani/loglibrary/loglibrary.abc obj/base/hiviewdfx/hiview/interfaces/ets/ani/loglibrary/out/rk3568/obj/base/hiviewdfx/hiview/interfaces/ets/ani/loglibrary/loglibrary.abc
[OHOS INFO] [NINJA] [2082/4519] COPY obj/base/inputmethod/imf/frameworks/ets/extension/ets/inputmethod_extension_ability_ani.abc obj/base/inputmethod/imf/frameworks/ets/extension/ets/out/rk3568/obj/base/inputmethod/imf/frameworks/ets/extension/ets/inputmethod_extension_ability_ani.abc
[OHOS INFO] [NINJA] [2083/4519] COPY obj/base/hiviewdfx/hiview/plugins/faultlogger/interfaces/ets/ani/faultlogger/faultlog_extension_ability_ani.abc obj/base/hiviewdfx/hiview/plugins/faultlogger/interfaces/ets/ani/faultlogger/out/rk3568/obj/base/hiviewdfx/hiview/plugins/faultlogger/interfaces/ets/ani/faultlogger/faultlog_extension_ability_ani.abc
[OHOS INFO] [NINJA] [2084/4519] COPY obj/base/inputmethod/imf/frameworks/ets/inputmethodlist/inputmethod_dialog_ets_abc.abc obj/base/inputmethod/imf/frameworks/ets/inputmethodlist/out/rk3568/obj/base/inputmethod/imf/frameworks/ets/inputmethodlist/inputmethod_dialog_ets_abc.abc
[OHOS INFO] [NINJA] [2085/4519] COPY obj/base/inputmethod/imf/frameworks/ets/taihe/inputMethod/inputmethod_abc.abc obj/base/inputmethod/imf/frameworks/ets/taihe/inputMethod/out/rk3568/obj/base/inputmethod/imf/frameworks/ets/taihe/inputMethod/inputmethod_abc.abc
[OHOS INFO] [NINJA] [2086/4519] COPY obj/base/inputmethod/imf/frameworks/ets/taihe/inputMethod/inputmethod_panel_abc.abc obj/base/inputmethod/imf/frameworks/ets/taihe/inputMethod/out/rk3568/obj/base/inputmethod/imf/frameworks/ets/taihe/inputMethod/inputmethod_panel_abc.abc
[OHOS INFO] [NINJA] [2087/4519] COPY obj/base/inputmethod/imf/frameworks/ets/taihe/inputMethodEngine/inputmethod_engine_abc.abc obj/base/inputmethod/imf/frameworks/ets/taihe/inputMethodEngine/out/rk3568/obj/base/inputmethod/imf/frameworks/ets/taihe/inputMethodEngine/inputmethod_engine_abc.abc
[OHOS INFO] [NINJA] [2088/4519] COPY obj/base/inputmethod/imf/frameworks/ets/taihe/inputMethod/inputmethod_subtype_abc.abc obj/base/inputmethod/imf/frameworks/ets/taihe/inputMethod/out/rk3568/obj/base/inputmethod/imf/frameworks/ets/taihe/inputMethod/inputmethod_subtype_abc.abc
[OHOS INFO] [NINJA] [2089/4519] COPY obj/base/inputmethod/imf/frameworks/ets/taihe/inputMethodEngine/inputmethod_extraconfig_abc.abc obj/base/inputmethod/imf/frameworks/ets/taihe/inputMethodEngine/out/rk3568/obj/base/inputmethod/imf/frameworks/ets/taihe/inputMethodEngine/inputmethod_extraconfig_abc.abc
[OHOS INFO] [NINJA] [2090/4519] COPY obj/base/location/location/frameworks/ets/taihe/locator_sdk/location_framework_abc.abc obj/base/location/location/frameworks/ets/taihe/locator_sdk/out/rk3568/obj/base/location/location/frameworks/ets/taihe/locator_sdk/location_framework_abc.abc
[OHOS INFO] [NINJA] [2091/4519] COPY obj/base/inputmethod/imf/frameworks/ets/taihe/keyboardPanelManager/inputmethod_systempanelmanager_abc.abc obj/base/inputmethod/imf/frameworks/ets/taihe/keyboardPanelManager/out/rk3568/obj/base/inputmethod/imf/frameworks/ets/taihe/keyboardPanelManager/inputmethod_systempanelmanager_abc.abc
[OHOS INFO] [NINJA] [2092/4519] COPY obj/base/msdp/device_status/frameworks/ets/coordination/coordination_abc.abc obj/base/msdp/device_status/frameworks/ets/coordination/out/rk3568/obj/base/msdp/device_status/frameworks/ets/coordination/coordination_abc.abc
[OHOS INFO] [NINJA] [2093/4519] COPY obj/base/msdp/device_status/frameworks/ets/devicestatus/multimodalawareness_devicestatus_abc.abc obj/base/msdp/device_status/frameworks/ets/devicestatus/out/rk3568/obj/base/msdp/device_status/frameworks/ets/devicestatus/multimodalawareness_devicestatus_abc.abc
[OHOS INFO] [NINJA] [2094/4519] COPY obj/base/msdp/device_status/frameworks/ets/drag/drag_abc.abc obj/base/msdp/device_status/frameworks/ets/drag/out/rk3568/obj/base/msdp/device_status/frameworks/ets/drag/drag_abc.abc
[OHOS INFO] [NINJA] [2095/4519] COPY obj/base/msdp/device_status/frameworks/ets/metadataBinding/metadataBinding_abc.abc obj/base/msdp/device_status/frameworks/ets/metadataBinding/out/rk3568/obj/base/msdp/device_status/frameworks/ets/metadataBinding/metadataBinding_abc.abc
[OHOS INFO] [NINJA] [2096/4519] COPY obj/base/msdp/device_status/frameworks/ets/motion/motion_abc.abc obj/base/msdp/device_status/frameworks/ets/motion/out/rk3568/obj/base/msdp/device_status/frameworks/ets/motion/motion_abc.abc
[OHOS INFO] [NINJA] [2097/4519] COPY obj/base/msdp/device_status/frameworks/ets/onscreen/onScreen_abc.abc obj/base/msdp/device_status/frameworks/ets/onscreen/out/rk3568/obj/base/msdp/device_status/frameworks/ets/onscreen/onScreen_abc.abc
[OHOS INFO] [NINJA] [2098/4519] COPY obj/base/msdp/device_status/frameworks/ets/spatialAwareness/spatialAwareness_abc.abc obj/base/msdp/device_status/frameworks/ets/spatialAwareness/out/rk3568/obj/base/msdp/device_status/frameworks/ets/spatialAwareness/spatialAwareness_abc.abc
[OHOS INFO] [NINJA] [2099/4519] COPY obj/base/msdp/device_status/frameworks/ets/underageModel/underageModel_abc.abc obj/base/msdp/device_status/frameworks/ets/underageModel/out/rk3568/obj/base/msdp/device_status/frameworks/ets/underageModel/underageModel_abc.abc
[OHOS INFO] [NINJA] [2100/4519] COPY obj/base/notification/common_event_service/interfaces/kits/ani/common_event/commonEventData.abc obj/base/notification/common_event_service/interfaces/kits/ani/common_event/out/rk3568/obj/base/notification/common_event_service/interfaces/kits/ani/common_event/commonEventData.abc
[OHOS INFO] [NINJA] [2101/4519] COPY obj/base/notification/common_event_service/interfaces/kits/ani/common_event/commonEventPublishData.abc obj/base/notification/common_event_service/interfaces/kits/ani/common_event/out/rk3568/obj/base/notification/common_event_service/interfaces/kits/ani/common_event/commonEventPublishData.abc
[OHOS INFO] [NINJA] [2102/4519] COPY obj/base/notification/common_event_service/interfaces/kits/ani/common_event/commonEventSubscriber.abc obj/base/notification/common_event_service/interfaces/kits/ani/common_event/out/rk3568/obj/base/notification/common_event_service/interfaces/kits/ani/common_event/commonEventSubscriber.abc
[OHOS INFO] [NINJA] [2103/4519] COPY obj/base/notification/common_event_service/interfaces/kits/ani/common_event/common_event_manager.abc obj/base/notification/common_event_service/interfaces/kits/ani/common_event/out/rk3568/obj/base/notification/common_event_service/interfaces/kits/ani/common_event/common_event_manager.abc
[OHOS INFO] [NINJA] [2104/4519] COPY obj/base/notification/common_event_service/interfaces/kits/ani/common_event/commonEventSubscribeInfo.abc obj/base/notification/common_event_service/interfaces/kits/ani/common_event/out/rk3568/obj/base/notification/common_event_service/interfaces/kits/ani/common_event/commonEventSubscribeInfo.abc
[OHOS INFO] [NINJA] [2105/4519] COPY obj/base/notification/common_event_service/interfaces/kits/ani/common_event/static_subscriber_extension_ability.abc obj/base/notification/common_event_service/interfaces/kits/ani/common_event/out/rk3568/obj/base/notification/common_event_service/interfaces/kits/ani/common_event/static_subscriber_extension_ability.abc
[OHOS INFO] [NINJA] [2106/4519] COPY obj/base/notification/common_event_service/interfaces/kits/ani/common_event/static_subscriber_extension_context.abc obj/base/notification/common_event_service/interfaces/kits/ani/common_event/out/rk3568/obj/base/notification/common_event_service/interfaces/kits/ani/common_event/static_subscriber_extension_context.abc
[OHOS INFO] [NINJA] [2107/4519] STAMP obj/base/notification/distributed_notification_service/frameworks/ets/ets/notification_action_button_etc.stamp
[OHOS INFO] [NINJA] [2108/4519] STAMP obj/base/notification/distributed_notification_service/frameworks/ets/ets/notification_common_def_etc.stamp
[OHOS INFO] [NINJA] [2109/4519] STAMP obj/base/notification/distributed_notification_service/frameworks/ets/ets/notification_extension_content_etc.stamp
[OHOS INFO] [NINJA] [2110/4519] STAMP obj/base/notification/distributed_notification_service/frameworks/ets/ets/notification_content_etc.stamp
[OHOS INFO] [NINJA] [2111/4519] STAMP obj/base/notification/distributed_notification_service/frameworks/ets/ets/notification_extension_subscriber_extension_ability_etc.stamp
[OHOS INFO] [NINJA] [2112/4519] STAMP obj/base/notification/distributed_notification_service/frameworks/ets/ets/notification_extension_subscriber_extension_context_etc.stamp
[OHOS INFO] [NINJA] [2113/4519] STAMP obj/base/notification/distributed_notification_service/frameworks/ets/ets/notification_extension_subscription_info_etc.stamp
[OHOS INFO] [NINJA] [2114/4519] STAMP obj/base/notification/distributed_notification_service/frameworks/ets/ets/notification_extension_subscription_etc.stamp
[OHOS INFO] [NINJA] [2115/4519] STAMP obj/base/notification/distributed_notification_service/frameworks/ets/ets/notification_flags_etc.stamp
[OHOS INFO] [NINJA] [2116/4519] STAMP obj/base/notification/distributed_notification_service/frameworks/ets/ets/notification_info_etc.stamp
[OHOS INFO] [NINJA] [2117/4519] STAMP obj/base/notification/distributed_notification_service/frameworks/ets/ets/notification_request_etc.stamp
[OHOS INFO] [NINJA] [2118/4519] STAMP obj/base/notification/distributed_notification_service/frameworks/ets/ets/notification_manager_etc.stamp
[OHOS INFO] [NINJA] [2119/4519] STAMP obj/base/notification/distributed_notification_service/frameworks/ets/ets/notification_slot_etc.stamp
[OHOS INFO] [NINJA] [2120/4519] STAMP obj/base/notification/distributed_notification_service/frameworks/ets/ets/notification_sorting_etc.stamp
[OHOS INFO] [NINJA] [2121/4519] STAMP obj/base/notification/distributed_notification_service/frameworks/ets/ets/notification_subscribe_etc.stamp
[OHOS INFO] [NINJA] [2122/4519] STAMP obj/base/notification/distributed_notification_service/frameworks/ets/ets/notification_sorting_map_etc.stamp
[OHOS INFO] [NINJA] [2123/4519] STAMP obj/base/notification/distributed_notification_service/frameworks/ets/ets/notification_subscribe_info_etc.stamp
[OHOS INFO] [NINJA] [2124/4519] STAMP obj/base/notification/distributed_notification_service/frameworks/ets/ets/notification_subscriber_etc.stamp
[OHOS INFO] [NINJA] [2125/4519] STAMP obj/base/notification/distributed_notification_service/frameworks/ets/ets/notification_template_etc.stamp
[OHOS INFO] [NINJA] [2126/4519] STAMP obj/base/notification/distributed_notification_service/frameworks/ets/ets/notification_user_input_etc.stamp
[OHOS INFO] [NINJA] [2127/4519] COPY obj/base/notification/distributed_notification_service/frameworks/reminder_ani/reminder_agent_manager_abc.abc obj/base/notification/distributed_notification_service/frameworks/reminder_ani/out/rk3568/obj/base/notification/distributed_notification_service/frameworks/reminder_ani/reminder_agent_manager_abc.abc
[OHOS INFO] [NINJA] [2128/4519] COPY obj/base/notification/eventhandler/frameworks/emitter/event_emitter_abc.abc obj/base/notification/eventhandler/frameworks/emitter/out/rk3568/obj/base/notification/eventhandler/frameworks/emitter/event_emitter_abc.abc
[OHOS INFO] [NINJA] [2129/4519] COPY obj/base/powermgr/battery_manager/frameworks/ets/taihe/charger/charger.abc obj/base/powermgr/battery_manager/frameworks/ets/taihe/charger/out/rk3568/obj/base/powermgr/battery_manager/frameworks/ets/taihe/charger/charger.abc
[OHOS INFO] [NINJA] [2130/4519] COPY obj/base/powermgr/battery_manager/frameworks/ets/taihe/batteryInfo/batteryInfo.abc obj/base/powermgr/battery_manager/frameworks/ets/taihe/batteryInfo/out/rk3568/obj/base/powermgr/battery_manager/frameworks/ets/taihe/batteryInfo/batteryInfo.abc
[OHOS INFO] [NINJA] [2131/4519] COPY obj/base/powermgr/battery_statistics/frameworks/ets/taihe/battery_stats/batterystats_abc.abc obj/base/powermgr/battery_statistics/frameworks/ets/taihe/battery_stats/out/rk3568/obj/base/powermgr/battery_statistics/frameworks/ets/taihe/battery_stats/batterystats_abc.abc
[OHOS INFO] [NINJA] [2132/4519] COPY obj/base/powermgr/display_manager/state_manager/frameworks/ets/taihe/brightness/brightness_abc.abc obj/base/powermgr/display_manager/state_manager/frameworks/ets/taihe/brightness/out/rk3568/obj/base/powermgr/display_manager/state_manager/frameworks/ets/taihe/brightness/brightness_abc.abc
[OHOS INFO] [NINJA] [2133/4519] COPY obj/base/powermgr/power_manager/frameworks/ets/taihe/power/power_abc.abc obj/base/powermgr/power_manager/frameworks/ets/taihe/power/out/rk3568/obj/base/powermgr/power_manager/frameworks/ets/taihe/power/power_abc.abc
[OHOS INFO] [NINJA] [2134/4519] COPY obj/base/powermgr/power_manager/frameworks/ets/taihe/runninglock/runningLock_abc.abc obj/base/powermgr/power_manager/frameworks/ets/taihe/runninglock/out/rk3568/obj/base/powermgr/power_manager/frameworks/ets/taihe/runninglock/runningLock_abc.abc
[OHOS INFO] [NINJA] [2135/4519] STAMP obj/base/print/print_fwk/interfaces/kits/ani/printani/print_abc_etc.stamp
[OHOS INFO] [NINJA] [2136/4519] COPY obj/base/powermgr/thermal_manager/frameworks/ets/taihe/thermal/thermal_abc.abc obj/base/powermgr/thermal_manager/frameworks/ets/taihe/thermal/out/rk3568/obj/base/powermgr/thermal_manager/frameworks/ets/taihe/thermal/thermal_abc.abc
[OHOS INFO] [NINJA] [2137/4519] STAMP obj/base/print/print_fwk/interfaces/kits/ani/printani/print_extension_ability_ani_etc.stamp
[OHOS INFO] [NINJA] [2138/4519] STAMP obj/base/print/print_fwk/interfaces/kits/ani/printani/print_extension_context_abc_etc.stamp
[OHOS INFO] [NINJA] [2139/4519] STAMP obj/base/print/print_fwk/interfaces/kits/ani/scanani/scan_abc_etc.stamp
[OHOS INFO] [NINJA] [2140/4519] COPY obj/base/request/request/frameworks/ets/ani/cache_download/cache_download.abc obj/base/request/request/frameworks/ets/ani/cache_download/out/rk3568/obj/base/request/request/frameworks/ets/ani/cache_download/cache_download.abc
[OHOS INFO] [NINJA] [2141/4519] STAMP obj/base/security/access_token/frameworks/ets/ani/accesstoken/ability_access_ctrl_etc.stamp
[OHOS INFO] [NINJA] [2142/4519] COPY obj/base/request/request/frameworks/ets/ani/request/request.abc obj/base/request/request/frameworks/ets/ani/request/out/rk3568/obj/base/request/request/frameworks/ets/ani/request/request.abc
[OHOS INFO] [NINJA] [2143/4519] STAMP obj/base/security/access_token/frameworks/ets/ani/common/Permission_Request_Result_etc.stamp
[OHOS INFO] [NINJA] [2144/4519] STAMP obj/base/security/access_token/frameworks/ets/ani/el5filekeymanager/screen_lock_file_manager_etc.stamp
[OHOS INFO] [NINJA] [2145/4519] STAMP obj/base/security/access_token/frameworks/ets/ani/common/permissions_etc.stamp
[OHOS INFO] [NINJA] [2146/4519] STAMP obj/base/security/access_token/frameworks/ets/ani/privacy/privacy_manager_etc.stamp
[OHOS INFO] [NINJA] [2147/4519] STAMP obj/base/security/certificate_framework/frameworks/js/ani/certificate_framework_ani.stamp
[OHOS INFO] [NINJA] [2148/4519] STAMP obj/base/security/crypto_framework/frameworks/js/ani/crypto_framework_etc.stamp
[OHOS INFO] [NINJA] [2149/4519] COPY obj/base/sensors/miscdevice/frameworks/ets/taihe/vibrator_abc.abc obj/base/sensors/miscdevice/frameworks/ets/taihe/out/rk3568/obj/base/sensors/miscdevice/frameworks/ets/taihe/vibrator_abc.abc
[OHOS INFO] [NINJA] [2150/4519] STAMP obj/base/startup/init/interfaces/taihe/deviceInfo/deviceInfo_etc.stamp
[OHOS INFO] [NINJA] [2151/4519] COPY obj/base/sensors/sensor/frameworks/ets/taihe/sensor_abc.abc obj/base/sensors/sensor/frameworks/ets/taihe/out/rk3568/obj/base/sensors/sensor/frameworks/ets/taihe/sensor_abc.abc
[OHOS INFO] [NINJA] [2152/4519] STAMP obj/base/startup/init/interfaces/taihe/syscap/global_etc.stamp
[OHOS INFO] [NINJA] [2153/4519] STAMP obj/base/startup/init/interfaces/taihe/systemParameterEnhance/systemParamterEnhance_etc.stamp
[OHOS INFO] [NINJA] [2154/4519] COPY obj/base/telephony/call_manager/frameworks/ets/taihe/telephony_call_abc.abc obj/base/telephony/call_manager/frameworks/ets/taihe/out/rk3568/obj/base/telephony/call_manager/frameworks/ets/taihe/telephony_call_abc.abc
[OHOS INFO] [NINJA] [2155/4519] COPY obj/base/telephony/cellular_data/frameworks/ets/ani/telephony_data.abc obj/base/telephony/cellular_data/frameworks/ets/ani/out/rk3568/obj/base/telephony/cellular_data/frameworks/ets/ani/telephony_data.abc
[OHOS INFO] [NINJA] [2156/4519] COPY obj/base/telephony/core_service/frameworks/ets/ani/radio/telephony_radio_abc.abc obj/base/telephony/core_service/frameworks/ets/ani/radio/out/rk3568/obj/base/telephony/core_service/frameworks/ets/ani/radio/telephony_radio_abc.abc
[OHOS INFO] [NINJA] [2157/4519] COPY obj/base/telephony/core_service/frameworks/ets/ani/sim/telephony_sim.abc obj/base/telephony/core_service/frameworks/ets/ani/sim/out/rk3568/obj/base/telephony/core_service/frameworks/ets/ani/sim/telephony_sim.abc
[OHOS INFO] [NINJA] [2158/4519] STAMP obj/base/telephony/core_service/telephonyres/telephonyres_hap__js_assets.stamp
[OHOS INFO] [NINJA] [2159/4519] COPY obj/base/telephony/core_service/frameworks/ets/ani/vcard/telephony_vcard.abc obj/base/telephony/core_service/frameworks/ets/ani/vcard/out/rk3568/obj/base/telephony/core_service/frameworks/ets/ani/vcard/telephony_vcard.abc
[OHOS INFO] [NINJA] [2160/4519] COPY obj/base/telephony/sms_mms/frameworks/ets/taihe/telephony_sms_abc.abc obj/base/telephony/sms_mms/frameworks/ets/taihe/out/rk3568/obj/base/telephony/sms_mms/frameworks/ets/taihe/telephony_sms_abc.abc
[OHOS INFO] [NINJA] [2161/4519] COPY obj/base/telephony/state_registry/frameworks/ets/ani/observer/telephony_observer.abc obj/base/telephony/state_registry/frameworks/ets/ani/observer/out/rk3568/obj/base/telephony/state_registry/frameworks/ets/ani/observer/telephony_observer.abc
[OHOS INFO] [NINJA] [2162/4519] STAMP obj/base/theme/screenlock_mgr/frameworks/ets/ani/screenLock_static.stamp
[OHOS INFO] [NINJA] [2163/4519] COPY obj/base/time/time_service/framework/js/taihe/system_datetime/systemdatetime_abc.abc obj/base/time/time_service/framework/js/taihe/system_datetime/out/rk3568/obj/base/time/time_service/framework/js/taihe/system_datetime/systemdatetime_abc.abc
[OHOS INFO] [NINJA] [2164/4519] COPY obj/base/theme/wallpaper_mgr/frameworks/ets/taihe/wallpapermgr/wallpapermgr.abc obj/base/theme/wallpaper_mgr/frameworks/ets/taihe/wallpapermgr/out/rk3568/obj/base/theme/wallpaper_mgr/frameworks/ets/taihe/wallpapermgr/wallpapermgr.abc
[OHOS INFO] [NINJA] [2165/4519] COPY obj/base/time/time_service/framework/js/taihe/system_timer/systemtimer_abc.abc obj/base/time/time_service/framework/js/taihe/system_timer/out/rk3568/obj/base/time/time_service/framework/js/taihe/system_timer/systemtimer_abc.abc
[OHOS INFO] [NINJA] [2166/4519] STAMP obj/base/usb/usb_manager/frameworks/ets/taihe/usb_manager/usbmanager_etc.stamp
[OHOS INFO] [NINJA] [2167/4519] STAMP obj/base/usb/usb_manager/frameworks/ets/taihe/usb_manager/usbmanager_serial_etc.stamp
[OHOS INFO] [NINJA] [2168/4519] COPY obj/base/update/updateservice/frameworks/js/ani/update_ani.abc obj/base/update/updateservice/frameworks/js/ani/out/rk3568/obj/base/update/updateservice/frameworks/js/ani/update_ani.abc
[OHOS INFO] [NINJA] [2169/4519] STAMP obj/base/useriam/user_auth_framework/frameworks/ets/ani/user_access_ctrl/user_access_ctrl_abc_etc.stamp
[OHOS INFO] [NINJA] [2170/4519] COPY obj/base/useriam/companion_device_auth/frameworks/ets/ani/companiondeviceauth.abc obj/base/useriam/companion_device_auth/frameworks/ets/ani/out/rk3568/obj/base/useriam/companion_device_auth/frameworks/ets/ani/companiondeviceauth.abc
[OHOS INFO] [NINJA] [2171/4519] COPY obj/base/useriam/face_auth/frameworks/ets/ani/ohos.userIAM.faceAuth.abc obj/base/useriam/face_auth/frameworks/ets/ani/out/rk3568/obj/base/useriam/face_auth/frameworks/ets/ani/ohos.userIAM.faceAuth.abc
[OHOS INFO] [NINJA] [2172/4519] STAMP obj/base/useriam/user_auth_framework/frameworks/ets/ani/user_auth/user_auth_abc_etc.stamp
[OHOS INFO] [NINJA] [2173/4519] STAMP obj/base/useriam/user_auth_framework/frameworks/ets/ani/user_auth_extension/user_auth_extension_abc_etc.stamp
[OHOS INFO] [NINJA] [2174/4519] STAMP obj/base/useriam/user_auth_framework/frameworks/ets/ani/user_auth_icon/user_auth_icon_ets_abc_etc.stamp
[OHOS INFO] [NINJA] [2175/4519] COPY obj/base/web/webview/interfaces/kits/ani/webnativemessagingextension/ets/web_native_messaging_extension_ability.abc obj/base/web/webview/interfaces/kits/ani/webnativemessagingextension/ets/out/rk3568/obj/base/web/webview/interfaces/kits/ani/webnativemessagingextension/ets/web_native_messaging_extension_ability.abc
[OHOS INFO] [NINJA] [2176/4519] COPY obj/base/web/webview/interfaces/kits/ani/webnativemessagingextension/ets/web_native_messaging_extension_context.abc obj/base/web/webview/interfaces/kits/ani/webnativemessagingextension/ets/out/rk3568/obj/base/web/webview/interfaces/kits/ani/webnativemessagingextension/ets/web_native_messaging_extension_context.abc
[OHOS INFO] [NINJA] [2177/4519] COPY obj/base/web/webview/interfaces/kits/ani/webnativemessagingextension/ets/web_native_messaging_extension_manager.abc obj/base/web/webview/interfaces/kits/ani/webnativemessagingextension/ets/out/rk3568/obj/base/web/webview/interfaces/kits/ani/webnativemessagingextension/ets/web_native_messaging_extension_manager.abc
[OHOS INFO] [NINJA] [2178/4519] STAMP obj/commonlibrary/ets_utils/base_sdk/base_sdk.stamp
[OHOS INFO] [NINJA] [2179/4519] COPY obj/base/web/webview/interfaces/kits/ani/webview/web_innerUI.abc obj/base/web/webview/interfaces/kits/ani/webview/out/rk3568/obj/base/web/webview/interfaces/kits/ani/webview/web_innerUI.abc
[OHOS INFO] [NINJA] [2180/4519] COPY obj/base/web/webview/interfaces/kits/ani/webview/web_webview.abc obj/base/web/webview/interfaces/kits/ani/webview/out/rk3568/obj/base/web/webview/interfaces/kits/ani/webview/web_webview.abc
[OHOS INFO] [NINJA] [2181/4519] STAMP obj/drivers/external_device_manager/frameworks/js/ani/driver_extension_ability/driver_extension_ability_abc_etc.stamp
[OHOS INFO] [NINJA] [2182/4519] COPY obj/developtools/profiler/hidebug/interfaces/ets/ani/hidebug/hidebug.abc obj/developtools/profiler/hidebug/interfaces/ets/ani/hidebug/out/rk3568/obj/developtools/profiler/hidebug/interfaces/ets/ani/hidebug/hidebug.abc
[OHOS INFO] [NINJA] [2183/4519] COPY obj/developtools/syscap_codec/taihe/syscap/systemCapability.abc obj/developtools/syscap_codec/taihe/syscap/out/rk3568/obj/developtools/syscap_codec/taihe/syscap/systemCapability.abc
[OHOS INFO] [NINJA] [2184/4519] STAMP obj/drivers/external_device_manager/frameworks/js/taihe/device_manager_etc.stamp
[OHOS INFO] [NINJA] [2185/4519] COPY obj/foundation/ability/ability_runtime/agent_runtime_framework/frameworks/ets/ets/agent_runtime_agent_card_abc.abc obj/foundation/ability/ability_runtime/agent_runtime_framework/frameworks/ets/ets/out/rk3568/obj/foundation/ability/ability_runtime/agent_runtime_framework/frameworks/ets/ets/agent_runtime_agent_card_abc.abc
[OHOS INFO] [NINJA] [2186/4519] COPY obj/foundation/ability/ability_runtime/agent_runtime_framework/frameworks/ets/ets/agent_runtime_agent_constant_abc.abc obj/foundation/ability/ability_runtime/agent_runtime_framework/frameworks/ets/ets/out/rk3568/obj/foundation/ability/ability_runtime/agent_runtime_framework/frameworks/ets/ets/agent_runtime_agent_constant_abc.abc
[OHOS INFO] [NINJA] [2187/4519] COPY obj/foundation/ability/ability_runtime/agent_runtime_framework/frameworks/ets/ets/agent_runtime_agent_extension_abc.abc obj/foundation/ability/ability_runtime/agent_runtime_framework/frameworks/ets/ets/out/rk3568/obj/foundation/ability/ability_runtime/agent_runtime_framework/frameworks/ets/ets/agent_runtime_agent_extension_abc.abc
[OHOS INFO] [NINJA] [2188/4519] COPY obj/foundation/ability/ability_runtime/agent_runtime_framework/frameworks/ets/ets/agent_runtime_agent_extension_connect_callback_abc.abc obj/foundation/ability/ability_runtime/agent_runtime_framework/frameworks/ets/ets/out/rk3568/obj/foundation/ability/ability_runtime/agent_runtime_framework/frameworks/ets/ets/agent_runtime_agent_extension_connect_callback_abc.abc
[OHOS INFO] [NINJA] [2189/4519] COPY obj/foundation/ability/ability_runtime/agent_runtime_framework/frameworks/ets/ets/agent_runtime_agent_extension_context_abc.abc obj/foundation/ability/ability_runtime/agent_runtime_framework/frameworks/ets/ets/out/rk3568/obj/foundation/ability/ability_runtime/agent_runtime_framework/frameworks/ets/ets/agent_runtime_agent_extension_context_abc.abc
[OHOS INFO] [NINJA] [2190/4519] COPY obj/foundation/ability/ability_runtime/agent_runtime_framework/frameworks/ets/ets/agent_runtime_agent_host_proxy_abc.abc obj/foundation/ability/ability_runtime/agent_runtime_framework/frameworks/ets/ets/out/rk3568/obj/foundation/ability/ability_runtime/agent_runtime_framework/frameworks/ets/ets/agent_runtime_agent_host_proxy_abc.abc
[OHOS INFO] [NINJA] [2191/4519] COPY obj/foundation/ability/ability_runtime/agent_runtime_framework/frameworks/ets/ets/agent_runtime_agent_manager_abc.abc obj/foundation/ability/ability_runtime/agent_runtime_framework/frameworks/ets/ets/out/rk3568/obj/foundation/ability/ability_runtime/agent_runtime_framework/frameworks/ets/ets/agent_runtime_agent_manager_abc.abc
[OHOS INFO] [NINJA] [2192/4519] COPY obj/foundation/ability/ability_runtime/agent_runtime_framework/frameworks/ets/ets/agent_runtime_agent_proxy_abc.abc obj/foundation/ability/ability_runtime/agent_runtime_framework/frameworks/ets/ets/out/rk3568/obj/foundation/ability/ability_runtime/agent_runtime_framework/frameworks/ets/ets/agent_runtime_agent_proxy_abc.abc
[OHOS INFO] [NINJA] [2193/4519] COPY obj/foundation/ability/ability_runtime/agent_runtime_framework/frameworks/ets/ets/agent_runtime_agent_ui_extension_ability_abc.abc obj/foundation/ability/ability_runtime/agent_runtime_framework/frameworks/ets/ets/out/rk3568/obj/foundation/ability/ability_runtime/agent_runtime_framework/frameworks/ets/ets/agent_runtime_agent_ui_extension_ability_abc.abc
[OHOS INFO] [NINJA] [2194/4519] COPY obj/foundation/ability/ability_runtime/agent_runtime_framework/frameworks/ets/ets/agent_runtime_agent_utils_abc.abc obj/foundation/ability/ability_runtime/agent_runtime_framework/frameworks/ets/ets/out/rk3568/obj/foundation/ability/ability_runtime/agent_runtime_framework/frameworks/ets/ets/agent_runtime_agent_utils_abc.abc
[OHOS INFO] [NINJA] [2195/4519] COPY obj/foundation/ability/ability_runtime/frameworks/ets/ets/ability_ability_abc.abc obj/foundation/ability/ability_runtime/frameworks/ets/ets/out/rk3568/obj/foundation/ability/ability_runtime/frameworks/ets/ets/ability_ability_abc.abc
[OHOS INFO] [NINJA] [2196/4519] COPY obj/foundation/ability/ability_runtime/frameworks/ets/ets/ability_application.abc obj/foundation/ability/ability_runtime/frameworks/ets/ets/out/rk3568/obj/foundation/ability/ability_runtime/frameworks/ets/ets/ability_application.abc
[OHOS INFO] [NINJA] [2197/4519] COPY obj/foundation/ability/ability_runtime/frameworks/ets/ets/ability_delegator_abc.abc obj/foundation/ability/ability_runtime/frameworks/ets/ets/out/rk3568/obj/foundation/ability/ability_runtime/frameworks/ets/ets/ability_delegator_abc.abc
[OHOS INFO] [NINJA] [2198/4519] COPY obj/foundation/ability/ability_runtime/frameworks/ets/ets/ability_delegator_application_testRunner_abc.abc obj/foundation/ability/ability_runtime/frameworks/ets/ets/out/rk3568/obj/foundation/ability/ability_runtime/frameworks/ets/ets/ability_delegator_application_testRunner_abc.abc
[OHOS INFO] [NINJA] [2199/4519] COPY obj/foundation/ability/ability_runtime/frameworks/ets/ets/ability_delegator_ability_monitor_abc.abc obj/foundation/ability/ability_runtime/frameworks/ets/ets/out/rk3568/obj/foundation/ability/ability_runtime/frameworks/ets/ets/ability_delegator_ability_monitor_abc.abc
[OHOS INFO] [NINJA] [2200/4519] COPY obj/foundation/ability/ability_runtime/frameworks/ets/ets/ability_delegator_args_abc.abc obj/foundation/ability/ability_runtime/frameworks/ets/ets/out/rk3568/obj/foundation/ability/ability_runtime/frameworks/ets/ets/ability_delegator_args_abc.abc
[OHOS INFO] [NINJA] [2201/4519] COPY obj/foundation/ability/ability_runtime/frameworks/ets/ets/ability_delegator_registry_abc.abc obj/foundation/ability/ability_runtime/frameworks/ets/ets/out/rk3568/obj/foundation/ability/ability_runtime/frameworks/ets/ets/ability_delegator_registry_abc.abc
[OHOS INFO] [NINJA] [2202/4519] COPY obj/foundation/ability/ability_runtime/frameworks/ets/ets/ability_delegator_interop_ability_monitor_abc.abc obj/foundation/ability/ability_runtime/frameworks/ets/ets/out/rk3568/obj/foundation/ability/ability_runtime/frameworks/ets/ets/ability_delegator_interop_ability_monitor_abc.abc
[OHOS INFO] [NINJA] [2203/4519] COPY obj/foundation/ability/ability_runtime/frameworks/ets/ets/ability_first_frame_state_data_abc.abc obj/foundation/ability/ability_runtime/frameworks/ets/ets/out/rk3568/obj/foundation/ability/ability_runtime/frameworks/ets/ets/ability_first_frame_state_data_abc.abc
[OHOS INFO] [NINJA] [2204/4519] COPY obj/foundation/ability/ability_runtime/frameworks/ets/ets/ability_first_frame_state_observer_abc.abc obj/foundation/ability/ability_runtime/frameworks/ets/ets/out/rk3568/obj/foundation/ability/ability_runtime/frameworks/ets/ets/ability_first_frame_state_observer_abc.abc
[OHOS INFO] [NINJA] [2205/4519] COPY obj/foundation/ability/ability_runtime/frameworks/ets/ets/ability_foreground_state_observer_abc.abc obj/foundation/ability/ability_runtime/frameworks/ets/ets/out/rk3568/obj/foundation/ability/ability_runtime/frameworks/ets/ets/ability_foreground_state_observer_abc.abc
[OHOS INFO] [NINJA] [2206/4519] COPY obj/foundation/ability/ability_runtime/frameworks/ets/ets/ability_runtime_AbilityRunningInfo_abc.abc obj/foundation/ability/ability_runtime/frameworks/ets/ets/out/rk3568/obj/foundation/ability/ability_runtime/frameworks/ets/ets/ability_runtime_AbilityRunningInfo_abc.abc
[OHOS INFO] [NINJA] [2207/4519] COPY obj/foundation/ability/ability_runtime/frameworks/ets/ets/ability_runtime_ability_constant_abc.abc obj/foundation/ability/ability_runtime/frameworks/ets/ets/out/rk3568/obj/foundation/ability/ability_runtime/frameworks/ets/ets/ability_runtime_ability_constant_abc.abc
[OHOS INFO] [NINJA] [2208/4519] COPY obj/foundation/ability/ability_runtime/frameworks/ets/ets/ability_runtime_ability_abc.abc obj/foundation/ability/ability_runtime/frameworks/ets/ets/out/rk3568/obj/foundation/ability/ability_runtime/frameworks/ets/ets/ability_runtime_ability_abc.abc
[OHOS INFO] [NINJA] [2209/4519] COPY obj/foundation/ability/ability_runtime/frameworks/ets/ets/ability_runtime_ability_context_constant_abc.abc obj/foundation/ability/ability_runtime/frameworks/ets/ets/out/rk3568/obj/foundation/ability/ability_runtime/frameworks/ets/ets/ability_runtime_ability_context_constant_abc.abc
[OHOS INFO] [NINJA] [2210/4519] COPY obj/foundation/ability/ability_runtime/frameworks/ets/ets/ability_runtime_ability_dialogRequest_abc.abc obj/foundation/ability/ability_runtime/frameworks/ets/ets/out/rk3568/obj/foundation/ability/ability_runtime/frameworks/ets/ets/ability_runtime_ability_dialogRequest_abc.abc
[OHOS INFO] [NINJA] [2211/4519] COPY obj/foundation/ability/ability_runtime/frameworks/ets/ets/ability_runtime_ability_lifecycle_callback_abc.abc obj/foundation/ability/ability_runtime/frameworks/ets/ets/out/rk3568/obj/foundation/ability/ability_runtime/frameworks/ets/ets/ability_runtime_ability_lifecycle_callback_abc.abc
[OHOS INFO] [NINJA] [2212/4519] COPY obj/foundation/ability/ability_runtime/frameworks/ets/ets/ability_runtime_ability_manager.abc obj/foundation/ability/ability_runtime/frameworks/ets/ets/out/rk3568/obj/foundation/ability/ability_runtime/frameworks/ets/ets/ability_runtime_ability_manager.abc
[OHOS INFO] [NINJA] [2213/4519] COPY obj/foundation/ability/ability_runtime/frameworks/ets/ets/ability_runtime_ability_result_abc.abc obj/foundation/ability/ability_runtime/frameworks/ets/ets/out/rk3568/obj/foundation/ability/ability_runtime/frameworks/ets/ets/ability_runtime_ability_result_abc.abc
[OHOS INFO] [NINJA] [2214/4519] COPY obj/foundation/ability/ability_runtime/frameworks/ets/ets/ability_runtime_ability_mission_manager_abc.abc obj/foundation/ability/ability_runtime/frameworks/ets/ets/out/rk3568/obj/foundation/ability/ability_runtime/frameworks/ets/ets/ability_runtime_ability_mission_manager_abc.abc
[OHOS INFO] [NINJA] [2215/4519] COPY obj/foundation/ability/ability_runtime/frameworks/ets/ets/ability_runtime_ability_stage_abc.abc obj/foundation/ability/ability_runtime/frameworks/ets/ets/out/rk3568/obj/foundation/ability/ability_runtime/frameworks/ets/ets/ability_runtime_ability_stage_abc.abc
[OHOS INFO] [NINJA] [2216/4519] COPY obj/foundation/ability/ability_runtime/frameworks/ets/ets/ability_runtime_ability_stage_context_abc.abc obj/foundation/ability/ability_runtime/frameworks/ets/ets/out/rk3568/obj/foundation/ability/ability_runtime/frameworks/ets/ets/ability_runtime_ability_stage_context_abc.abc
[OHOS INFO] [NINJA] [2217/4519] COPY obj/foundation/ability/ability_runtime/frameworks/ets/ets/ability_runtime_ability_stage_monitor_abc.abc obj/foundation/ability/ability_runtime/frameworks/ets/ets/out/rk3568/obj/foundation/ability/ability_runtime/frameworks/ets/ets/ability_runtime_ability_stage_monitor_abc.abc
[OHOS INFO] [NINJA] [2218/4519] COPY obj/foundation/ability/ability_runtime/frameworks/ets/ets/ability_runtime_ability_start_callback_abc.abc obj/foundation/ability/ability_runtime/frameworks/ets/ets/out/rk3568/obj/foundation/ability/ability_runtime/frameworks/ets/ets/ability_runtime_ability_start_callback_abc.abc
[OHOS INFO] [NINJA] [2219/4519] COPY obj/foundation/ability/ability_runtime/frameworks/ets/ets/ability_runtime_ability_state_data_abc.abc obj/foundation/ability/ability_runtime/frameworks/ets/ets/out/rk3568/obj/foundation/ability/ability_runtime/frameworks/ets/ets/ability_runtime_ability_state_data_abc.abc
[OHOS INFO] [NINJA] [2220/4519] COPY obj/foundation/ability/ability_runtime/frameworks/ets/ets/ability_runtime_ability_system_configuration_updated_callback_abc.abc obj/foundation/ability/ability_runtime/frameworks/ets/ets/out/rk3568/obj/foundation/ability/ability_runtime/frameworks/ets/ets/ability_runtime_ability_system_configuration_updated_callback_abc.abc
[OHOS INFO] [NINJA] [2221/4519] COPY obj/foundation/ability/ability_runtime/frameworks/ets/ets/ability_runtime_ability_utils_abc.abc obj/foundation/ability/ability_runtime/frameworks/ets/ets/out/rk3568/obj/foundation/ability/ability_runtime/frameworks/ets/ets/ability_runtime_ability_utils_abc.abc
[OHOS INFO] [NINJA] [2222/4519] COPY obj/foundation/ability/ability_runtime/frameworks/ets/ets/ability_runtime_action_extension_ability_abc.abc obj/foundation/ability/ability_runtime/frameworks/ets/ets/out/rk3568/obj/foundation/ability/ability_runtime/frameworks/ets/ets/ability_runtime_action_extension_ability_abc.abc
[OHOS INFO] [NINJA] [2223/4519] COPY obj/foundation/ability/ability_runtime/frameworks/ets/ets/ability_runtime_app_manager_abc.abc obj/foundation/ability/ability_runtime/frameworks/ets/ets/out/rk3568/obj/foundation/ability/ability_runtime/frameworks/ets/ets/ability_runtime_app_manager_abc.abc
[OHOS INFO] [NINJA] [2224/4519] COPY obj/foundation/ability/ability_runtime/frameworks/ets/ets/ability_runtime_app_memory_optimizer_abc.abc obj/foundation/ability/ability_runtime/frameworks/ets/ets/out/rk3568/obj/foundation/ability/ability_runtime/frameworks/ets/ets/ability_runtime_app_memory_optimizer_abc.abc
[OHOS INFO] [NINJA] [2225/4519] COPY obj/foundation/ability/ability_runtime/frameworks/ets/ets/ability_runtime_app_state_data_abc.abc obj/foundation/ability/ability_runtime/frameworks/ets/ets/out/rk3568/obj/foundation/ability/ability_runtime/frameworks/ets/ets/ability_runtime_app_state_data_abc.abc
[OHOS INFO] [NINJA] [2226/4519] COPY obj/foundation/ability/ability_runtime/frameworks/ets/ets/ability_runtime_application_context_abc.abc obj/foundation/ability/ability_runtime/frameworks/ets/ets/out/rk3568/obj/foundation/ability/ability_runtime/frameworks/ets/ets/ability_runtime_application_context_abc.abc
[OHOS INFO] [NINJA] [2227/4519] COPY obj/foundation/ability/ability_runtime/frameworks/ets/ets/ability_runtime_application_state_change_callback_abc.abc obj/foundation/ability/ability_runtime/frameworks/ets/ets/out/rk3568/obj/foundation/ability/ability_runtime/frameworks/ets/ets/ability_runtime_application_state_change_callback_abc.abc
[OHOS INFO] [NINJA] [2228/4519] COPY obj/foundation/ability/ability_runtime/frameworks/ets/ets/ability_runtime_auto_fill_extension_ability_abc.abc obj/foundation/ability/ability_runtime/frameworks/ets/ets/out/rk3568/obj/foundation/ability/ability_runtime/frameworks/ets/ets/ability_runtime_auto_fill_extension_ability_abc.abc
[OHOS INFO] [NINJA] [2229/4519] COPY obj/foundation/ability/ability_runtime/frameworks/ets/ets/ability_runtime_auto_fill_extension_context_abc.abc obj/foundation/ability/ability_runtime/frameworks/ets/ets/out/rk3568/obj/foundation/ability/ability_runtime/frameworks/ets/ets/ability_runtime_auto_fill_extension_context_abc.abc
[OHOS INFO] [NINJA] [2230/4519] COPY obj/foundation/ability/ability_runtime/frameworks/ets/ets/ability_runtime_auto_fill_manager_abc.abc obj/foundation/ability/ability_runtime/frameworks/ets/ets/out/rk3568/obj/foundation/ability/ability_runtime/frameworks/ets/ets/ability_runtime_auto_fill_manager_abc.abc
[OHOS INFO] [NINJA] [2231/4519] COPY obj/foundation/ability/ability_runtime/frameworks/ets/ets/ability_runtime_auto_fill_popup_config_abc.abc obj/foundation/ability/ability_runtime/frameworks/ets/ets/out/rk3568/obj/foundation/ability/ability_runtime/frameworks/ets/ets/ability_runtime_auto_fill_popup_config_abc.abc
[OHOS INFO] [NINJA] [2232/4519] COPY obj/foundation/ability/ability_runtime/frameworks/ets/ets/ability_runtime_auto_fill_rect_abc.abc obj/foundation/ability/ability_runtime/frameworks/ets/ets/out/rk3568/obj/foundation/ability/ability_runtime/frameworks/ets/ets/ability_runtime_auto_fill_rect_abc.abc
[OHOS INFO] [NINJA] [2233/4519] COPY obj/foundation/ability/ability_runtime/frameworks/ets/ets/ability_runtime_auto_fill_request_abc.abc obj/foundation/ability/ability_runtime/frameworks/ets/ets/out/rk3568/obj/foundation/ability/ability_runtime/frameworks/ets/ets/ability_runtime_auto_fill_request_abc.abc
[OHOS INFO] [NINJA] [2234/4519] COPY obj/foundation/ability/ability_runtime/frameworks/ets/ets/ability_runtime_auto_fill_trigger_type_abc.abc obj/foundation/ability/ability_runtime/frameworks/ets/ets/out/rk3568/obj/foundation/ability/ability_runtime/frameworks/ets/ets/ability_runtime_auto_fill_trigger_type_abc.abc
[OHOS INFO] [NINJA] [2235/4519] COPY obj/foundation/ability/ability_runtime/frameworks/ets/ets/ability_runtime_auto_fill_type_abc.abc obj/foundation/ability/ability_runtime/frameworks/ets/ets/out/rk3568/obj/foundation/ability/ability_runtime/frameworks/ets/ets/ability_runtime_auto_fill_type_abc.abc
[OHOS INFO] [NINJA] [2236/4519] COPY obj/foundation/ability/ability_runtime/frameworks/ets/ets/ability_runtime_auto_startup_callback_abc.abc obj/foundation/ability/ability_runtime/frameworks/ets/ets/out/rk3568/obj/foundation/ability/ability_runtime/frameworks/ets/ets/ability_runtime_auto_startup_callback_abc.abc
[OHOS INFO] [NINJA] [2237/4519] COPY obj/foundation/ability/ability_runtime/frameworks/ets/ets/ability_runtime_auto_startup_manager_abc.abc obj/foundation/ability/ability_runtime/frameworks/ets/ets/out/rk3568/obj/foundation/ability/ability_runtime/frameworks/ets/ets/ability_runtime_auto_startup_manager_abc.abc
[OHOS INFO] [NINJA] [2238/4519] COPY obj/foundation/ability/ability_runtime/frameworks/ets/ets/ability_runtime_auto_startup_info_abc.abc obj/foundation/ability/ability_runtime/frameworks/ets/ets/out/rk3568/obj/foundation/ability/ability_runtime/frameworks/ets/ets/ability_runtime_auto_startup_info_abc.abc
[OHOS INFO] [NINJA] [2239/4519] COPY obj/foundation/ability/ability_runtime/frameworks/ets/ets/ability_runtime_base_context_abc.abc obj/foundation/ability/ability_runtime/frameworks/ets/ets/out/rk3568/obj/foundation/ability/ability_runtime/frameworks/ets/ets/ability_runtime_base_context_abc.abc
[OHOS INFO] [NINJA] [2240/4519] COPY obj/foundation/ability/ability_runtime/frameworks/ets/ets/ability_runtime_caller_callee_abc.abc obj/foundation/ability/ability_runtime/frameworks/ets/ets/out/rk3568/obj/foundation/ability/ability_runtime/frameworks/ets/ets/ability_runtime_caller_callee_abc.abc
[OHOS INFO] [NINJA] [2241/4519] COPY obj/foundation/ability/ability_runtime/frameworks/ets/ets/ability_runtime_child_process_abc.abc obj/foundation/ability/ability_runtime/frameworks/ets/ets/out/rk3568/obj/foundation/ability/ability_runtime/frameworks/ets/ets/ability_runtime_child_process_abc.abc
[OHOS INFO] [NINJA] [2242/4519] COPY obj/foundation/ability/ability_runtime/frameworks/ets/ets/ability_runtime_child_process_args_abc.abc obj/foundation/ability/ability_runtime/frameworks/ets/ets/out/rk3568/obj/foundation/ability/ability_runtime/frameworks/ets/ets/ability_runtime_child_process_args_abc.abc
[OHOS INFO] [NINJA] [2243/4519] COPY obj/foundation/ability/ability_runtime/frameworks/ets/ets/ability_runtime_child_process_manager_abc.abc obj/foundation/ability/ability_runtime/frameworks/ets/ets/out/rk3568/obj/foundation/ability/ability_runtime/frameworks/ets/ets/ability_runtime_child_process_manager_abc.abc
[OHOS INFO] [NINJA] [2244/4519] COPY obj/foundation/ability/ability_runtime/frameworks/ets/ets/ability_runtime_child_process_options_abc.abc obj/foundation/ability/ability_runtime/frameworks/ets/ets/out/rk3568/obj/foundation/ability/ability_runtime/frameworks/ets/ets/ability_runtime_child_process_options_abc.abc
[OHOS INFO] [NINJA] [2245/4519] COPY obj/foundation/ability/ability_runtime/frameworks/ets/ets/ability_runtime_completionHandler_callback_abc.abc obj/foundation/ability/ability_runtime/frameworks/ets/ets/out/rk3568/obj/foundation/ability/ability_runtime/frameworks/ets/ets/ability_runtime_completionHandler_callback_abc.abc
[OHOS INFO] [NINJA] [2246/4519] COPY obj/foundation/ability/ability_runtime/frameworks/ets/ets/ability_runtime_completion_handler_abc.abc obj/foundation/ability/ability_runtime/frameworks/ets/ets/out/rk3568/obj/foundation/ability/ability_runtime/frameworks/ets/ets/ability_runtime_completion_handler_abc.abc
[OHOS INFO] [NINJA] [2247/4519] COPY obj/foundation/ability/ability_runtime/frameworks/ets/ets/ability_runtime_configuration_abc.abc obj/foundation/ability/ability_runtime/frameworks/ets/ets/out/rk3568/obj/foundation/ability/ability_runtime/frameworks/ets/ets/ability_runtime_configuration_abc.abc
[OHOS INFO] [NINJA] [2248/4519] COPY obj/foundation/ability/ability_runtime/frameworks/ets/ets/ability_runtime_configuration_constant_abc.abc obj/foundation/ability/ability_runtime/frameworks/ets/ets/out/rk3568/obj/foundation/ability/ability_runtime/frameworks/ets/ets/ability_runtime_configuration_constant_abc.abc
[OHOS INFO] [NINJA] [2249/4519] COPY obj/foundation/ability/ability_runtime/frameworks/ets/ets/ability_runtime_connect_options_abc.abc obj/foundation/ability/ability_runtime/frameworks/ets/ets/out/rk3568/obj/foundation/ability/ability_runtime/frameworks/ets/ets/ability_runtime_connect_options_abc.abc
[OHOS INFO] [NINJA] [2250/4519] COPY obj/foundation/ability/ability_runtime/frameworks/ets/ets/ability_runtime_context_abc.abc obj/foundation/ability/ability_runtime/frameworks/ets/ets/out/rk3568/obj/foundation/ability/ability_runtime/frameworks/ets/ets/ability_runtime_context_abc.abc
[OHOS INFO] [NINJA] [2251/4519] COPY obj/foundation/ability/ability_runtime/frameworks/ets/ets/ability_runtime_custom_data_abc.abc obj/foundation/ability/ability_runtime/frameworks/ets/ets/out/rk3568/obj/foundation/ability/ability_runtime/frameworks/ets/ets/ability_runtime_custom_data_abc.abc
[OHOS INFO] [NINJA] [2252/4519] COPY obj/foundation/ability/ability_runtime/frameworks/ets/ets/ability_runtime_data_ability_helper_abc.abc obj/foundation/ability/ability_runtime/frameworks/ets/ets/out/rk3568/obj/foundation/ability/ability_runtime/frameworks/ets/ets/ability_runtime_data_ability_helper_abc.abc
[OHOS INFO] [NINJA] [2253/4519] COPY obj/foundation/ability/ability_runtime/frameworks/ets/ets/ability_runtime_dialog_session_abc.abc obj/foundation/ability/ability_runtime/frameworks/ets/ets/out/rk3568/obj/foundation/ability/ability_runtime/frameworks/ets/ets/ability_runtime_dialog_session_abc.abc
[OHOS INFO] [NINJA] [2254/4519] COPY obj/foundation/ability/ability_runtime/frameworks/ets/ets/ability_runtime_data_uri_utils_abc.abc obj/foundation/ability/ability_runtime/frameworks/ets/ets/out/rk3568/obj/foundation/ability/ability_runtime/frameworks/ets/ets/ability_runtime_data_uri_utils_abc.abc
[OHOS INFO] [NINJA] [2255/4519] COPY obj/foundation/ability/ability_runtime/frameworks/ets/ets/ability_runtime_embedded_uiextension_ability_abc.abc obj/foundation/ability/ability_runtime/frameworks/ets/ets/out/rk3568/obj/foundation/ability/ability_runtime/frameworks/ets/ets/ability_runtime_embedded_uiextension_ability_abc.abc
[OHOS INFO] [NINJA] [2256/4519] COPY obj/foundation/ability/ability_runtime/frameworks/ets/ets/ability_runtime_environment_callback_abc.abc obj/foundation/ability/ability_runtime/frameworks/ets/ets/out/rk3568/obj/foundation/ability/ability_runtime/frameworks/ets/ets/ability_runtime_environment_callback_abc.abc
[OHOS INFO] [NINJA] [2257/4519] COPY obj/foundation/ability/ability_runtime/frameworks/ets/ets/ability_runtime_error_code_abc.abc obj/foundation/ability/ability_runtime/frameworks/ets/ets/out/rk3568/obj/foundation/ability/ability_runtime/frameworks/ets/ets/ability_runtime_error_code_abc.abc
[OHOS INFO] [NINJA] [2258/4519] COPY obj/foundation/ability/ability_runtime/frameworks/ets/ets/ability_runtime_event_hub_abc.abc obj/foundation/ability/ability_runtime/frameworks/ets/ets/out/rk3568/obj/foundation/ability/ability_runtime/frameworks/ets/ets/ability_runtime_event_hub_abc.abc
[OHOS INFO] [NINJA] [2259/4519] COPY obj/foundation/ability/ability_runtime/frameworks/ets/ets/ability_runtime_extension_ability_abc.abc obj/foundation/ability/ability_runtime/frameworks/ets/ets/out/rk3568/obj/foundation/ability/ability_runtime/frameworks/ets/ets/ability_runtime_extension_ability_abc.abc
[OHOS INFO] [NINJA] [2260/4519] COPY obj/foundation/ability/ability_runtime/frameworks/ets/ets/ability_runtime_extension_context_abc.abc obj/foundation/ability/ability_runtime/frameworks/ets/ets/out/rk3568/obj/foundation/ability/ability_runtime/frameworks/ets/ets/ability_runtime_extension_context_abc.abc
[OHOS INFO] [NINJA] [2261/4519] COPY obj/foundation/ability/ability_runtime/frameworks/ets/ets/ability_runtime_extension_running_info_abc.abc obj/foundation/ability/ability_runtime/frameworks/ets/ets/out/rk3568/obj/foundation/ability/ability_runtime/frameworks/ets/ets/ability_runtime_extension_running_info_abc.abc
[OHOS INFO] [NINJA] [2262/4519] COPY obj/foundation/ability/ability_runtime/frameworks/ets/ets/ability_runtime_hyper_snap_manager_abc.abc obj/foundation/ability/ability_runtime/frameworks/ets/ets/out/rk3568/obj/foundation/ability/ability_runtime/frameworks/ets/ets/ability_runtime_hyper_snap_manager_abc.abc
[OHOS INFO] [NINJA] [2263/4519] COPY obj/foundation/ability/ability_runtime/frameworks/ets/ets/ability_runtime_insight_intent_abc.abc obj/foundation/ability/ability_runtime/frameworks/ets/ets/out/rk3568/obj/foundation/ability/ability_runtime/frameworks/ets/ets/ability_runtime_insight_intent_abc.abc
[OHOS INFO] [NINJA] [2264/4519] COPY obj/foundation/ability/ability_runtime/frameworks/ets/ets/ability_runtime_insight_intent_context_abc.abc obj/foundation/ability/ability_runtime/frameworks/ets/ets/out/rk3568/obj/foundation/ability/ability_runtime/frameworks/ets/ets/ability_runtime_insight_intent_context_abc.abc
[OHOS INFO] [NINJA] [2265/4519] COPY obj/foundation/ability/ability_runtime/frameworks/ets/ets/ability_runtime_insight_intent_decorator_abc.abc obj/foundation/ability/ability_runtime/frameworks/ets/ets/out/rk3568/obj/foundation/ability/ability_runtime/frameworks/ets/ets/ability_runtime_insight_intent_decorator_abc.abc
[OHOS INFO] [NINJA] [2266/4519] COPY obj/foundation/ability/ability_runtime/frameworks/ets/ets/ability_runtime_insight_intent_driver_abc.abc obj/foundation/ability/ability_runtime/frameworks/ets/ets/out/rk3568/obj/foundation/ability/ability_runtime/frameworks/ets/ets/ability_runtime_insight_intent_driver_abc.abc
[OHOS INFO] [NINJA] [2267/4519] COPY obj/foundation/ability/ability_runtime/frameworks/ets/ets/ability_runtime_insight_intent_executor_abc.abc obj/foundation/ability/ability_runtime/frameworks/ets/ets/out/rk3568/obj/foundation/ability/ability_runtime/frameworks/ets/ets/ability_runtime_insight_intent_executor_abc.abc
[OHOS INFO] [NINJA] [2268/4519] COPY obj/foundation/ability/ability_runtime/frameworks/ets/ets/ability_runtime_interop_ability_lifecycle_callback_abc.abc obj/foundation/ability/ability_runtime/frameworks/ets/ets/out/rk3568/obj/foundation/ability/ability_runtime/frameworks/ets/ets/ability_runtime_interop_ability_lifecycle_callback_abc.abc
[OHOS INFO] [NINJA] [2269/4519] COPY obj/foundation/ability/ability_runtime/frameworks/ets/ets/ability_runtime_insight_intent_provider_abc.abc obj/foundation/ability/ability_runtime/frameworks/ets/ets/out/rk3568/obj/foundation/ability/ability_runtime/frameworks/ets/ets/ability_runtime_insight_intent_provider_abc.abc
[OHOS INFO] [NINJA] [2270/4519] COPY obj/foundation/ability/ability_runtime/frameworks/ets/ets/ability_runtime_kiosk_manager_abc.abc obj/foundation/ability/ability_runtime/frameworks/ets/ets/out/rk3568/obj/foundation/ability/ability_runtime/frameworks/ets/ets/ability_runtime_kiosk_manager_abc.abc
[OHOS INFO] [NINJA] [2271/4519] COPY obj/foundation/ability/ability_runtime/frameworks/ets/ets/ability_runtime_kiosk_status_abc.abc obj/foundation/ability/ability_runtime/frameworks/ets/ets/out/rk3568/obj/foundation/ability/ability_runtime/frameworks/ets/ets/ability_runtime_kiosk_status_abc.abc
[OHOS INFO] [NINJA] [2272/4519] COPY obj/foundation/ability/ability_runtime/frameworks/ets/ets/ability_runtime_mission_info_abc.abc obj/foundation/ability/ability_runtime/frameworks/ets/ets/out/rk3568/obj/foundation/ability/ability_runtime/frameworks/ets/ets/ability_runtime_mission_info_abc.abc
[OHOS INFO] [NINJA] [2273/4519] COPY obj/foundation/ability/ability_runtime/frameworks/ets/ets/ability_runtime_mission_listener_abc.abc obj/foundation/ability/ability_runtime/frameworks/ets/ets/out/rk3568/obj/foundation/ability/ability_runtime/frameworks/ets/ets/ability_runtime_mission_listener_abc.abc
[OHOS INFO] [NINJA] [2274/4519] COPY obj/foundation/ability/ability_runtime/frameworks/ets/ets/ability_runtime_mission_snapshot_abc.abc obj/foundation/ability/ability_runtime/frameworks/ets/ets/out/rk3568/obj/foundation/ability/ability_runtime/frameworks/ets/ets/ability_runtime_mission_snapshot_abc.abc
[OHOS INFO] [NINJA] [2275/4519] COPY obj/foundation/ability/ability_runtime/frameworks/ets/ets/ability_runtime_openLink_options_abc.abc obj/foundation/ability/ability_runtime/frameworks/ets/ets/out/rk3568/obj/foundation/ability/ability_runtime/frameworks/ets/ets/ability_runtime_openLink_options_abc.abc
[OHOS INFO] [NINJA] [2276/4519] COPY obj/foundation/ability/ability_runtime/frameworks/ets/ets/ability_runtime_multi_app_mode_abc.abc obj/foundation/ability/ability_runtime/frameworks/ets/ets/out/rk3568/obj/foundation/ability/ability_runtime/frameworks/ets/ets/ability_runtime_multi_app_mode_abc.abc
[OHOS INFO] [NINJA] [2277/4519] COPY obj/foundation/ability/ability_runtime/frameworks/ets/ets/ability_runtime_page_node_info_abc.abc obj/foundation/ability/ability_runtime/frameworks/ets/ets/out/rk3568/obj/foundation/ability/ability_runtime/frameworks/ets/ets/ability_runtime_page_node_info_abc.abc
[OHOS INFO] [NINJA] [2278/4519] COPY obj/foundation/ability/ability_runtime/frameworks/ets/ets/ability_runtime_process_data_abc.abc obj/foundation/ability/ability_runtime/frameworks/ets/ets/out/rk3568/obj/foundation/ability/ability_runtime/frameworks/ets/ets/ability_runtime_process_data_abc.abc
[OHOS INFO] [NINJA] [2279/4519] COPY obj/foundation/ability/ability_runtime/frameworks/ets/ets/ability_runtime_process_information_abc.abc obj/foundation/ability/ability_runtime/frameworks/ets/ets/out/rk3568/obj/foundation/ability/ability_runtime/frameworks/ets/ets/ability_runtime_process_information_abc.abc
[OHOS INFO] [NINJA] [2280/4519] COPY obj/foundation/ability/ability_runtime/frameworks/ets/ets/ability_runtime_running_app_clone_abc.abc obj/foundation/ability/ability_runtime/frameworks/ets/ets/out/rk3568/obj/foundation/ability/ability_runtime/frameworks/ets/ets/ability_runtime_running_app_clone_abc.abc
[OHOS INFO] [NINJA] [2281/4519] COPY obj/foundation/ability/ability_runtime/frameworks/ets/ets/ability_runtime_running_multi_appinfo_abc.abc obj/foundation/ability/ability_runtime/frameworks/ets/ets/out/rk3568/obj/foundation/ability/ability_runtime/frameworks/ets/ets/ability_runtime_running_multi_appinfo_abc.abc
[OHOS INFO] [NINJA] [2282/4519] COPY obj/foundation/ability/ability_runtime/frameworks/ets/ets/ability_runtime_running_multi_instance_info_abc.abc obj/foundation/ability/ability_runtime/frameworks/ets/ets/out/rk3568/obj/foundation/ability/ability_runtime/frameworks/ets/ets/ability_runtime_running_multi_instance_info_abc.abc
[OHOS INFO] [NINJA] [2283/4519] COPY obj/foundation/ability/ability_runtime/frameworks/ets/ets/ability_runtime_share_extension_ability_abc.abc obj/foundation/ability/ability_runtime/frameworks/ets/ets/out/rk3568/obj/foundation/ability/ability_runtime/frameworks/ets/ets/ability_runtime_share_extension_ability_abc.abc
[OHOS INFO] [NINJA] [2284/4519] COPY obj/foundation/ability/ability_runtime/frameworks/ets/ets/ability_runtime_shell_cmd_result_abc.abc obj/foundation/ability/ability_runtime/frameworks/ets/ets/out/rk3568/obj/foundation/ability/ability_runtime/frameworks/ets/ets/ability_runtime_shell_cmd_result_abc.abc
[OHOS INFO] [NINJA] [2285/4519] COPY obj/foundation/ability/ability_runtime/frameworks/ets/ets/ability_runtime_start_options_abc.abc obj/foundation/ability/ability_runtime/frameworks/ets/ets/out/rk3568/obj/foundation/ability/ability_runtime/frameworks/ets/ets/ability_runtime_start_options_abc.abc
[OHOS INFO] [NINJA] [2286/4519] COPY obj/foundation/ability/ability_runtime/frameworks/ets/ets/ability_runtime_startup_config_abc.abc obj/foundation/ability/ability_runtime/frameworks/ets/ets/out/rk3568/obj/foundation/ability/ability_runtime/frameworks/ets/ets/ability_runtime_startup_config_abc.abc
[OHOS INFO] [NINJA] [2287/4519] COPY obj/foundation/ability/ability_runtime/frameworks/ets/ets/ability_runtime_startup_config_entry_abc.abc obj/foundation/ability/ability_runtime/frameworks/ets/ets/out/rk3568/obj/foundation/ability/ability_runtime/frameworks/ets/ets/ability_runtime_startup_config_entry_abc.abc
[OHOS INFO] [NINJA] [2288/4519] COPY obj/foundation/ability/ability_runtime/frameworks/ets/ets/ability_runtime_startup_listener_abc.abc obj/foundation/ability/ability_runtime/frameworks/ets/ets/out/rk3568/obj/foundation/ability/ability_runtime/frameworks/ets/ets/ability_runtime_startup_listener_abc.abc
[OHOS INFO] [NINJA] [2289/4519] COPY obj/foundation/ability/ability_runtime/frameworks/ets/ets/ability_runtime_startup_manager_abc.abc obj/foundation/ability/ability_runtime/frameworks/ets/ets/out/rk3568/obj/foundation/ability/ability_runtime/frameworks/ets/ets/ability_runtime_startup_manager_abc.abc
[OHOS INFO] [NINJA] [2290/4519] COPY obj/foundation/ability/ability_runtime/frameworks/ets/ets/ability_runtime_startup_task_abc.abc obj/foundation/ability/ability_runtime/frameworks/ets/ets/out/rk3568/obj/foundation/ability/ability_runtime/frameworks/ets/ets/ability_runtime_startup_task_abc.abc
[OHOS INFO] [NINJA] [2291/4519] COPY obj/foundation/ability/ability_runtime/frameworks/ets/ets/ability_runtime_startup_task_executor_abc.abc obj/foundation/ability/ability_runtime/frameworks/ets/ets/out/rk3568/obj/foundation/ability/ability_runtime/frameworks/ets/ets/ability_runtime_startup_task_executor_abc.abc
[OHOS INFO] [NINJA] [2292/4519] COPY obj/foundation/ability/ability_runtime/frameworks/ets/ets/ability_runtime_trigger_info_abc.abc obj/foundation/ability/ability_runtime/frameworks/ets/ets/out/rk3568/obj/foundation/ability/ability_runtime/frameworks/ets/ets/ability_runtime_trigger_info_abc.abc
[OHOS INFO] [NINJA] [2293/4519] COPY obj/foundation/ability/ability_runtime/frameworks/ets/ets/ability_runtime_ui_ability_abc.abc obj/foundation/ability/ability_runtime/frameworks/ets/ets/out/rk3568/obj/foundation/ability/ability_runtime/frameworks/ets/ets/ability_runtime_ui_ability_abc.abc
[OHOS INFO] [NINJA] [2294/4519] COPY obj/foundation/ability/ability_runtime/frameworks/ets/ets/ability_runtime_ui_ability_context_abc.abc obj/foundation/ability/ability_runtime/frameworks/ets/ets/out/rk3568/obj/foundation/ability/ability_runtime/frameworks/ets/ets/ability_runtime_ui_ability_context_abc.abc
[OHOS INFO] [NINJA] [2295/4519] COPY obj/foundation/ability/ability_runtime/frameworks/ets/ets/ability_runtime_ui_service_extension_ability_abc.abc obj/foundation/ability/ability_runtime/frameworks/ets/ets/out/rk3568/obj/foundation/ability/ability_runtime/frameworks/ets/ets/ability_runtime_ui_service_extension_ability_abc.abc
[OHOS INFO] [NINJA] [2296/4519] COPY obj/foundation/ability/ability_runtime/frameworks/ets/ets/ability_runtime_vertical_panel_manager_abc.abc obj/foundation/ability/ability_runtime/frameworks/ets/ets/out/rk3568/obj/foundation/ability/ability_runtime/frameworks/ets/ets/ability_runtime_vertical_panel_manager_abc.abc
[OHOS INFO] [NINJA] [2297/4519] COPY obj/foundation/ability/ability_runtime/frameworks/ets/ets/ability_runtime_view_data_abc.abc obj/foundation/ability/ability_runtime/frameworks/ets/ets/out/rk3568/obj/foundation/ability/ability_runtime/frameworks/ets/ets/ability_runtime_view_data_abc.abc
[OHOS INFO] [NINJA] [2298/4519] COPY obj/foundation/ability/ability_runtime/frameworks/ets/ets/ability_runtime_want_abc.abc obj/foundation/ability/ability_runtime/frameworks/ets/ets/out/rk3568/obj/foundation/ability/ability_runtime/frameworks/ets/ets/ability_runtime_want_abc.abc
[OHOS INFO] [NINJA] [2299/4519] COPY obj/foundation/ability/ability_runtime/frameworks/ets/ets/ability_runtime_want_agent_abc.abc obj/foundation/ability/ability_runtime/frameworks/ets/ets/out/rk3568/obj/foundation/ability/ability_runtime/frameworks/ets/ets/ability_runtime_want_agent_abc.abc
[OHOS INFO] [NINJA] [2300/4519] COPY obj/foundation/ability/ability_runtime/frameworks/ets/ets/ability_runtime_want_agent_info_abc.abc obj/foundation/ability/ability_runtime/frameworks/ets/ets/out/rk3568/obj/foundation/ability/ability_runtime/frameworks/ets/ets/ability_runtime_want_agent_info_abc.abc
[OHOS INFO] [NINJA] [2301/4519] COPY obj/foundation/ability/ability_runtime/frameworks/ets/ets/ability_runtime_want_constant_abc.abc obj/foundation/ability/ability_runtime/frameworks/ets/ets/out/rk3568/obj/foundation/ability/ability_runtime/frameworks/ets/ets/ability_runtime_want_constant_abc.abc
[OHOS INFO] [NINJA] [2302/4519] COPY obj/foundation/ability/ability_runtime/frameworks/ets/ets/appRecovery_abc.abc obj/foundation/ability/ability_runtime/frameworks/ets/ets/out/rk3568/obj/foundation/ability/ability_runtime/frameworks/ets/ets/appRecovery_abc.abc
[OHOS INFO] [NINJA] [2303/4519] COPY obj/foundation/ability/ability_runtime/frameworks/ets/ets/app_foreground_state_observer_abc.abc obj/foundation/ability/ability_runtime/frameworks/ets/ets/out/rk3568/obj/foundation/ability/ability_runtime/frameworks/ets/ets/app_foreground_state_observer_abc.abc
[OHOS INFO] [NINJA] [2304/4519] COPY obj/foundation/ability/ability_runtime/frameworks/ets/ets/app_processInfo_abc.abc obj/foundation/ability/ability_runtime/frameworks/ets/ets/out/rk3568/obj/foundation/ability/ability_runtime/frameworks/ets/ets/app_processInfo_abc.abc
[OHOS INFO] [NINJA] [2305/4519] COPY obj/foundation/ability/ability_runtime/frameworks/ets/ets/app_service_extension_ability.abc obj/foundation/ability/ability_runtime/frameworks/ets/ets/out/rk3568/obj/foundation/ability/ability_runtime/frameworks/ets/ets/app_service_extension_ability.abc
[OHOS INFO] [NINJA] [2306/4519] COPY obj/foundation/ability/ability_runtime/frameworks/ets/ets/application_state_observer_abc.abc obj/foundation/ability/ability_runtime/frameworks/ets/ets/out/rk3568/obj/foundation/ability/ability_runtime/frameworks/ets/ets/application_state_observer_abc.abc
[OHOS INFO] [NINJA] [2307/4519] COPY obj/foundation/ability/ability_runtime/frameworks/ets/ets/atomic_service_options_abc.abc obj/foundation/ability/ability_runtime/frameworks/ets/ets/out/rk3568/obj/foundation/ability/ability_runtime/frameworks/ets/ets/atomic_service_options_abc.abc
[OHOS INFO] [NINJA] [2308/4519] COPY obj/foundation/ability/ability_runtime/frameworks/ets/ets/business_ability_info_abc.abc obj/foundation/ability/ability_runtime/frameworks/ets/ets/out/rk3568/obj/foundation/ability/ability_runtime/frameworks/ets/ets/business_ability_info_abc.abc
[OHOS INFO] [NINJA] [2309/4519] COPY obj/foundation/ability/ability_runtime/frameworks/ets/ets/business_ability_router_abc.abc obj/foundation/ability/ability_runtime/frameworks/ets/ets/out/rk3568/obj/foundation/ability/ability_runtime/frameworks/ets/ets/business_ability_router_abc.abc
[OHOS INFO] [NINJA] [2310/4519] COPY obj/foundation/ability/ability_runtime/frameworks/ets/ets/completion_handler_for_atomic_service_abc.abc obj/foundation/ability/ability_runtime/frameworks/ets/ets/out/rk3568/obj/foundation/ability/ability_runtime/frameworks/ets/ets/completion_handler_for_atomic_service_abc.abc
[OHOS INFO] [NINJA] [2311/4519] COPY obj/foundation/ability/ability_runtime/frameworks/ets/ets/errorManager_abc.abc obj/foundation/ability/ability_runtime/frameworks/ets/ets/out/rk3568/obj/foundation/ability/ability_runtime/frameworks/ets/ets/errorManager_abc.abc
[OHOS INFO] [NINJA] [2312/4519] COPY obj/foundation/ability/ability_runtime/frameworks/ets/ets/form_extension_ability_ani.abc obj/foundation/ability/ability_runtime/frameworks/ets/ets/out/rk3568/obj/foundation/ability/ability_runtime/frameworks/ets/ets/form_extension_ability_ani.abc
[OHOS INFO] [NINJA] [2313/4519] COPY obj/foundation/ability/ability_runtime/frameworks/ets/ets/photo_editor_extension_ability_ani.abc obj/foundation/ability/ability_runtime/frameworks/ets/ets/out/rk3568/obj/foundation/ability/ability_runtime/frameworks/ets/ets/photo_editor_extension_ability_ani.abc
[OHOS INFO] [NINJA] [2314/4519] COPY obj/foundation/ability/ability_runtime/frameworks/ets/ets/quick_fix_manager.abc obj/foundation/ability/ability_runtime/frameworks/ets/ets/out/rk3568/obj/foundation/ability/ability_runtime/frameworks/ets/ets/quick_fix_manager.abc
[OHOS INFO] [NINJA] [2315/4519] COPY obj/foundation/ability/ability_runtime/frameworks/ets/ets/ui_extension_ability_ani.abc obj/foundation/ability/ability_runtime/frameworks/ets/ets/out/rk3568/obj/foundation/ability/ability_runtime/frameworks/ets/ets/ui_extension_ability_ani.abc
[OHOS INFO] [NINJA] [2316/4519] COPY obj/foundation/ability/ability_runtime/frameworks/ets/ets/service_extension_ability.abc obj/foundation/ability/ability_runtime/frameworks/ets/ets/out/rk3568/obj/foundation/ability/ability_runtime/frameworks/ets/ets/service_extension_ability.abc
[OHOS INFO] [NINJA] [2317/4519] COPY obj/foundation/ability/ability_runtime/frameworks/ets/ets/ui_service_extension_connect_callback_abc.abc obj/foundation/ability/ability_runtime/frameworks/ets/ets/out/rk3568/obj/foundation/ability/ability_runtime/frameworks/ets/ets/ui_service_extension_connect_callback_abc.abc
[OHOS INFO] [NINJA] [2318/4519] COPY obj/foundation/ability/ability_runtime/frameworks/ets/ets/ui_service_extension_context_abc.abc obj/foundation/ability/ability_runtime/frameworks/ets/ets/out/rk3568/obj/foundation/ability/ability_runtime/frameworks/ets/ets/ui_service_extension_context_abc.abc
[OHOS INFO] [NINJA] [2319/4519] COPY obj/foundation/ability/ability_runtime/frameworks/ets/ets/ui_service_host_proxy_abc.abc obj/foundation/ability/ability_runtime/frameworks/ets/ets/out/rk3568/obj/foundation/ability/ability_runtime/frameworks/ets/ets/ui_service_host_proxy_abc.abc
[OHOS INFO] [NINJA] [2320/4519] COPY obj/foundation/ability/ability_runtime/frameworks/ets/ets/ui_service_proxy_abc.abc obj/foundation/ability/ability_runtime/frameworks/ets/ets/out/rk3568/obj/foundation/ability/ability_runtime/frameworks/ets/ets/ui_service_proxy_abc.abc
[OHOS INFO] [NINJA] [2321/4519] COPY obj/foundation/ability/ability_runtime/frameworks/ets/ets/uri_permission_manager.abc obj/foundation/ability/ability_runtime/frameworks/ets/ets/out/rk3568/obj/foundation/ability/ability_runtime/frameworks/ets/ets/uri_permission_manager.abc
[OHOS INFO] [NINJA] [2322/4519] STAMP obj/foundation/ability/ability_runtime/frameworks/ets/taihe/distributedmissionmanager/distributedmissionmanager_etc.stamp
[OHOS INFO] [NINJA] [2323/4519] COPY obj/foundation/ability/dmsfwk/frameworks/native/distributed_extension/ets/distributed_extension_ability_ani.abc obj/foundation/ability/dmsfwk/frameworks/native/distributed_extension/ets/out/rk3568/obj/foundation/ability/dmsfwk/frameworks/native/distributed_extension/ets/distributed_extension_ability_ani.abc
[OHOS INFO] [NINJA] [2324/4519] COPY obj/foundation/ability/dmsfwk/interfaces/taihe/dmsfwk_taihe_ani.abc obj/foundation/ability/dmsfwk/interfaces/taihe/out/rk3568/obj/foundation/ability/dmsfwk/interfaces/taihe/dmsfwk_taihe_ani.abc
[OHOS INFO] [NINJA] [2325/4519] COPY obj/foundation/ability/form_fwk/frameworks/ets/ani/form_agent/formagent.abc obj/foundation/ability/form_fwk/frameworks/ets/ani/form_agent/out/rk3568/obj/foundation/ability/form_fwk/frameworks/ets/ani/form_agent/formagent.abc
[OHOS INFO] [NINJA] [2326/4519] COPY obj/foundation/ability/form_fwk/frameworks/ets/ani/form_binding_data/form_binding_data.abc obj/foundation/ability/form_fwk/frameworks/ets/ani/form_binding_data/out/rk3568/obj/foundation/ability/form_fwk/frameworks/ets/ani/form_binding_data/form_binding_data.abc
[OHOS INFO] [NINJA] [2327/4519] COPY obj/foundation/ability/form_fwk/frameworks/ets/ani/form_edit_extension_ability/form_edit_extension_ability.abc obj/foundation/ability/form_fwk/frameworks/ets/ani/form_edit_extension_ability/out/rk3568/obj/foundation/ability/form_fwk/frameworks/ets/ani/form_edit_extension_ability/form_edit_extension_ability.abc
[OHOS INFO] [NINJA] [2328/4519] COPY obj/foundation/ability/form_fwk/frameworks/ets/ani/form_edit_extension_ability/form_edit_extension_context.abc obj/foundation/ability/form_fwk/frameworks/ets/ani/form_edit_extension_ability/out/rk3568/obj/foundation/ability/form_fwk/frameworks/ets/ani/form_edit_extension_ability/form_edit_extension_context.abc
[OHOS INFO] [NINJA] [2329/4519] COPY obj/foundation/ability/form_fwk/frameworks/ets/ani/form_error/formError.abc obj/foundation/ability/form_fwk/frameworks/ets/ani/form_error/out/rk3568/obj/foundation/ability/form_fwk/frameworks/ets/ani/form_error/formError.abc
[OHOS INFO] [NINJA] [2330/4519] COPY obj/foundation/ability/form_fwk/frameworks/ets/ani/form_host/formHost.abc obj/foundation/ability/form_fwk/frameworks/ets/ani/form_host/out/rk3568/obj/foundation/ability/form_fwk/frameworks/ets/ani/form_host/formHost.abc
[OHOS INFO] [NINJA] [2331/4519] COPY obj/foundation/ability/form_fwk/frameworks/ets/ani/form_info/formInfo.abc obj/foundation/ability/form_fwk/frameworks/ets/ani/form_info/out/rk3568/obj/foundation/ability/form_fwk/frameworks/ets/ani/form_info/formInfo.abc
[OHOS INFO] [NINJA] [2332/4519] COPY obj/foundation/ability/form_fwk/frameworks/ets/ani/form_observer/form_observer_abc.abc obj/foundation/ability/form_fwk/frameworks/ets/ani/form_observer/out/rk3568/obj/foundation/ability/form_fwk/frameworks/ets/ani/form_observer/form_observer_abc.abc
[OHOS INFO] [NINJA] [2333/4519] COPY obj/foundation/ability/form_fwk/frameworks/ets/ani/form_provider/formProvider.abc obj/foundation/ability/form_fwk/frameworks/ets/ani/form_provider/out/rk3568/obj/foundation/ability/form_fwk/frameworks/ets/ani/form_provider/formProvider.abc
[OHOS INFO] [NINJA] [2334/4519] COPY obj/foundation/ability/form_fwk/frameworks/ets/ani/live_form_extension_ability/live_form_extension_ability.abc obj/foundation/ability/form_fwk/frameworks/ets/ani/live_form_extension_ability/out/rk3568/obj/foundation/ability/form_fwk/frameworks/ets/ani/live_form_extension_ability/live_form_extension_ability.abc
[OHOS INFO] [NINJA] [2335/4519] COPY obj/foundation/ability/form_fwk/frameworks/ets/ani/live_form_extension_ability/live_form_extension_context.abc obj/foundation/ability/form_fwk/frameworks/ets/ani/live_form_extension_ability/out/rk3568/obj/foundation/ability/form_fwk/frameworks/ets/ani/live_form_extension_ability/live_form_extension_context.abc
[OHOS INFO] [NINJA] [2336/4519] STAMP obj/foundation/arkui/ace_engine/advanced_ui_component_static/downloadfilebutton/downloadFileButton.stamp
[OHOS INFO] [NINJA] [2337/4519] STAMP obj/foundation/arkui/ace_engine/advanced_ui_component_static/fullscreenlaunchcomponent/fullScreenLaunch.stamp
[OHOS INFO] [NINJA] [2338/4519] COPY obj/foundation/ai/intelligent_voice_framework/frameworks/taihe/intelligent_voice_framework_taihe_abc.abc obj/foundation/ai/intelligent_voice_framework/frameworks/taihe/out/rk3568/obj/foundation/ai/intelligent_voice_framework/frameworks/taihe/intelligent_voice_framework_taihe_abc.abc
[OHOS INFO] [NINJA] [2339/4519] COPY obj/foundation/arkui/ace_engine/interfaces/ets/ani/animator/animator_ani.abc obj/foundation/arkui/ace_engine/interfaces/ets/ani/animator/out/rk3568/obj/foundation/arkui/ace_engine/interfaces/ets/ani/animator/animator_ani.abc
[OHOS INFO] [NINJA] [2340/4519] COPY obj/foundation/arkui/ace_engine/interfaces/ets/ani/componentSnapshot/componentSnapshot.abc obj/foundation/arkui/ace_engine/interfaces/ets/ani/componentSnapshot/out/rk3568/obj/foundation/arkui/ace_engine/interfaces/ets/ani/componentSnapshot/componentSnapshot.abc
[OHOS INFO] [NINJA] [2341/4519] COPY obj/foundation/arkui/ace_engine/interfaces/ets/ani/componentUtils/componentUtils.abc obj/foundation/arkui/ace_engine/interfaces/ets/ani/componentUtils/out/rk3568/obj/foundation/arkui/ace_engine/interfaces/ets/ani/componentUtils/componentUtils.abc
[OHOS INFO] [NINJA] [2342/4519] COPY obj/foundation/arkui/ace_engine/interfaces/ets/ani/curves/curves.abc obj/foundation/arkui/ace_engine/interfaces/ets/ani/curves/out/rk3568/obj/foundation/arkui/ace_engine/interfaces/ets/ani/curves/curves.abc
[OHOS INFO] [NINJA] [2343/4519] COPY obj/foundation/arkui/ace_engine/interfaces/ets/ani/displaySync/display_sync_ani.abc obj/foundation/arkui/ace_engine/interfaces/ets/ani/displaySync/out/rk3568/obj/foundation/arkui/ace_engine/interfaces/ets/ani/displaySync/display_sync_ani.abc
[OHOS INFO] [NINJA] [2344/4519] COPY obj/foundation/arkui/ace_engine/interfaces/ets/ani/focuscontroller/focusController.abc obj/foundation/arkui/ace_engine/interfaces/ets/ani/focuscontroller/out/rk3568/obj/foundation/arkui/ace_engine/interfaces/ets/ani/focuscontroller/focusController.abc
[OHOS INFO] [NINJA] [2345/4519] STAMP obj/foundation/arkui/ace_engine/interfaces/ets/ani/inspector/inspector_etc.stamp
[OHOS INFO] [NINJA] [2346/4519] COPY obj/foundation/arkui/ace_engine/interfaces/ets/ani/imagecache/imagecache.abc obj/foundation/arkui/ace_engine/interfaces/ets/ani/imagecache/out/rk3568/obj/foundation/arkui/ace_engine/interfaces/ets/ani/imagecache/imagecache.abc
[OHOS INFO] [NINJA] [2347/4519] COPY obj/foundation/arkui/ace_engine/interfaces/ets/ani/matrix4/matrix4.abc obj/foundation/arkui/ace_engine/interfaces/ets/ani/matrix4/out/rk3568/obj/foundation/arkui/ace_engine/interfaces/ets/ani/matrix4/matrix4.abc
[OHOS INFO] [NINJA] [2348/4519] COPY obj/foundation/arkui/ace_engine/interfaces/ets/ani/mediaquery/mediaquery.abc obj/foundation/arkui/ace_engine/interfaces/ets/ani/mediaquery/out/rk3568/obj/foundation/arkui/ace_engine/interfaces/ets/ani/mediaquery/mediaquery.abc
[OHOS INFO] [NINJA] [2349/4519] COPY obj/foundation/arkui/ace_engine/interfaces/ets/ani/observer/observer.abc obj/foundation/arkui/ace_engine/interfaces/ets/ani/observer/out/rk3568/obj/foundation/arkui/ace_engine/interfaces/ets/ani/observer/observer.abc
[OHOS INFO] [NINJA] [2350/4519] COPY obj/foundation/arkui/ace_engine/interfaces/ets/ani/ohosprompt/prompt.abc obj/foundation/arkui/ace_engine/interfaces/ets/ani/ohosprompt/out/rk3568/obj/foundation/arkui/ace_engine/interfaces/ets/ani/ohosprompt/prompt.abc
[OHOS INFO] [NINJA] [2351/4519] COPY obj/foundation/arkui/ace_engine/interfaces/ets/ani/overlayManager/overlayManager.abc obj/foundation/arkui/ace_engine/interfaces/ets/ani/overlayManager/out/rk3568/obj/foundation/arkui/ace_engine/interfaces/ets/ani/overlayManager/overlayManager.abc
[OHOS INFO] [NINJA] [2352/4519] COPY obj/foundation/arkui/ace_engine/interfaces/ets/ani/performanceMonitor/performanceMonitor.abc obj/foundation/arkui/ace_engine/interfaces/ets/ani/performanceMonitor/out/rk3568/obj/foundation/arkui/ace_engine/interfaces/ets/ani/performanceMonitor/performanceMonitor.abc
[OHOS INFO] [NINJA] [2353/4519] STAMP obj/foundation/arkui/ace_engine/interfaces/ets/ani/pluginComponent/pluginComponent_etc.stamp
[OHOS INFO] [NINJA] [2354/4519] COPY obj/foundation/arkui/ace_engine/interfaces/ets/ani/promptaction/promptAction.abc obj/foundation/arkui/ace_engine/interfaces/ets/ani/promptaction/out/rk3568/obj/foundation/arkui/ace_engine/interfaces/ets/ani/promptaction/promptAction.abc
[OHOS INFO] [NINJA] [2355/4519] COPY obj/foundation/arkui/ace_engine/interfaces/ets/ani/smartgesturecontroller/smartGestureController.abc obj/foundation/arkui/ace_engine/interfaces/ets/ani/smartgesturecontroller/out/rk3568/obj/foundation/arkui/ace_engine/interfaces/ets/ani/smartgesturecontroller/smartGestureController.abc
[OHOS INFO] [NINJA] [2356/4519] COPY obj/foundation/arkui/ace_engine/interfaces/ets/ani/shape/shape_ani.abc obj/foundation/arkui/ace_engine/interfaces/ets/ani/shape/out/rk3568/obj/foundation/arkui/ace_engine/interfaces/ets/ani/shape/shape_ani.abc
[OHOS INFO] [NINJA] [2357/4519] COPY obj/foundation/arkui/ace_engine/interfaces/ets/ani/systemprompt/systemprompt.abc obj/foundation/arkui/ace_engine/interfaces/ets/ani/systemprompt/out/rk3568/obj/foundation/arkui/ace_engine/interfaces/ets/ani/systemprompt/systemprompt.abc
[OHOS INFO] [NINJA] [2358/4519] COPY obj/foundation/arkui/ace_engine/interfaces/ets/ani/test/arkui_test.abc obj/foundation/arkui/ace_engine/interfaces/ets/ani/test/out/rk3568/obj/foundation/arkui/ace_engine/interfaces/ets/ani/test/arkui_test.abc
[OHOS INFO] [NINJA] [2359/4519] COPY obj/foundation/arkui/ui_appearance/interfaces/ets/ani/ui_appearance_abc.abc obj/foundation/arkui/ui_appearance/interfaces/ets/ani/out/rk3568/obj/foundation/arkui/ui_appearance/interfaces/ets/ani/ui_appearance_abc.abc
[OHOS INFO] [NINJA] [2360/4519] COPY obj/foundation/barrierfree/accessibility/interfaces/kits/ani/accessibility.abc obj/foundation/barrierfree/accessibility/interfaces/kits/ani/out/rk3568/obj/foundation/barrierfree/accessibility/interfaces/kits/ani/accessibility.abc
[OHOS INFO] [NINJA] [2361/4519] COPY obj/foundation/barrierfree/accessibility/interfaces/kits/ani/accessibility_config/accessibility_config.abc obj/foundation/barrierfree/accessibility/interfaces/kits/ani/accessibility_config/out/rk3568/obj/foundation/barrierfree/accessibility/interfaces/kits/ani/accessibility_config/accessibility_config.abc
[OHOS INFO] [NINJA] [2362/4519] COPY obj/foundation/barrierfree/accessibility/interfaces/kits/ani/accessibility_extension/accessibility_extension_ability.abc obj/foundation/barrierfree/accessibility/interfaces/kits/ani/accessibility_extension/out/rk3568/obj/foundation/barrierfree/accessibility/interfaces/kits/ani/accessibility_extension/accessibility_extension_ability.abc
[OHOS INFO] [NINJA] [2363/4519] COPY obj/foundation/barrierfree/accessibility/interfaces/kits/ani/accessibility_extension/accessibility_extension_context.abc obj/foundation/barrierfree/accessibility/interfaces/kits/ani/accessibility_extension/out/rk3568/obj/foundation/barrierfree/accessibility/interfaces/kits/ani/accessibility_extension/accessibility_extension_context.abc
[OHOS INFO] [NINJA] [2364/4519] STAMP obj/foundation/bundlemanager/app_domain_verify/interfaces/kits/js/ani/app_domain_verify_etc.stamp
[OHOS INFO] [NINJA] [2365/4519] COPY obj/foundation/bundlemanager/bundle_framework/interfaces/kits/ani/app_control/app_control.abc obj/foundation/bundlemanager/bundle_framework/interfaces/kits/ani/app_control/out/rk3568/obj/foundation/bundlemanager/bundle_framework/interfaces/kits/ani/app_control/app_control.abc
[OHOS INFO] [NINJA] [2366/4519] COPY obj/foundation/bundlemanager/bundle_framework/interfaces/kits/ani/bundle_installer/bundle_installer.abc obj/foundation/bundlemanager/bundle_framework/interfaces/kits/ani/bundle_installer/out/rk3568/obj/foundation/bundlemanager/bundle_framework/interfaces/kits/ani/bundle_installer/bundle_installer.abc
[OHOS INFO] [NINJA] [2367/4519] COPY obj/foundation/bundlemanager/bundle_framework/interfaces/kits/ani/bundle_manager/ability_info.abc obj/foundation/bundlemanager/bundle_framework/interfaces/kits/ani/bundle_manager/out/rk3568/obj/foundation/bundlemanager/bundle_framework/interfaces/kits/ani/bundle_manager/ability_info.abc
[OHOS INFO] [NINJA] [2368/4519] COPY obj/foundation/bundlemanager/bundle_framework/interfaces/kits/ani/bundle_manager/app_provision_info.abc obj/foundation/bundlemanager/bundle_framework/interfaces/kits/ani/bundle_manager/out/rk3568/obj/foundation/bundlemanager/bundle_framework/interfaces/kits/ani/bundle_manager/app_provision_info.abc
[OHOS INFO] [NINJA] [2369/4519] COPY obj/foundation/bundlemanager/bundle_framework/interfaces/kits/ani/bundle_manager/application_info.abc obj/foundation/bundlemanager/bundle_framework/interfaces/kits/ani/bundle_manager/out/rk3568/obj/foundation/bundlemanager/bundle_framework/interfaces/kits/ani/bundle_manager/application_info.abc
[OHOS INFO] [NINJA] [2370/4519] COPY obj/foundation/bundlemanager/bundle_framework/interfaces/kits/ani/bundle_manager/bundle_manager.abc obj/foundation/bundlemanager/bundle_framework/interfaces/kits/ani/bundle_manager/out/rk3568/obj/foundation/bundlemanager/bundle_framework/interfaces/kits/ani/bundle_manager/bundle_manager.abc
[OHOS INFO] [NINJA] [2371/4519] COPY obj/foundation/bundlemanager/bundle_framework/interfaces/kits/ani/bundle_manager/bundle_info.abc obj/foundation/bundlemanager/bundle_framework/interfaces/kits/ani/bundle_manager/out/rk3568/obj/foundation/bundlemanager/bundle_framework/interfaces/kits/ani/bundle_manager/bundle_info.abc
[OHOS INFO] [NINJA] [2372/4519] COPY obj/foundation/bundlemanager/bundle_framework/interfaces/kits/ani/bundle_manager/extension_ability_info.abc obj/foundation/bundlemanager/bundle_framework/interfaces/kits/ani/bundle_manager/out/rk3568/obj/foundation/bundlemanager/bundle_framework/interfaces/kits/ani/bundle_manager/extension_ability_info.abc
[OHOS INFO] [NINJA] [2373/4519] COPY obj/foundation/bundlemanager/bundle_framework/interfaces/kits/ani/bundle_manager/hap_module_info.abc obj/foundation/bundlemanager/bundle_framework/interfaces/kits/ani/bundle_manager/out/rk3568/obj/foundation/bundlemanager/bundle_framework/interfaces/kits/ani/bundle_manager/hap_module_info.abc
[OHOS INFO] [NINJA] [2374/4519] COPY obj/foundation/bundlemanager/bundle_framework/interfaces/kits/ani/bundle_manager/metadata.abc obj/foundation/bundlemanager/bundle_framework/interfaces/kits/ani/bundle_manager/out/rk3568/obj/foundation/bundlemanager/bundle_framework/interfaces/kits/ani/bundle_manager/metadata.abc
[OHOS INFO] [NINJA] [2375/4519] COPY obj/foundation/bundlemanager/bundle_framework/interfaces/kits/ani/bundle_manager/permission_def.abc obj/foundation/bundlemanager/bundle_framework/interfaces/kits/ani/bundle_manager/out/rk3568/obj/foundation/bundlemanager/bundle_framework/interfaces/kits/ani/bundle_manager/permission_def.abc
[OHOS INFO] [NINJA] [2376/4519] ACTION //applications/standard/settings/ani/settings:settings(//build/toolchain/ohos:ohos_clang_arm)
[OHOS INFO] [NINJA] [2377/4519] COPY obj/foundation/bundlemanager/bundle_framework/interfaces/kits/ani/bundle_manager/plugin_bundle_info.abc obj/foundation/bundlemanager/bundle_framework/interfaces/kits/ani/bundle_manager/out/rk3568/obj/foundation/bundlemanager/bundle_framework/interfaces/kits/ani/bundle_manager/plugin_bundle_info.abc
[OHOS INFO] [NINJA] [2378/4519] COPY obj/foundation/bundlemanager/bundle_framework/interfaces/kits/ani/bundle_manager/recoverable_application_info.abc obj/foundation/bundlemanager/bundle_framework/interfaces/kits/ani/bundle_manager/out/rk3568/obj/foundation/bundlemanager/bundle_framework/interfaces/kits/ani/bundle_manager/recoverable_application_info.abc
[OHOS INFO] [NINJA] [2379/4519] COPY obj/foundation/bundlemanager/bundle_framework/interfaces/kits/ani/bundle_manager/share_bundle_info.abc obj/foundation/bundlemanager/bundle_framework/interfaces/kits/ani/bundle_manager/out/rk3568/obj/foundation/bundlemanager/bundle_framework/interfaces/kits/ani/bundle_manager/share_bundle_info.abc
[OHOS INFO] [NINJA] [2380/4519] STAMP obj/applications/standard/settings/ani/settings/settings.stamp
[OHOS INFO] [NINJA] [2381/4519] COPY obj/foundation/bundlemanager/bundle_framework/interfaces/kits/ani/bundle_manager/skill.abc obj/foundation/bundlemanager/bundle_framework/interfaces/kits/ani/bundle_manager/out/rk3568/obj/foundation/bundlemanager/bundle_framework/interfaces/kits/ani/bundle_manager/skill.abc
[OHOS INFO] [NINJA] [2382/4519] COPY obj/foundation/bundlemanager/bundle_framework/interfaces/kits/ani/bundle_monitor/bundle_monitor.abc obj/foundation/bundlemanager/bundle_framework/interfaces/kits/ani/bundle_monitor/out/rk3568/obj/foundation/bundlemanager/bundle_framework/interfaces/kits/ani/bundle_monitor/bundle_monitor.abc
[OHOS INFO] [NINJA] [2383/4519] COPY obj/foundation/bundlemanager/bundle_framework/interfaces/kits/ani/default_app_manager/default_app_manager.abc obj/foundation/bundlemanager/bundle_framework/interfaces/kits/ani/default_app_manager/out/rk3568/obj/foundation/bundlemanager/bundle_framework/interfaces/kits/ani/default_app_manager/default_app_manager.abc
[OHOS INFO] [NINJA] [2384/4519] COPY obj/foundation/bundlemanager/bundle_framework/interfaces/kits/ani/freeInstall/bundle_pack_info.abc obj/foundation/bundlemanager/bundle_framework/interfaces/kits/ani/freeInstall/out/rk3568/obj/foundation/bundlemanager/bundle_framework/interfaces/kits/ani/freeInstall/bundle_pack_info.abc
[OHOS INFO] [NINJA] [2385/4519] COPY obj/foundation/bundlemanager/bundle_framework/interfaces/kits/ani/freeInstall/dispatch_info.abc obj/foundation/bundlemanager/bundle_framework/interfaces/kits/ani/freeInstall/out/rk3568/obj/foundation/bundlemanager/bundle_framework/interfaces/kits/ani/freeInstall/dispatch_info.abc
[OHOS INFO] [NINJA] [2386/4519] COPY obj/foundation/bundlemanager/bundle_framework/interfaces/kits/ani/freeInstall/freeInstall.abc obj/foundation/bundlemanager/bundle_framework/interfaces/kits/ani/freeInstall/out/rk3568/obj/foundation/bundlemanager/bundle_framework/interfaces/kits/ani/freeInstall/freeInstall.abc
[OHOS INFO] [NINJA] [2387/4519] COPY obj/foundation/bundlemanager/bundle_framework/interfaces/kits/ani/launcher_bundle_manager/element_name.abc obj/foundation/bundlemanager/bundle_framework/interfaces/kits/ani/launcher_bundle_manager/out/rk3568/obj/foundation/bundlemanager/bundle_framework/interfaces/kits/ani/launcher_bundle_manager/element_name.abc
[OHOS INFO] [NINJA] [2388/4519] COPY obj/foundation/bundlemanager/bundle_framework/interfaces/kits/ani/launcher_bundle_manager/launcher_ability_info.abc obj/foundation/bundlemanager/bundle_framework/interfaces/kits/ani/launcher_bundle_manager/out/rk3568/obj/foundation/bundlemanager/bundle_framework/interfaces/kits/ani/launcher_bundle_manager/launcher_ability_info.abc
[OHOS INFO] [NINJA] [2389/4519] COPY obj/foundation/bundlemanager/bundle_framework/interfaces/kits/ani/launcher_bundle_manager/launcher_bundle_manager.abc obj/foundation/bundlemanager/bundle_framework/interfaces/kits/ani/launcher_bundle_manager/out/rk3568/obj/foundation/bundlemanager/bundle_framework/interfaces/kits/ani/launcher_bundle_manager/launcher_bundle_manager.abc
[OHOS INFO] [NINJA] [2390/4519] COPY obj/foundation/bundlemanager/bundle_framework/interfaces/kits/ani/overlay/overlay.abc obj/foundation/bundlemanager/bundle_framework/interfaces/kits/ani/overlay/out/rk3568/obj/foundation/bundlemanager/bundle_framework/interfaces/kits/ani/overlay/overlay.abc
[OHOS INFO] [NINJA] [2391/4519] COPY obj/foundation/bundlemanager/bundle_framework/interfaces/kits/ani/overlay/overlay_module_info.abc obj/foundation/bundlemanager/bundle_framework/interfaces/kits/ani/overlay/out/rk3568/obj/foundation/bundlemanager/bundle_framework/interfaces/kits/ani/overlay/overlay_module_info.abc
[OHOS INFO] [NINJA] [2392/4519] COPY obj/foundation/bundlemanager/bundle_framework/interfaces/kits/ani/plugin_manager/plugin_bundle_manager.abc obj/foundation/bundlemanager/bundle_framework/interfaces/kits/ani/plugin_manager/out/rk3568/obj/foundation/bundlemanager/bundle_framework/interfaces/kits/ani/plugin_manager/plugin_bundle_manager.abc
[OHOS INFO] [NINJA] [2393/4519] COPY obj/foundation/bundlemanager/bundle_framework/interfaces/kits/ani/resource_manager/bundle_resource_info.abc obj/foundation/bundlemanager/bundle_framework/interfaces/kits/ani/resource_manager/out/rk3568/obj/foundation/bundlemanager/bundle_framework/interfaces/kits/ani/resource_manager/bundle_resource_info.abc
[OHOS INFO] [NINJA] [2394/4519] COPY obj/foundation/bundlemanager/bundle_framework/interfaces/kits/ani/resource_manager/launcher_ability_resource_info.abc obj/foundation/bundlemanager/bundle_framework/interfaces/kits/ani/resource_manager/out/rk3568/obj/foundation/bundlemanager/bundle_framework/interfaces/kits/ani/resource_manager/launcher_ability_resource_info.abc
[OHOS INFO] [NINJA] [2395/4519] COPY obj/foundation/bundlemanager/bundle_framework/interfaces/kits/ani/resource_manager/bundle_resource_manager.abc obj/foundation/bundlemanager/bundle_framework/interfaces/kits/ani/resource_manager/out/rk3568/obj/foundation/bundlemanager/bundle_framework/interfaces/kits/ani/resource_manager/bundle_resource_manager.abc
[OHOS INFO] [NINJA] [2396/4519] COPY obj/foundation/bundlemanager/bundle_framework/interfaces/kits/ani/shortcut_manager/shortcut_info.abc obj/foundation/bundlemanager/bundle_framework/interfaces/kits/ani/shortcut_manager/out/rk3568/obj/foundation/bundlemanager/bundle_framework/interfaces/kits/ani/shortcut_manager/shortcut_info.abc
[OHOS INFO] [NINJA] [2397/4519] COPY obj/foundation/bundlemanager/bundle_framework/interfaces/kits/ani/shortcut_manager/shortcut_manager.abc obj/foundation/bundlemanager/bundle_framework/interfaces/kits/ani/shortcut_manager/out/rk3568/obj/foundation/bundlemanager/bundle_framework/interfaces/kits/ani/shortcut_manager/shortcut_manager.abc
[OHOS INFO] [NINJA] [2398/4519] STAMP obj/foundation/bundlemanager/distributed_bundle_framework/interfaces/kits/ani/distributed_bundle_manager/distributed_bundle_manager_etc.stamp
[OHOS INFO] [NINJA] [2399/4519] COPY obj/foundation/bundlemanager/bundle_framework/interfaces/kits/ani/zlib/zlib.abc obj/foundation/bundlemanager/bundle_framework/interfaces/kits/ani/zlib/out/rk3568/obj/foundation/bundlemanager/bundle_framework/interfaces/kits/ani/zlib/zlib.abc
[OHOS INFO] [NINJA] [2400/4519] STAMP obj/foundation/bundlemanager/distributed_bundle_framework/interfaces/kits/ani/distributed_bundle_manager/remote_ability_info_etc.stamp
[OHOS INFO] [NINJA] [2401/4519] COPY obj/foundation/communication/bluetooth/frameworks/ets/taihe/bluetooth_a2dp/bluetoothA2dp_abc.abc obj/foundation/communication/bluetooth/frameworks/ets/taihe/bluetooth_a2dp/out/rk3568/obj/foundation/communication/bluetooth/frameworks/ets/taihe/bluetooth_a2dp/bluetoothA2dp_abc.abc
[OHOS INFO] [NINJA] [2402/4519] COPY obj/foundation/communication/bluetooth/frameworks/ets/taihe/bluetooth_access/bluetoothAccess_abc.abc obj/foundation/communication/bluetooth/frameworks/ets/taihe/bluetooth_access/out/rk3568/obj/foundation/communication/bluetooth/frameworks/ets/taihe/bluetooth_access/bluetoothAccess_abc.abc
[OHOS INFO] [NINJA] [2403/4519] COPY obj/foundation/communication/bluetooth/frameworks/ets/taihe/bluetooth_baseProfile/bluetoothBaseProfile_abc.abc obj/foundation/communication/bluetooth/frameworks/ets/taihe/bluetooth_baseProfile/out/rk3568/obj/foundation/communication/bluetooth/frameworks/ets/taihe/bluetooth_baseProfile/bluetoothBaseProfile_abc.abc
[OHOS INFO] [NINJA] [2404/4519] COPY obj/foundation/communication/bluetooth/frameworks/ets/taihe/bluetooth_ble/bluetoothBle_abc.abc obj/foundation/communication/bluetooth/frameworks/ets/taihe/bluetooth_ble/out/rk3568/obj/foundation/communication/bluetooth/frameworks/ets/taihe/bluetooth_ble/bluetoothBle_abc.abc
[OHOS INFO] [NINJA] [2405/4519] COPY obj/foundation/communication/bluetooth/frameworks/ets/taihe/bluetooth_connection/bluetoothConnection_abc.abc obj/foundation/communication/bluetooth/frameworks/ets/taihe/bluetooth_connection/out/rk3568/obj/foundation/communication/bluetooth/frameworks/ets/taihe/bluetooth_connection/bluetoothConnection_abc.abc
[OHOS INFO] [NINJA] [2406/4519] COPY obj/foundation/communication/bluetooth/frameworks/ets/taihe/bluetooth_constant/bluetoothConstant_abc.abc obj/foundation/communication/bluetooth/frameworks/ets/taihe/bluetooth_constant/out/rk3568/obj/foundation/communication/bluetooth/frameworks/ets/taihe/bluetooth_constant/bluetoothConstant_abc.abc
[OHOS INFO] [NINJA] [2407/4519] COPY obj/foundation/communication/bluetooth/frameworks/ets/taihe/bluetooth_hfp/bluetoothHfp_abc.abc obj/foundation/communication/bluetooth/frameworks/ets/taihe/bluetooth_hfp/out/rk3568/obj/foundation/communication/bluetooth/frameworks/ets/taihe/bluetooth_hfp/bluetoothHfp_abc.abc
[OHOS INFO] [NINJA] [2408/4519] COPY obj/foundation/communication/bluetooth/frameworks/ets/taihe/bluetooth_hid/bluetoothHid_abc.abc obj/foundation/communication/bluetooth/frameworks/ets/taihe/bluetooth_hid/out/rk3568/obj/foundation/communication/bluetooth/frameworks/ets/taihe/bluetooth_hid/bluetoothHid_abc.abc
[OHOS INFO] [NINJA] [2409/4519] STAMP obj/foundation/communication/dsoftbus/sdk/taihe/agent_communication/conversation_abc_etc.stamp
[OHOS INFO] [NINJA] [2410/4519] STAMP obj/foundation/communication/dsoftbus/sdk/taihe/linkEnhance_abc_etc.stamp
[OHOS INFO] [NINJA] [2411/4519] STAMP obj/foundation/communication/ipc/ipc/native/src/ani/rpc/rpc_abc_etc.stamp
[OHOS INFO] [NINJA] [2412/4519] COPY obj/foundation/communication/dsoftbus/br_proxy/taihe/proxychannelmanager_taihe_ani.abc obj/foundation/communication/dsoftbus/br_proxy/taihe/out/rk3568/obj/foundation/communication/dsoftbus/br_proxy/taihe/proxychannelmanager_taihe_ani.abc
[OHOS INFO] [NINJA] [2413/4519] COPY obj/foundation/communication/fusion_connectivity/fusion_ranging/frameworks/ets/taihe/fusionConnectivityRanging_abc.abc obj/foundation/communication/fusion_connectivity/fusion_ranging/frameworks/ets/taihe/out/rk3568/obj/foundation/communication/fusion_connectivity/fusion_ranging/frameworks/ets/taihe/fusionConnectivityRanging_abc.abc
[OHOS INFO] [NINJA] [2414/4519] COPY obj/foundation/communication/ipc/ipc/native/src/taihe/rpc_taihe_abc.abc obj/foundation/communication/ipc/ipc/native/src/taihe/out/rk3568/obj/foundation/communication/ipc/ipc/native/src/taihe/rpc_taihe_abc.abc
[OHOS INFO] [NINJA] [2415/4519] COPY obj/foundation/communication/netmanager_base/frameworks/ets/ani/connection/connection.abc obj/foundation/communication/netmanager_base/frameworks/ets/ani/connection/out/rk3568/obj/foundation/communication/netmanager_base/frameworks/ets/ani/connection/connection.abc
[OHOS INFO] [NINJA] [2416/4519] COPY obj/foundation/communication/netmanager_ext/frameworks/ets/ani/eap/eap.abc obj/foundation/communication/netmanager_ext/frameworks/ets/ani/eap/out/rk3568/obj/foundation/communication/netmanager_ext/frameworks/ets/ani/eap/eap.abc
[OHOS INFO] [NINJA] [2417/4519] COPY obj/foundation/communication/netmanager_base/frameworks/ets/ani/policy/policy.abc obj/foundation/communication/netmanager_base/frameworks/ets/ani/policy/out/rk3568/obj/foundation/communication/netmanager_base/frameworks/ets/ani/policy/policy.abc
[OHOS INFO] [NINJA] [2418/4519] COPY obj/foundation/communication/netmanager_base/frameworks/ets/ani/statistics/statistics.abc obj/foundation/communication/netmanager_base/frameworks/ets/ani/statistics/out/rk3568/obj/foundation/communication/netmanager_base/frameworks/ets/ani/statistics/statistics.abc
[OHOS INFO] [NINJA] [2419/4519] COPY obj/foundation/communication/netmanager_ext/frameworks/ets/ani/ethernet/ethernet.abc obj/foundation/communication/netmanager_ext/frameworks/ets/ani/ethernet/out/rk3568/obj/foundation/communication/netmanager_ext/frameworks/ets/ani/ethernet/ethernet.abc
[OHOS INFO] [NINJA] [2420/4519] COPY obj/foundation/communication/netmanager_ext/frameworks/ets/ani/mdns/mdns.abc obj/foundation/communication/netmanager_ext/frameworks/ets/ani/mdns/out/rk3568/obj/foundation/communication/netmanager_ext/frameworks/ets/ani/mdns/mdns.abc
[OHOS INFO] [NINJA] [2421/4519] COPY obj/foundation/communication/netmanager_ext/frameworks/ets/ani/vpn/vpn.abc obj/foundation/communication/netmanager_ext/frameworks/ets/ani/vpn/out/rk3568/obj/foundation/communication/netmanager_ext/frameworks/ets/ani/vpn/vpn.abc
[OHOS INFO] [NINJA] [2422/4519] COPY obj/foundation/communication/netmanager_ext/frameworks/ets/ani/sharing/sharing.abc obj/foundation/communication/netmanager_ext/frameworks/ets/ani/sharing/out/rk3568/obj/foundation/communication/netmanager_ext/frameworks/ets/ani/sharing/sharing.abc
[OHOS INFO] [NINJA] [2423/4519] COPY obj/foundation/communication/netmanager_ext/frameworks/ets/ani/vpnextension/vpnextension.abc obj/foundation/communication/netmanager_ext/frameworks/ets/ani/vpnextension/out/rk3568/obj/foundation/communication/netmanager_ext/frameworks/ets/ani/vpnextension/vpnextension.abc
[OHOS INFO] [NINJA] [2424/4519] COPY obj/foundation/communication/netstack/frameworks/ets/ani/http/http.abc obj/foundation/communication/netstack/frameworks/ets/ani/http/out/rk3568/obj/foundation/communication/netstack/frameworks/ets/ani/http/http.abc
[OHOS INFO] [NINJA] [2425/4519] COPY obj/foundation/communication/netmanager_ext/frameworks/ets/ani/vpnextensionability/vpnextensionability.abc obj/foundation/communication/netmanager_ext/frameworks/ets/ani/vpnextensionability/out/rk3568/obj/foundation/communication/netmanager_ext/frameworks/ets/ani/vpnextensionability/vpnextensionability.abc
[OHOS INFO] [NINJA] [2426/4519] COPY obj/foundation/communication/netstack/frameworks/ets/ani/net_ssl/network_security.abc obj/foundation/communication/netstack/frameworks/ets/ani/net_ssl/out/rk3568/obj/foundation/communication/netstack/frameworks/ets/ani/net_ssl/network_security.abc
[OHOS INFO] [NINJA] [2427/4519] STAMP obj/foundation/communication/wifi/wifi/frameworks/ets/taihe/wifiManager/wifiManager_framework_etc.stamp
[OHOS INFO] [NINJA] [2428/4519] COPY obj/foundation/communication/netstack/frameworks/ets/ani/web_socket/websocket.abc obj/foundation/communication/netstack/frameworks/ets/ani/web_socket/out/rk3568/obj/foundation/communication/netstack/frameworks/ets/ani/web_socket/websocket.abc
[OHOS INFO] [NINJA] [2429/4519] COPY obj/foundation/distributeddatamgr/data_object/frameworks/ets/taihe/ohos.data.distributedDataObject/distributeddata_object.abc obj/foundation/distributeddatamgr/data_object/frameworks/ets/taihe/ohos.data.distributedDataObject/out/rk3568/obj/foundation/distributeddatamgr/data_object/frameworks/ets/taihe/ohos.data.distributedDataObject/distributeddata_object.abc
[OHOS INFO] [NINJA] [2430/4519] COPY obj/foundation/distributeddatamgr/data_share/frameworks/ets/ani/DataShareExtensionAbilityAni.abc obj/foundation/distributeddatamgr/data_share/frameworks/ets/ani/out/rk3568/obj/foundation/distributeddatamgr/data_share/frameworks/ets/ani/DataShareExtensionAbilityAni.abc
[OHOS INFO] [NINJA] [2431/4519] COPY obj/foundation/distributeddatamgr/data_share/frameworks/ets/ani/datashareAni.abc obj/foundation/distributeddatamgr/data_share/frameworks/ets/ani/out/rk3568/obj/foundation/distributeddatamgr/data_share/frameworks/ets/ani/datashareAni.abc
[OHOS INFO] [NINJA] [2432/4519] COPY obj/foundation/distributeddatamgr/data_share/frameworks/ets/ani/dataSharePredicatesAni.abc obj/foundation/distributeddatamgr/data_share/frameworks/ets/ani/out/rk3568/obj/foundation/distributeddatamgr/data_share/frameworks/ets/ani/dataSharePredicatesAni.abc
[OHOS INFO] [NINJA] [2433/4519] COPY obj/foundation/distributeddatamgr/data_share/frameworks/ets/ani/DataShareResultSetAni.abc obj/foundation/distributeddatamgr/data_share/frameworks/ets/ani/out/rk3568/obj/foundation/distributeddatamgr/data_share/frameworks/ets/ani/DataShareResultSetAni.abc
[OHOS INFO] [NINJA] [2434/4519] COPY obj/foundation/distributeddatamgr/kv_store/frameworks/ets/taihe/kv_store/distributedkvstore.abc obj/foundation/distributeddatamgr/kv_store/frameworks/ets/taihe/kv_store/out/rk3568/obj/foundation/distributeddatamgr/kv_store/frameworks/ets/taihe/kv_store/distributedkvstore.abc
[OHOS INFO] [NINJA] [2435/4519] COPY obj/foundation/distributeddatamgr/preferences/frameworks/ets/taihe/preferences/preferences_abc.abc obj/foundation/distributeddatamgr/preferences/frameworks/ets/taihe/preferences/out/rk3568/obj/foundation/distributeddatamgr/preferences/frameworks/ets/taihe/preferences/preferences_abc.abc
[OHOS INFO] [NINJA] [2436/4519] COPY obj/foundation/distributeddatamgr/relational_store/frameworks/ets/cloud_extension/cloud_extension_ext.abc obj/foundation/distributeddatamgr/relational_store/frameworks/ets/cloud_extension/out/rk3568/obj/foundation/distributeddatamgr/relational_store/frameworks/ets/cloud_extension/cloud_extension_ext.abc
[OHOS INFO] [NINJA] [2437/4519] COPY obj/foundation/distributeddatamgr/pasteboard/interfaces/taihe/pasteboard_taihe_ani.abc obj/foundation/distributeddatamgr/pasteboard/interfaces/taihe/out/rk3568/obj/foundation/distributeddatamgr/pasteboard/interfaces/taihe/pasteboard_taihe_ani.abc
[OHOS INFO] [NINJA] [2438/4519] COPY obj/foundation/distributeddatamgr/relational_store/frameworks/ets/taihe/cloud_data/cloudDataCommonType.abc obj/foundation/distributeddatamgr/relational_store/frameworks/ets/taihe/cloud_data/out/rk3568/obj/foundation/distributeddatamgr/relational_store/frameworks/ets/taihe/cloud_data/cloudDataCommonType.abc
[OHOS INFO] [NINJA] [2439/4519] COPY obj/foundation/distributeddatamgr/relational_store/frameworks/ets/taihe/cloud_data/cloudData.abc obj/foundation/distributeddatamgr/relational_store/frameworks/ets/taihe/cloud_data/out/rk3568/obj/foundation/distributeddatamgr/relational_store/frameworks/ets/taihe/cloud_data/cloudData.abc
[OHOS INFO] [NINJA] [2440/4519] COPY obj/foundation/distributeddatamgr/relational_store/frameworks/ets/taihe/relational_store/relationalstore.abc obj/foundation/distributeddatamgr/relational_store/frameworks/ets/taihe/relational_store/out/rk3568/obj/foundation/distributeddatamgr/relational_store/frameworks/ets/taihe/relational_store/relationalstore.abc
[OHOS INFO] [NINJA] [2441/4519] COPY obj/foundation/distributeddatamgr/udmf/interfaces/taihe/ets/udmf_components_ets_abc.abc obj/foundation/distributeddatamgr/udmf/interfaces/taihe/ets/out/rk3568/obj/foundation/distributeddatamgr/udmf/interfaces/taihe/ets/udmf_components_ets_abc.abc
[OHOS INFO] [NINJA] [2442/4519] STAMP obj/foundation/distributedhardware/device_manager/interfaces/kits/taihe/devicemanager_ani.stamp
[OHOS INFO] [NINJA] [2443/4519] COPY obj/foundation/distributedhardware/distributed_hardware_fwk/taihe/hardware_taihe_abc.abc obj/foundation/distributedhardware/distributed_hardware_fwk/taihe/out/rk3568/obj/foundation/distributedhardware/distributed_hardware_fwk/taihe/hardware_taihe_abc.abc
[OHOS INFO] [NINJA] [2444/4519] COPY obj/foundation/distributedhardware/mechbody_controller/interface/ets/mech_manager/mech_manager_abc.abc obj/foundation/distributedhardware/mechbody_controller/interface/ets/mech_manager/out/rk3568/obj/foundation/distributedhardware/mechbody_controller/interface/ets/mech_manager/mech_manager_abc.abc
[OHOS INFO] [NINJA] [2445/4519] COPY obj/foundation/filemanagement/app_file_service/frameworks/native/backup_ext/ani/backup_ext.abc obj/foundation/filemanagement/app_file_service/frameworks/native/backup_ext/ani/out/rk3568/obj/foundation/filemanagement/app_file_service/frameworks/native/backup_ext/ani/backup_ext.abc
[OHOS INFO] [NINJA] [2446/4519] COPY obj/foundation/filemanagement/app_file_service/interfaces/kits/ani/backup/backup_transfer.abc obj/foundation/filemanagement/app_file_service/interfaces/kits/ani/backup/out/rk3568/obj/foundation/filemanagement/app_file_service/interfaces/kits/ani/backup/backup_transfer.abc
[OHOS INFO] [NINJA] [2447/4519] COPY obj/foundation/filemanagement/app_file_service/interfaces/kits/taihe/backup/file_backup_taihe_abc.abc obj/foundation/filemanagement/app_file_service/interfaces/kits/taihe/backup/out/rk3568/obj/foundation/filemanagement/app_file_service/interfaces/kits/taihe/backup/file_backup_taihe_abc.abc
[OHOS INFO] [NINJA] [2448/4519] COPY obj/foundation/filemanagement/app_file_service/interfaces/kits/taihe/fileshare/file_share_taihe_abc.abc obj/foundation/filemanagement/app_file_service/interfaces/kits/taihe/fileshare/out/rk3568/obj/foundation/filemanagement/app_file_service/interfaces/kits/taihe/fileshare/file_share_taihe_abc.abc
[OHOS INFO] [NINJA] [2449/4519] COPY obj/foundation/filemanagement/app_file_service/interfaces/kits/taihe/fileuri/file_fileuri_taihe_abc.abc obj/foundation/filemanagement/app_file_service/interfaces/kits/taihe/fileuri/out/rk3568/obj/foundation/filemanagement/app_file_service/interfaces/kits/taihe/fileuri/file_fileuri_taihe_abc.abc
[OHOS INFO] [NINJA] [2450/4519] COPY obj/foundation/filemanagement/dfs_service/interfaces/kits/js/ani/file_cloud_sync/file_cloud_sync.abc obj/foundation/filemanagement/dfs_service/interfaces/kits/js/ani/file_cloud_sync/out/rk3568/obj/foundation/filemanagement/dfs_service/interfaces/kits/js/ani/file_cloud_sync/file_cloud_sync.abc
[OHOS INFO] [NINJA] [2451/4519] COPY obj/foundation/filemanagement/dfs_service/interfaces/kits/js/ani/file_cloud_sync_manager/file_cloud_sync_manager.abc obj/foundation/filemanagement/dfs_service/interfaces/kits/js/ani/file_cloud_sync_manager/out/rk3568/obj/foundation/filemanagement/dfs_service/interfaces/kits/js/ani/file_cloud_sync_manager/file_cloud_sync_manager.abc
[OHOS INFO] [NINJA] [2452/4519] COPY obj/foundation/filemanagement/disk_manager/interfaces/kits/taihe/volume_manager_taihe_abc.abc obj/foundation/filemanagement/disk_manager/interfaces/kits/taihe/out/rk3568/obj/foundation/filemanagement/disk_manager/interfaces/kits/taihe/volume_manager_taihe_abc.abc
[OHOS INFO] [NINJA] [2453/4519] COPY obj/foundation/filemanagement/storage_service/interfaces/kits/taihe/key_manager/key_manager_taihe_abc.abc obj/foundation/filemanagement/storage_service/interfaces/kits/taihe/key_manager/out/rk3568/obj/foundation/filemanagement/storage_service/interfaces/kits/taihe/key_manager/key_manager_taihe_abc.abc
[OHOS INFO] [NINJA] [2454/4519] COPY obj/foundation/filemanagement/storage_service/interfaces/kits/taihe/storage_statistics/storage_statistics_taihe_abc.abc obj/foundation/filemanagement/storage_service/interfaces/kits/taihe/storage_statistics/out/rk3568/obj/foundation/filemanagement/storage_service/interfaces/kits/taihe/storage_statistics/storage_statistics_taihe_abc.abc
[OHOS INFO] [NINJA] [2455/4519] STAMP obj/foundation/graphic/graphic_2d/frameworks/text/interface/mlb/ani/text_engine_etc.stamp
[OHOS INFO] [NINJA] [2456/4519] STAMP obj/foundation/graphic/graphic_2d/interfaces/kits/ani/color_manager/color_space_manager_etc.stamp
[OHOS INFO] [NINJA] [2457/4519] COPY obj/foundation/filemanagement/user_file_service/interfaces/kits/taihe/clouddiskmanager/clouddiskmanager_taihe_abc.abc obj/foundation/filemanagement/user_file_service/interfaces/kits/taihe/clouddiskmanager/out/rk3568/obj/foundation/filemanagement/user_file_service/interfaces/kits/taihe/clouddiskmanager/clouddiskmanager_taihe_abc.abc
[OHOS INFO] [NINJA] [2458/4519] STAMP obj/foundation/graphic/graphic_2d/interfaces/kits/ani/drawing/drawing_ets.stamp
[OHOS INFO] [NINJA] [2459/4519] STAMP obj/foundation/graphic/graphic_2d/interfaces/kits/ani/hdr_capability/hdr_capability_etc.stamp
[OHOS INFO] [NINJA] [2460/4519] STAMP obj/foundation/graphic/graphic_2d/interfaces/kits/ani/window_animation_manager/window_animation_manager_etc.stamp
[OHOS INFO] [NINJA] [2461/4519] COPY obj/foundation/graphic/graphic_2d/interfaces/kits/ani/effect_kit/effectKit.abc obj/foundation/graphic/graphic_2d/interfaces/kits/ani/effect_kit/out/rk3568/obj/foundation/graphic/graphic_2d/interfaces/kits/ani/effect_kit/effectKit.abc
[OHOS INFO] [NINJA] [2462/4519] COPY obj/foundation/graphic/graphic_3d/kits/ets/graphics3d_scene_boids_sim.abc obj/foundation/graphic/graphic_3d/kits/ets/out/rk3568/obj/foundation/graphic/graphic_3d/kits/ets/graphics3d_scene_boids_sim.abc
[OHOS INFO] [NINJA] [2463/4519] COPY obj/foundation/graphic/graphic_3d/kits/ets/graphics3d_scene.abc obj/foundation/graphic/graphic_3d/kits/ets/out/rk3568/obj/foundation/graphic/graphic_3d/kits/ets/graphics3d_scene.abc
[OHOS INFO] [NINJA] [2464/4519] COPY obj/foundation/graphic/graphic_3d/kits/ets/graphics3d_scene_nodes.abc obj/foundation/graphic/graphic_3d/kits/ets/out/rk3568/obj/foundation/graphic/graphic_3d/kits/ets/graphics3d_scene_nodes.abc
[OHOS INFO] [NINJA] [2465/4519] COPY obj/foundation/graphic/graphic_3d/kits/ets/graphics3d_scene_post_process_settings.abc obj/foundation/graphic/graphic_3d/kits/ets/out/rk3568/obj/foundation/graphic/graphic_3d/kits/ets/graphics3d_scene_post_process_settings.abc
[OHOS INFO] [NINJA] [2466/4519] COPY obj/foundation/graphic/graphic_3d/kits/ets/graphics3d_scene_resources.abc obj/foundation/graphic/graphic_3d/kits/ets/out/rk3568/obj/foundation/graphic/graphic_3d/kits/ets/graphics3d_scene_resources.abc
[OHOS INFO] [NINJA] [2467/4519] COPY obj/foundation/graphic/graphic_3d/kits/ets/graphics3d_scene_types.abc obj/foundation/graphic/graphic_3d/kits/ets/out/rk3568/obj/foundation/graphic/graphic_3d/kits/ets/graphics3d_scene_types.abc
[OHOS INFO] [NINJA] [2468/4519] STAMP obj/foundation/multimedia/av_session/avinputcastpicker_static/avinputcastpicker/av_input_cast_picker_ets_abc_etc.stamp
[OHOS INFO] [NINJA] [2469/4519] COPY obj/foundation/multimedia/audio_framework/frameworks/taihe/audio_framework_taihe_abc.abc obj/foundation/multimedia/audio_framework/frameworks/taihe/out/rk3568/obj/foundation/multimedia/audio_framework/frameworks/taihe/audio_framework_taihe_abc.abc
[OHOS INFO] [NINJA] [2470/4519] STAMP obj/foundation/multimedia/av_session/avpicker_static/avpicker/av_cast_picker_ets_abc_etc.stamp
[OHOS INFO] [NINJA] [2471/4519] STAMP obj/foundation/multimedia/av_session/avvolumepanel_static/avvolumepanel/av_volume_panel_ets_abc_etc.stamp
[OHOS INFO] [NINJA] [2472/4519] COPY obj/foundation/multimedia/camera_framework/frameworks/taihe/camera_picker_taihe_abc.abc obj/foundation/multimedia/camera_framework/frameworks/taihe/out/rk3568/obj/foundation/multimedia/camera_framework/frameworks/taihe/camera_picker_taihe_abc.abc
[OHOS INFO] [NINJA] [2473/4519] COPY obj/foundation/multimedia/drm_framework/frameworks/taihe/drm_framework_taihe_abc.abc obj/foundation/multimedia/drm_framework/frameworks/taihe/out/rk3568/obj/foundation/multimedia/drm_framework/frameworks/taihe/drm_framework_taihe_abc.abc
[OHOS INFO] [NINJA] [2474/4519] STAMP obj/foundation/multimedia/media_library/frameworks/ani/ets/photo_picker_static/album_picker_component/album_picker_component_ets_abc_etc.stamp
[OHOS INFO] [NINJA] [2475/4519] COPY obj/foundation/multimedia/media_library/frameworks/ani/userfile_manager.abc obj/foundation/multimedia/media_library/frameworks/ani/out/rk3568/obj/foundation/multimedia/media_library/frameworks/ani/userfile_manager.abc
[OHOS INFO] [NINJA] [2476/4519] STAMP obj/foundation/multimedia/media_library/frameworks/ani/ets/photo_picker_static/recent_photo_component/recent_photo_component_ets_abc_etc.stamp
[OHOS INFO] [NINJA] [2477/4519] STAMP obj/foundation/multimedia/media_library/frameworks/ani/ets/photo_picker_static/photo_picker_component/photo_picker_component_ets_abc_etc.stamp
[OHOS INFO] [NINJA] [2478/4519] COPY obj/foundation/multimedia/player_framework/frameworks/taihe/soundpool_taihe_abc.abc obj/foundation/multimedia/player_framework/frameworks/taihe/out/rk3568/obj/foundation/multimedia/player_framework/frameworks/taihe/soundpool_taihe_abc.abc
[OHOS INFO] [NINJA] [2479/4519] COPY obj/foundation/multimedia/player_framework/frameworks/taihe/media_taihe_abc.abc obj/foundation/multimedia/player_framework/frameworks/taihe/out/rk3568/obj/foundation/multimedia/player_framework/frameworks/taihe/media_taihe_abc.abc
[OHOS INFO] [NINJA] [2480/4519] STAMP obj/foundation/multimodalinput/input/frameworks/ets/gesture_event/gesture_event_etc.stamp
[OHOS INFO] [NINJA] [2481/4519] COPY obj/foundation/multimedia/player_framework/frameworks/taihe/audioHaptic/audioHaptic_taihe_abc.abc obj/foundation/multimedia/player_framework/frameworks/taihe/audioHaptic/out/rk3568/obj/foundation/multimedia/player_framework/frameworks/taihe/audioHaptic/audioHaptic_taihe_abc.abc
[OHOS INFO] [NINJA] [2482/4519] STAMP obj/foundation/multimodalinput/input/frameworks/ets/infrared_emitter/infrared_emitter_etc.stamp
[OHOS INFO] [NINJA] [2483/4519] COPY obj/foundation/multimedia/video_processing_engine/interfaces/kits/taihe/video_processing_engine_taihe_abc.abc obj/foundation/multimedia/video_processing_engine/interfaces/kits/taihe/out/rk3568/obj/foundation/multimedia/video_processing_engine/interfaces/kits/taihe/video_processing_engine_taihe_abc.abc
[OHOS INFO] [NINJA] [2484/4519] STAMP obj/foundation/multimodalinput/input/frameworks/ets/input_consumer/input_consumer_etc.stamp
[OHOS INFO] [NINJA] [2485/4519] STAMP obj/foundation/multimodalinput/input/frameworks/ets/input_event/input_event_etc.stamp
[OHOS INFO] [NINJA] [2486/4519] STAMP obj/foundation/multimodalinput/input/frameworks/ets/input_device/input_device_etc.stamp
[OHOS INFO] [NINJA] [2487/4519] STAMP obj/foundation/multimodalinput/input/frameworks/ets/input_event_client/input_event_client_etc.stamp
[OHOS INFO] [NINJA] [2488/4519] STAMP obj/foundation/multimodalinput/input/frameworks/ets/input_monitor/input_monitor_etc.stamp
[OHOS INFO] [NINJA] [2489/4519] STAMP obj/foundation/multimodalinput/input/frameworks/ets/intention_code/intention_code_etc.stamp
[OHOS INFO] [NINJA] [2490/4519] STAMP obj/foundation/multimodalinput/input/frameworks/ets/key_code/key_code_etc.stamp
[OHOS INFO] [NINJA] [2491/4519] STAMP obj/foundation/multimodalinput/input/frameworks/ets/mouse_event/mouse_event_etc.stamp
[OHOS INFO] [NINJA] [2492/4519] STAMP obj/foundation/multimodalinput/input/frameworks/ets/key_event/key_event_etc.stamp
[OHOS INFO] [NINJA] [2493/4519] STAMP obj/foundation/multimodalinput/input/frameworks/ets/pointer/pointer_etc.stamp
[OHOS INFO] [NINJA] [2494/4519] STAMP obj/foundation/multimodalinput/input/frameworks/ets/short_key/short_key_etc.stamp
[OHOS INFO] [NINJA] [2495/4519] STAMP obj/foundation/multimodalinput/input/frameworks/ets/touch_event/touch_event_etc.stamp
[OHOS INFO] [NINJA] [2496/4519] COPY obj/foundation/resourceschedule/device_standby/interfaces/kits/ani/device_standby_abc.abc obj/foundation/resourceschedule/device_standby/interfaces/kits/ani/out/rk3568/obj/foundation/resourceschedule/device_standby/interfaces/kits/ani/device_standby_abc.abc
[OHOS INFO] [NINJA] [2497/4519] COPY obj/foundation/resourceschedule/device_usage_statistics/interfaces/kits/bundlestats/taihe/usage_statistics/usage_statistics_abc.abc obj/foundation/resourceschedule/device_usage_statistics/interfaces/kits/bundlestats/taihe/usage_statistics/out/rk3568/obj/foundation/resourceschedule/device_usage_statistics/interfaces/kits/bundlestats/taihe/usage_statistics/usage_statistics_abc.abc
[OHOS INFO] [NINJA] [2498/4519] COPY obj/foundation/resourceschedule/resource_schedule_service/ressched/interfaces/kits/ets/taihe/background_process_manager/backgroundprocessmanager_abc.abc obj/foundation/resourceschedule/resource_schedule_service/ressched/interfaces/kits/ets/taihe/background_process_manager/out/rk3568/obj/foundation/resourceschedule/resource_schedule_service/ressched/interfaces/kits/ets/taihe/background_process_manager/backgroundprocessmanager_abc.abc
[OHOS INFO] [NINJA] [2499/4519] COPY obj/foundation/resourceschedule/resource_schedule_service/ressched/interfaces/kits/ets/taihe/systemload/systemload_abc.abc obj/foundation/resourceschedule/resource_schedule_service/ressched/interfaces/kits/ets/taihe/systemload/out/rk3568/obj/foundation/resourceschedule/resource_schedule_service/ressched/interfaces/kits/ets/taihe/systemload/systemload_abc.abc
[OHOS INFO] [NINJA] [2500/4519] STAMP obj/foundation/resourceschedule/work_scheduler/interfaces/kits/ets/taihe/work_scheduler/work_scheduler_etc.stamp
[OHOS INFO] [NINJA] [2501/4519] STAMP obj/foundation/systemabilitymgr/selectionfwk/frameworks/ets/taihe/SelectionManager/selectionManager_etc.stamp
[OHOS INFO] [NINJA] [2502/4519] STAMP obj/foundation/systemabilitymgr/selectionfwk/frameworks/ets/taihe/SelectionPanel/selectionPanel_etc.stamp
[OHOS INFO] [NINJA] [2503/4519] STAMP obj/foundation/window/window_manager/interfaces/kits/ani/embeddable_window_stage/ets/extension_window_abc_ani_etc.stamp
[OHOS INFO] [NINJA] [2504/4519] STAMP obj/foundation/window/window_manager/interfaces/kits/ani/embeddable_window_stage/ets/extension_window_host_abc_ani_etc.stamp
[OHOS INFO] [NINJA] [2505/4519] STAMP obj/foundation/window/window_manager/interfaces/kits/ani/environmental/window_env_static_etc.stamp
[OHOS INFO] [NINJA] [2506/4519] STAMP obj/foundation/window/window_manager/interfaces/kits/ani/display_runtime/display_ani/display_etc.stamp
[OHOS INFO] [NINJA] [2507/4519] STAMP obj/foundation/window/window_manager/interfaces/kits/ani/float_view/float_view_ani/fvwindow_ani_abc_pack.stamp
[OHOS INFO] [NINJA] [2508/4519] STAMP obj/foundation/window/window_manager/interfaces/kits/ani/floating_ball/floating_ball_ani/fbwindow_ani_abc_pack.stamp
[OHOS INFO] [NINJA] [2509/4519] STAMP obj/foundation/window/window_manager/interfaces/kits/ani/picture_in_picture_runtime/pipwindow_ani/pipwindow_ani_abc_pack.stamp
[OHOS INFO] [NINJA] [2510/4519] STAMP obj/foundation/window/window_manager/interfaces/kits/ani/screen_runtime/screen_ani/screen_etc.stamp
[OHOS INFO] [NINJA] [2511/4519] STAMP obj/foundation/window/window_manager/interfaces/kits/ani/screenshot_runtime/screenshot_ani/screenshot_etc.stamp
[OHOS INFO] [NINJA] [2512/4519] STAMP obj/foundation/window/window_manager/interfaces/kits/ani/window_runtime/window_stage_ani/window_stage_etc.stamp
[OHOS INFO] [NINJA] [2513/4519] STAMP obj/foundation/window/window_manager/window_scene/interfaces/kits/ani/scene_session_manager/scene_session_manager_ani/scene_session_manager_etc.stamp
[OHOS INFO] [NINJA] [2514/4519] STAMP obj/third_party/mindspore/mindspore-src/source/mindspore-lite/src/litert/taihe/ability_delegator/mindspore_taihe.stamp
[OHOS INFO] [NINJA] [2515/4519] COPY 'obj/test/testfwk/arkxtest/perftest/@ohos.test.PerfTest.abc' 'obj/test/testfwk/arkxtest/perftest/out/rk3568/obj/test/testfwk/arkxtest/perftest/@ohos.test.PerfTest.abc'
[OHOS INFO] [NINJA] [2516/4519] COPY obj/applications/standard/settings/ani/intelligentscene/intelligentscene.abc obj/applications/standard/settings/ani/intelligentscene/out/rk3568/obj/applications/standard/settings/ani/intelligentscene/intelligentscene.abc
[OHOS INFO] [NINJA] [2517/4519] COPY obj/applications/standard/settings/ani/settings/settings.abc obj/applications/standard/settings/ani/settings/out/rk3568/obj/applications/standard/settings/ani/settings/settings.abc
[OHOS INFO] [NINJA] [2518/4519] STAMP obj/arkcompiler/runtime_core/static_core/plugins/ets/ark_packages.stamp
[OHOS INFO] [NINJA] [2519/4519] STAMP obj/base/customization/config_policy/interfaces/ets/ani/configPolicy_etc.stamp
[OHOS INFO] [NINJA] [2520/4519] STAMP obj/base/customization/config_policy/interfaces/ets/ani/custom_config_etc.stamp
[OHOS INFO] [NINJA] [2521/4519] STAMP obj/base/customization/enterprise_device_management/interfaces/ets/ani/enterprise_device_management/admin_manager/adminManager_etc.stamp
[OHOS INFO] [NINJA] [2522/4519] STAMP obj/base/customization/enterprise_device_management/interfaces/ets/ani/enterprise_device_management/network_manager/networkManager_etc.stamp
[OHOS INFO] [NINJA] [2523/4519] STAMP obj/base/customization/enterprise_device_management/interfaces/ets/ani/enterprise_device_management/restrictions/restrictions_etc.stamp
[OHOS INFO] [NINJA] [2524/4519] STAMP obj/base/customization/enterprise_device_management/interfaces/ets/ani/enterprise_device_management/security_manager/securityManager_etc.stamp
[OHOS INFO] [NINJA] [2525/4519] STAMP obj/base/global/font_manager/interfaces/ani/fontManager_etc.stamp
[OHOS INFO] [NINJA] [2526/4519] STAMP obj/base/global/i18n/interfaces/ets/ani/i18n/i18n_etc.stamp
[OHOS INFO] [NINJA] [2527/4519] STAMP obj/base/global/i18n/interfaces/ets/ani/intl/intl_etc.stamp
[OHOS INFO] [NINJA] [2528/4519] STAMP obj/base/global/resource_management/interfaces/ets/ani/resourceManager/rawFileDescriptor_etc.stamp
[OHOS INFO] [NINJA] [2529/4519] STAMP obj/base/global/resource_management/interfaces/ets/ani/resourceManager/resourceManager_etc.stamp
[OHOS INFO] [NINJA] [2530/4519] STAMP obj/base/global/resource_management/interfaces/ets/ani/resourceManager/resource_etc.stamp
[OHOS INFO] [NINJA] [2531/4519] STAMP obj/base/hiviewdfx/hiappevent/frameworks/ets/ani/hiappevent/hiappevent_etc.stamp
[OHOS INFO] [NINJA] [2532/4519] STAMP obj/base/hiviewdfx/hichecker/interfaces/ets/ani/hichecker/hichecker_etc.stamp
[OHOS INFO] [NINJA] [2533/4519] STAMP obj/base/hiviewdfx/hilog/interfaces/ets/ani/hilog/hilog_etc.stamp
[OHOS INFO] [NINJA] [2534/4519] STAMP obj/base/hiviewdfx/hitrace/interfaces/ets/ani/ani_hitracechain_package.stamp
[OHOS INFO] [NINJA] [2535/4519] STAMP obj/base/hiviewdfx/hitrace/interfaces/ets/ani/ani_hitracemeter_package.stamp
[OHOS INFO] [NINJA] [2536/4519] STAMP obj/base/hiviewdfx/hisysevent/interfaces/ets/ani/hisysevent/hisysevent_etc.stamp
[OHOS INFO] [NINJA] [2537/4519] STAMP obj/base/hiviewdfx/hiview/hiretrieval/interfaces/ets/ani/hiretrieval_etc.stamp
[OHOS INFO] [NINJA] [2538/4519] STAMP obj/base/hiviewdfx/hiview/interfaces/ets/ani/loglibrary/loglibrary_etc.stamp
[OHOS INFO] [NINJA] [2539/4519] ACTION //foundation/multimedia/image_framework/frameworks/kits/taihe:image_framework_taihe_abc(//build/toolchain/ohos:ohos_clang_arm)
[OHOS INFO] [NINJA] [2540/4519] STAMP obj/base/hiviewdfx/hiview/plugins/faultlogger/interfaces/ets/ani/faultlogger/faultlog_extension_ability_ani_etc.stamp
[OHOS INFO] [NINJA] [2541/4519] STAMP obj/base/inputmethod/imf/frameworks/ets/inputmethodlist/inputmethod_dialog_ets_abc_etc.stamp
[OHOS INFO] [NINJA] [2542/4519] STAMP obj/base/inputmethod/imf/frameworks/ets/extension/ets/inputmethod_extension_ability_prebuilt.stamp
[OHOS INFO] [NINJA] [2543/4519] STAMP obj/foundation/multimedia/image_framework/frameworks/kits/taihe/image_framework_taihe_abc.stamp
[OHOS INFO] [NINJA] [2544/4519] STAMP obj/base/inputmethod/imf/frameworks/ets/taihe/inputMethod/inputmethod_panel_etc.stamp
[OHOS INFO] [NINJA] [2545/4519] STAMP obj/base/inputmethod/imf/frameworks/ets/taihe/inputMethod/inputmethod_etc.stamp
[OHOS INFO] [NINJA] [2546/4519] STAMP obj/base/inputmethod/imf/frameworks/ets/taihe/inputMethod/inputmethod_subtype_etc.stamp
[OHOS INFO] [NINJA] [2547/4519] STAMP obj/base/inputmethod/imf/frameworks/ets/taihe/inputMethodEngine/inputmethod_extraconfig_etc.stamp
[OHOS INFO] [NINJA] [2548/4519] STAMP obj/base/inputmethod/imf/frameworks/ets/taihe/inputMethodEngine/inputmethod_engine_etc.stamp
[OHOS INFO] [NINJA] [2549/4519] COPY obj/foundation/multimedia/image_framework/frameworks/kits/taihe/image_framework_taihe_abc.abc obj/foundation/multimedia/image_framework/frameworks/kits/taihe/out/rk3568/obj/foundation/multimedia/image_framework/frameworks/kits/taihe/image_framework_taihe_abc.abc
[OHOS INFO] [NINJA] [2550/4519] STAMP obj/base/inputmethod/imf/frameworks/ets/taihe/keyboardPanelManager/inputmethod_systempanelmanager_etc.stamp
[OHOS INFO] [NINJA] [2551/4519] STAMP obj/base/location/location/frameworks/ets/taihe/locator_sdk/location_framework_etc.stamp
[OHOS INFO] [NINJA] [2552/4519] STAMP obj/base/msdp/device_status/frameworks/ets/coordination/Coordination_etc.stamp
[OHOS INFO] [NINJA] [2553/4519] STAMP obj/base/msdp/device_status/frameworks/ets/devicestatus/multimodalawareness_devicestatus_etc.stamp
[OHOS INFO] [NINJA] [2554/4519] STAMP obj/base/msdp/device_status/frameworks/ets/drag/drag_etc.stamp
[OHOS INFO] [NINJA] [2555/4519] STAMP obj/base/msdp/device_status/frameworks/ets/metadataBinding/metadataBinding_etc.stamp
[OHOS INFO] [NINJA] [2556/4519] STAMP obj/base/msdp/device_status/frameworks/ets/motion/motion_etc.stamp
[OHOS INFO] [NINJA] [2557/4519] STAMP obj/base/msdp/device_status/frameworks/ets/onscreen/onScreen_etc.stamp
[OHOS INFO] [NINJA] [2558/4519] STAMP obj/base/msdp/device_status/frameworks/ets/spatialAwareness/spatialAwareness_etc.stamp
[OHOS INFO] [NINJA] [2559/4519] STAMP obj/base/msdp/device_status/frameworks/ets/underageModel/underageModel_etc.stamp
[OHOS INFO] [NINJA] [2560/4519] STAMP obj/base/notification/common_event_service/interfaces/kits/ani/common_event/commonEventData_etc.stamp
[OHOS INFO] [NINJA] [2561/4519] STAMP obj/base/notification/common_event_service/interfaces/kits/ani/common_event/commonEventSubscribeInfo_etc.stamp
[OHOS INFO] [NINJA] [2562/4519] STAMP obj/base/notification/common_event_service/interfaces/kits/ani/common_event/commonEventPublishData_etc.stamp
[OHOS INFO] [NINJA] [2563/4519] STAMP obj/base/notification/common_event_service/interfaces/kits/ani/common_event/commonEventSubscriber_etc.stamp
[OHOS INFO] [NINJA] [2564/4519] STAMP obj/base/notification/common_event_service/interfaces/kits/ani/common_event/common_event_manager_etc.stamp
[OHOS INFO] [NINJA] [2565/4519] STAMP obj/base/notification/common_event_service/interfaces/kits/ani/common_event/static_subscriber_extension_ability_abc_etc.stamp
[OHOS INFO] [NINJA] [2566/4519] STAMP obj/base/notification/common_event_service/interfaces/kits/ani/common_event/static_subscriber_extension_context_abc_etc.stamp
[OHOS INFO] [NINJA] [2567/4519] STAMP obj/base/notification/distributed_notification_service/frameworks/ets/ets/ets_files.stamp
[OHOS INFO] [NINJA] [2568/4519] STAMP obj/base/notification/distributed_notification_service/frameworks/reminder_ani/reminder_agent_manager_etc.stamp
[OHOS INFO] [NINJA] [2569/4519] STAMP obj/base/notification/eventhandler/frameworks/emitter/event_emitter_abc_etc.stamp
[OHOS INFO] [NINJA] [2570/4519] STAMP obj/base/powermgr/battery_manager/frameworks/ets/taihe/charger/charger_abc_etc.stamp
[OHOS INFO] [NINJA] [2571/4519] STAMP obj/base/powermgr/battery_manager/frameworks/ets/taihe/batteryInfo/batteryInfo_abc_etc.stamp
[OHOS INFO] [NINJA] [2572/4519] STAMP obj/base/powermgr/battery_statistics/frameworks/ets/taihe/battery_stats/batterystats_etc.stamp
[OHOS INFO] [NINJA] [2573/4519] STAMP obj/base/powermgr/display_manager/state_manager/frameworks/ets/taihe/brightness/brightness_etc.stamp
[OHOS INFO] [NINJA] [2574/4519] STAMP obj/base/powermgr/power_manager/frameworks/ets/taihe/power/power_abc_etc.stamp
[OHOS INFO] [NINJA] [2575/4519] STAMP obj/base/powermgr/power_manager/frameworks/ets/taihe/runninglock/runningLock_etc.stamp
[OHOS INFO] [NINJA] [2576/4519] STAMP obj/base/powermgr/thermal_manager/frameworks/ets/taihe/thermal/thermal_etc.stamp
[OHOS INFO] [NINJA] [2577/4519] STAMP obj/base/request/request/frameworks/ets/ani/request/request_etc.stamp
[OHOS INFO] [NINJA] [2578/4519] STAMP obj/base/security/access_token/frameworks/ets/ani/el5filekeymanager/el5filekeymanager_ets.stamp
[OHOS INFO] [NINJA] [2579/4519] STAMP obj/base/security/access_token/frameworks/ets/ani/common/common_ets.stamp
[OHOS INFO] [NINJA] [2580/4519] STAMP obj/base/request/request/frameworks/ets/ani/cache_download/cache_download_etc.stamp
[OHOS INFO] [NINJA] [2581/4519] STAMP obj/base/security/access_token/frameworks/ets/ani/privacy/privacy_ets.stamp
[OHOS INFO] [NINJA] [2582/4519] STAMP obj/base/security/certificate_framework/frameworks/certificate_framework_lib.stamp
[OHOS INFO] [NINJA] [2583/4519] STAMP obj/base/startup/init/interfaces/taihe/taihe_group.stamp
[OHOS INFO] [NINJA] [2584/4519] STAMP obj/base/security/crypto_framework/frameworks/js/ani/cryptoframework_ani.stamp
[OHOS INFO] [NINJA] [2585/4519] STAMP obj/base/sensors/miscdevice/frameworks/ets/taihe/vibrator_etc.stamp
[OHOS INFO] [NINJA] [2586/4519] STAMP obj/base/sensors/sensor/frameworks/ets/taihe/sensor_etc.stamp
[OHOS INFO] [NINJA] [2587/4519] STAMP obj/base/telephony/cellular_data/frameworks/ets/ani/cellular_data_etc.stamp
[OHOS INFO] [NINJA] [2588/4519] STAMP obj/base/telephony/call_manager/frameworks/ets/taihe/telephony_call_etc.stamp
[OHOS INFO] [NINJA] [2589/4519] STAMP obj/base/telephony/core_service/frameworks/ets/ani/radio/telephony_radio_etc.stamp
[OHOS INFO] [NINJA] [2590/4519] STAMP obj/base/telephony/core_service/frameworks/ets/ani/sim/sim_ani_etc.stamp
[OHOS INFO] [NINJA] [2591/4519] STAMP obj/base/telephony/core_service/frameworks/ets/ani/vcard/vcard_ani_etc.stamp
[OHOS INFO] [NINJA] [2592/4519] STAMP obj/base/telephony/sms_mms/frameworks/ets/taihe/telephony_sms_etc.stamp
[OHOS INFO] [NINJA] [2593/4519] STAMP obj/base/theme/wallpaper_mgr/frameworks/ets/taihe/wallpapermgr/wallpapermgr_etc.stamp
[OHOS INFO] [NINJA] [2594/4519] STAMP obj/base/telephony/state_registry/frameworks/ets/ani/observer/observer_ani_etc.stamp
[OHOS INFO] [NINJA] [2595/4519] COPY obj/base/theme/screenlock_mgr/frameworks/ets/ani/screenLock_static.abc obj/base/theme/screenlock_mgr/frameworks/ets/ani/out/rk3568/obj/base/theme/screenlock_mgr/frameworks/ets/ani/screenLock_static.abc
[OHOS INFO] [NINJA] [2596/4519] STAMP obj/base/time/time_service/framework/js/taihe/system_datetime/systemdatetime_etc.stamp
[OHOS INFO] [NINJA] [2597/4519] STAMP obj/base/time/time_service/framework/js/taihe/system_timer/systemtimer_etc.stamp
[OHOS INFO] [NINJA] [2598/4519] STAMP obj/base/update/updateservice/frameworks/js/ani/update_framework_etc.stamp
[OHOS INFO] [NINJA] [2599/4519] STAMP obj/base/usb/usb_manager/frameworks/ets/taihe/usb_manager/usbManager_taihe.stamp
[OHOS INFO] [NINJA] [2600/4519] STAMP obj/base/useriam/companion_device_auth/frameworks/ets/ani/companion_device_auth_abc_etc.stamp
[OHOS INFO] [NINJA] [2601/4519] STAMP obj/base/useriam/face_auth/frameworks/ets/ani/face_auth_taihe_abc_etc.stamp
[OHOS INFO] [NINJA] [2602/4519] STAMP obj/base/useriam/user_auth_framework/frameworks/ets/ani/user_access_ctrl/user_access_ctrl_ani.stamp
[OHOS INFO] [NINJA] [2603/4519] STAMP obj/base/useriam/user_auth_framework/frameworks/ets/ani/user_auth_extension/user_auth_extension_ani.stamp
[OHOS INFO] [NINJA] [2604/4519] STAMP obj/base/useriam/user_auth_framework/frameworks/ets/ani/user_auth_icon/user_auth_icon_ani.stamp
[OHOS INFO] [NINJA] [2605/4519] STAMP obj/base/web/webview/interfaces/kits/ani/webnativemessagingextension/ets/web_native_messaging_extension_ability_abc_etc.stamp
[OHOS INFO] [NINJA] [2606/4519] STAMP obj/base/web/webview/interfaces/kits/ani/webnativemessagingextension/ets/web_native_messaging_extension_context_abc_etc.stamp
[OHOS INFO] [NINJA] [2607/4519] STAMP obj/base/web/webview/interfaces/kits/ani/webnativemessagingextension/ets/web_native_messaging_extension_manager_abc_etc.stamp
[OHOS INFO] [NINJA] [2608/4519] STAMP obj/base/web/webview/interfaces/kits/ani/webview/web_innerUI_abc_etc.stamp
[OHOS INFO] [NINJA] [2609/4519] STAMP obj/base/web/webview/interfaces/kits/ani/webview/web_webview_abc_etc.stamp
[OHOS INFO] [NINJA] [2610/4519] STAMP obj/developtools/profiler/hidebug/interfaces/ets/ani/hidebug/hidebug_etc.stamp
[OHOS INFO] [NINJA] [2611/4519] STAMP obj/developtools/syscap_codec/taihe/syscap/systemCapability_etc.stamp
[OHOS INFO] [NINJA] [2612/4519] COPY obj/commonlibrary/ets_utils/base_sdk/base_sdk.abc obj/commonlibrary/ets_utils/base_sdk/out/rk3568/obj/commonlibrary/ets_utils/base_sdk/base_sdk.abc
[OHOS INFO] [NINJA] [2613/4519] STAMP obj/drivers/external_device_manager/frameworks/js/taihe/device_manager_taihe.stamp
[OHOS INFO] [NINJA] [2614/4519] STAMP obj/foundation/ability/ability_runtime/agent_runtime_framework/frameworks/ets/ets/agent_runtime_agent_constant_abc_etc.stamp
[OHOS INFO] [NINJA] [2615/4519] STAMP obj/foundation/ability/ability_runtime/agent_runtime_framework/frameworks/ets/ets/agent_runtime_agent_card_abc_etc.stamp
[OHOS INFO] [NINJA] [2616/4519] STAMP obj/foundation/ability/ability_runtime/agent_runtime_framework/frameworks/ets/ets/agent_runtime_agent_extension_abc_etc.stamp
[OHOS INFO] [NINJA] [2617/4519] STAMP obj/foundation/ability/ability_runtime/agent_runtime_framework/frameworks/ets/ets/agent_runtime_agent_extension_connect_callback_abc_etc.stamp
[OHOS INFO] [NINJA] [2618/4519] STAMP obj/foundation/ability/ability_runtime/agent_runtime_framework/frameworks/ets/ets/agent_runtime_agent_extension_context_abc_etc.stamp
[OHOS INFO] [NINJA] [2619/4519] STAMP obj/foundation/ability/ability_runtime/agent_runtime_framework/frameworks/ets/ets/agent_runtime_agent_host_proxy_abc_etc.stamp
[OHOS INFO] [NINJA] [2620/4519] STAMP obj/foundation/ability/ability_runtime/agent_runtime_framework/frameworks/ets/ets/agent_runtime_agent_manager_abc_etc.stamp
[OHOS INFO] [NINJA] [2621/4519] STAMP obj/foundation/ability/ability_runtime/agent_runtime_framework/frameworks/ets/ets/agent_runtime_agent_proxy_abc_etc.stamp
[OHOS INFO] [NINJA] [2622/4519] STAMP obj/foundation/ability/ability_runtime/agent_runtime_framework/frameworks/ets/ets/agent_runtime_agent_ui_extension_ability_abc_etc.stamp
[OHOS INFO] [NINJA] [2623/4519] STAMP obj/foundation/ability/ability_runtime/agent_runtime_framework/frameworks/ets/ets/agent_runtime_agent_utils_abc_etc.stamp
[OHOS INFO] [NINJA] [2624/4519] STAMP obj/foundation/ability/ability_runtime/frameworks/ets/ets/ability_ability_abc_etc.stamp
[OHOS INFO] [NINJA] [2625/4519] STAMP obj/foundation/ability/ability_runtime/frameworks/ets/ets/ability_application_abc_etc.stamp
[OHOS INFO] [NINJA] [2626/4519] STAMP obj/foundation/ability/ability_runtime/frameworks/ets/ets/ability_delegator_abc_etc.stamp
[OHOS INFO] [NINJA] [2627/4519] STAMP obj/foundation/ability/ability_runtime/frameworks/ets/ets/ability_delegator_ability_monitor_abc_etc.stamp
[OHOS INFO] [NINJA] [2628/4519] STAMP obj/foundation/ability/ability_runtime/frameworks/ets/ets/ability_delegator_application_testRunner_abc_etc.stamp
[OHOS INFO] [NINJA] [2629/4519] STAMP obj/foundation/ability/ability_runtime/frameworks/ets/ets/ability_delegator_interop_ability_monitor_abc_etc.stamp
[OHOS INFO] [NINJA] [2630/4519] STAMP obj/foundation/ability/ability_runtime/frameworks/ets/ets/ability_delegator_args_abc_etc.stamp
[OHOS INFO] [NINJA] [2631/4519] STAMP obj/foundation/ability/ability_runtime/frameworks/ets/ets/ability_delegator_registry_abc_etc.stamp
[OHOS INFO] [NINJA] [2632/4519] STAMP obj/foundation/ability/ability_runtime/frameworks/ets/ets/ability_first_frame_state_data_abc_etc.stamp
[OHOS INFO] [NINJA] [2633/4519] STAMP obj/foundation/ability/ability_runtime/frameworks/ets/ets/ability_first_frame_state_observer_abc_etc.stamp
[OHOS INFO] [NINJA] [2634/4519] STAMP obj/foundation/ability/ability_runtime/frameworks/ets/ets/ability_foreground_state_observer_abc_etc.stamp
[OHOS INFO] [NINJA] [2635/4519] STAMP obj/foundation/ability/ability_runtime/frameworks/ets/ets/ability_runtime_AbilityRunningInfo_abc_etc.stamp
[OHOS INFO] [NINJA] [2636/4519] STAMP obj/foundation/ability/ability_runtime/frameworks/ets/ets/ability_runtime_ability_abc_etc.stamp
[OHOS INFO] [NINJA] [2637/4519] STAMP obj/foundation/ability/ability_runtime/frameworks/ets/ets/ability_runtime_ability_constant_abc_etc.stamp
[OHOS INFO] [NINJA] [2638/4519] STAMP obj/foundation/ability/ability_runtime/frameworks/ets/ets/ability_runtime_ability_context_constant_abc_etc.stamp
[OHOS INFO] [NINJA] [2639/4519] STAMP obj/foundation/ability/ability_runtime/frameworks/ets/ets/ability_runtime_ability_dialogRequest_abc_etc.stamp
[OHOS INFO] [NINJA] [2640/4519] STAMP obj/foundation/ability/ability_runtime/frameworks/ets/ets/ability_runtime_ability_lifecycle_callback_abc_etc.stamp
[OHOS INFO] [NINJA] [2641/4519] STAMP obj/foundation/ability/ability_runtime/frameworks/ets/ets/ability_runtime_ability_manager_abc_etc.stamp
[OHOS INFO] [NINJA] [2642/4519] STAMP obj/foundation/ability/ability_runtime/frameworks/ets/ets/ability_runtime_ability_mission_manager_abc_etc.stamp
[OHOS INFO] [NINJA] [2643/4519] STAMP obj/foundation/ability/ability_runtime/frameworks/ets/ets/ability_runtime_ability_result_abc_etc.stamp
[OHOS INFO] [NINJA] [2644/4519] STAMP obj/foundation/ability/ability_runtime/frameworks/ets/ets/ability_runtime_ability_stage_abc_etc.stamp
[OHOS INFO] [NINJA] [2645/4519] STAMP obj/foundation/ability/ability_runtime/frameworks/ets/ets/ability_runtime_ability_stage_context_abc_etc.stamp
[OHOS INFO] [NINJA] [2646/4519] STAMP obj/foundation/ability/ability_runtime/frameworks/ets/ets/ability_runtime_ability_stage_monitor_abc_etc.stamp
[OHOS INFO] [NINJA] [2647/4519] STAMP obj/foundation/ability/ability_runtime/frameworks/ets/ets/ability_runtime_ability_start_callback_abc_etc.stamp
[OHOS INFO] [NINJA] [2648/4519] STAMP obj/foundation/ability/ability_runtime/frameworks/ets/ets/ability_runtime_ability_state_data_abc_etc.stamp
[OHOS INFO] [NINJA] [2649/4519] STAMP obj/foundation/ability/ability_runtime/frameworks/ets/ets/ability_runtime_ability_system_configuration_updated_callback_abc_etc.stamp
[OHOS INFO] [NINJA] [2650/4519] STAMP obj/foundation/ability/ability_runtime/frameworks/ets/ets/ability_runtime_ability_utils_abc_etc.stamp
[OHOS INFO] [NINJA] [2651/4519] STAMP obj/foundation/ability/ability_runtime/frameworks/ets/ets/ability_runtime_action_extension_ability_abc_etc.stamp
[OHOS INFO] [NINJA] [2652/4519] STAMP obj/foundation/ability/ability_runtime/frameworks/ets/ets/ability_runtime_app_manager_abc_etc.stamp
[OHOS INFO] [NINJA] [2653/4519] STAMP obj/foundation/ability/ability_runtime/frameworks/ets/ets/ability_runtime_app_memory_optimizer_abc_etc.stamp
[OHOS INFO] [NINJA] [2654/4519] STAMP obj/foundation/ability/ability_runtime/frameworks/ets/ets/ability_runtime_app_state_data_abc_etc.stamp
[OHOS INFO] [NINJA] [2655/4519] STAMP obj/foundation/ability/ability_runtime/frameworks/ets/ets/ability_runtime_application_context_abc_etc.stamp
[OHOS INFO] [NINJA] [2656/4519] STAMP obj/foundation/ability/ability_runtime/frameworks/ets/ets/ability_runtime_application_state_change_callback_abc_etc.stamp
[OHOS INFO] [NINJA] [2657/4519] STAMP obj/foundation/ability/ability_runtime/frameworks/ets/ets/ability_runtime_auto_fill_extension_ability_abc_etc.stamp
[OHOS INFO] [NINJA] [2658/4519] STAMP obj/foundation/ability/ability_runtime/frameworks/ets/ets/ability_runtime_auto_fill_extension_context_abc_etc.stamp
[OHOS INFO] [NINJA] [2659/4519] STAMP obj/foundation/ability/ability_runtime/frameworks/ets/ets/ability_runtime_auto_fill_manager_abc_etc.stamp
[OHOS INFO] [NINJA] [2660/4519] STAMP obj/foundation/ability/ability_runtime/frameworks/ets/ets/ability_runtime_auto_fill_popup_config_abc_etc.stamp
[OHOS INFO] [NINJA] [2661/4519] STAMP obj/foundation/ability/ability_runtime/frameworks/ets/ets/ability_runtime_auto_fill_rect_abc_etc.stamp
[OHOS INFO] [NINJA] [2662/4519] STAMP obj/foundation/ability/ability_runtime/frameworks/ets/ets/ability_runtime_auto_fill_request_abc_etc.stamp
[OHOS INFO] [NINJA] [2663/4519] STAMP obj/foundation/ability/ability_runtime/frameworks/ets/ets/ability_runtime_auto_fill_trigger_type_abc_etc.stamp
[OHOS INFO] [NINJA] [2664/4519] STAMP obj/foundation/ability/ability_runtime/frameworks/ets/ets/ability_runtime_auto_fill_type_abc_etc.stamp
[OHOS INFO] [NINJA] [2665/4519] STAMP obj/foundation/ability/ability_runtime/frameworks/ets/ets/ability_runtime_auto_startup_callback_abc_etc.stamp
[OHOS INFO] [NINJA] [2666/4519] STAMP obj/foundation/ability/ability_runtime/frameworks/ets/ets/ability_runtime_auto_startup_info_abc_etc.stamp
[OHOS INFO] [NINJA] [2667/4519] STAMP obj/foundation/ability/ability_runtime/frameworks/ets/ets/ability_runtime_auto_startup_manager_abc_etc.stamp
[OHOS INFO] [NINJA] [2668/4519] STAMP obj/foundation/ability/ability_runtime/frameworks/ets/ets/ability_runtime_base_context_abc_etc.stamp
[OHOS INFO] [NINJA] [2669/4519] STAMP obj/foundation/ability/ability_runtime/frameworks/ets/ets/ability_runtime_caller_callee_abc_etc.stamp
[OHOS INFO] [NINJA] [2670/4519] STAMP obj/foundation/ability/ability_runtime/frameworks/ets/ets/ability_runtime_child_process_abc_etc.stamp
[OHOS INFO] [NINJA] [2671/4519] STAMP obj/foundation/ability/ability_runtime/frameworks/ets/ets/ability_runtime_child_process_args_abc_etc.stamp
[OHOS INFO] [NINJA] [2672/4519] STAMP obj/foundation/ability/ability_runtime/frameworks/ets/ets/ability_runtime_child_process_options_abc_etc.stamp
[OHOS INFO] [NINJA] [2673/4519] STAMP obj/foundation/ability/ability_runtime/frameworks/ets/ets/ability_runtime_child_process_manager_abc_etc.stamp
[OHOS INFO] [NINJA] [2674/4519] STAMP obj/foundation/ability/ability_runtime/frameworks/ets/ets/ability_runtime_completionHandler_callback_abc_etc.stamp
[OHOS INFO] [NINJA] [2675/4519] STAMP obj/foundation/ability/ability_runtime/frameworks/ets/ets/ability_runtime_completion_handler_abc_etc.stamp
[OHOS INFO] [NINJA] [2676/4519] STAMP obj/foundation/ability/ability_runtime/frameworks/ets/ets/ability_runtime_configuration_abc_etc.stamp
[OHOS INFO] [NINJA] [2677/4519] STAMP obj/foundation/ability/ability_runtime/frameworks/ets/ets/ability_runtime_configuration_constant_abc_etc.stamp
[OHOS INFO] [NINJA] [2678/4519] STAMP obj/foundation/ability/ability_runtime/frameworks/ets/ets/ability_runtime_connect_options_abc_etc.stamp
[OHOS INFO] [NINJA] [2679/4519] STAMP obj/foundation/ability/ability_runtime/frameworks/ets/ets/ability_runtime_context_abc_etc.stamp
[OHOS INFO] [NINJA] [2680/4519] STAMP obj/foundation/ability/ability_runtime/frameworks/ets/ets/ability_runtime_custom_data_abc_etc.stamp
[OHOS INFO] [NINJA] [2681/4519] STAMP obj/foundation/ability/ability_runtime/frameworks/ets/ets/ability_runtime_data_ability_helper_abc_etc.stamp
[OHOS INFO] [NINJA] [2682/4519] STAMP obj/foundation/ability/ability_runtime/frameworks/ets/ets/ability_runtime_data_uri_utils_abc_etc.stamp
[OHOS INFO] [NINJA] [2683/4519] STAMP obj/foundation/ability/ability_runtime/frameworks/ets/ets/ability_runtime_dialog_session_abc_etc.stamp
[OHOS INFO] [NINJA] [2684/4519] STAMP obj/foundation/ability/ability_runtime/frameworks/ets/ets/ability_runtime_embedded_uiextension_ability_abc_etc.stamp
[OHOS INFO] [NINJA] [2685/4519] STAMP obj/foundation/ability/ability_runtime/frameworks/ets/ets/ability_runtime_environment_callback_abc_etc.stamp
[OHOS INFO] [NINJA] [2686/4519] STAMP obj/foundation/ability/ability_runtime/frameworks/ets/ets/ability_runtime_error_code_abc_etc.stamp
[OHOS INFO] [NINJA] [2687/4519] STAMP obj/foundation/ability/ability_runtime/frameworks/ets/ets/ability_runtime_event_hub_abc_etc.stamp
[OHOS INFO] [NINJA] [2688/4519] STAMP obj/foundation/ability/ability_runtime/frameworks/ets/ets/ability_runtime_extension_ability_abc_etc.stamp
[OHOS INFO] [NINJA] [2689/4519] STAMP obj/foundation/ability/ability_runtime/frameworks/ets/ets/ability_runtime_extension_context_abc_etc.stamp
[OHOS INFO] [NINJA] [2690/4519] STAMP obj/foundation/ability/ability_runtime/frameworks/ets/ets/ability_runtime_extension_running_info_abc_etc.stamp
[OHOS INFO] [NINJA] [2691/4519] STAMP obj/foundation/ability/ability_runtime/frameworks/ets/ets/ability_runtime_hyper_snap_manager_abc_etc.stamp
[OHOS INFO] [NINJA] [2692/4519] STAMP obj/foundation/ability/ability_runtime/frameworks/ets/ets/ability_runtime_insight_intent_abc_etc.stamp
[OHOS INFO] [NINJA] [2693/4519] STAMP obj/foundation/ability/ability_runtime/frameworks/ets/ets/ability_runtime_insight_intent_context_abc_etc.stamp
[OHOS INFO] [NINJA] [2694/4519] STAMP obj/foundation/ability/ability_runtime/frameworks/ets/ets/ability_runtime_insight_intent_decorator_abc_etc.stamp
[OHOS INFO] [NINJA] [2695/4519] STAMP obj/foundation/ability/ability_runtime/frameworks/ets/ets/ability_runtime_insight_intent_driver_abc_etc.stamp
[OHOS INFO] [NINJA] [2696/4519] STAMP obj/foundation/ability/ability_runtime/frameworks/ets/ets/ability_runtime_insight_intent_executor_abc_etc.stamp
[OHOS INFO] [NINJA] [2697/4519] STAMP obj/foundation/ability/ability_runtime/frameworks/ets/ets/ability_runtime_insight_intent_provider_abc_etc.stamp
[OHOS INFO] [NINJA] [2698/4519] STAMP obj/foundation/ability/ability_runtime/frameworks/ets/ets/ability_runtime_interop_ability_lifecycle_callback_abc_etc.stamp
[OHOS INFO] [NINJA] [2699/4519] STAMP obj/foundation/ability/ability_runtime/frameworks/ets/ets/ability_runtime_kiosk_status_abc_etc.stamp
[OHOS INFO] [NINJA] [2700/4519] STAMP obj/foundation/ability/ability_runtime/frameworks/ets/ets/ability_runtime_kiosk_manager_abc_etc.stamp
[OHOS INFO] [NINJA] [2701/4519] STAMP obj/foundation/ability/ability_runtime/frameworks/ets/ets/ability_runtime_mission_info_abc_etc.stamp
[OHOS INFO] [NINJA] [2702/4519] STAMP obj/foundation/ability/ability_runtime/frameworks/ets/ets/ability_runtime_mission_listener_abc_etc.stamp
[OHOS INFO] [NINJA] [2703/4519] STAMP obj/foundation/ability/ability_runtime/frameworks/ets/ets/ability_runtime_mission_snapshot_abc_etc.stamp
[OHOS INFO] [NINJA] [2704/4519] STAMP obj/foundation/ability/ability_runtime/frameworks/ets/ets/ability_runtime_multi_app_mode_abc_etc.stamp
[OHOS INFO] [NINJA] [2705/4519] STAMP obj/foundation/ability/ability_runtime/frameworks/ets/ets/ability_runtime_openLink_options_abc_etc.stamp
[OHOS INFO] [NINJA] [2706/4519] STAMP obj/foundation/ability/ability_runtime/frameworks/ets/ets/ability_runtime_page_node_info_abc_etc.stamp
[OHOS INFO] [NINJA] [2707/4519] STAMP obj/foundation/ability/ability_runtime/frameworks/ets/ets/ability_runtime_process_data_abc_etc.stamp
[OHOS INFO] [NINJA] [2708/4519] STAMP obj/foundation/ability/ability_runtime/frameworks/ets/ets/ability_runtime_process_information_abc_etc.stamp
[OHOS INFO] [NINJA] [2709/4519] STAMP obj/foundation/ability/ability_runtime/frameworks/ets/ets/ability_runtime_running_app_clone_abc_etc.stamp
[OHOS INFO] [NINJA] [2710/4519] STAMP obj/foundation/ability/ability_runtime/frameworks/ets/ets/ability_runtime_running_multi_appinfo_abc_etc.stamp
[OHOS INFO] [NINJA] [2711/4519] STAMP obj/foundation/ability/ability_runtime/frameworks/ets/ets/ability_runtime_share_extension_ability_abc_etc.stamp
[OHOS INFO] [NINJA] [2712/4519] STAMP obj/foundation/ability/ability_runtime/frameworks/ets/ets/ability_runtime_running_multi_instance_info_abc_etc.stamp
[OHOS INFO] [NINJA] [2713/4519] STAMP obj/foundation/ability/ability_runtime/frameworks/ets/ets/ability_runtime_shell_cmd_result_abc_etc.stamp
[OHOS INFO] [NINJA] [2714/4519] STAMP obj/foundation/ability/ability_runtime/frameworks/ets/ets/ability_runtime_start_options_abc_etc.stamp
[OHOS INFO] [NINJA] [2715/4519] STAMP obj/foundation/ability/ability_runtime/frameworks/ets/ets/ability_runtime_startup_config_abc_etc.stamp
[OHOS INFO] [NINJA] [2716/4519] STAMP obj/foundation/ability/ability_runtime/frameworks/ets/ets/ability_runtime_startup_config_entry_abc_etc.stamp
[OHOS INFO] [NINJA] [2717/4519] STAMP obj/foundation/ability/ability_runtime/frameworks/ets/ets/ability_runtime_startup_listener_abc_etc.stamp
[OHOS INFO] [NINJA] [2718/4519] STAMP obj/foundation/ability/ability_runtime/frameworks/ets/ets/ability_runtime_startup_manager_abc_etc.stamp
[OHOS INFO] [NINJA] [2719/4519] STAMP obj/foundation/ability/ability_runtime/frameworks/ets/ets/ability_runtime_startup_task_abc_etc.stamp
[OHOS INFO] [NINJA] [2720/4519] STAMP obj/foundation/ability/ability_runtime/frameworks/ets/ets/ability_runtime_startup_task_executor_abc_etc.stamp
[OHOS INFO] [NINJA] [2721/4519] STAMP obj/foundation/ability/ability_runtime/frameworks/ets/ets/ability_runtime_trigger_info_abc_etc.stamp
[OHOS INFO] [NINJA] [2722/4519] STAMP obj/foundation/ability/ability_runtime/frameworks/ets/ets/ability_runtime_ui_ability_abc_etc.stamp
[OHOS INFO] [NINJA] [2723/4519] STAMP obj/foundation/ability/ability_runtime/frameworks/ets/ets/ability_runtime_ui_ability_context_abc_etc.stamp
[OHOS INFO] [NINJA] [2724/4519] STAMP obj/foundation/ability/ability_runtime/frameworks/ets/ets/ability_runtime_ui_service_extension_ability_abc_etc.stamp
[OHOS INFO] [NINJA] [2725/4519] STAMP obj/foundation/ability/ability_runtime/frameworks/ets/ets/ability_runtime_vertical_panel_manager_abc_etc.stamp
[OHOS INFO] [NINJA] [2726/4519] STAMP obj/foundation/ability/ability_runtime/frameworks/ets/ets/ability_runtime_view_data_abc_etc.stamp
[OHOS INFO] [NINJA] [2727/4519] STAMP obj/foundation/ability/ability_runtime/frameworks/ets/ets/ability_runtime_want_abc_etc.stamp
[OHOS INFO] [NINJA] [2728/4519] STAMP obj/foundation/ability/ability_runtime/frameworks/ets/ets/ability_runtime_want_agent_abc_etc.stamp
[OHOS INFO] [NINJA] [2729/4519] STAMP obj/foundation/ability/ability_runtime/frameworks/ets/ets/ability_runtime_want_agent_info_abc_etc.stamp
[OHOS INFO] [NINJA] [2730/4519] STAMP obj/foundation/ability/ability_runtime/frameworks/ets/ets/ability_runtime_want_constant_abc_etc.stamp
[OHOS INFO] [NINJA] [2731/4519] STAMP obj/foundation/ability/ability_runtime/frameworks/ets/ets/appRecovery_abc_etc.stamp
[OHOS INFO] [NINJA] [2732/4519] STAMP obj/foundation/ability/ability_runtime/frameworks/ets/ets/app_foreground_state_observer_abc_etc.stamp
[OHOS INFO] [NINJA] [2733/4519] STAMP obj/foundation/ability/ability_runtime/frameworks/ets/ets/app_processInfo_abc_etc.stamp
[OHOS INFO] [NINJA] [2734/4519] STAMP obj/foundation/ability/ability_runtime/frameworks/ets/ets/app_service_extension_ability_abc_etc.stamp
[OHOS INFO] [NINJA] [2735/4519] STAMP obj/foundation/ability/ability_runtime/frameworks/ets/ets/application_state_observer_abc_etc.stamp
[OHOS INFO] [NINJA] [2736/4519] STAMP obj/foundation/ability/ability_runtime/frameworks/ets/ets/atomic_service_options_abc_etc.stamp
[OHOS INFO] [NINJA] [2737/4519] STAMP obj/foundation/ability/ability_runtime/frameworks/ets/ets/business_ability_info_abc_etc.stamp
[OHOS INFO] [NINJA] [2738/4519] STAMP obj/foundation/ability/ability_runtime/frameworks/ets/ets/business_ability_router_abc_etc.stamp
[OHOS INFO] [NINJA] [2739/4519] STAMP obj/foundation/ability/ability_runtime/frameworks/ets/ets/completion_handler_for_atomic_service_abc_etc.stamp
[OHOS INFO] [NINJA] [2740/4519] STAMP obj/foundation/ability/ability_runtime/frameworks/ets/ets/errorManager_abc_etc.stamp
[OHOS INFO] [NINJA] [2741/4519] STAMP obj/foundation/ability/ability_runtime/frameworks/ets/ets/form_extension_ability_etc.stamp
[OHOS INFO] [NINJA] [2742/4519] STAMP obj/foundation/ability/ability_runtime/frameworks/ets/ets/photo_editor_extension_ability_etc.stamp
[OHOS INFO] [NINJA] [2743/4519] STAMP obj/foundation/ability/ability_runtime/frameworks/ets/ets/quick_fix_manager_abc_etc.stamp
[OHOS INFO] [NINJA] [2744/4519] STAMP obj/foundation/ability/ability_runtime/frameworks/ets/ets/service_extension_ability_abc_etc.stamp
[OHOS INFO] [NINJA] [2745/4519] STAMP obj/foundation/ability/ability_runtime/frameworks/ets/ets/ui_extension_ability_ani_etc.stamp
[OHOS INFO] [NINJA] [2746/4519] STAMP obj/foundation/ability/ability_runtime/frameworks/ets/ets/ui_service_extension_connect_callback_abc_etc.stamp
[OHOS INFO] [NINJA] [2747/4519] STAMP obj/foundation/ability/ability_runtime/frameworks/ets/ets/ui_service_extension_context_abc_etc.stamp
[OHOS INFO] [NINJA] [2748/4519] STAMP obj/foundation/ability/ability_runtime/frameworks/ets/ets/ui_service_host_proxy_abc_etc.stamp
[OHOS INFO] [NINJA] [2749/4519] STAMP obj/foundation/ability/ability_runtime/frameworks/ets/ets/ui_service_proxy_abc_etc.stamp
[OHOS INFO] [NINJA] [2750/4519] STAMP obj/foundation/ability/ability_runtime/frameworks/ets/ets/uri_permission_manager_abc_etc.stamp
[OHOS INFO] [NINJA] [2751/4519] STAMP obj/foundation/ability/dmsfwk/frameworks/native/distributed_extension/ets/distributed_extension_ability_prebuilt.stamp
[OHOS INFO] [NINJA] [2752/4519] STAMP obj/foundation/ability/dmsfwk/interfaces/taihe/dmsfwk_abc_etc.stamp
[OHOS INFO] [NINJA] [2753/4519] STAMP obj/foundation/ability/form_fwk/frameworks/ets/ani/form_binding_data/form_binding_data_etc.stamp
[OHOS INFO] [NINJA] [2754/4519] STAMP obj/foundation/ability/form_fwk/frameworks/ets/ani/form_agent/form_agent_etc.stamp
[OHOS INFO] [NINJA] [2755/4519] STAMP obj/foundation/ability/form_fwk/frameworks/ets/ani/form_edit_extension_ability/form_edit_extension_ability_etc.stamp
[OHOS INFO] [NINJA] [2756/4519] STAMP obj/foundation/ability/form_fwk/frameworks/ets/ani/form_edit_extension_ability/form_edit_extension_context_etc.stamp
[OHOS INFO] [NINJA] [2757/4519] STAMP obj/foundation/ability/form_fwk/frameworks/ets/ani/form_error/form_error_etc.stamp
[OHOS INFO] [NINJA] [2758/4519] STAMP obj/foundation/ability/form_fwk/frameworks/ets/ani/form_host/form_host_etc.stamp
[OHOS INFO] [NINJA] [2759/4519] STAMP obj/foundation/ability/form_fwk/frameworks/ets/ani/form_info/form_info_etc.stamp
[OHOS INFO] [NINJA] [2760/4519] STAMP obj/foundation/ability/form_fwk/frameworks/ets/ani/form_observer/form_observer_abc_etc.stamp
[OHOS INFO] [NINJA] [2761/4519] STAMP obj/foundation/ability/form_fwk/frameworks/ets/ani/form_provider/form_provider_etc.stamp
[OHOS INFO] [NINJA] [2762/4519] STAMP obj/foundation/ability/form_fwk/frameworks/ets/ani/live_form_extension_ability/live_form_extension_context_etc.stamp
[OHOS INFO] [NINJA] [2763/4519] STAMP obj/foundation/ability/form_fwk/frameworks/ets/ani/live_form_extension_ability/live_form_extension_ability_etc.stamp
[OHOS INFO] [NINJA] [2764/4519] STAMP obj/foundation/ai/intelligent_voice_framework/frameworks/taihe/intelligent_voice_framework_etc.stamp
[OHOS INFO] [NINJA] [2765/4519] STAMP obj/foundation/arkui/ace_engine/interfaces/ets/ani/animator/animator_ani_abc_etc.stamp
[OHOS INFO] [NINJA] [2766/4519] STAMP obj/foundation/arkui/ace_engine/interfaces/ets/ani/componentSnapshot/componentSnapshot_etc.stamp
[OHOS INFO] [NINJA] [2767/4519] STAMP obj/foundation/arkui/ace_engine/interfaces/ets/ani/componentUtils/componentUtils_etc.stamp
[OHOS INFO] [NINJA] [2768/4519] STAMP obj/foundation/arkui/ace_engine/interfaces/ets/ani/curves/curves_etc.stamp
[OHOS INFO] [NINJA] [2769/4519] STAMP obj/foundation/arkui/ace_engine/interfaces/ets/ani/focuscontroller/focusController_etc.stamp
[OHOS INFO] [NINJA] [2770/4519] STAMP obj/foundation/arkui/ace_engine/interfaces/ets/ani/displaySync/display_sync_ani_abc_etc.stamp
[OHOS INFO] [NINJA] [2771/4519] STAMP obj/foundation/arkui/ace_engine/interfaces/ets/ani/imagecache/imagecache_etc.stamp
[OHOS INFO] [NINJA] [2772/4519] STAMP obj/foundation/arkui/ace_engine/interfaces/ets/ani/matrix4/matrix4_etc.stamp
[OHOS INFO] [NINJA] [2773/4519] STAMP obj/foundation/arkui/ace_engine/interfaces/ets/ani/observer/observer_etc.stamp
[OHOS INFO] [NINJA] [2774/4519] STAMP obj/foundation/arkui/ace_engine/interfaces/ets/ani/mediaquery/mediaquery_etc.stamp
[OHOS INFO] [NINJA] [2775/4519] STAMP obj/foundation/arkui/ace_engine/interfaces/ets/ani/ohosprompt/prompt_etc.stamp
[OHOS INFO] [NINJA] [2776/4519] STAMP obj/foundation/arkui/ace_engine/interfaces/ets/ani/overlayManager/overlayManager_etc.stamp
[OHOS INFO] [NINJA] [2777/4519] STAMP obj/foundation/arkui/ace_engine/interfaces/ets/ani/performanceMonitor/performanceMonitor_etc.stamp
[OHOS INFO] [NINJA] [2778/4519] STAMP obj/foundation/arkui/ace_engine/interfaces/ets/ani/promptaction/promptAction_etc.stamp
[OHOS INFO] [NINJA] [2779/4519] STAMP obj/foundation/arkui/ace_engine/interfaces/ets/ani/shape/shape_etc.stamp
[OHOS INFO] [NINJA] [2780/4519] STAMP obj/foundation/arkui/ace_engine/interfaces/ets/ani/smartgesturecontroller/smartGestureController_etc.stamp
[OHOS INFO] [NINJA] [2781/4519] STAMP obj/foundation/arkui/ace_engine/interfaces/ets/ani/systemprompt/systemprompt_etc.stamp
[OHOS INFO] [NINJA] [2782/4519] STAMP obj/foundation/arkui/ace_engine/interfaces/ets/ani/test/test_etc.stamp
[OHOS INFO] [NINJA] [2783/4519] STAMP obj/foundation/arkui/ui_appearance/interfaces/ets/ani/ui_appearance_etc.stamp
[OHOS INFO] [NINJA] [2784/4519] STAMP obj/foundation/barrierfree/accessibility/interfaces/kits/ani/accessibility_ani_abc_etc.stamp
[OHOS INFO] [NINJA] [2785/4519] STAMP obj/foundation/barrierfree/accessibility/interfaces/kits/ani/accessibility_config/accessibility_config_ani_abc_etc.stamp
[OHOS INFO] [NINJA] [2786/4519] STAMP obj/foundation/barrierfree/accessibility/interfaces/kits/ani/accessibility_extension/accessibility_extension_ability_ani_abc_etc.stamp
[OHOS INFO] [NINJA] [2787/4519] STAMP obj/foundation/barrierfree/accessibility/interfaces/kits/ani/accessibility_extension/accessibility_extension_context_ani_abc_etc.stamp
[OHOS INFO] [NINJA] [2788/4519] STAMP obj/foundation/bundlemanager/app_domain_verify/interfaces/kits/js/ani/appdomainverify_ani.stamp
[OHOS INFO] [NINJA] [2789/4519] STAMP obj/foundation/bundlemanager/bundle_framework/interfaces/kits/ani/bundle_installer/bundle_installer_etc.stamp
[OHOS INFO] [NINJA] [2790/4519] STAMP obj/foundation/bundlemanager/bundle_framework/interfaces/kits/ani/app_control/app_control_etc.stamp
[OHOS INFO] [NINJA] [2791/4519] STAMP obj/foundation/bundlemanager/bundle_framework/interfaces/kits/ani/bundle_manager/app_provision_info_etc.stamp
[OHOS INFO] [NINJA] [2792/4519] STAMP obj/foundation/bundlemanager/bundle_framework/interfaces/kits/ani/bundle_manager/ability_info_etc.stamp
[OHOS INFO] [NINJA] [2793/4519] STAMP obj/foundation/bundlemanager/bundle_framework/interfaces/kits/ani/bundle_manager/application_info_etc.stamp
[OHOS INFO] [NINJA] [2794/4519] STAMP obj/foundation/bundlemanager/bundle_framework/interfaces/kits/ani/bundle_manager/bundle_info_etc.stamp
[OHOS INFO] [NINJA] [2795/4519] STAMP obj/foundation/bundlemanager/bundle_framework/interfaces/kits/ani/bundle_manager/bundle_manager_etc.stamp
[OHOS INFO] [NINJA] [2796/4519] STAMP obj/foundation/bundlemanager/bundle_framework/interfaces/kits/ani/bundle_manager/extension_ability_info_etc.stamp
[OHOS INFO] [NINJA] [2797/4519] STAMP obj/foundation/bundlemanager/bundle_framework/interfaces/kits/ani/bundle_manager/hap_module_info_etc.stamp
[OHOS INFO] [NINJA] [2798/4519] STAMP obj/foundation/bundlemanager/bundle_framework/interfaces/kits/ani/bundle_manager/metadata_etc.stamp
[OHOS INFO] [NINJA] [2799/4519] STAMP obj/foundation/bundlemanager/bundle_framework/interfaces/kits/ani/bundle_manager/permission_def_etc.stamp
[OHOS INFO] [NINJA] [2800/4519] STAMP obj/foundation/bundlemanager/bundle_framework/interfaces/kits/ani/bundle_manager/plugin_bundle_info_etc.stamp
[OHOS INFO] [NINJA] [2801/4519] STAMP obj/foundation/bundlemanager/bundle_framework/interfaces/kits/ani/bundle_manager/recoverable_application_info_etc.stamp
[OHOS INFO] [NINJA] [2802/4519] STAMP obj/foundation/bundlemanager/bundle_framework/interfaces/kits/ani/bundle_manager/share_bundle_info_etc.stamp
[OHOS INFO] [NINJA] [2803/4519] STAMP obj/foundation/bundlemanager/bundle_framework/interfaces/kits/ani/bundle_manager/skill_etc.stamp
[OHOS INFO] [NINJA] [2804/4519] STAMP obj/foundation/bundlemanager/bundle_framework/interfaces/kits/ani/bundle_monitor/bundle_monitor_etc.stamp
[OHOS INFO] [NINJA] [2805/4519] STAMP obj/foundation/bundlemanager/bundle_framework/interfaces/kits/ani/default_app_manager/default_app_manager_etc.stamp
[OHOS INFO] [NINJA] [2806/4519] STAMP obj/foundation/bundlemanager/bundle_framework/interfaces/kits/ani/freeInstall/bundle_pack_info_etc.stamp
[OHOS INFO] [NINJA] [2807/4519] STAMP obj/foundation/bundlemanager/bundle_framework/interfaces/kits/ani/freeInstall/freeInstall_etc.stamp
[OHOS INFO] [NINJA] [2808/4519] STAMP obj/foundation/bundlemanager/bundle_framework/interfaces/kits/ani/freeInstall/dispatch_info_etc.stamp
[OHOS INFO] [NINJA] [2809/4519] STAMP obj/foundation/bundlemanager/bundle_framework/interfaces/kits/ani/launcher_bundle_manager/element_name_etc.stamp
[OHOS INFO] [NINJA] [2810/4519] STAMP obj/foundation/bundlemanager/bundle_framework/interfaces/kits/ani/launcher_bundle_manager/launcher_ability_info_etc.stamp
[OHOS INFO] [NINJA] [2811/4519] STAMP obj/foundation/bundlemanager/bundle_framework/interfaces/kits/ani/launcher_bundle_manager/launcher_bundle_manager_etc.stamp
[OHOS INFO] [NINJA] [2812/4519] STAMP obj/foundation/bundlemanager/bundle_framework/interfaces/kits/ani/overlay/overlay_etc.stamp
[OHOS INFO] [NINJA] [2813/4519] STAMP obj/foundation/bundlemanager/bundle_framework/interfaces/kits/ani/overlay/overlay_module_info_etc.stamp
[OHOS INFO] [NINJA] [2814/4519] STAMP obj/foundation/bundlemanager/bundle_framework/interfaces/kits/ani/plugin_manager/plugin_bundle_manager_etc.stamp
[OHOS INFO] [NINJA] [2815/4519] STAMP obj/foundation/bundlemanager/bundle_framework/interfaces/kits/ani/resource_manager/bundle_resource_info_etc.stamp
[OHOS INFO] [NINJA] [2816/4519] STAMP obj/foundation/bundlemanager/bundle_framework/interfaces/kits/ani/resource_manager/bundle_resource_manager_etc.stamp
[OHOS INFO] [NINJA] [2817/4519] STAMP obj/foundation/bundlemanager/bundle_framework/interfaces/kits/ani/resource_manager/launcher_ability_resource_info_etc.stamp
[OHOS INFO] [NINJA] [2818/4519] STAMP obj/foundation/bundlemanager/bundle_framework/interfaces/kits/ani/shortcut_manager/shortcut_info_etc.stamp
[OHOS INFO] [NINJA] [2819/4519] STAMP obj/foundation/bundlemanager/bundle_framework/interfaces/kits/ani/shortcut_manager/shortcut_manager_etc.stamp
[OHOS INFO] [NINJA] [2820/4519] STAMP obj/foundation/bundlemanager/bundle_framework/interfaces/kits/ani/zlib/zlib_etc.stamp
[OHOS INFO] [NINJA] [2821/4519] STAMP obj/foundation/bundlemanager/distributed_bundle_framework/interfaces/kits/ani/distributed_bundle_manager/ani_dbms_packages.stamp
[OHOS INFO] [NINJA] [2822/4519] STAMP obj/foundation/communication/bluetooth/frameworks/ets/taihe/bluetooth_access/bluetoothAccess_etc.stamp
[OHOS INFO] [NINJA] [2823/4519] STAMP obj/foundation/communication/bluetooth/frameworks/ets/taihe/bluetooth_a2dp/bluetoothA2dp_etc.stamp
[OHOS INFO] [NINJA] [2824/4519] STAMP obj/foundation/communication/bluetooth/frameworks/ets/taihe/bluetooth_baseProfile/bluetoothBaseProfile_etc.stamp
[OHOS INFO] [NINJA] [2825/4519] STAMP obj/foundation/communication/bluetooth/frameworks/ets/taihe/bluetooth_ble/bluetoothBle_etc.stamp
[OHOS INFO] [NINJA] [2826/4519] STAMP obj/foundation/communication/bluetooth/frameworks/ets/taihe/bluetooth_constant/bluetoothConstant_etc.stamp
[OHOS INFO] [NINJA] [2827/4519] STAMP obj/foundation/communication/bluetooth/frameworks/ets/taihe/bluetooth_connection/bluetoothConnection_etc.stamp
[OHOS INFO] [NINJA] [2828/4519] STAMP obj/foundation/communication/bluetooth/frameworks/ets/taihe/bluetooth_hid/bluetoothHid_etc.stamp
[OHOS INFO] [NINJA] [2829/4519] STAMP obj/foundation/communication/bluetooth/frameworks/ets/taihe/bluetooth_hfp/bluetoothHfp_etc.stamp
[OHOS INFO] [NINJA] [2830/4519] STAMP obj/foundation/communication/dsoftbus/br_proxy/taihe/proxychannelmanager_abc_etc.stamp
[OHOS INFO] [NINJA] [2831/4519] STAMP obj/foundation/communication/dsoftbus/sdk/taihe/linkEnhance_taihe.stamp
[OHOS INFO] [NINJA] [2832/4519] STAMP obj/foundation/communication/dsoftbus/sdk/taihe/agent_communication/conversation_taihe.stamp
[OHOS INFO] [NINJA] [2833/4519] STAMP obj/foundation/communication/fusion_connectivity/fusion_ranging/frameworks/ets/taihe/fusionConnectivityRanging_etc.stamp
[OHOS INFO] [NINJA] [2834/4519] STAMP obj/foundation/communication/ipc/ipc/native/src/ani/rpc/rpc_ani_package.stamp
[OHOS INFO] [NINJA] [2835/4519] STAMP obj/foundation/communication/ipc/ipc/native/src/taihe/rpc_taihe_etc.stamp
[OHOS INFO] [NINJA] [2836/4519] STAMP obj/foundation/communication/netmanager_base/frameworks/ets/ani/connection/connection_etc.stamp
[OHOS INFO] [NINJA] [2837/4519] STAMP obj/foundation/communication/netmanager_base/frameworks/ets/ani/policy/policy_etc.stamp
[OHOS INFO] [NINJA] [2838/4519] STAMP obj/foundation/communication/netmanager_base/frameworks/ets/ani/statistics/statistics_etc.stamp
[OHOS INFO] [NINJA] [2839/4519] STAMP obj/foundation/communication/netmanager_ext/frameworks/ets/ani/eap/eap_etc.stamp
[OHOS INFO] [NINJA] [2840/4519] STAMP obj/foundation/communication/netmanager_ext/frameworks/ets/ani/ethernet/ethernet_etc.stamp
[OHOS INFO] [NINJA] [2841/4519] STAMP obj/foundation/communication/netmanager_ext/frameworks/ets/ani/mdns/mdns_etc.stamp
[OHOS INFO] [NINJA] [2842/4519] STAMP obj/foundation/communication/netmanager_ext/frameworks/ets/ani/sharing/sharing_etc.stamp
[OHOS INFO] [NINJA] [2843/4519] STAMP obj/foundation/communication/netmanager_ext/frameworks/ets/ani/vpn/vpn_etc.stamp
[OHOS INFO] [NINJA] [2844/4519] STAMP obj/foundation/communication/netmanager_ext/frameworks/ets/ani/vpnextension/vpnextension_etc.stamp
[OHOS INFO] [NINJA] [2845/4519] STAMP obj/foundation/communication/netmanager_ext/frameworks/ets/ani/vpnextensionability/vpnextensionability_etc.stamp
[OHOS INFO] [NINJA] [2846/4519] STAMP obj/foundation/communication/netstack/frameworks/ets/ani/http/http_etc.stamp
[OHOS INFO] [NINJA] [2847/4519] STAMP obj/foundation/communication/netstack/frameworks/ets/ani/net_ssl/network_security_etc.stamp
[OHOS INFO] [NINJA] [2848/4519] STAMP obj/foundation/communication/netstack/frameworks/ets/ani/web_socket/websocket_etc.stamp
[OHOS INFO] [NINJA] [2849/4519] STAMP obj/foundation/communication/wifi/wifi/frameworks/ets/taihe/wifiManager/wifiManager_framework_taihe.stamp
[OHOS INFO] [NINJA] [2850/4519] STAMP obj/foundation/distributeddatamgr/data_object/frameworks/ets/taihe/ohos.data.distributedDataObject/ohos_distributeddata_object_etc.stamp
[OHOS INFO] [NINJA] [2851/4519] STAMP obj/foundation/distributeddatamgr/data_share/frameworks/ets/ani/datashare_ani_abc_etc.stamp
[OHOS INFO] [NINJA] [2852/4519] STAMP obj/foundation/distributeddatamgr/data_share/frameworks/ets/ani/datashare_extension_ability_ani_abc_etc.stamp
[OHOS INFO] [NINJA] [2853/4519] STAMP obj/foundation/distributeddatamgr/data_share/frameworks/ets/ani/datashare_predicates_ani_abc_etc.stamp
[OHOS INFO] [NINJA] [2854/4519] ACTION //foundation/multimedia/av_session/frameworks/taihe:avsession_taihe_abc(//build/toolchain/ohos:ohos_clang_arm)
[OHOS INFO] [NINJA] [2855/4519] STAMP obj/foundation/distributeddatamgr/data_share/frameworks/ets/ani/datashare_resultset_ani_abc_etc.stamp
[OHOS INFO] [NINJA] [2856/4519] STAMP obj/foundation/distributeddatamgr/kv_store/frameworks/ets/taihe/kv_store/distributedkvstore_etc.stamp
[OHOS INFO] [NINJA] [2857/4519] STAMP obj/foundation/multimedia/av_session/frameworks/taihe/avsession_taihe_abc.stamp
[OHOS INFO] [NINJA] [2858/4519] STAMP obj/foundation/distributeddatamgr/preferences/frameworks/ets/taihe/preferences/preferences_etc.stamp
[OHOS INFO] [NINJA] [2859/4519] STAMP obj/foundation/distributeddatamgr/pasteboard/interfaces/taihe/pasteboard_abc_etc.stamp
[OHOS INFO] [NINJA] [2860/4519] STAMP obj/foundation/distributeddatamgr/relational_store/frameworks/ets/cloud_extension/cloud_extension_ext_abc_etc.stamp
[OHOS INFO] [NINJA] [2861/4519] COPY obj/foundation/multimedia/av_session/frameworks/taihe/avsession_taihe_abc.abc obj/foundation/multimedia/av_session/frameworks/taihe/out/rk3568/obj/foundation/multimedia/av_session/frameworks/taihe/avsession_taihe_abc.abc
[OHOS INFO] [NINJA] [2862/4519] STAMP obj/foundation/distributeddatamgr/relational_store/frameworks/ets/taihe/cloud_data/clouddata_etc.stamp
[OHOS INFO] [NINJA] [2863/4519] STAMP obj/foundation/distributeddatamgr/relational_store/frameworks/ets/taihe/cloud_data/clouddata_commontype_etc.stamp
[OHOS INFO] [NINJA] [2864/4519] STAMP obj/foundation/distributeddatamgr/relational_store/frameworks/ets/taihe/relational_store/relationalstore_etc.stamp
[OHOS INFO] [NINJA] [2865/4519] STAMP obj/foundation/distributeddatamgr/udmf/interfaces/taihe/ets/udmf_components_ets_abc_etc.stamp
[OHOS INFO] [NINJA] [2866/4519] STAMP obj/foundation/distributedhardware/device_manager/interfaces/kits/devicemanager_native_js.stamp
[OHOS INFO] [NINJA] [2867/4519] STAMP obj/foundation/distributedhardware/distributed_hardware_fwk/taihe/hardware_taihe_etc.stamp
[OHOS INFO] [NINJA] [2868/4519] STAMP obj/foundation/distributedhardware/mechbody_controller/interface/ets/mech_manager/mech_manager_etc.stamp
[OHOS INFO] [NINJA] [2869/4519] STAMP obj/foundation/filemanagement/app_file_service/frameworks/native/backup_ext/ani/backup_ext_abc_etc.stamp
[OHOS INFO] [NINJA] [2870/4519] STAMP obj/foundation/filemanagement/app_file_service/interfaces/kits/ani/backup/backup_transfer_abc_etc.stamp
[OHOS INFO] [NINJA] [2871/4519] STAMP obj/foundation/filemanagement/app_file_service/interfaces/kits/taihe/backup/file_backup_etc.stamp
[OHOS INFO] [NINJA] [2872/4519] STAMP obj/foundation/filemanagement/app_file_service/interfaces/kits/taihe/fileshare/file_share_etc.stamp
[OHOS INFO] [NINJA] [2873/4519] STAMP obj/foundation/filemanagement/app_file_service/interfaces/kits/taihe/fileuri/file_fileuri_etc.stamp
[OHOS INFO] [NINJA] [2874/4519] STAMP obj/foundation/filemanagement/dfs_service/interfaces/kits/js/ani/file_cloud_sync/file_cloud_sync_etc.stamp
[OHOS INFO] [NINJA] [2875/4519] STAMP obj/foundation/filemanagement/dfs_service/interfaces/kits/js/ani/file_cloud_sync_manager/file_cloud_sync_manager_etc.stamp
[OHOS INFO] [NINJA] [2876/4519] STAMP obj/foundation/filemanagement/disk_manager/interfaces/kits/taihe/volume_manager_etc.stamp
[OHOS INFO] [NINJA] [2877/4519] STAMP obj/foundation/filemanagement/storage_service/interfaces/kits/taihe/key_manager/key_manager_etc.stamp
[OHOS INFO] [NINJA] [2878/4519] STAMP obj/foundation/filemanagement/storage_service/interfaces/kits/taihe/storage_statistics/storage_statistics_etc.stamp
[OHOS INFO] [NINJA] [2879/4519] STAMP obj/foundation/filemanagement/user_file_service/interfaces/kits/taihe/clouddiskmanager/clouddiskmanager_etc.stamp
[OHOS INFO] [NINJA] [2880/4519] STAMP obj/foundation/graphic/graphic_2d/interfaces/kits/ani/color_manager/ani_color_space_manager.stamp
[OHOS INFO] [NINJA] [2881/4519] STAMP obj/foundation/graphic/graphic_2d/interfaces/kits/ani/effect_kit/effectKit_etc.stamp
[OHOS INFO] [NINJA] [2882/4519] STAMP obj/foundation/graphic/graphic_2d/interfaces/kits/ani/hdr_capability/ani_hdr_capability.stamp
[OHOS INFO] [NINJA] [2883/4519] STAMP obj/foundation/graphic/graphic_3d/kits/ets/graphics3d_scene_boids_sim_etc.stamp
[OHOS INFO] [NINJA] [2884/4519] STAMP obj/foundation/graphic/graphic_3d/kits/ets/graphics3d_scene_etc.stamp
[OHOS INFO] [NINJA] [2885/4519] STAMP obj/foundation/graphic/graphic_3d/kits/ets/graphics3d_scene_nodes_etc.stamp
[OHOS INFO] [NINJA] [2886/4519] STAMP obj/foundation/graphic/graphic_3d/kits/ets/graphics3d_scene_post_process_settings_etc.stamp
[OHOS INFO] [NINJA] [2887/4519] STAMP obj/foundation/graphic/graphic_3d/kits/ets/graphics3d_scene_resources_etc.stamp
[OHOS INFO] [NINJA] [2888/4519] STAMP obj/foundation/graphic/graphic_3d/kits/ets/graphics3d_scene_types_etc.stamp
[OHOS INFO] [NINJA] [2889/4519] STAMP obj/foundation/multimedia/audio_framework/frameworks/taihe/audio_framework_etc.stamp
[OHOS INFO] [NINJA] [2890/4519] STAMP obj/foundation/multimedia/av_session/avinputcastpicker_static/avinputcastpicker/av_input_cast_picker.stamp
[OHOS INFO] [NINJA] [2891/4519] STAMP obj/foundation/multimedia/av_session/avpicker_static/avpicker/av_cast_picker.stamp
[OHOS INFO] [NINJA] [2892/4519] STAMP obj/foundation/multimedia/av_session/avvolumepanel_static/avvolumepanel/av_volume_panel.stamp
[OHOS INFO] [NINJA] [2893/4519] STAMP obj/foundation/multimedia/av_session/frameworks/taihe/avsession_etc.stamp
[OHOS INFO] [NINJA] [2894/4519] STAMP obj/foundation/multimedia/camera_framework/frameworks/taihe/camera_picker_etc.stamp
[OHOS INFO] [NINJA] [2895/4519] STAMP obj/foundation/multimedia/image_framework/frameworks/kits/taihe/image_framework_etc.stamp
[OHOS INFO] [NINJA] [2896/4519] STAMP obj/foundation/multimedia/media_library/frameworks/ani/userfile_manager_etc.stamp
[OHOS INFO] [NINJA] [2897/4519] STAMP obj/foundation/multimedia/media_library/frameworks/ani/ets/photo_picker_static/album_picker_component/album_picker_component.stamp
[OHOS INFO] [NINJA] [2898/4519] STAMP obj/foundation/multimedia/drm_framework/frameworks/taihe/drm_framework_etc.stamp
[OHOS INFO] [NINJA] [2899/4519] STAMP obj/foundation/multimedia/media_library/frameworks/ani/ets/photo_picker_static/photo_picker_component/photo_picker_component.stamp
[OHOS INFO] [NINJA] [2900/4519] STAMP obj/foundation/multimedia/media_library/frameworks/ani/ets/photo_picker_static/recent_photo_component/recent_photo_component.stamp
[OHOS INFO] [NINJA] [2901/4519] STAMP obj/foundation/multimedia/player_framework/frameworks/taihe/media_taihe_etc.stamp
[OHOS INFO] [NINJA] [2902/4519] STAMP obj/foundation/multimedia/player_framework/frameworks/taihe/soundpool_etc.stamp
[OHOS INFO] [NINJA] [2903/4519] STAMP obj/foundation/multimedia/player_framework/frameworks/taihe/audioHaptic/audioHaptic_etc.stamp
[OHOS INFO] [NINJA] [2904/4519] STAMP obj/foundation/multimedia/video_processing_engine/interfaces/kits/taihe/video_processing_engine_etc.stamp
[OHOS INFO] [NINJA] [2905/4519] STAMP obj/foundation/multimodalinput/input/frameworks/ets/gesture_event/ets_gestureEvent_package.stamp
[OHOS INFO] [NINJA] [2906/4519] STAMP obj/foundation/multimodalinput/input/frameworks/ets/infrared_emitter/ets_infraredEmitter_package.stamp
[OHOS INFO] [NINJA] [2907/4519] STAMP obj/foundation/multimodalinput/input/frameworks/ets/input_device/ets_inputDevice_package.stamp
[OHOS INFO] [NINJA] [2908/4519] STAMP obj/foundation/multimodalinput/input/frameworks/ets/input_event/ets_inputEvent_package.stamp
[OHOS INFO] [NINJA] [2909/4519] STAMP obj/foundation/multimodalinput/input/frameworks/ets/input_monitor/ets_inputMonitor_package.stamp
[OHOS INFO] [NINJA] [2910/4519] STAMP obj/foundation/multimodalinput/input/frameworks/ets/intention_code/ets_intentionCode_package.stamp
[OHOS INFO] [NINJA] [2911/4519] STAMP obj/foundation/multimodalinput/input/frameworks/ets/key_code/ets_keyCode_package.stamp
[OHOS INFO] [NINJA] [2912/4519] STAMP obj/foundation/multimodalinput/input/frameworks/ets/key_event/ets_keyEvent_package.stamp
[OHOS INFO] [NINJA] [2913/4519] STAMP obj/foundation/multimodalinput/input/frameworks/ets/mouse_event/ets_mouseEvent_package.stamp
[OHOS INFO] [NINJA] [2914/4519] STAMP obj/foundation/multimodalinput/input/frameworks/ets/short_key/ets_shortKey_package.stamp
[OHOS INFO] [NINJA] [2915/4519] STAMP obj/foundation/multimodalinput/input/frameworks/ets/pointer/ets_pointer_package.stamp
[OHOS INFO] [NINJA] [2916/4519] STAMP obj/foundation/multimodalinput/input/frameworks/ets/touch_event/ets_touchEvent_package.stamp
[OHOS INFO] [NINJA] [2917/4519] STAMP obj/foundation/resourceschedule/device_standby/interfaces/kits/ani/device_standby_etc.stamp
[OHOS INFO] [NINJA] [2918/4519] STAMP obj/foundation/resourceschedule/device_usage_statistics/interfaces/kits/bundlestats/taihe/usage_statistics/usageStatistics_etc.stamp
[OHOS INFO] [NINJA] [2919/4519] STAMP obj/foundation/resourceschedule/resource_schedule_service/ressched/interfaces/kits/ets/taihe/background_process_manager/backgroundprocessmanager_etc.stamp
[OHOS INFO] [NINJA] [2920/4519] STAMP obj/foundation/resourceschedule/resource_schedule_service/ressched/interfaces/kits/ets/taihe/systemload/systemload_etc.stamp
[OHOS INFO] [NINJA] [2921/4519] STAMP obj/foundation/resourceschedule/work_scheduler/interfaces/kits/ets/taihe/work_scheduler/work_scheduler_taihe.stamp
[OHOS INFO] [NINJA] [2922/4519] STAMP obj/foundation/systemabilitymgr/selectionfwk/frameworks/ets/taihe/SelectionPanel/selectionPanel_taihe.stamp
[OHOS INFO] [NINJA] [2923/4519] STAMP obj/foundation/window/window_manager/interfaces/kits/ani/screen_runtime/screen_ani.stamp
[OHOS INFO] [NINJA] [2924/4519] STAMP obj/foundation/window/window_manager/interfaces/kits/ani/screenshot_runtime/screenshot_ani.stamp
[OHOS INFO] [NINJA] [2925/4519] STAMP obj/test/testfwk/arkxtest/perftest/perftest_etc.stamp
[OHOS INFO] [NINJA] [2926/4519] STAMP obj/applications/standard/settings/ani/intelligentscene/intelligentscene_etc.stamp
[OHOS INFO] [NINJA] [2927/4519] STAMP obj/applications/standard/settings/ani/settings/settings_etc.stamp
[OHOS INFO] [NINJA] [2928/4519] STAMP obj/arkcompiler/runtime_core/static_core/ark_packages.stamp
[OHOS INFO] [NINJA] [2929/4519] STAMP obj/base/customization/enterprise_device_management/interfaces/ets/ani/ani_edm_package.stamp
[OHOS INFO] [NINJA] [2930/4519] STAMP obj/base/global/font_manager/interfaces/ani/ani_package_font_manager.stamp
[OHOS INFO] [NINJA] [2931/4519] STAMP obj/base/global/i18n/interfaces/ets/ani/ani_package_i18n.stamp
[OHOS INFO] [NINJA] [2932/4519] STAMP obj/base/global/resource_management/interfaces/ets/ani/ani_package_resmgr.stamp
[OHOS INFO] [NINJA] [2933/4519] STAMP obj/base/hiviewdfx/hiappevent/frameworks/ets/ani/ani_hiappevent_package.stamp
[OHOS INFO] [NINJA] [2934/4519] STAMP obj/base/hiviewdfx/hichecker/interfaces/ets/ani/ani_hichecker_package.stamp
[OHOS INFO] [NINJA] [2935/4519] STAMP obj/base/hiviewdfx/hilog/interfaces/ets/ani/ani_hilog_package.stamp
[OHOS INFO] [NINJA] [2936/4519] STAMP obj/base/hiviewdfx/hitrace/hitrace_all_target.stamp
[OHOS INFO] [NINJA] [2937/4519] STAMP obj/base/hiviewdfx/hisysevent/interfaces/ets/ani/ani_hisysevent_package.stamp
[OHOS INFO] [NINJA] [2938/4519] STAMP obj/base/hiviewdfx/hiview/hiretrieval/hiretrieval_packages.stamp
[OHOS INFO] [NINJA] [2939/4519] STAMP obj/base/hiviewdfx/hiview/interfaces/ets/ani/ani_loglibrary_package.stamp
[OHOS INFO] [NINJA] [2940/4519] STAMP obj/base/inputmethod/imf/frameworks/ets/extension/ets/inputmethod_extension_ability_etc.stamp
[OHOS INFO] [NINJA] [2941/4519] STAMP obj/base/inputmethod/imf/frameworks/ets/inputmethodlist/inputmethod_list_dialog.stamp
[OHOS INFO] [NINJA] [2942/4519] STAMP obj/base/msdp/device_status/frameworks/ets/coordination/coordination_ani.stamp
[OHOS INFO] [NINJA] [2943/4519] STAMP obj/base/msdp/device_status/frameworks/ets/devicestatus/multimodalawareness_devicestatus_pack.stamp
[OHOS INFO] [NINJA] [2944/4519] STAMP obj/base/msdp/device_status/frameworks/ets/drag/dragInteraction.stamp
[OHOS INFO] [NINJA] [2945/4519] STAMP obj/base/msdp/device_status/frameworks/ets/metadataBinding/metadataBinding_ani.stamp
[OHOS INFO] [NINJA] [2946/4519] STAMP obj/base/msdp/device_status/frameworks/ets/onscreen/onScreen_ani.stamp
[OHOS INFO] [NINJA] [2947/4519] STAMP obj/base/msdp/device_status/frameworks/ets/motion/motion_ani.stamp
[OHOS INFO] [NINJA] [2948/4519] STAMP obj/base/msdp/device_status/frameworks/ets/spatialAwareness/spatialawareness_pack.stamp
[OHOS INFO] [NINJA] [2949/4519] STAMP obj/base/msdp/device_status/frameworks/ets/underageModel/underageModel_ani.stamp
[OHOS INFO] [NINJA] [2950/4519] STAMP obj/base/notification/eventhandler/frameworks/emitter_packages.stamp
[OHOS INFO] [NINJA] [2951/4519] STAMP obj/base/powermgr/battery_statistics/frameworks/ets/taihe/batterystats_taihe.stamp
[OHOS INFO] [NINJA] [2952/4519] STAMP obj/base/powermgr/battery_manager/frameworks/ets/taihe/battery_manager_taihe.stamp
[OHOS INFO] [NINJA] [2953/4519] STAMP obj/base/powermgr/display_manager/state_manager/frameworks/ets/taihe/display_manager_taihe.stamp
[OHOS INFO] [NINJA] [2954/4519] STAMP obj/base/powermgr/power_manager/frameworks/ets/taihe/power_manager_taihe.stamp
[OHOS INFO] [NINJA] [2955/4519] STAMP obj/base/powermgr/thermal_manager/frameworks/ets/taihe/thermal_manager_taihe.stamp
[OHOS INFO] [NINJA] [2956/4519] STAMP obj/base/security/certificate_framework/certificate_framework_component.stamp
[OHOS INFO] [NINJA] [2957/4519] STAMP obj/base/security/crypto_framework/crypto_framework_component.stamp
[OHOS INFO] [NINJA] [2958/4519] STAMP obj/base/sensors/miscdevice/frameworks/ets/taihe/vibrator_taihe.stamp
[OHOS INFO] [NINJA] [2959/4519] STAMP obj/base/sensors/sensor/frameworks/ets/taihe/sensor_taihe.stamp
[OHOS INFO] [NINJA] [2960/4519] STAMP obj/base/startup/init/init_fwk_group.stamp
[OHOS INFO] [NINJA] [2961/4519] STAMP obj/base/theme/screenlock_mgr/frameworks/ets/ani/screenLock_static_etc.stamp
[OHOS INFO] [NINJA] [2962/4519] STAMP obj/base/time/time_service/framework/js/taihe/system_datetime/systemdatetime_taihe.stamp
[OHOS INFO] [NINJA] [2963/4519] STAMP obj/base/time/time_service/framework/js/taihe/system_timer/systemtimer_taihe.stamp
[OHOS INFO] [NINJA] [2964/4519] STAMP obj/base/update/updateservice/frameworks/js/ani/update_framework_taihe.stamp
[OHOS INFO] [NINJA] [2965/4519] STAMP obj/base/usb/usb_manager/frameworks/ets/taihe/usb_taihe.stamp
[OHOS INFO] [NINJA] [2966/4519] STAMP obj/base/useriam/face_auth/frameworks/ets/ani/face_auth_ani.stamp
[OHOS INFO] [NINJA] [2967/4519] STAMP obj/commonlibrary/ets_utils/base_sdk/base_sdk_ets.stamp
[OHOS INFO] [NINJA] [2968/4519] STAMP obj/developtools/profiler/hidebug/interfaces/ets/ani/ani_profiler_hidebug_package.stamp
[OHOS INFO] [NINJA] [2969/4519] STAMP obj/developtools/syscap_codec/taihe/taihe_group.stamp
[OHOS INFO] [NINJA] [2970/4519] STAMP obj/foundation/ability/ability_runtime/agent_runtime_framework/frameworks/ets/ets/agent_runtime_ets_packages.stamp
[OHOS INFO] [NINJA] [2971/4519] STAMP obj/foundation/ability/ability_runtime/frameworks/ets/ets/ets_packages.stamp
[OHOS INFO] [NINJA] [2972/4519] STAMP obj/foundation/ability/dmsfwk/frameworks/native/distributed_extension/ets/distributed_extension_ability_etc.stamp
[OHOS INFO] [NINJA] [2973/4519] STAMP obj/foundation/ai/intelligent_voice_framework/frameworks/taihe/intelligent_voice_framework_taihe.stamp
[OHOS INFO] [NINJA] [2974/4519] STAMP obj/foundation/arkui/ui_appearance/interfaces/ets/ani/ui_appearance_ani_package.stamp
[OHOS INFO] [NINJA] [2975/4519] STAMP obj/foundation/barrierfree/accessibility/interfaces/kits/ani/ani_packages.stamp
[OHOS INFO] [NINJA] [2976/4519] STAMP obj/foundation/bundlemanager/app_domain_verify/app_domain_verify_packages.stamp
[OHOS INFO] [NINJA] [2977/4519] STAMP obj/foundation/bundlemanager/distributed_bundle_framework/ani_dbms_packages.stamp
[OHOS INFO] [NINJA] [2978/4519] STAMP obj/foundation/communication/bluetooth/frameworks/ets/taihe/bluetooth_a2dp/bluetoothA2dp_taihe.stamp
[OHOS INFO] [NINJA] [2979/4519] STAMP obj/foundation/communication/bluetooth/frameworks/ets/taihe/bluetooth_access/bluetoothAccess_taihe.stamp
[OHOS INFO] [NINJA] [2980/4519] STAMP obj/foundation/communication/bluetooth/frameworks/ets/taihe/bluetooth_baseProfile/bluetoothBaseProfile_taihe.stamp
[OHOS INFO] [NINJA] [2981/4519] STAMP obj/foundation/communication/bluetooth/frameworks/ets/taihe/bluetooth_ble/bluetoothBle_taihe.stamp
[OHOS INFO] [NINJA] [2982/4519] STAMP obj/foundation/communication/bluetooth/frameworks/ets/taihe/bluetooth_connection/bluetoothConnection_taihe.stamp
[OHOS INFO] [NINJA] [2983/4519] STAMP obj/foundation/communication/bluetooth/frameworks/ets/taihe/bluetooth_constant/bluetoothConstant_taihe.stamp
[OHOS INFO] [NINJA] [2984/4519] STAMP obj/foundation/communication/bluetooth/frameworks/ets/taihe/bluetooth_hid/bluetoothHid_taihe.stamp
[OHOS INFO] [NINJA] [2985/4519] STAMP obj/foundation/communication/bluetooth/frameworks/ets/taihe/bluetooth_hfp/bluetoothHfp_taihe.stamp
[OHOS INFO] [NINJA] [2986/4519] STAMP obj/foundation/communication/fusion_connectivity/fusion_ranging/frameworks/ets/taihe/fusionRanging_taihe.stamp
[OHOS INFO] [NINJA] [2987/4519] STAMP obj/foundation/communication/ipc/ipc/native/src/ani/rpc_ani_packages.stamp
[OHOS INFO] [NINJA] [2988/4519] STAMP obj/foundation/communication/ipc/ipc/native/src/taihe/rpc_taihe_components.stamp
[OHOS INFO] [NINJA] [2989/4519] STAMP obj/foundation/communication/netmanager_ext/vpn_packages.stamp
[OHOS INFO] [NINJA] [2990/4519] STAMP obj/foundation/communication/netmanager_ext/frameworks/ets/ani/ani_package.stamp
[OHOS INFO] [NINJA] [2991/4519] STAMP obj/foundation/communication/netstack/frameworks/ets/ani/ani_package.stamp
[OHOS INFO] [NINJA] [2992/4519] STAMP obj/foundation/communication/wifi/wifi/frameworks/wifi_kits.stamp
[OHOS INFO] [NINJA] [2993/4519] STAMP obj/foundation/distributeddatamgr/data_share/frameworks/ets/ani/datashare_ani_group.stamp
[OHOS INFO] [NINJA] [2994/4519] ACTION //base/global/system_resources/systemres:systemres_hap(//build/toolchain/ohos:ohos_clang_arm)
[OHOS INFO] [NINJA] [2995/4515] STAMP obj/foundation/distributeddatamgr/relational_store/frameworks/ets/cloud_extension/cloud_extension_ext_ani_package.stamp
[OHOS INFO] [NINJA] [2996/4515] STAMP obj/foundation/distributeddatamgr/udmf/interfaces/taihe/ets/udmf_components_ets.stamp
[OHOS INFO] [NINJA] [2997/4515] STAMP obj/foundation/distributedhardware/device_manager/device_manager_fwk.stamp
[OHOS INFO] [NINJA] [2998/4515] STAMP obj/foundation/distributedhardware/distributed_hardware_fwk/taihe/distributed_hardware_taihe.stamp
[OHOS INFO] [NINJA] [2999/4515] STAMP obj/foundation/distributedhardware/mechbody_controller/interface/ets/mech_manager/mechanic_manager_group_ani.stamp
[OHOS INFO] [NINJA] [3000/4515] STAMP obj/foundation/filemanagement/app_file_service/frameworks/native/backup_ext/ani/backup_ext_ani_package.stamp
[OHOS INFO] [NINJA] [3001/4515] STAMP obj/foundation/filemanagement/app_file_service/interfaces/kits/ani/backup/backup_ani_package.stamp
[OHOS INFO] [NINJA] [3002/4515] STAMP obj/foundation/filemanagement/app_file_service/interfaces/kits/taihe/backup/afs_backup_taihe.stamp
[OHOS INFO] [NINJA] [3003/4515] STAMP obj/foundation/filemanagement/dfs_service/interfaces/kits/js/ani/ani_package.stamp
[OHOS INFO] [NINJA] [3004/4515] STAMP obj/foundation/filemanagement/app_file_service/interfaces/kits/taihe/fileuri/afs_fileuri_taihe.stamp
[OHOS INFO] [NINJA] [3005/4515] STAMP obj/foundation/filemanagement/disk_manager/interfaces/kits/taihe/disk_manager_volume_manager_taihe.stamp
[OHOS INFO] [NINJA] [3006/4515] STAMP obj/foundation/filemanagement/storage_service/interfaces/kits/taihe/key_manager/storage_service_key_manager_taihe.stamp
[OHOS INFO] [NINJA] [3007/4515] STAMP obj/foundation/filemanagement/storage_service/interfaces/kits/taihe/storage_statistics/storage_service_storage_statistics_taihe.stamp
[OHOS INFO] [NINJA] [3008/4515] STAMP obj/foundation/filemanagement/user_file_service/interfaces/kits/taihe/clouddiskmanager/cloudmanager_taihe.stamp
[OHOS INFO] [NINJA] [3009/4515] STAMP obj/foundation/multimedia/av_session/avinputcastpicker_static/avinputcastpicker_static.stamp
[OHOS INFO] [NINJA] [3010/4515] STAMP obj/foundation/multimedia/av_session/avpicker_static/avpicker_static.stamp
[OHOS INFO] [NINJA] [3011/4515] STAMP obj/foundation/multimedia/av_session/avvolumepanel_static/avvolumepanel_static.stamp
[OHOS INFO] [NINJA] [3012/4515] STAMP obj/foundation/multimedia/media_library/frameworks/ani/ets/photo_picker_static/photo_picker_static.stamp
[OHOS INFO] [NINJA] [3013/4515] STAMP obj/foundation/multimedia/image_framework/frameworks/kits/taihe/image_framework_taihe.stamp
[OHOS INFO] [NINJA] [3014/4515] STAMP obj/foundation/multimedia/video_processing_engine/interfaces/kits/taihe/video_processing_engine_taihe_group.stamp
[OHOS INFO] [NINJA] [3015/4515] STAMP obj/foundation/resourceschedule/device_usage_statistics/interfaces/kits/bundlestats/taihe/usage_statistics/usageStatistics_taihe.stamp
[OHOS INFO] [NINJA] [3016/4515] STAMP obj/foundation/resourceschedule/resource_schedule_service/ressched/interfaces/kits/ets/taihe/background_process_manager/backgroundprocessmanager_taihe.stamp
[OHOS INFO] [NINJA] [3017/4515] STAMP obj/foundation/resourceschedule/resource_schedule_service/ressched/interfaces/kits/ets/taihe/systemload/systemload_taihe.stamp
[OHOS INFO] [NINJA] [3018/4515] STAMP obj/test/testfwk/arkxtest/perftest/perftestkit.stamp
[OHOS INFO] [NINJA] [3019/4515] STAMP obj/out/rk3568/build_configs/arkcompiler/runtime_core/runtime_core_info.stamp
[OHOS INFO] [NINJA] [3020/4515] STAMP obj/out/rk3568/build_configs/arkui/ui_appearance/ui_appearance_info.stamp
[OHOS INFO] [NINJA] [3021/4515] STAMP obj/out/rk3568/build_configs/bundlemanager/app_domain_verify/app_domain_verify_info.stamp
[OHOS INFO] [NINJA] [3022/4515] STAMP obj/out/rk3568/build_configs/bundlemanager/distributed_bundle_framework/distributed_bundle_framework_info.stamp
[OHOS INFO] [NINJA] [3023/4515] STAMP obj/out/rk3568/build_configs/communication/ipc/ipc_info.stamp
[OHOS INFO] [NINJA] [3024/4515] STAMP obj/out/rk3568/build_configs/communication/netstack/netstack_info.stamp
[OHOS INFO] [NINJA] [3025/4515] STAMP obj/out/rk3568/build_configs/developtools/ace_ets2bundle/ace_ets2bundle_info.stamp
[OHOS INFO] [NINJA] [3026/4515] STAMP obj/out/rk3568/build_configs/developtools/hiprofiler/hiprofiler_info.stamp
[OHOS INFO] [NINJA] [3027/4515] STAMP obj/out/rk3568/build_configs/developtools/syscap_codec/syscap_codec_info.stamp
[OHOS INFO] [NINJA] [3028/4515] STAMP obj/out/rk3568/build_configs/global/font_manager/font_manager_info.stamp
[OHOS INFO] [NINJA] [3029/4515] STAMP obj/out/rk3568/build_configs/hiviewdfx/hiappevent/hiappevent_info.stamp
[OHOS INFO] [NINJA] [3030/4515] STAMP obj/out/rk3568/build_configs/hiviewdfx/hilog/hilog_info.stamp
[OHOS INFO] [NINJA] [3031/4515] STAMP obj/out/rk3568/build_configs/hiviewdfx/hisysevent/hisysevent_info.stamp
[OHOS INFO] [NINJA] [3032/4515] STAMP obj/out/rk3568/build_configs/hiviewdfx/hitrace/hitrace_info.stamp
[OHOS INFO] [NINJA] [3033/4515] STAMP obj/out/rk3568/build_configs/multimedia/video_processing_engine/video_processing_engine_info.stamp
[OHOS INFO] [NINJA] [3034/4515] STAMP obj/out/rk3568/build_configs/notification/eventhandler/eventhandler_info.stamp
[OHOS INFO] [NINJA] [3035/4515] STAMP obj/out/rk3568/build_configs/powermgr/display_manager/display_manager_info.stamp
[OHOS INFO] [NINJA] [3036/4515] STAMP obj/out/rk3568/build_configs/powermgr/thermal_manager/thermal_manager_info.stamp
[OHOS INFO] [NINJA] [3037/4515] STAMP obj/out/rk3568/build_configs/resourceschedule/device_usage_statistics/device_usage_statistics_info.stamp
[OHOS INFO] [NINJA] [3038/4515] STAMP obj/out/rk3568/build_configs/security/certificate_framework/certificate_framework_info.stamp
[OHOS INFO] [NINJA] [3039/4515] STAMP obj/out/rk3568/build_configs/security/crypto_framework/crypto_framework_info.stamp
[OHOS INFO] [NINJA] [3040/4515] STAMP obj/out/rk3568/build_configs/sensors/miscdevice/miscdevice_info.stamp
[OHOS INFO] [NINJA] [3041/4515] STAMP obj/out/rk3568/build_configs/sensors/sensor/sensor_info.stamp
[OHOS INFO] [NINJA] [3042/4515] STAMP obj/out/rk3568/build_configs/startup/init/init_info.stamp
[OHOS INFO] [NINJA] [3043/4515] STAMP obj/out/rk3568/build_configs/updater/update_service/update_service_info.stamp
[OHOS INFO] [NINJA] [3044/4515] STAMP obj/out/rk3568/build_configs/useriam/face_auth/face_auth_info.stamp
[OHOS INFO] [NINJA] [3045/4515] ACTION //base/telephony/core_service/telephonyres:telephonyres_hap(//build/toolchain/ohos:ohos_clang_arm)
[OHOS INFO] [NINJA] [3046/4514] ACTION //foundation/distributeddatamgr/udmf/interfaces/taihe:udmf_abc(//build/toolchain/ohos:ohos_clang_arm)
[OHOS INFO] [NINJA] [3047/4514] STAMP obj/foundation/distributeddatamgr/udmf/interfaces/taihe/udmf_abc.stamp
[OHOS INFO] [NINJA] [3048/4514] COPY obj/foundation/distributeddatamgr/udmf/interfaces/taihe/udmf_abc.abc obj/foundation/distributeddatamgr/udmf/interfaces/taihe/out/rk3568/obj/foundation/distributeddatamgr/udmf/interfaces/taihe/udmf_abc.abc
[OHOS INFO] [NINJA] [3049/4514] STAMP obj/foundation/distributeddatamgr/udmf/interfaces/taihe/udmf_etc.stamp
[OHOS INFO] [NINJA] [3050/4514] ACTION //out/rk3568/build_configs/bundlemanager/distributed_bundle_framework:distributed_bundle_framework(//build/toolchain/ohos:ohos_clang_arm)
[OHOS INFO] [NINJA] [3051/4514] ACTION //out/rk3568/build_configs/arkcompiler/runtime_core:runtime_core(//build/toolchain/ohos:ohos_clang_arm)
[OHOS INFO] [NINJA] [3052/4514] ACTION //out/rk3568/build_configs/arkui/ui_appearance:ui_appearance(//build/toolchain/ohos:ohos_clang_arm)
[OHOS INFO] [NINJA] [3053/4514] ACTION //out/rk3568/build_configs/communication/ipc:ipc(//build/toolchain/ohos:ohos_clang_arm)
[OHOS INFO] [NINJA] [3054/4514] ACTION //out/rk3568/build_configs/communication/netstack:netstack(//build/toolchain/ohos:ohos_clang_arm)
[OHOS INFO] [NINJA] [3055/4514] ACTION //out/rk3568/build_configs/bundlemanager/app_domain_verify:app_domain_verify(//build/toolchain/ohos:ohos_clang_arm)
[OHOS INFO] [NINJA] [3056/4514] ACTION //out/rk3568/build_configs/developtools/ace_ets2bundle:ace_ets2bundle(//build/toolchain/ohos:ohos_clang_arm)
[OHOS INFO] [NINJA] [3057/4514] ACTION //out/rk3568/build_configs/developtools/hiprofiler:hiprofiler(//build/toolchain/ohos:ohos_clang_arm)
[OHOS INFO] [NINJA] [3058/4514] ACTION //out/rk3568/build_configs/developtools/syscap_codec:syscap_codec(//build/toolchain/ohos:ohos_clang_arm)
[OHOS INFO] [NINJA] [3059/4514] ACTION //out/rk3568/build_configs/global/font_manager:font_manager(//build/toolchain/ohos:ohos_clang_arm)
[OHOS INFO] [NINJA] [3060/4514] ACTION //out/rk3568/build_configs/hiviewdfx/hisysevent:hisysevent(//build/toolchain/ohos:ohos_clang_arm)
[OHOS INFO] [NINJA] [3061/4514] ACTION //out/rk3568/build_configs/hiviewdfx/hiappevent:hiappevent(//build/toolchain/ohos:ohos_clang_arm)
[OHOS INFO] [NINJA] [3062/4514] ACTION //out/rk3568/build_configs/hiviewdfx/hilog:hilog(//build/toolchain/ohos:ohos_clang_arm)
[OHOS INFO] [NINJA] [3063/4514] ACTION //out/rk3568/build_configs/hiviewdfx/hitrace:hitrace(//build/toolchain/ohos:ohos_clang_arm)
[OHOS INFO] [NINJA] [3064/4514] ACTION //out/rk3568/build_configs/multimedia/video_processing_engine:video_processing_engine(//build/toolchain/ohos:ohos_clang_arm)
[OHOS INFO] [NINJA] [3065/4514] ACTION //foundation/systemabilitymgr/selectionfwk/frameworks/ets/ets:selection_extension_ability_ani(//build/toolchain/ohos:ohos_clang_arm)
[OHOS INFO] [NINJA] [3066/4514] STAMP obj/foundation/systemabilitymgr/selectionfwk/frameworks/ets/ets/selection_extension_ability_ani.stamp
[OHOS INFO] [NINJA] [3067/4514] COPY obj/foundation/systemabilitymgr/selectionfwk/frameworks/ets/ets/selection_extension_ability_ani.abc obj/foundation/systemabilitymgr/selectionfwk/frameworks/ets/ets/out/rk3568/obj/foundation/systemabilitymgr/selectionfwk/frameworks/ets/ets/selection_extension_ability_ani.abc
[OHOS INFO] [NINJA] [3068/4514] ACTION //foundation/multimedia/camera_framework/frameworks/taihe:camera_framework_taihe_abc(//build/toolchain/ohos:ohos_clang_arm)
[OHOS INFO] [NINJA] [3069/4514] STAMP obj/foundation/systemabilitymgr/selectionfwk/frameworks/ets/ets/selection_extension_ability_prebuilt.stamp
[OHOS INFO] [NINJA] [3070/4514] STAMP obj/foundation/multimedia/camera_framework/frameworks/taihe/camera_framework_taihe_abc.stamp
[OHOS INFO] [NINJA] [3071/4514] STAMP obj/foundation/systemabilitymgr/selectionfwk/frameworks/ets/ets/selection_extension_ability_etc.stamp
[OHOS INFO] [NINJA] [3072/4514] COPY obj/foundation/multimedia/camera_framework/frameworks/taihe/camera_framework_taihe_abc.abc obj/foundation/multimedia/camera_framework/frameworks/taihe/out/rk3568/obj/foundation/multimedia/camera_framework/frameworks/taihe/camera_framework_taihe_abc.abc
[OHOS INFO] [NINJA] [3073/4514] STAMP obj/foundation/multimedia/camera_framework/frameworks/taihe/camera_framework_etc.stamp
[OHOS INFO] [NINJA] [3074/4514] ACTION //out/rk3568/build_configs/notification/eventhandler:eventhandler(//build/toolchain/ohos:ohos_clang_arm)
[OHOS INFO] [NINJA] [3075/4514] ACTION //out/rk3568/build_configs/powermgr/display_manager:display_manager(//build/toolchain/ohos:ohos_clang_arm)
[OHOS INFO] [NINJA] [3076/4514] ACTION //out/rk3568/build_configs/resourceschedule/device_usage_statistics:device_usage_statistics(//build/toolchain/ohos:ohos_clang_arm)
[OHOS INFO] [NINJA] [3077/4514] STAMP obj/out/rk3568/build_configs/arkcompiler/runtime_core/runtime_core.stamp
[OHOS INFO] [NINJA] [3078/4514] STAMP obj/out/rk3568/build_configs/arkui/ui_appearance/ui_appearance.stamp
[OHOS INFO] [NINJA] [3079/4514] STAMP obj/out/rk3568/build_configs/bundlemanager/app_domain_verify/app_domain_verify.stamp
[OHOS INFO] [NINJA] [3080/4514] STAMP obj/out/rk3568/build_configs/bundlemanager/distributed_bundle_framework/distributed_bundle_framework.stamp
[OHOS INFO] [NINJA] [3081/4514] STAMP obj/out/rk3568/build_configs/communication/ipc/ipc.stamp
[OHOS INFO] [NINJA] [3082/4514] STAMP obj/out/rk3568/build_configs/communication/netstack/netstack.stamp
[OHOS INFO] [NINJA] [3083/4514] STAMP obj/out/rk3568/build_configs/developtools/ace_ets2bundle/ace_ets2bundle.stamp
[OHOS INFO] [NINJA] [3084/4514] STAMP obj/out/rk3568/build_configs/developtools/hiprofiler/hiprofiler.stamp
[OHOS INFO] [NINJA] [3085/4514] STAMP obj/out/rk3568/build_configs/developtools/syscap_codec/syscap_codec.stamp
[OHOS INFO] [NINJA] [3086/4514] STAMP obj/out/rk3568/build_configs/global/font_manager/font_manager.stamp
[OHOS INFO] [NINJA] [3087/4514] STAMP obj/out/rk3568/build_configs/hiviewdfx/hiappevent/hiappevent.stamp
[OHOS INFO] [NINJA] [3088/4514] STAMP obj/out/rk3568/build_configs/hiviewdfx/hilog/hilog.stamp
[OHOS INFO] [NINJA] [3089/4514] STAMP obj/out/rk3568/build_configs/hiviewdfx/hisysevent/hisysevent.stamp
[OHOS INFO] [NINJA] [3090/4514] STAMP obj/out/rk3568/build_configs/hiviewdfx/hitrace/hitrace.stamp
[OHOS INFO] [NINJA] [3091/4514] STAMP obj/out/rk3568/build_configs/multimedia/video_processing_engine/video_processing_engine.stamp
[OHOS INFO] [NINJA] [3092/4514] STAMP obj/out/rk3568/build_configs/notification/eventhandler/eventhandler.stamp
[OHOS INFO] [NINJA] [3093/4514] STAMP obj/out/rk3568/build_configs/powermgr/display_manager/display_manager.stamp
[OHOS INFO] [NINJA] [3094/4514] STAMP obj/out/rk3568/build_configs/resourceschedule/device_usage_statistics/device_usage_statistics.stamp
[OHOS INFO] [NINJA] [3095/4514] ACTION //out/rk3568/build_configs/security/crypto_framework:crypto_framework(//build/toolchain/ohos:ohos_clang_arm)
[OHOS INFO] [NINJA] [3096/4514] STAMP obj/out/rk3568/build_configs/security/crypto_framework/crypto_framework.stamp
[OHOS INFO] [NINJA] [3097/4514] ACTION //out/rk3568/build_configs/powermgr/thermal_manager:thermal_manager(//build/toolchain/ohos:ohos_clang_arm)
[OHOS INFO] [NINJA] [3098/4514] STAMP obj/out/rk3568/build_configs/powermgr/thermal_manager/thermal_manager.stamp
[OHOS INFO] [NINJA] [3099/4514] ACTION //out/rk3568/build_configs/security/certificate_framework:certificate_framework(//build/toolchain/ohos:ohos_clang_arm)
[OHOS INFO] [NINJA] [3100/4514] STAMP obj/out/rk3568/build_configs/security/certificate_framework/certificate_framework.stamp
[OHOS INFO] [NINJA] [3101/4514] ACTION //out/rk3568/build_configs/startup/init:init(//build/toolchain/ohos:ohos_clang_arm)
[OHOS INFO] [NINJA] [3102/4514] ACTION //out/rk3568/build_configs/sensors/miscdevice:miscdevice(//build/toolchain/ohos:ohos_clang_arm)
[OHOS INFO] [NINJA] [3103/4514] STAMP obj/out/rk3568/build_configs/sensors/miscdevice/miscdevice.stamp
[OHOS INFO] [NINJA] [3104/4514] STAMP obj/out/rk3568/build_configs/startup/init/init.stamp
[OHOS INFO] [NINJA] [3105/4514] ACTION //out/rk3568/build_configs/sensors/sensor:sensor(//build/toolchain/ohos:ohos_clang_arm)
[OHOS INFO] [NINJA] [3106/4514] STAMP obj/out/rk3568/build_configs/sensors/sensor/sensor.stamp
[OHOS INFO] [NINJA] [3107/4514] ACTION //out/rk3568/build_configs/updater/update_service:update_service(//build/toolchain/ohos:ohos_clang_arm)
[OHOS INFO] [NINJA] [3108/4514] STAMP obj/out/rk3568/build_configs/updater/update_service/update_service.stamp
[OHOS INFO] [NINJA] [3109/4514] ACTION //test/testfwk/arkxtest/uitest:uitest_abc(//build/toolchain/ohos:ohos_clang_arm)
[OHOS INFO] [NINJA] [3110/4514] STAMP obj/test/testfwk/arkxtest/uitest/uitest_abc.stamp
[OHOS INFO] [NINJA] [3111/4514] COPY 'obj/test/testfwk/arkxtest/uitest/@ohos.UiTest.abc' 'obj/test/testfwk/arkxtest/uitest/out/rk3568/obj/test/testfwk/arkxtest/uitest/@ohos.UiTest.abc'
[OHOS INFO] [NINJA] [3112/4514] STAMP obj/test/testfwk/arkxtest/uitest/uitest_etc.stamp
[OHOS INFO] [NINJA] [3113/4514] ACTION //out/rk3568/build_configs/useriam/face_auth:face_auth(//build/toolchain/ohos:ohos_clang_arm)
[OHOS INFO] [NINJA] [3114/4514] STAMP obj/out/rk3568/build_configs/useriam/face_auth/face_auth.stamp
[OHOS INFO] [NINJA] [3115/4514] ACTION //foundation/multimedia/player_framework/frameworks/taihe/system_sound_manager:system_sound_manager_taihe_abc(//build/toolchain/ohos:ohos_clang_arm)
[OHOS INFO] [NINJA] [3116/4514] STAMP obj/foundation/multimedia/player_framework/frameworks/taihe/system_sound_manager/system_sound_manager_taihe_abc.stamp
[OHOS INFO] [NINJA] [3117/4514] COPY obj/foundation/multimedia/player_framework/frameworks/taihe/system_sound_manager/system_sound_manager_taihe_abc.abc obj/foundation/multimedia/player_framework/frameworks/taihe/system_sound_manager/out/rk3568/obj/foundation/multimedia/player_framework/frameworks/taihe/system_sound_manager/system_sound_manager_taihe_abc.abc
[OHOS INFO] [NINJA] [3118/4514] STAMP obj/foundation/multimedia/player_framework/frameworks/taihe/system_sound_manager/system_sound_manager_taihe_etc.stamp
[OHOS INFO] [NINJA] [3119/4514] ACTION //foundation/graphic/graphic_2d/interfaces/kits/taihe/ui_effect:uiEffect_taihe_abc(//build/toolchain/ohos:ohos_clang_arm)
[OHOS INFO] [NINJA] [3120/4514] STAMP obj/foundation/graphic/graphic_2d/interfaces/kits/taihe/ui_effect/uiEffect_taihe_abc.stamp
[OHOS INFO] [NINJA] [3121/4514] COPY obj/foundation/graphic/graphic_2d/interfaces/kits/taihe/ui_effect/uiEffect_taihe_abc.abc obj/foundation/graphic/graphic_2d/interfaces/kits/taihe/ui_effect/out/rk3568/obj/foundation/graphic/graphic_2d/interfaces/kits/taihe/ui_effect/uiEffect_taihe_abc.abc
[OHOS INFO] [NINJA] [3122/4514] STAMP obj/foundation/graphic/graphic_2d/interfaces/kits/taihe/ui_effect/uiEffect_etc.stamp
[OHOS INFO] [NINJA] [3123/4514] STAMP obj/foundation/graphic/graphic_2d/interfaces/kits/taihe/taihe_packages.stamp
[OHOS INFO] [NINJA] [3124/4514] ACTION //foundation/filemanagement/user_file_service/interfaces/kits/taihe/picker:file_picker_taihe_abc(//build/toolchain/ohos:ohos_clang_arm)
[OHOS INFO] [NINJA] [3125/4514] STAMP obj/foundation/filemanagement/user_file_service/interfaces/kits/taihe/picker/file_picker_taihe_abc.stamp
[OHOS INFO] [NINJA] [3126/4514] COPY obj/foundation/filemanagement/user_file_service/interfaces/kits/taihe/picker/file_picker_taihe_abc.abc obj/foundation/filemanagement/user_file_service/interfaces/kits/taihe/picker/out/rk3568/obj/foundation/filemanagement/user_file_service/interfaces/kits/taihe/picker/file_picker_taihe_abc.abc
[OHOS INFO] [NINJA] [3127/4514] STAMP obj/foundation/filemanagement/user_file_service/interfaces/kits/taihe/picker/file_picker_etc.stamp
[OHOS INFO] [NINJA] [3128/4514] ACTION //foundation/multimedia/media_library/frameworks/ani:photo_access_helper(//build/toolchain/ohos:ohos_clang_arm)
[OHOS INFO] [NINJA] [3129/4514] STAMP obj/foundation/multimedia/media_library/frameworks/ani/photo_access_helper.stamp
[OHOS INFO] [NINJA] [3130/4514] COPY obj/foundation/multimedia/media_library/frameworks/ani/photo_access_helper.abc obj/foundation/multimedia/media_library/frameworks/ani/out/rk3568/obj/foundation/multimedia/media_library/frameworks/ani/photo_access_helper.abc
[OHOS INFO] [NINJA] [3131/4514] STAMP obj/foundation/multimedia/media_library/frameworks/ani/photo_access_helper_etc.stamp
[OHOS INFO] [NINJA] [3132/4514] ACTION //developtools/smartperf_host/smartperf_device/device_ui:SmartPerf__js_assets(//build/toolchain/ohos:ohos_clang_arm)
[OHOS INFO] [NINJA] [3133/4507] ACTION //foundation/arkui/ace_engine/advanced_ui_component_static/assembled_advanced_ui_component:assembled_advanced_ets_abc(//build/toolchain/ohos:ohos_clang_arm)
[OHOS INFO] [NINJA] [3134/4507] STAMP obj/foundation/arkui/ace_engine/advanced_ui_component_static/assembled_advanced_ui_component/assembled_advanced_ets_abc.stamp
[OHOS INFO] [NINJA] [3135/4507] COPY obj/foundation/arkui/ace_engine/advanced_ui_component_static/assembled_advanced_ui_component/assembled_advanced_ets_abc/modules_static.abc obj/foundation/arkui/ace_engine/advanced_ui_component_static/assembled_advanced_ui_component/assembled_advanced_ets_abc.abc
[OHOS INFO] [NINJA] [3136/4507] STAMP obj/foundation/arkui/ace_engine/advanced_ui_component_static/assembled_advanced_ui_component/copy_assembled_advanced_ets_abc.stamp
[OHOS INFO] [NINJA] [3137/4507] COPY obj/foundation/arkui/ace_engine/advanced_ui_component_static/assembled_advanced_ui_component/assembled_advanced_ets_abc.abc obj/foundation/arkui/ace_engine/advanced_ui_component_static/assembled_advanced_ui_component/out/rk3568/obj/foundation/arkui/ace_engine/advanced_ui_component_static/assembled_advanced_ui_component/assembled_advanced_ets_abc.abc
[OHOS INFO] [NINJA] [3138/4507] STAMP obj/foundation/arkui/ace_engine/advanced_ui_component_static/assembled_advanced_ui_component/assembled_advanced_ets_abc_etc.stamp
[OHOS INFO] [NINJA] [3139/4507] STAMP obj/foundation/arkui/ace_engine/advanced_ui_component_static/assembled_advanced_ui_component/assembledAdvanced.stamp
[OHOS INFO] [NINJA] [3140/4507] STAMP obj/foundation/arkui/ace_engine/advanced_ui_component_static/advanced_ui_component_static.stamp
[OHOS INFO] [NINJA] [3141/4507] ACTION //foundation/multimedia/ringtone_library/frameworks/ringtone_extension_hap:ringtone_extension_hap__js_assets(//build/toolchain/ohos:ohos_clang_arm)
[OHOS INFO] [NINJA] [3142/4501] ACTION //foundation/multimedia/media_library/MediaLibraryExt:medialibrary_ext_hap__js_assets(//build/toolchain/ohos:ohos_clang_arm)
[OHOS INFO] [NINJA] [3143/4498] ACTION //foundation/arkui/ace_engine/frameworks/bridge/arkts_frontend/arkoala_generator:runner_gen_code(//build/toolchain/ohos:ohos_clang_arm)
[OHOS INFO] [NINJA] [3144/4498] STAMP obj/foundation/arkui/ace_engine/frameworks/bridge/arkts_frontend/arkoala_generator/runner_gen_code.stamp
[OHOS INFO] [NINJA] [3145/4498] ACTION //foundation/communication/netmanager_ext/frameworks/vpn_dialog/dialog_ui/vpn_dialog:dialog_hap__js_assets(//build/toolchain/ohos:ohos_clang_arm)
[OHOS INFO] [NINJA] [3146/4492] ACTION //foundation/arkui/ace_engine/frameworks/bridge/arkts_frontend/arkoala_generator:idlize_install(//build/toolchain/ohos:ohos_clang_arm)
[OHOS INFO] [NINJA] [3147/4492] STAMP obj/foundation/arkui/ace_engine/frameworks/bridge/arkts_frontend/arkoala_generator/idlize_install.stamp
[OHOS INFO] [NINJA] [3148/4492] STAMP obj/foundation/window/window_manager/wm/libwm.inputdeps.stamp
[OHOS INFO] [NINJA] [3149/4492] STAMP obj/foundation/ability/ability_runtime/frameworks/native/ability/native/configuration_helper.inputdeps.stamp
[OHOS INFO] [NINJA] [3150/4492] STAMP obj/foundation/ability/ability_runtime/frameworks/native/ability/native/abilitykit_utils.inputdeps.stamp
[OHOS INFO] [NINJA] [3151/4492] STAMP obj/foundation/ability/ability_runtime/frameworks/native/ability/native/extensionkit_native.inputdeps.stamp
[OHOS INFO] [NINJA] [3152/4492] STAMP obj/foundation/window/window_manager/interfaces/kits/napi/common/dm_napi_common.inputdeps.stamp
[OHOS INFO] [NINJA] [3153/4492] STAMP obj/foundation/window/window_manager/interfaces/kits/napi/window_runtime/window_native_kit.inputdeps.stamp
[OHOS INFO] [NINJA] [3154/4492] STAMP obj/foundation/ability/ability_runtime/frameworks/native/ability/native/continuation_ipc.inputdeps.stamp
[OHOS INFO] [NINJA] [3155/4492] STAMP obj/foundation/ability/ability_runtime/frameworks/native/ability/native/abilitykit_native.inputdeps.stamp
[OHOS INFO] [NINJA] [3156/4492] STAMP obj/foundation/multimedia/drm_framework/frameworks/native/drm_framework.inputdeps.stamp
[OHOS INFO] [NINJA] [3157/4492] STAMP obj/foundation/ability/ability_runtime/frameworks/native/ability/native/modular_object_extension.inputdeps.stamp
[OHOS INFO] [NINJA] [3158/4492] STAMP obj/foundation/multimedia/av_codec/services/media_engine/modules/av_codec_media_engine_modules.inputdeps.stamp
[OHOS INFO] [NINJA] [3159/4492] STAMP obj/foundation/ability/ability_runtime/frameworks/c/ability_runtime/ability_runtime.inputdeps.stamp
[OHOS INFO] [NINJA] [3160/4492] STAMP obj/foundation/multimedia/av_codec/interfaces/inner_api/native/av_codec_client.inputdeps.stamp
[OHOS INFO] [NINJA] [3161/4492] STAMP obj/foundation/multimedia/image_framework/frameworks/kits/ani/image_ani_core.inputdeps.stamp
[OHOS INFO] [NINJA] [3162/4492] STAMP obj/foundation/multimedia/player_framework/services/utils/media_service_utils.inputdeps.stamp
[OHOS INFO] [NINJA] [3163/4492] STAMP obj/foundation/ability/form_fwk/fmskit_native.inputdeps.stamp
[OHOS INFO] [NINJA] [3164/4492] STAMP obj/foundation/multimedia/image_framework/frameworks/kits/ani/image_ani.inputdeps.stamp
[OHOS INFO] [NINJA] [3165/4492] STAMP obj/foundation/multimedia/player_framework/interfaces/inner_api/native/media_client.inputdeps.stamp
[OHOS INFO] [NINJA] [3166/4492] STAMP obj/foundation/ability/ability_runtime/frameworks/ets/ani/ani_common/ani_common.inputdeps.stamp
[OHOS INFO] [NINJA] [3167/4492] STAMP obj/foundation/multimedia/media_foundation/engine/plugin/histreamer_plugin_intf.inputdeps.stamp
[OHOS INFO] [NINJA] [3168/4492] STAMP obj/foundation/distributeddatamgr/data_share/interfaces/inner_api/datashare_provider.inputdeps.stamp
[OHOS INFO] [NINJA] [3169/4492] STAMP obj/foundation/filemanagement/dfs_service/services/distributedfiledaemon/distributed_file_daemon_kit_inner.inputdeps.stamp
[OHOS INFO] [NINJA] [3170/4492] STAMP obj/foundation/multimedia/media_foundation/engine/foundation/histreamer_foundation.inputdeps.stamp
[OHOS INFO] [NINJA] [3171/4492] STAMP obj/base/telephony/core_service/interfaces/innerkits/tel_core_service_api.inputdeps.stamp
[OHOS INFO] [NINJA] [3172/4492] STAMP obj/foundation/distributeddatamgr/udmf/interfaces/innerkits/udmf_client.inputdeps.stamp
[OHOS INFO] [NINJA] [3173/4492] STAMP obj/foundation/multimedia/media_library/common/media_ipc_common/media_ipc_common.inputdeps.stamp
[OHOS INFO] [NINJA] [3174/4492] STAMP obj/foundation/window/window_manager/interfaces/kits/napi/extension_window/extensionwindow_napi.inputdeps.stamp
[OHOS INFO] [NINJA] [3175/4492] STAMP obj/base/print/print_fwk/frameworks/models/print_models/print_models.inputdeps.stamp
[OHOS INFO] [NINJA] [3176/4492] STAMP obj/base/telephony/telephony_data/tel_telephony_data.inputdeps.stamp
[OHOS INFO] [NINJA] [3177/4492] STAMP obj/foundation/ability/ability_runtime/frameworks/native/ability/native/insight_intent_executor.inputdeps.stamp
[OHOS INFO] [NINJA] [3178/4492] STAMP obj/foundation/distributeddatamgr/pasteboard/services/pasteboard_client_idl.inputdeps.stamp
[OHOS INFO] [NINJA] [3179/4492] STAMP obj/foundation/multimedia/media_library/frameworks/innerkitsimpl/media_library_camera_helper/media_library_camera_helper.inputdeps.stamp
[OHOS INFO] [NINJA] [3180/4492] STAMP obj/base/location/location/frameworks/location_common/common/lbsservice_common.inputdeps.stamp
[OHOS INFO] [NINJA] [3181/4492] STAMP obj/base/print/print_fwk/frameworks/helper/print_helper/print_helper.inputdeps.stamp
[OHOS INFO] [NINJA] [3182/4492] STAMP obj/base/telephony/cellular_data/frameworks/native/tel_cellular_data_api.inputdeps.stamp
[OHOS INFO] [NINJA] [3183/4492] STAMP obj/foundation/ability/ability_runtime/frameworks/native/ability/native/ui_extension.inputdeps.stamp
[OHOS INFO] [NINJA] [3184/4492] STAMP obj/foundation/distributeddatamgr/pasteboard/framework/innerkits/pasteboard_data.inputdeps.stamp
[OHOS INFO] [NINJA] [3185/4492] STAMP obj/foundation/multimedia/camera_framework/common/camera_utils.inputdeps.stamp
[OHOS INFO] [NINJA] [3186/4492] STAMP obj/foundation/multimedia/camera_framework/services/camera_service/idls/camera_idl_sa_proxy.inputdeps.stamp
[OHOS INFO] [NINJA] [3187/4492] STAMP obj/base/location/location/frameworks/native/locator_sdk/locator_sdk.inputdeps.stamp
[OHOS INFO] [NINJA] [3188/4492] STAMP obj/base/print/print_fwk/frameworks/innerkitsimpl/print_impl/print_client.inputdeps.stamp
[OHOS INFO] [NINJA] [3189/4492] STAMP obj/foundation/multimedia/media_foundation/engine/plugin/histreamer_plugin_core.inputdeps.stamp
[OHOS INFO] [NINJA] [3190/4492] STAMP obj/foundation/distributeddatamgr/pasteboard/framework/innerkits/pasteboard_client.inputdeps.stamp
[OHOS INFO] [NINJA] [3191/4492] STAMP obj/foundation/multimedia/camera_framework/frameworks/native/camera/base/camera_framework.inputdeps.stamp
[OHOS INFO] [NINJA] [3192/4492] STAMP obj/foundation/multimedia/drm_framework/interfaces/kits/c/drm_capi/native_drm.inputdeps.stamp
[OHOS INFO] [NINJA] [3193/4492] STAMP obj/foundation/multimedia/media_foundation/engine/pipeline/histreamer_pipeline_base.inputdeps.stamp
[OHOS INFO] [NINJA] [3194/4492] STAMP obj/base/web/webview/ohos_adapter/nweb_ohos_adapter.inputdeps.stamp
[OHOS INFO] [NINJA] [3195/4492] STAMP obj/foundation/graphic/graphic_3d/3d_scene_adapter/scene_adapter_source.inputdeps.stamp
[OHOS INFO] [NINJA] [3196/4492] STAMP obj/foundation/window/window_manager/interfaces/kits/cj/window_runtime/cj_window_ffi.inputdeps.stamp
[OHOS INFO] [NINJA] [3197/4492] STAMP obj/base/web/webview/ohos_glue/ohos_adapter_glue_source.inputdeps.stamp
[OHOS INFO] [NINJA] [3198/4492] STAMP obj/foundation/ability/ability_runtime/frameworks/native/ability/native/uiabilitykit_native.inputdeps.stamp
[OHOS INFO] [NINJA] [3199/4492] STAMP obj/foundation/graphic/graphic_3d/3d_widget_adapter/widget_adapter_source.inputdeps.stamp
[OHOS INFO] [NINJA] [3200/4492] STAMP obj/foundation/multimedia/media_foundation/engine/pipeline/filters/codec/codec_filters.inputdeps.stamp
[OHOS INFO] [NINJA] [3201/4492] STAMP obj/base/web/webview/ohos_nweb/libnweb.inputdeps.stamp
[OHOS INFO] [NINJA] [3202/4492] STAMP obj/foundation/ability/ability_runtime/frameworks/native/ability/native/ability_thread.inputdeps.stamp
[OHOS INFO] [NINJA] [3203/4492] STAMP obj/foundation/ability/ability_runtime/services/abilitymgr/abilityms.inputdeps.stamp
[OHOS INFO] [NINJA] [3204/4492] STAMP obj/foundation/graphic/graphic_2d/interfaces/kits/napi/graphic/drawing/drawing_napi_impl.inputdeps.stamp
[OHOS INFO] [NINJA] [3205/4492] STAMP obj/foundation/multimedia/av_codec/interfaces/kits/c/native_media_codecbase.inputdeps.stamp
[OHOS INFO] [NINJA] [3206/4492] STAMP obj/base/web/webview/interfaces/native/ohweb.inputdeps.stamp
[OHOS INFO] [NINJA] [3207/4492] STAMP obj/foundation/ability/ability_runtime/frameworks/native/appkit/appkit_native.inputdeps.stamp
[OHOS INFO] [NINJA] [3208/4492] STAMP obj/foundation/arkui/ace_engine/frameworks/core/interfaces/native/common/ace_core_interfaces_native_ohos.inputdeps.stamp
[OHOS INFO] [NINJA] [3209/4492] STAMP obj/foundation/arkui/ace_engine/interfaces/inner_api/ui_service_manager/ui_service_mgr.inputdeps.stamp
[OHOS INFO] [NINJA] [3210/4492] STAMP obj/foundation/distributeddatamgr/udmf/interfaces/jskits/udmf_js_common.inputdeps.stamp
[OHOS INFO] [NINJA] [3211/4492] STAMP obj/foundation/distributeddatamgr/udmf/interfaces/ndk/libudmf.inputdeps.stamp
[OHOS INFO] [NINJA] [3212/4492] STAMP obj/foundation/distributedhardware/distributed_hardware_fwk/av_transport/av_trans_engine/plugin/plugins/av_trans_output/dscreen_output/plugin_AVTransDscreenOutput.inputdeps.stamp
[OHOS INFO] [NINJA] [3213/4492] STAMP obj/foundation/graphic/graphic_2d/interfaces/kits/ani/drawing/drawing_ani.inputdeps.stamp
[OHOS INFO] [NINJA] [3214/4492] STAMP obj/base/inputmethod/imf/interfaces/kits/js/extra_config_napi.inputdeps.stamp
[OHOS INFO] [NINJA] [3215/4492] STAMP obj/base/request/request/common/utils/request_utils_cxx.inputdeps.stamp
[OHOS INFO] [NINJA] [3216/4492] STAMP obj/base/web/webview/interfaces/kits/cj/cj_webview_ffi.inputdeps.stamp
[OHOS INFO] [NINJA] [3217/4492] STAMP obj/foundation/arkui/ace_engine/adapter/ohos/entrance/pa_engine/pa_backend_ohos.inputdeps.stamp
[OHOS INFO] [NINJA] [3218/4492] STAMP obj/foundation/arkui/ace_engine/frameworks/bridge/card_frontend/card_frontend_ohos.inputdeps.stamp
[OHOS INFO] [NINJA] [3219/4492] STAMP obj/foundation/arkui/ace_engine/frameworks/core/components_ng/pattern/arc_list/ace_core_components_arc_list_pattern_ng_ohos.inputdeps.stamp
[OHOS INFO] [NINJA] [3220/4492] STAMP obj/foundation/arkui/ace_engine/frameworks/core/components_ng/pattern/arc_scroll_bar/ace_core_components_arc_scroll_bar_pattern_ng_ohos.inputdeps.stamp
[OHOS INFO] [NINJA] [3221/4492] STAMP obj/foundation/arkui/ace_engine/frameworks/core/components_ng/pattern/form/ace_core_components_form_pattern_ng_ohos.inputdeps.stamp
[OHOS INFO] [NINJA] [3222/4492] STAMP obj/foundation/arkui/ace_engine/frameworks/core/components_ng/pattern/model/ace_core_components_model_pattern_ng_ohos.inputdeps.stamp
[OHOS INFO] [NINJA] [3223/4492] STAMP obj/foundation/arkui/ace_engine/frameworks/core/components_ng/pattern/plugin/ace_core_components_plugin_pattern_ng_ohos.inputdeps.stamp
[OHOS INFO] [NINJA] [3224/4492] STAMP obj/foundation/arkui/ace_engine/frameworks/core/components_ng/render/ace_core_components_render_ng_ohos.inputdeps.stamp
[OHOS INFO] [NINJA] [3225/4492] STAMP obj/foundation/arkui/ace_engine/frameworks/core/interfaces/native/ace_core_interfaces_native_node_ohos.inputdeps.stamp
[OHOS INFO] [NINJA] [3226/4492] STAMP obj/foundation/arkui/ace_engine/interfaces/inner_api/form_render/ace_form_render.inputdeps.stamp
[OHOS INFO] [NINJA] [3227/4492] STAMP obj/foundation/distributeddatamgr/udmf/interfaces/jskits/udmf_data_napi.inputdeps.stamp
[OHOS INFO] [NINJA] [3228/4492] STAMP obj/foundation/distributedhardware/distributed_hardware_fwk/av_transport/av_trans_engine/filters/avtrans_input_filter.inputdeps.stamp
[OHOS INFO] [NINJA] [3229/4492] STAMP obj/foundation/distributedhardware/distributed_hardware_fwk/av_transport/av_trans_engine/filters/avtrans_output_filter.inputdeps.stamp
[OHOS INFO] [NINJA] [3230/4492] STAMP obj/foundation/distributedhardware/distributed_hardware_fwk/av_transport/framework/distributed_av_pipeline_fwk.inputdeps.stamp
[OHOS INFO] [NINJA] [3231/4492] STAMP obj/foundation/multimedia/media_library/frameworks/innerkitsimpl/media_library_helper/media_library.inputdeps.stamp
[OHOS INFO] [NINJA] [3232/4492] STAMP obj/foundation/multimedia/player_framework/frameworks/native/soundpool/soundpool_client.inputdeps.stamp
[OHOS INFO] [NINJA] [3233/4492] STAMP obj/foundation/window/window_manager/extension/extension_connection/libwindow_extension_client.inputdeps.stamp
[OHOS INFO] [NINJA] [3234/4492] STAMP obj/base/request/request/common/utils/request_data_ability_cxx.inputdeps.stamp
[OHOS INFO] [NINJA] [3235/4492] STAMP obj/base/request/request/frameworks/native/request/request_native.inputdeps.stamp
[OHOS INFO] [NINJA] [3236/4492] STAMP obj/base/telephony/call_manager/frameworks/native/tel_call_manager_api.inputdeps.stamp
[OHOS INFO] [NINJA] [3237/4492] STAMP obj/base/telephony/state_registry/frameworks/native/observer/tel_state_registry_api.inputdeps.stamp
[OHOS INFO] [NINJA] [3238/4492] STAMP obj/foundation/ability/ability_runtime/frameworks/native/ability/native/service_extension.inputdeps.stamp
[OHOS INFO] [NINJA] [3239/4492] STAMP obj/foundation/arkui/ace_engine/adapter/ohos/capability/ace_capability_ohos.inputdeps.stamp
[OHOS INFO] [NINJA] [3240/4492] STAMP obj/foundation/arkui/ace_engine/frameworks/bridge/declarative_frontend/engine/jsi/declarative_js_engine_bridge_ark_ohos.inputdeps.stamp
[OHOS INFO] [NINJA] [3241/4492] STAMP obj/foundation/arkui/ace_engine/frameworks/core/components/form/ace_core_components_form_ohos.inputdeps.stamp
[OHOS INFO] [NINJA] [3242/4492] STAMP obj/foundation/arkui/ace_engine/frameworks/core/components/plugin/ace_core_components_plugin_ohos.inputdeps.stamp
[OHOS INFO] [NINJA] [3243/4492] STAMP obj/foundation/arkui/ace_engine/frameworks/core/components/text_overlay/ace_core_components_text_overlay_for_web_ohos.inputdeps.stamp
[OHOS INFO] [NINJA] [3244/4492] STAMP obj/foundation/arkui/ace_engine/frameworks/core/components/web/ace_core_components_web_ohos.inputdeps.stamp
[OHOS INFO] [NINJA] [3245/4492] STAMP obj/foundation/arkui/ace_engine/frameworks/core/components/xcomponent/ace_core_components_xcomponent_ohos.inputdeps.stamp
[OHOS INFO] [NINJA] [3246/4492] STAMP obj/foundation/arkui/ace_engine/frameworks/core/components_ng/base/ace_core_components_base_ng_ohos.inputdeps.stamp
[OHOS INFO] [NINJA] [3247/4492] STAMP obj/foundation/arkui/ace_engine/frameworks/core/components_ng/event/ace_core_components_event_ng_ohos.inputdeps.stamp
[OHOS INFO] [NINJA] [3248/4492] STAMP obj/foundation/arkui/ace_engine/frameworks/core/components_ng/gestures/ace_core_components_gestures_ng_ohos.inputdeps.stamp
[OHOS INFO] [NINJA] [3249/4492] STAMP obj/foundation/arkui/ace_engine/frameworks/core/components_ng/image_provider/ace_core_components_image_provider_ng_ohos.inputdeps.stamp
[OHOS INFO] [NINJA] [3250/4492] STAMP obj/foundation/arkui/ace_engine/frameworks/core/components_ng/layout/ace_core_components_layout_ng_ohos.inputdeps.stamp
[OHOS INFO] [NINJA] [3251/4492] STAMP obj/foundation/arkui/ace_engine/frameworks/core/components_ng/manager/ace_core_components_manager_ng_ohos.inputdeps.stamp
[OHOS INFO] [NINJA] [3252/4492] STAMP obj/foundation/arkui/ace_engine/frameworks/core/components_ng/pattern/ace_core_components_pattern_ng_ohos.inputdeps.stamp
[OHOS INFO] [NINJA] [3253/4492] STAMP obj/foundation/arkui/ace_engine/frameworks/core/components_ng/pattern/ability_component/ace_core_components_ability_component_pattern_ng_ohos.inputdeps.stamp
[OHOS INFO] [NINJA] [3254/4492] STAMP obj/foundation/arkui/ace_engine/frameworks/core/components_ng/pattern/remote_window/ace_core_components_remote_window_pattern_ng_ohos.inputdeps.stamp
[OHOS INFO] [NINJA] [3255/4492] STAMP obj/foundation/arkui/ace_engine/frameworks/core/components_ng/pattern/rich_editor/ace_core_components_rich_editor_pattern_ng_ohos.inputdeps.stamp
[OHOS INFO] [NINJA] [3256/4492] STAMP obj/foundation/arkui/ace_engine/frameworks/core/components_ng/pattern/security_component/ace_core_components_security_component_pattern_ng_ohos.inputdeps.stamp
[OHOS INFO] [NINJA] [3257/4492] STAMP obj/foundation/arkui/ace_engine/frameworks/core/components_ng/pattern/text_field/ace_core_components_text_field_pattern_ng_ohos.inputdeps.stamp
[OHOS INFO] [NINJA] [3258/4492] STAMP obj/foundation/arkui/ace_engine/frameworks/core/components_ng/pattern/ui_extension/ace_core_components_ui_extension_pattern_ng_ohos.inputdeps.stamp
[OHOS INFO] [NINJA] [3259/4492] STAMP obj/foundation/arkui/ace_engine/frameworks/core/components_ng/pattern/web/ace_core_components_web_pattern_ng_ohos.inputdeps.stamp
[OHOS INFO] [NINJA] [3260/4492] STAMP obj/foundation/arkui/ace_engine/frameworks/core/components_ng/pattern/window_scene/ace_core_components_window_scene_ohos.inputdeps.stamp
[OHOS INFO] [NINJA] [3261/4492] STAMP obj/foundation/arkui/ace_engine/frameworks/core/components_ng/property/ace_core_components_property_ng_ohos.inputdeps.stamp
[OHOS INFO] [NINJA] [3262/4492] STAMP obj/foundation/arkui/ace_engine/frameworks/core/components_ng/render/ace_core_components_video_resource_ng_ohos.inputdeps.stamp
[OHOS INFO] [NINJA] [3263/4492] STAMP obj/foundation/arkui/ace_engine/frameworks/core/components_ng/svg/ace_core_components_svg_ng_ohos.inputdeps.stamp
[OHOS INFO] [NINJA] [3264/4492] STAMP obj/foundation/arkui/ace_engine/frameworks/core/components_ng/syntax/ace_core_components_syntax_ng_ohos.inputdeps.stamp
[OHOS INFO] [NINJA] [3265/4492] STAMP obj/foundation/arkui/ace_engine/frameworks/core/pipeline_ng/ace_core_pipeline_ng_ohos.inputdeps.stamp
[OHOS INFO] [NINJA] [3266/4492] STAMP obj/foundation/distributedhardware/distributed_hardware_fwk/av_transport/av_trans_engine/av_receiver/distributed_av_receiver.inputdeps.stamp
[OHOS INFO] [NINJA] [3267/4492] STAMP obj/foundation/distributedhardware/distributed_hardware_fwk/av_transport/av_trans_engine/av_sender/distributed_av_sender.inputdeps.stamp
[OHOS INFO] [NINJA] [3268/4492] STAMP obj/foundation/graphic/graphic_2d/frameworks/text/interface/mlb/napi/text_napi_impl.inputdeps.stamp
[OHOS INFO] [NINJA] [3269/4492] STAMP obj/foundation/multimedia/media_library/frameworks/innerkitsimpl/media_library_manager/media_library_manager.inputdeps.stamp
[OHOS INFO] [NINJA] [3270/4492] STAMP obj/foundation/multimedia/player_framework/frameworks/native/audio_haptic/audio_haptic.inputdeps.stamp
[OHOS INFO] [NINJA] [3271/4492] STAMP obj/foundation/CastEngine/castengine_cast_framework/service/src/session/src/utils/cast_session_utils.inputdeps.stamp
[OHOS INFO] [NINJA] [3272/4492] STAMP obj/foundation/arkui/ace_engine/adapter/ohos/entrance/ace_ohos_standard_entrance_ohos.inputdeps.stamp
[OHOS INFO] [NINJA] [3273/4492] STAMP obj/foundation/arkui/ace_engine/adapter/ohos/osal/ace_osal_ohos_ohos.inputdeps.stamp
[OHOS INFO] [NINJA] [3274/4492] STAMP obj/foundation/arkui/ace_engine/frameworks/bridge/declarative_frontend/declarative_js_engine_ark_ohos.inputdeps.stamp
[OHOS INFO] [NINJA] [3275/4492] STAMP obj/foundation/arkui/ace_engine/frameworks/core/ace_core_ohos.inputdeps.stamp
[OHOS INFO] [NINJA] [3276/4492] STAMP obj/foundation/distributedhardware/distributed_input/utils/libdinput_utils.inputdeps.stamp
[OHOS INFO] [NINJA] [3277/4492] STAMP obj/foundation/multimedia/ringtone_library/services/ringtone_helper/ringtone_data_helper.inputdeps.stamp
[OHOS INFO] [NINJA] [3278/4492] STAMP obj/foundation/resourceschedule/resource_schedule_service/ressched/services/resschedsvc.inputdeps.stamp
[OHOS INFO] [NINJA] [3279/4492] STAMP obj/base/notification/distributed_notification_service/frameworks/ans/ans_innerkits.inputdeps.stamp
[OHOS INFO] [NINJA] [3280/4492] STAMP obj/foundation/CastEngine/castengine_cast_framework/service/src/device_manager/cast_discovery.inputdeps.stamp
[OHOS INFO] [NINJA] [3281/4492] STAMP obj/foundation/ability/dmsfwk/services/dtbcollabmgr/src/av_trans_stream_provider/dtbcollab_av_stream_trans_provider.inputdeps.stamp
[OHOS INFO] [NINJA] [3282/4492] STAMP obj/foundation/ability/form_fwk/frameworks/js/napi/formutil_napi.inputdeps.stamp
[OHOS INFO] [NINJA] [3283/4492] STAMP obj/foundation/arkui/ace_engine/interfaces/inner_api/ace_kit/ace_kit.inputdeps.stamp
[OHOS INFO] [NINJA] [3284/4492] STAMP obj/foundation/distributedhardware/distributed_input/dfx_utils/libdinput_dfx_utils.inputdeps.stamp
[OHOS INFO] [NINJA] [3285/4492] STAMP obj/foundation/multimedia/av_codec/services/media_engine/filters/av_codec_media_engine_filters.inputdeps.stamp
[OHOS INFO] [NINJA] [3286/4492] STAMP obj/foundation/multimedia/ringtone_library/services/ringtone_data_extension.inputdeps.stamp
[OHOS INFO] [NINJA] [3287/4492] STAMP obj/foundation/resourceschedule/device_standby/frameworks/standby_fwk.inputdeps.stamp
[OHOS INFO] [NINJA] [3288/4492] STAMP obj/base/location/location/frameworks/native/geofence_sdk/geofence_sdk.inputdeps.stamp
[OHOS INFO] [NINJA] [3289/4492] STAMP obj/base/print/print_fwk/frameworks/models/scan_models/scan_models.inputdeps.stamp
[OHOS INFO] [NINJA] [3290/4492] STAMP obj/base/telephony/sms_mms/frameworks/native/sms/sms_native_source.inputdeps.stamp
[OHOS INFO] [NINJA] [3291/4492] STAMP obj/foundation/CastEngine/castengine_cast_framework/service/src/session/src/channel/cast_session_channel.inputdeps.stamp
[OHOS INFO] [NINJA] [3292/4492] STAMP obj/foundation/CastEngine/castengine_wifi_display/services/mediachannel/sharing_media_channel_srcs.inputdeps.stamp
[OHOS INFO] [NINJA] [3293/4492] STAMP obj/foundation/ability/ability_runtime/frameworks/native/ability/native/cj_extensionkit_native.inputdeps.stamp
[OHOS INFO] [NINJA] [3294/4492] STAMP obj/foundation/ability/ability_runtime/frameworks/native/ability/native/cj_insight_intent_executor.inputdeps.stamp
[OHOS INFO] [NINJA] [3295/4492] STAMP obj/foundation/ability/ability_runtime/frameworks/native/ability/native/form_extension.inputdeps.stamp
[OHOS INFO] [NINJA] [3296/4492] STAMP obj/foundation/ability/ability_runtime/frameworks/native/ability/native/ui_service_extension.inputdeps.stamp
[OHOS INFO] [NINJA] [3297/4492] STAMP obj/foundation/ability/ability_runtime/frameworks/native/ability/native/ui_service_extension_connection_ani.inputdeps.stamp
[OHOS INFO] [NINJA] [3298/4492] STAMP obj/foundation/ability/dmsfwk/interfaces/kits/napi/continuation_manager/continuationmanager_napi.inputdeps.stamp
[OHOS INFO] [NINJA] [3299/4492] STAMP obj/foundation/ability/dmsfwk/services/dtbcollabmgr/src/ability_connection_manager/distributed_ability_connection_manager.inputdeps.stamp
[OHOS INFO] [NINJA] [3300/4492] STAMP obj/foundation/ability/form_fwk/services/form_render_service/formrender.inputdeps.stamp
[OHOS INFO] [NINJA] [3301/4492] STAMP obj/foundation/arkui/ace_engine/frameworks/bridge/arkts_frontend/ArkoalaNative_ark.inputdeps.stamp
[OHOS INFO] [NINJA] [3302/4492] STAMP obj/foundation/arkui/ace_engine/frameworks/core/components_ng/pattern/canvas/ace_core_components_canvas_pattern_ng_ohos.inputdeps.stamp
[OHOS INFO] [NINJA] [3303/4492] STAMP obj/foundation/arkui/ace_engine/frameworks/core/components_ng/pattern/waterflow/ace_core_components_waterflow_pattern_ng_ohos.inputdeps.stamp
[OHOS INFO] [NINJA] [3304/4492] STAMP obj/foundation/distributedhardware/distributed_input/services/transportbase/libdinput_trans_base.inputdeps.stamp
[OHOS INFO] [NINJA] [3305/4492] STAMP obj/foundation/filemanagement/file_api/interfaces/kits/js/file.inputdeps.stamp
[OHOS INFO] [NINJA] [3306/4492] STAMP obj/foundation/filemanagement/file_api/interfaces/kits/js/fs.inputdeps.stamp
[OHOS INFO] [NINJA] [3307/4492] STAMP obj/foundation/multimedia/av_codec/interfaces/kits/c/native_media_venc.inputdeps.stamp
[OHOS INFO] [NINJA] [3308/4492] STAMP obj/foundation/multimedia/media_library/interfaces/kits/js/medialibrary_nutils.inputdeps.stamp
[OHOS INFO] [NINJA] [3309/4492] STAMP obj/foundation/multimedia/player_framework/frameworks/js/avplayer/media_avplayer.inputdeps.stamp
[OHOS INFO] [NINJA] [3310/4492] STAMP obj/foundation/multimedia/player_framework/frameworks/js/soundpool/media_soundpool.inputdeps.stamp
[OHOS INFO] [NINJA] [3311/4492] STAMP obj/foundation/multimedia/player_framework/frameworks/native/system_sound_manager/system_sound_client.inputdeps.stamp
[OHOS INFO] [NINJA] [3312/4492] STAMP obj/foundation/multimedia/player_framework/services/engine/histreamer/player/media_engine_histreamer_player.inputdeps.stamp
[OHOS INFO] [NINJA] [3313/4492] STAMP obj/foundation/resourceschedule/device_standby/interfaces/innerkits/standby_innerkits.inputdeps.stamp
[OHOS INFO] [NINJA] [3314/4492] STAMP obj/foundation/window/window_manager/interfaces/kits/ani/window_runtime/windowstageani_kit.inputdeps.stamp
[OHOS INFO] [NINJA] [3315/4492] STAMP obj/base/account/os_account/frameworks/appaccount/native/app_account_innerkits.inputdeps.stamp
[OHOS INFO] [NINJA] [3316/4492] STAMP obj/base/location/location/frameworks/js/napi/geolocationmanager.inputdeps.stamp
[OHOS INFO] [NINJA] [3317/4492] STAMP obj/base/notification/distributed_notification_service/frameworks/reminder/reminder_innerkits.inputdeps.stamp
[OHOS INFO] [NINJA] [3318/4492] STAMP obj/base/notification/distributed_notification_service/services/distributed/libans_distributed.inputdeps.stamp
[OHOS INFO] [NINJA] [3319/4492] STAMP obj/base/notification/distributed_notification_service/services/infrastructure/ans_base.inputdeps.stamp
[OHOS INFO] [NINJA] [3320/4492] STAMP obj/base/print/print_fwk/frameworks/helper/scan_helper/scan_helper.inputdeps.stamp
[OHOS INFO] [NINJA] [3321/4492] STAMP obj/base/request/request/frameworks/native/cache_download/preload_native.inputdeps.stamp
[OHOS INFO] [NINJA] [3322/4492] STAMP obj/base/security/certificate_manager/interfaces/kits/ani/cm_ani_common/cm_ani_common_static.inputdeps.stamp
[OHOS INFO] [NINJA] [3323/4492] STAMP obj/drivers/external_device_manager/frameworks/js/taihe/driver_extension_context/DriverExtensionContext_native.inputdeps.stamp
[OHOS INFO] [NINJA] [3324/4492] STAMP obj/foundation/CastEngine/castengine_cast_framework/service/src/session/src/rtsp/cast_session_rtsp.inputdeps.stamp
[OHOS INFO] [NINJA] [3325/4492] STAMP obj/foundation/CastEngine/castengine_wifi_display/services/sink/mediaplayer/sharing_media_player_srcs.inputdeps.stamp
[OHOS INFO] [NINJA] [3326/4492] STAMP obj/foundation/ability/ability_runtime/agent_runtime_framework/frameworks/ets/ani/agent_extension_ability/ets_agent_connection.inputdeps.stamp
[OHOS INFO] [NINJA] [3327/4492] STAMP obj/foundation/ability/ability_runtime/frameworks/js/napi/inner/napi_ability_common/napi_ability_common.inputdeps.stamp
[OHOS INFO] [NINJA] [3328/4492] STAMP obj/foundation/ability/ability_runtime/frameworks/native/ability/native/cj_form_extension.inputdeps.stamp
[OHOS INFO] [NINJA] [3329/4492] STAMP obj/foundation/ability/ability_runtime/frameworks/native/ability/native/cj_ui_extension.inputdeps.stamp
[OHOS INFO] [NINJA] [3330/4492] STAMP obj/foundation/ability/ability_runtime/frameworks/native/ability/native/photo_editor_extension.inputdeps.stamp
[OHOS INFO] [NINJA] [3331/4492] STAMP obj/foundation/ability/ability_runtime/frameworks/native/ability/native/ui_service_extension_ani.inputdeps.stamp
[OHOS INFO] [NINJA] [3332/4492] STAMP obj/foundation/ability/ability_runtime/tools/cc/tools_cc_source_set.inputdeps.stamp
[OHOS INFO] [NINJA] [3333/4492] STAMP obj/foundation/ability/dmsfwk/interfaces/taihe/etsContinueManager/continueManager_ani.inputdeps.stamp
[OHOS INFO] [NINJA] [3334/4492] STAMP obj/foundation/ability/form_fwk/frameworks/cj/cj_formBindingData_ffi.inputdeps.stamp
[OHOS INFO] [NINJA] [3335/4492] STAMP obj/foundation/ability/form_fwk/frameworks/ets/ani/utils/util_ani.inputdeps.stamp
[OHOS INFO] [NINJA] [3336/4492] STAMP obj/foundation/ability/form_fwk/services/form_render_service/formrender_service.inputdeps.stamp
[OHOS INFO] [NINJA] [3337/4492] STAMP obj/foundation/arkui/ace_engine/frameworks/base/ace_memory_monitor_ohos.inputdeps.stamp
[OHOS INFO] [NINJA] [3338/4492] STAMP obj/foundation/arkui/ace_engine/frameworks/bridge/arkts_frontend/koala_projects/arkoala-arkts/arkui-ohos/src/ani/native/custom/arkuicustomnode_ani.inputdeps.stamp
[OHOS INFO] [NINJA] [3339/4492] STAMP obj/foundation/arkui/ace_engine/frameworks/bridge/arkts_frontend/koala_projects/arkoala-arkts/arkui-ohos/src/ani/native/ui_extension/arkuiuiextension_ani.inputdeps.stamp
[OHOS INFO] [NINJA] [3340/4492] STAMP obj/foundation/arkui/ace_engine/frameworks/core/components_ng/pattern/indexer/ace_core_components_indexer_pattern_ng_ohos.inputdeps.stamp
[OHOS INFO] [NINJA] [3341/4492] STAMP obj/foundation/communication/fusion_connectivity/partner_agent/frameworks/inner/partner_agent_extension_common.inputdeps.stamp
[OHOS INFO] [NINJA] [3342/4492] STAMP obj/foundation/communication/netmanager_ext/interfaces/innerkits/vpnextension/vpn_extension.inputdeps.stamp
[OHOS INFO] [NINJA] [3343/4492] STAMP obj/foundation/communication/wifi/wifi/services/wifi_standard/wifi_framework/wifi_manage/wifi_manager_service_static.inputdeps.stamp
[OHOS INFO] [NINJA] [3344/4492] STAMP obj/foundation/communication/wifi/wifi/services/wifi_standard/wifi_framework/wifi_manage/wifi_common/wifi_common_service.inputdeps.stamp
[OHOS INFO] [NINJA] [3345/4492] STAMP obj/foundation/communication/wifi/wifi/services/wifi_standard/wifi_framework/wifi_manage/wifi_pro/wifi_pro.inputdeps.stamp
[OHOS INFO] [NINJA] [3346/4492] STAMP obj/foundation/communication/wifi/wifi/services/wifi_standard/wifi_framework/wifi_manage/wifi_self_cure/wifi_self_cure.inputdeps.stamp
[OHOS INFO] [NINJA] [3347/4492] STAMP obj/foundation/communication/wifi/wifi/services/wifi_standard/wifi_framework/wifi_manage/wifi_sta/wifi_sta_service.inputdeps.stamp
[OHOS INFO] [NINJA] [3348/4492] STAMP obj/foundation/distributeddatamgr/datamgr_service/services/distributeddataservice/service/object/distributeddata_object.inputdeps.stamp
[OHOS INFO] [NINJA] [3349/4492] STAMP obj/foundation/distributeddatamgr/datamgr_service/services/distributeddataservice/service/udmf/udmf_server.inputdeps.stamp
[OHOS INFO] [NINJA] [3350/4492] STAMP obj/foundation/distributeddatamgr/relational_store/frameworks/js/napi/rdb/napi_rdb.inputdeps.stamp
[OHOS INFO] [NINJA] [3351/4492] STAMP obj/foundation/distributeddatamgr/relational_store/frameworks/js/napi/relationalstore/relationalstore.inputdeps.stamp
[OHOS INFO] [NINJA] [3352/4492] STAMP obj/foundation/distributedhardware/distributed_input/services/sink/transport/libdinput_sink_trans.inputdeps.stamp
[OHOS INFO] [NINJA] [3353/4492] STAMP obj/foundation/graphic/graphic_3d/kits/js/napi_source.inputdeps.stamp
[OHOS INFO] [NINJA] [3354/4492] STAMP obj/foundation/multimedia/camera_framework/common/camera_utils_static.inputdeps.stamp
[OHOS INFO] [NINJA] [3355/4492] STAMP obj/foundation/multimedia/camera_framework/frameworks/cj/cj_camera_ffi.inputdeps.stamp
[OHOS INFO] [NINJA] [3356/4492] STAMP obj/foundation/multimedia/camera_framework/frameworks/native/camera/extension/camera_framework_ex.inputdeps.stamp
[OHOS INFO] [NINJA] [3357/4492] STAMP obj/foundation/multimedia/camera_framework/interfaces/kits/js/camera_napi/camera_napi_base.inputdeps.stamp
[OHOS INFO] [NINJA] [3358/4492] STAMP obj/foundation/multimedia/media_foundation/engine/plugin/plugins/codec_adapter/std_plugin_codec_adapter.inputdeps.stamp
[OHOS INFO] [NINJA] [3359/4492] STAMP obj/foundation/multimedia/media_foundation/engine/plugin/plugins/ffmpeg_adapter/ffmpeg_audio_encoders.inputdeps.stamp
[OHOS INFO] [NINJA] [3360/4492] STAMP obj/foundation/multimedia/media_foundation/engine/plugin/plugins/ffmpeg_adapter/ffmpeg_demuxers.inputdeps.stamp
[OHOS INFO] [NINJA] [3361/4492] STAMP obj/foundation/multimedia/media_foundation/engine/plugin/plugins/ffmpeg_adapter/ffmpeg_muxers.inputdeps.stamp
[OHOS INFO] [NINJA] [3362/4492] STAMP obj/foundation/multimedia/media_foundation/engine/plugin/plugins/ffmpeg_adapter/ffmpeg_video_encoders.inputdeps.stamp
[OHOS INFO] [NINJA] [3363/4492] STAMP obj/foundation/multimedia/media_library/common/media_cloud_sync_data/media_cloud_sync_data.inputdeps.stamp
[OHOS INFO] [NINJA] [3364/4492] STAMP obj/foundation/multimedia/media_library/frameworks/native/media_library_asset_manager/media_library_asset_manager.inputdeps.stamp
[OHOS INFO] [NINJA] [3365/4492] STAMP obj/foundation/multimedia/media_library/interfaces/kits/cj/cj_photoaccesshelper_ffi.inputdeps.stamp
[OHOS INFO] [NINJA] [3366/4492] STAMP obj/foundation/multimedia/player_framework/frameworks/js/audio_haptic/audiohaptic_napi.inputdeps.stamp
[OHOS INFO] [NINJA] [3367/4492] STAMP obj/foundation/multimedia/player_framework/frameworks/js/system_sound_manager/systemsoundmanager.inputdeps.stamp
[OHOS INFO] [NINJA] [3368/4492] STAMP obj/foundation/multimedia/player_framework/interfaces/kits/js/media.inputdeps.stamp
[OHOS INFO] [NINJA] [3369/4492] STAMP obj/foundation/multimedia/player_framework/services/engine/histreamer/avmetadatahelper/media_engine_histreamer_avmetadatahelper.inputdeps.stamp
[OHOS INFO] [NINJA] [3370/4492] STAMP obj/foundation/multimedia/player_framework/services/engine/histreamer/transcoder/media_engine_histreamer_transcoder.inputdeps.stamp
[OHOS INFO] [NINJA] [3371/4492] STAMP obj/foundation/resourceschedule/device_standby/services/standby_service.inputdeps.stamp
[OHOS INFO] [NINJA] [3372/4492] STAMP obj/foundation/systemabilitymgr/selectionfwk/common/selection_common.inputdeps.stamp
[OHOS INFO] [NINJA] [3373/4492] STAMP obj/foundation/window/window_manager/interfaces/kits/ani/embeddable_window_stage/embeddablewindowstageani_kit.inputdeps.stamp
[OHOS INFO] [NINJA] [3374/4492] STAMP obj/applications/standard/calendardata/calendarmanager/cj/cj_calendar_manager_ffi.inputdeps.stamp
[OHOS INFO] [NINJA] [3375/4492] STAMP obj/applications/standard/contacts_data/contactsdataability.inputdeps.stamp
[OHOS INFO] [NINJA] [3376/4492] STAMP obj/applications/standard/settings/cj/settings/cj_settings_ffi.inputdeps.stamp
[OHOS INFO] [NINJA] [3377/4492] STAMP obj/applications/standard/settings/native/settings/settings_common.inputdeps.stamp
[OHOS INFO] [NINJA] [3378/4492] STAMP obj/base/account/os_account/frameworks/appaccount/cj/cj_appAccount_ffi.inputdeps.stamp
[OHOS INFO] [NINJA] [3379/4492] STAMP obj/base/global/i18n/frameworks/zone/zone_util.inputdeps.stamp
[OHOS INFO] [NINJA] [3380/4492] STAMP obj/base/inputmethod/imf/interfaces/inner_api/inputmethod_ability/inputmethod_ability.inputdeps.stamp
[OHOS INFO] [NINJA] [3381/4492] STAMP obj/base/location/location/frameworks/cj/cj_geolocationmanager_ffi.inputdeps.stamp
[OHOS INFO] [NINJA] [3382/4492] STAMP obj/base/location/location/frameworks/native/locator_agent/locator_agent.inputdeps.stamp
[OHOS INFO] [NINJA] [3383/4492] STAMP obj/base/msdp/device_status/services/interaction/drag/interaction_drag.inputdeps.stamp
[OHOS INFO] [NINJA] [3384/4492] STAMP obj/base/notification/common_event_service/interfaces/kits/cj/cj_common_event_manager_ffi.inputdeps.stamp
[OHOS INFO] [NINJA] [3385/4492] STAMP obj/base/notification/distributed_notification_service/frameworks/cj/ffi/cj_notification_manager_ffi.inputdeps.stamp
[OHOS INFO] [NINJA] [3386/4492] STAMP obj/base/notification/distributed_notification_service/frameworks/ets/ani/notification_ani_common.inputdeps.stamp
[OHOS INFO] [NINJA] [3387/4492] STAMP obj/base/notification/distributed_notification_service/frameworks/extension/notification_subscriber_extension_common.inputdeps.stamp
[OHOS INFO] [NINJA] [3388/4492] STAMP obj/base/notification/distributed_notification_service/frameworks/js/napi/notification_napi_common.inputdeps.stamp
[OHOS INFO] [NINJA] [3389/4492] STAMP obj/base/notification/distributed_notification_service/services/ans/ans_service_sources.inputdeps.stamp
[OHOS INFO] [NINJA] [3390/4492] STAMP obj/base/print/print_fwk/frameworks/innerkitsimpl/scan_impl/scan_client.inputdeps.stamp
[OHOS INFO] [NINJA] [3391/4492] STAMP obj/base/print/print_fwk/frameworks/kits/extension/print_extension_framework.inputdeps.stamp
[OHOS INFO] [NINJA] [3392/4492] STAMP obj/base/request/request/frameworks/cj/ffi/cj_request_ffi.inputdeps.stamp
[OHOS INFO] [NINJA] [3393/4492] STAMP obj/base/request/request/frameworks/js/napi/preload_napi/preload_napi.inputdeps.stamp
[OHOS INFO] [NINJA] [3394/4492] STAMP obj/base/request/request/frameworks/native/request_action/request_action.inputdeps.stamp
[OHOS INFO] [NINJA] [3395/4492] STAMP obj/base/security/certificate_manager/interfaces/kits/ani/certificate_manager_ani/certmanager_ani.inputdeps.stamp
[OHOS INFO] [NINJA] [3396/4492] STAMP obj/base/security/certificate_manager/interfaces/kits/ani/certificate_manager_dialog_ani/certmanager_dialog_ani.inputdeps.stamp
[OHOS INFO] [NINJA] [3397/4492] STAMP obj/base/security/security_component_manager/services/security_component_service/sa/security_component_common.inputdeps.stamp
[OHOS INFO] [NINJA] [3398/4492] STAMP obj/base/telephony/call_manager/frameworks/cj/cj_telephony_call_ffi.inputdeps.stamp
[OHOS INFO] [NINJA] [3399/4492] STAMP obj/base/telephony/cellular_data/frameworks/cj/cj_cellular_data_ffi.inputdeps.stamp
[OHOS INFO] [NINJA] [3400/4492] STAMP obj/base/telephony/core_service/frameworks/cj/telephony_radio/cj_radio_ffi.inputdeps.stamp
[OHOS INFO] [NINJA] [3401/4492] STAMP obj/base/telephony/core_service/frameworks/cj/telephony_sim/cj_sim_ffi.inputdeps.stamp
[OHOS INFO] [NINJA] [3402/4492] STAMP obj/base/telephony/core_service/utils/libtel_vcard.inputdeps.stamp
[OHOS INFO] [NINJA] [3403/4492] STAMP obj/base/telephony/sms_mms/frameworks/cj/cj_sms_ffi.inputdeps.stamp
[OHOS INFO] [NINJA] [3404/4492] STAMP obj/base/telephony/state_registry/frameworks/cj/cj_observer_ffi.inputdeps.stamp
[OHOS INFO] [NINJA] [3405/4492] STAMP obj/base/theme/wallpaper_mgr/frameworks/native/wallpapermanager.inputdeps.stamp
[OHOS INFO] [NINJA] [3406/4492] STAMP obj/base/time/time_service/framework/cj/cj_system_date_time_ffi.inputdeps.stamp
[OHOS INFO] [NINJA] [3407/4492] STAMP obj/base/useriam/user_auth_framework/frameworks/common/user_auth_common.inputdeps.stamp
[OHOS INFO] [NINJA] [3408/4492] STAMP obj/base/web/webview/interfaces/kits/nativecommon/webview_common.inputdeps.stamp
[OHOS INFO] [NINJA] [3409/4492] STAMP obj/domains/advertising/advertising/frameworks/cj/ffi/ads/cj_advertising_ffi.inputdeps.stamp
[OHOS INFO] [NINJA] [3410/4492] STAMP obj/domains/game/game_controller_framework/frameworks/native/gamecontroller_fwk_client.inputdeps.stamp
[OHOS INFO] [NINJA] [3411/4492] STAMP obj/drivers/external_device_manager/services/native/driver_extension/driver_extension.inputdeps.stamp
[OHOS INFO] [NINJA] [3412/4492] STAMP obj/foundation/CastEngine/castengine_cast_framework/service/src/session/src/stream/cast_session_stream.inputdeps.stamp
[OHOS INFO] [NINJA] [3413/4492] STAMP obj/foundation/CastEngine/castengine_wifi_display/services/codec/sharing_codec.inputdeps.stamp
[OHOS INFO] [NINJA] [3414/4492] STAMP obj/foundation/CastEngine/castengine_wifi_display/services/sink/impl/scene/wfd/sharing_wfd_sink_scene_srcs.inputdeps.stamp
[OHOS INFO] [NINJA] [3415/4492] STAMP obj/foundation/CastEngine/castengine_wifi_display/services/sink/impl/wfd/sharing_wfd_sink_session_srcs.inputdeps.stamp
[OHOS INFO] [NINJA] [3416/4492] STAMP obj/foundation/CastEngine/castengine_wifi_display/services/source/impl/wfd/sharing_wfd_source_session_srcs.inputdeps.stamp
[OHOS INFO] [NINJA] [3417/4492] STAMP obj/foundation/ability/ability_runtime/agent_runtime_framework/frameworks/ets/ani/agent_manager/agentmanager_ani.inputdeps.stamp
[OHOS INFO] [NINJA] [3418/4492] STAMP obj/foundation/ability/ability_runtime/frameworks/cj/ffi/app/errormanager/cj_errormanager_ffi.inputdeps.stamp
[OHOS INFO] [NINJA] [3419/4492] STAMP obj/foundation/ability/ability_runtime/frameworks/native/ability/native/app_service_extension.inputdeps.stamp
[OHOS INFO] [NINJA] [3420/4492] STAMP obj/foundation/ability/ability_runtime/frameworks/native/ability/native/auto_fill_extension.inputdeps.stamp
[OHOS INFO] [NINJA] [3421/4492] STAMP obj/foundation/ability/ability_runtime/frameworks/native/ability/native/cj_abilitykit_native_ffi.inputdeps.stamp
[OHOS INFO] [NINJA] [3422/4492] STAMP obj/foundation/ability/ability_runtime/frameworks/native/ability/native/cj_photo_editor_extension.inputdeps.stamp
[OHOS INFO] [NINJA] [3423/4492] STAMP obj/foundation/ability/ability_runtime/frameworks/native/ability/native/ets_form_extension.inputdeps.stamp
[OHOS INFO] [NINJA] [3424/4492] STAMP obj/foundation/ability/ability_runtime/frameworks/native/ability/native/insight_intent_executor_ani.inputdeps.stamp
[OHOS INFO] [NINJA] [3425/4492] STAMP obj/foundation/ability/ability_runtime/frameworks/native/ability/native/service_extension_ani.inputdeps.stamp
[OHOS INFO] [NINJA] [3426/4492] STAMP obj/foundation/ability/ability_runtime/frameworks/native/ability/native/ui_extension_ani.inputdeps.stamp
[OHOS INFO] [NINJA] [3427/4492] STAMP obj/foundation/ability/ability_runtime/frameworks/native/insight_intent/insight_intent_context/cj_insightintentcontext.inputdeps.stamp
[OHOS INFO] [NINJA] [3428/4492] STAMP obj/foundation/ability/form_fwk/libfms.inputdeps.stamp
[OHOS INFO] [NINJA] [3429/4492] STAMP obj/foundation/ability/form_fwk/frameworks/cj/cj_formProvider_ffi.inputdeps.stamp
[OHOS INFO] [NINJA] [3430/4492] STAMP obj/foundation/arkui/ace_engine/adapter/ohos/entrance/pa_engine/engine/jsi/js_pa_engine_bridge_ark_ohos.inputdeps.stamp
[OHOS INFO] [NINJA] [3431/4492] STAMP obj/foundation/arkui/ace_engine/frameworks/bridge/arkts_frontend/arkts_frontend.inputdeps.stamp
[OHOS INFO] [NINJA] [3432/4492] STAMP obj/foundation/arkui/ace_engine/frameworks/bridge/cj_frontend/cj_frontend_ohos.inputdeps.stamp
[OHOS INFO] [NINJA] [3433/4492] STAMP obj/foundation/arkui/ace_engine/frameworks/core/components_ng/pattern/blank/ace_core_components_blank_pattern_ng_ohos.inputdeps.stamp
[OHOS INFO] [NINJA] [3434/4492] STAMP obj/foundation/arkui/ace_engine/frameworks/core/components_ng/pattern/divider/ace_core_components_divider_pattern_ng_ohos.inputdeps.stamp
[OHOS INFO] [NINJA] [3435/4492] STAMP obj/foundation/arkui/ace_engine/frameworks/core/components_ng/pattern/grid_col/ace_core_components_grid_col_pattern_ng_ohos.inputdeps.stamp
[OHOS INFO] [NINJA] [3436/4492] STAMP obj/foundation/arkui/ace_engine/frameworks/core/components_ng/pattern/grid_container/ace_core_components_grid_container_pattern_ng_ohos.inputdeps.stamp
[OHOS INFO] [NINJA] [3437/4492] STAMP obj/foundation/arkui/ace_engine/frameworks/core/components_ng/pattern/grid_row/ace_core_components_grid_row_pattern_ng_ohos.inputdeps.stamp
[OHOS INFO] [NINJA] [3438/4492] STAMP obj/foundation/arkui/ace_engine/frameworks/core/components_ng/pattern/swiper/ace_core_components_swiper_pattern_ng_ohos.inputdeps.stamp
[OHOS INFO] [NINJA] [3439/4492] STAMP obj/foundation/arkui/ace_engine/frameworks/core/components_ng/pattern/swiper_indicator/ace_core_components_swiper_indicator_pattern_ng_ohos.inputdeps.stamp
[OHOS INFO] [NINJA] [3440/4492] STAMP obj/foundation/arkui/ace_engine/frameworks/core/components_ng/pattern/tabs/ace_core_components_tabs_pattern_ng_ohos.inputdeps.stamp
[OHOS INFO] [NINJA] [3441/4492] STAMP obj/foundation/arkui/ace_engine/interfaces/napi/kits/animator/animator_static_ohos.inputdeps.stamp
[OHOS INFO] [NINJA] [3442/4492] STAMP obj/foundation/arkui/ace_engine/interfaces/napi/kits/componentutils/componentutils_static_ohos.inputdeps.stamp
[OHOS INFO] [NINJA] [3443/4492] STAMP obj/foundation/arkui/ace_engine/interfaces/napi/kits/dialog/napi_dialog_static_ohos.inputdeps.stamp
[OHOS INFO] [NINJA] [3444/4492] STAMP obj/foundation/arkui/ace_engine/interfaces/napi/kits/intelligence/image_generation/imagegeneration_static_ohos.inputdeps.stamp
[OHOS INFO] [NINJA] [3445/4492] STAMP obj/foundation/arkui/ace_engine/interfaces/napi/kits/luminance_sampler/luminancesampler_static_ohos.inputdeps.stamp
[OHOS INFO] [NINJA] [3446/4492] STAMP obj/foundation/arkui/ace_engine/interfaces/napi/kits/observer/observer_static_ohos.inputdeps.stamp
[OHOS INFO] [NINJA] [3447/4492] STAMP obj/foundation/arkui/ace_engine/interfaces/napi/kits/plugincomponent/plugincomponent.inputdeps.stamp
[OHOS INFO] [NINJA] [3448/4492] STAMP obj/foundation/arkui/ace_engine/interfaces/napi/kits/prompt/prompt_static_ohos.inputdeps.stamp
[OHOS INFO] [NINJA] [3449/4492] STAMP obj/foundation/arkui/ace_engine/interfaces/napi/kits/promptaction/promptaction_static_ohos.inputdeps.stamp
[OHOS INFO] [NINJA] [3450/4492] STAMP obj/foundation/arkui/ace_engine/interfaces/native/ace_ndk.inputdeps.stamp
[OHOS INFO] [NINJA] [3451/4492] STAMP obj/foundation/bundlemanager/ecological_rule_manager/services/ecologicalrulemgr_service.inputdeps.stamp
[OHOS INFO] [NINJA] [3452/4492] CXX obj/out/rk3568/gen/foundation/arkui/ace_engine/idlize_gen/sig/arkoala-arkts/framework/native/src/generated/ArkoalaNative_ark/callback_managed_caller.o
[OHOS INFO] [NINJA] [3453/4492] STAMP obj/foundation/communication/dsoftbus/core/frame/softbus_server.inputdeps.stamp
[OHOS INFO] [NINJA] [3454/4492] STAMP obj/foundation/distributeddatamgr/kv_store/interfaces/cj/cj_distributed_kv_store_ffi.inputdeps.stamp
[OHOS INFO] [NINJA] [3455/4492] STAMP obj/foundation/distributeddatamgr/pasteboard/interfaces/cj/cj_pasteboard_ffi.inputdeps.stamp
[OHOS INFO] [NINJA] [3456/4492] STAMP obj/foundation/distributeddatamgr/pasteboard/interfaces/ndk/libpasteboard.inputdeps.stamp
[OHOS INFO] [NINJA] [3457/4492] STAMP obj/foundation/distributeddatamgr/preferences/frameworks/cj/cj_preferences_ffi.inputdeps.stamp
[OHOS INFO] [NINJA] [3458/4492] STAMP obj/foundation/distributeddatamgr/relational_store/frameworks/cj/cj_relational_store_ffi.inputdeps.stamp
[OHOS INFO] [NINJA] [3459/4492] STAMP obj/foundation/distributeddatamgr/udmf/interfaces/cj/cj_unified_data_channel_ffi.inputdeps.stamp
[OHOS INFO] [NINJA] [3460/4492] STAMP obj/foundation/distributeddatamgr/udmf/interfaces/cj/cj_uniform_type_descriptor_ffi.inputdeps.stamp
[OHOS INFO] [NINJA] [3461/4492] STAMP obj/foundation/distributeddatamgr/udmf/interfaces/jskits/intelligence_napi.inputdeps.stamp
[OHOS INFO] [NINJA] [3462/4492] STAMP obj/foundation/distributedhardware/distributed_audio/services/audiotransport/receiverengine/distributed_audio_decode_transport.inputdeps.stamp
[OHOS INFO] [NINJA] [3463/4492] STAMP obj/foundation/distributedhardware/distributed_audio/services/audiotransport/senderengine/distributed_audio_encode_transport.inputdeps.stamp
[OHOS INFO] [NINJA] [3464/4492] STAMP obj/foundation/distributedhardware/distributed_input/interfaces/inner_kits/libdinput_sdk.inputdeps.stamp
[OHOS INFO] [NINJA] [3465/4492] STAMP obj/foundation/distributedhardware/distributed_input/services/state/libdinput_sink_state.inputdeps.stamp
[OHOS INFO] [NINJA] [3466/4492] STAMP obj/foundation/filemanagement/app_file_service/interfaces/kits/cj/cj_file_fileuri_ffi.inputdeps.stamp
[OHOS INFO] [NINJA] [3467/4492] STAMP obj/foundation/filemanagement/file_api/interfaces/kits/cj/cj_file_fs_ffi.inputdeps.stamp
[OHOS INFO] [NINJA] [3468/4492] STAMP obj/foundation/filemanagement/user_file_service/interfaces/inner_api/file_access/file_access_extension_ability_kit.inputdeps.stamp
[OHOS INFO] [NINJA] [3469/4492] STAMP obj/foundation/graphic/graphic_2d/frameworks/text/interface/mlb/ani/text_engine_ani.inputdeps.stamp
[OHOS INFO] [NINJA] [3470/4492] STAMP obj/foundation/multimedia/audio_framework/services/audio_service/audio_process_service.inputdeps.stamp
[OHOS INFO] [NINJA] [3471/4492] STAMP obj/foundation/multimedia/av_codec/services/services/av_codec_service.inputdeps.stamp
[OHOS INFO] [NINJA] [3472/4492] STAMP obj/foundation/multimedia/av_codec/test/unittest/hcodec_test/helper/hcodec_test_helper.inputdeps.stamp
[OHOS INFO] [NINJA] [3473/4492] STAMP obj/foundation/multimedia/av_session/frameworks/cj/cj_multimedia_avsession_ffi.inputdeps.stamp
[OHOS INFO] [NINJA] [3474/4492] STAMP obj/foundation/multimedia/camera_framework/dynamic_libs/camera_dynamic_medialibrary.inputdeps.stamp
[OHOS INFO] [NINJA] [3475/4492] STAMP obj/foundation/multimedia/camera_framework/frameworks/cj/cj_camera_picker_ffi.inputdeps.stamp
[OHOS INFO] [NINJA] [3476/4492] STAMP obj/foundation/multimedia/camera_framework/frameworks/native/camera/base/camera_framework_static.inputdeps.stamp
[OHOS INFO] [NINJA] [3477/4492] STAMP obj/foundation/multimedia/camera_framework/interfaces/kits/js/camera_napi/camerapicker_napi.inputdeps.stamp
[OHOS INFO] [NINJA] [3478/4492] STAMP obj/foundation/multimedia/drm_framework/frameworks/taihe/drm_taihe.inputdeps.stamp
[OHOS INFO] [NINJA] [3479/4492] STAMP obj/foundation/multimedia/drm_framework/interfaces/kits/js/drm_napi/drm_napi.inputdeps.stamp
[OHOS INFO] [NINJA] [3480/4492] STAMP obj/foundation/multimedia/media_library/frameworks/ani/medialibrary_ani_utils.inputdeps.stamp
[OHOS INFO] [NINJA] [3481/4492] STAMP obj/foundation/multimedia/media_library/frameworks/innerkitsimpl/analysis_data_kits/analysis_data_kits.inputdeps.stamp
[OHOS INFO] [NINJA] [3482/4492] STAMP obj/foundation/multimedia/media_library/frameworks/innerkitsimpl/media_library_cloud_sync/media_library_cloud_sync.inputdeps.stamp
[OHOS INFO] [NINJA] [3483/4492] STAMP obj/foundation/multimedia/media_library/frameworks/innerkitsimpl/media_library_manager/media_library_custom_restore.inputdeps.stamp
[OHOS INFO] [NINJA] [3484/4492] STAMP obj/foundation/multimedia/media_library/frameworks/innerkitsimpl/media_permission_helper/media_permission_helper.inputdeps.stamp
[OHOS INFO] [NINJA] [3485/4492] STAMP obj/foundation/multimedia/media_library/frameworks/innerkitsimpl/media_library_manager/media_library_extend_manager.inputdeps.stamp
[OHOS INFO] [NINJA] [3486/4492] STAMP obj/foundation/multimedia/media_library/frameworks/services/media_async_worker/medialibrary_async_worker.inputdeps.stamp
[OHOS INFO] [NINJA] [3487/4492] STAMP obj/foundation/multimedia/media_library/interfaces/kits/c/native_media_asset_manager.inputdeps.stamp
[OHOS INFO] [NINJA] [3488/4492] STAMP obj/foundation/multimedia/player_framework/frameworks/cj/audio_haptic/cj_audiohaptic_ffi.inputdeps.stamp
[OHOS INFO] [NINJA] [3489/4492] STAMP obj/foundation/multimedia/player_framework/frameworks/cj/avplayer/cj_avplayer_ffi.inputdeps.stamp
[OHOS INFO] [NINJA] [3490/4492] STAMP obj/foundation/multimedia/player_framework/frameworks/cj/avrecorder/cj_media_avrecorder_ffi.inputdeps.stamp
[OHOS INFO] [NINJA] [3491/4492] STAMP obj/foundation/multimedia/player_framework/frameworks/cj/avscreen_capture/cj_avscreen_capture_ffi.inputdeps.stamp
[OHOS INFO] [NINJA] [3492/4492] STAMP obj/foundation/multimedia/player_framework/frameworks/cj/avtranscoder/cj_avtranscoder_ffi.inputdeps.stamp
[OHOS INFO] [NINJA] [3493/4492] STAMP obj/foundation/multimedia/player_framework/frameworks/cj/metadatahelper/cj_metadatahelper_ffi.inputdeps.stamp
[OHOS INFO] [NINJA] [3494/4492] STAMP obj/foundation/multimedia/player_framework/frameworks/cj/soundpool/cj_soundpool_ffi.inputdeps.stamp
[OHOS INFO] [NINJA] [3495/4492] STAMP obj/foundation/multimedia/player_framework/frameworks/native/video_editor/video_editor.inputdeps.stamp
[OHOS INFO] [NINJA] [3496/4492] STAMP obj/foundation/multimodalinput/input/frameworks/native/input/oh_input_manager.inputdeps.stamp
[OHOS INFO] [NINJA] [3497/4492] CXX obj/out/rk3568/gen/foundation/arkui/ace_engine/idlize_gen/sig/arkoala-arkts/framework/native/src/generated/ArkoalaNative_ark/callback_deserialize_call.o
[OHOS INFO] [NINJA] [3498/4492] STAMP obj/foundation/resourceschedule/background_task_mgr/interfaces/kits/ets/taihe/background_task_manager_ani.inputdeps.stamp
[OHOS INFO] [NINJA] [3499/4492] STAMP obj/foundation/resourceschedule/device_standby/plugins/standby_plugin.inputdeps.stamp
[OHOS INFO] [NINJA] [3500/4492] STAMP obj/foundation/resourceschedule/resource_schedule_service/ressched/plugins/cgroup_sched_plugin/framework/cgroup_sched.inputdeps.stamp
[OHOS INFO] [NINJA] [3501/4492] STAMP obj/foundation/resourceschedule/resource_schedule_service/ressched/services/resschedsvc_static.inputdeps.stamp
[OHOS INFO] [NINJA] [3502/4492] STAMP obj/foundation/resourceschedule/work_scheduler/interfaces/kits/ets/taihe/work_scheduler_extension/work_scheduler_extension_ani.inputdeps.stamp
[OHOS INFO] [NINJA] [3503/4492] STAMP obj/foundation/systemabilitymgr/selectionfwk/frameworks/native/selection_ability/selection_ability.inputdeps.stamp
[OHOS INFO] [NINJA] [3504/4492] STAMP obj/foundation/window/window_manager/interfaces/kits/ani/floating_ball/fbwindowani_kit.inputdeps.stamp
[OHOS INFO] [NINJA] [3505/4492] STAMP obj/foundation/window/window_manager/interfaces/kits/napi/display_runtime/display_kit.inputdeps.stamp
[OHOS INFO] [NINJA] [3506/4492] STAMP obj/foundation/window/window_manager/interfaces/kits/napi/floating_ball_napi/floatingball_kit.inputdeps.stamp
[OHOS INFO] [NINJA] [3507/4492] STAMP obj/foundation/window/window_manager/interfaces/kits/napi/picture_in_picture_napi/pipwindow_kit.inputdeps.stamp
[OHOS INFO] [NINJA] [3508/4492] STAMP obj/foundation/window/window_manager/window_scene/interfaces/kits/ani/scene_session_manager/scenesessionmanagerani_kit.inputdeps.stamp
[OHOS INFO] [NINJA] [3509/4492] STAMP obj/foundation/window/window_manager/window_scene/screen_session_manager/screen_session_manager.inputdeps.stamp
[OHOS INFO] [NINJA] [3510/4492] STAMP obj/foundation/window/window_manager/wmserver/libwms.inputdeps.stamp
[OHOS INFO] [NINJA] [3511/4492] STAMP obj/base/account/os_account/frameworks/ets/taihe/app_account_taihe_native.inputdeps.stamp
[OHOS INFO] [NINJA] [3512/4492] STAMP obj/base/account/os_account/frameworks/ets/taihe/distributed_account_taihe_native.inputdeps.stamp
[OHOS INFO] [NINJA] [3513/4492] STAMP obj/base/account/os_account/frameworks/ets/taihe/os_account_taihe_native.inputdeps.stamp
[OHOS INFO] [NINJA] [3514/4492] STAMP obj/base/account/os_account/interfaces/kits/napi/authorization/authorization_napi.inputdeps.stamp
[OHOS INFO] [NINJA] [3515/4492] STAMP obj/base/account/os_account/interfaces/kits/napi/domain_account/domain_account_napi.inputdeps.stamp
[OHOS INFO] [NINJA] [3516/4492] STAMP obj/base/notification/common_event_service/frameworks/extension/static_subscriber_extension.inputdeps.stamp
[OHOS INFO] [NINJA] [3517/4492] STAMP obj/base/notification/common_event_service/interfaces/kits/napi/napi_common_event/napi_commoneventmanager.inputdeps.stamp
[OHOS INFO] [NINJA] [3518/4492] STAMP obj/base/notification/distributed_notification_service/frameworks/ets/ani/notification_manager_ani.inputdeps.stamp
[OHOS INFO] [NINJA] [3519/4492] STAMP obj/base/notification/distributed_notification_service/frameworks/js/napi/src/extension/notification_subscriber_extension.inputdeps.stamp
[OHOS INFO] [NINJA] [3520/4492] STAMP obj/base/notification/distributed_notification_service/services/ans/libans_dynamic.inputdeps.stamp
[OHOS INFO] [NINJA] [3521/4492] STAMP obj/base/notification/distributed_notification_service/services/reminder/reminder_service_sources.inputdeps.stamp
[OHOS INFO] [NINJA] [3522/4492] STAMP obj/base/notification/distributed_notification_service/tools/dump/anm.inputdeps.stamp
[OHOS INFO] [NINJA] [3523/4492] STAMP obj/base/notification/distributed_notification_service/tools/ohos-notificationManager/ohos-notificationManager_exec.inputdeps.stamp
[OHOS INFO] [NINJA] [3524/4492] STAMP obj/base/powermgr/battery_statistics/services/batterystats_stub.inputdeps.stamp
[OHOS INFO] [NINJA] [3525/4492] STAMP obj/base/print/print_fwk/interfaces/kits/ani/printani/print_ani.inputdeps.stamp
[OHOS INFO] [NINJA] [3526/4492] STAMP obj/base/print/print_fwk/interfaces/kits/ani/scanani/scan_ani.inputdeps.stamp
[OHOS INFO] [NINJA] [3527/4492] STAMP obj/base/security/access_token/frameworks/ets/ani/accesstoken/accesstoken_ani.inputdeps.stamp
[OHOS INFO] [NINJA] [3528/4492] STAMP obj/base/security/access_token/services/common/accesstoken_service_common.inputdeps.stamp
[OHOS INFO] [NINJA] [3529/4492] STAMP obj/base/security/certificate_manager/interfaces/kits/napi/certmanagerdialog.inputdeps.stamp
[OHOS INFO] [NINJA] [3530/4492] STAMP obj/base/security/dlp_permission_service/interfaces/kits/dlp_permission/libdlppermission_napi.inputdeps.stamp
[OHOS INFO] [NINJA] [3531/4492] STAMP obj/base/security/dlp_permission_service/interfaces/kits/dlp_permission/libdlpsetdlpfeature_napi.inputdeps.stamp
[OHOS INFO] [NINJA] [3532/4492] STAMP obj/base/security/security_component_manager/services/security_component_service/sa/security_component_service_src_set.inputdeps.stamp
[OHOS INFO] [NINJA] [3533/4492] STAMP obj/base/telephony/call_manager/tel_call_manager.inputdeps.stamp
[OHOS INFO] [NINJA] [3534/4492] STAMP obj/base/telephony/cellular_data/frameworks/ets/ani/cellular_data_ani_cxx.inputdeps.stamp
[OHOS INFO] [NINJA] [3535/4492] STAMP obj/base/telephony/core_service/frameworks/ets/ani/radio/telephony_radio_ani_cxx.inputdeps.stamp
[OHOS INFO] [NINJA] [3536/4492] STAMP obj/base/telephony/core_service/frameworks/ets/ani/sim/sim_ani_cxx.inputdeps.stamp
[OHOS INFO] [NINJA] [3537/4492] STAMP obj/base/telephony/core_service/frameworks/ets/ani/vcard/vcard_ani_cxx.inputdeps.stamp
[OHOS INFO] [NINJA] [3538/4492] STAMP obj/base/telephony/state_registry/frameworks/ets/ani/observer/observer_ani_cxx.inputdeps.stamp
[OHOS INFO] [NINJA] [3539/4492] STAMP obj/base/useriam/user_auth_framework/frameworks/ets/ani/user_auth/userauth_ani.inputdeps.stamp
[OHOS INFO] [NINJA] [3540/4492] STAMP obj/base/web/webview/interfaces/kits/napi/web_native_messaging_extension/extension/web_extension.inputdeps.stamp
[OHOS INFO] [NINJA] [3541/4492] STAMP obj/domains/advertising/advertising/frameworks/js/napi/extension/libadsservice_extension.inputdeps.stamp
[OHOS INFO] [NINJA] [3542/4492] STAMP obj/drivers/external_device_manager/frameworks/js/ani/driver_extension_ability/driverextension_ani.inputdeps.stamp
[OHOS INFO] [NINJA] [3543/4492] STAMP obj/foundation/CastEngine/castengine_cast_framework/service/src/session/src/mirror/cast_session_mirror.inputdeps.stamp
[OHOS INFO] [NINJA] [3544/4492] STAMP obj/foundation/CastEngine/castengine_wifi_display/services/source/impl/screen_capture/sharing_screen_capture_srcs.inputdeps.stamp
[OHOS INFO] [NINJA] [3545/4492] STAMP obj/foundation/ability/ability_runtime/agent_runtime_framework/frameworks/js/napi/agent_extension_ability/js_agent_connection.inputdeps.stamp
[OHOS INFO] [NINJA] [3546/4492] STAMP obj/foundation/ability/ability_runtime/frameworks/ets/ani/ability_auto_startup_callback/autostartupcallback_ani.inputdeps.stamp
[OHOS INFO] [NINJA] [3547/4492] STAMP obj/foundation/ability/ability_runtime/frameworks/ets/taihe/distributedmissionmanager/distributedmissionmanager_ani.inputdeps.stamp
[OHOS INFO] [NINJA] [3548/4492] STAMP obj/foundation/ability/ability_runtime/frameworks/js/napi/ability_auto_startup_callback/autostartupcallback.inputdeps.stamp
[OHOS INFO] [NINJA] [3549/4492] STAMP obj/foundation/ability/ability_runtime/frameworks/js/napi/wantagent/ability_want_agent/wantagent_napi.inputdeps.stamp
[OHOS INFO] [NINJA] [3550/4492] STAMP obj/foundation/ability/ability_runtime/frameworks/native/ability/native/action_extension.inputdeps.stamp
[OHOS INFO] [NINJA] [3551/4492] STAMP obj/foundation/ability/ability_runtime/frameworks/native/ability/native/app_service_extension_ani.inputdeps.stamp
[OHOS INFO] [NINJA] [3552/4492] STAMP obj/foundation/ability/ability_runtime/frameworks/native/ability/native/auto_fill_extension_ani.inputdeps.stamp
[OHOS INFO] [NINJA] [3553/4492] STAMP obj/foundation/ability/ability_runtime/frameworks/native/ability/native/embedded_ui_extension.inputdeps.stamp
[OHOS INFO] [NINJA] [3554/4492] STAMP obj/foundation/ability/ability_runtime/frameworks/native/ability/native/share_extension.inputdeps.stamp
[OHOS INFO] [NINJA] [3555/4492] STAMP obj/foundation/ability/ability_runtime/frameworks/native/ability/native/ui_ability_ani.inputdeps.stamp
[OHOS INFO] [NINJA] [3556/4492] STAMP obj/foundation/ability/ability_runtime/frameworks/native/appkit/ability_stage_ani.inputdeps.stamp
[OHOS INFO] [NINJA] [3557/4492] STAMP obj/foundation/ability/ability_runtime/services/abilitymgr/mission_list.inputdeps.stamp
[OHOS INFO] [NINJA] [3558/4492] STAMP obj/foundation/ability/ability_runtime/services/appmgr/libappms.inputdeps.stamp
[OHOS INFO] [NINJA] [3559/4492] STAMP obj/foundation/ability/form_fwk/frameworks/js/napi/formhost.inputdeps.stamp
[OHOS INFO] [NINJA] [3560/4492] STAMP obj/foundation/ability/form_fwk/frameworks/js/napi/live_form_extension.inputdeps.stamp
[OHOS INFO] [NINJA] [3561/4492] STAMP obj/foundation/ai/intelligent_voice_framework/services/intell_voice_trigger/trigger_source.inputdeps.stamp
[OHOS INFO] [NINJA] [3562/4492] STAMP obj/foundation/arkui/ace_engine/advanced_ui_component/navpushpathhelper/navpushpathhelper.inputdeps.stamp
[OHOS INFO] [NINJA] [3563/4492] STAMP obj/foundation/arkui/ace_engine/component_ext/arc_alphabet_indexer/arcalphabetindexer.inputdeps.stamp
[OHOS INFO] [NINJA] [3564/4492] STAMP obj/foundation/arkui/ace_engine/component_ext/arc_list/arclist.inputdeps.stamp
[OHOS INFO] [NINJA] [3565/4492] STAMP obj/foundation/arkui/ace_engine/component_ext/arc_scroll_bar/arcscrollbar.inputdeps.stamp
[OHOS INFO] [NINJA] [3566/4492] STAMP obj/foundation/arkui/ace_engine/component_ext/arc_swiper/arcswiper.inputdeps.stamp
[OHOS INFO] [NINJA] [3567/4492] STAMP obj/foundation/arkui/ace_engine/component_ext/movingphoto/movingphotoview.inputdeps.stamp
[OHOS INFO] [NINJA] [3568/4492] STAMP obj/foundation/arkui/ace_engine/component_ext/movingphoto_ani/movingphotoview_ani.inputdeps.stamp
[OHOS INFO] [NINJA] [3569/4492] STAMP obj/foundation/arkui/ace_engine/frameworks/compatible/ace_compatible_source_ohos.inputdeps.stamp
[OHOS INFO] [NINJA] [3570/4492] STAMP obj/foundation/arkui/ace_engine/frameworks/core/components_ng/pattern/badge/ace_core_components_badge_pattern_ng_ohos.inputdeps.stamp
[OHOS INFO] [NINJA] [3571/4492] STAMP obj/foundation/ability/form_fwk/frameworks/js/napi/form_edit_extension.inputdeps.stamp
[OHOS INFO] [NINJA] [3572/4492] STAMP obj/foundation/arkui/ace_engine/frameworks/core/components_ng/pattern/bubble/ace_core_components_bubble_pattern_ng_ohos.inputdeps.stamp
[OHOS INFO] [NINJA] [3573/4492] STAMP obj/foundation/arkui/ace_engine/frameworks/core/components_ng/pattern/button/ace_core_components_button_pattern_ng_ohos.inputdeps.stamp
[OHOS INFO] [NINJA] [3574/4492] STAMP obj/foundation/arkui/ace_engine/frameworks/core/components_ng/pattern/calendar_picker/ace_core_components_calendar_picker_pattern_ng_ohos.inputdeps.stamp
[OHOS INFO] [NINJA] [3575/4492] STAMP obj/foundation/arkui/ace_engine/frameworks/core/components_ng/pattern/checkbox/ace_core_components_checkbox_pattern_ng_ohos.inputdeps.stamp
[OHOS INFO] [NINJA] [3576/4492] STAMP obj/foundation/arkui/ace_engine/frameworks/core/components_ng/pattern/container_reader/ace_core_components_container_reader_pattern_ng_ohos.inputdeps.stamp
[OHOS INFO] [NINJA] [3577/4492] STAMP obj/foundation/arkui/ace_engine/frameworks/core/components_ng/pattern/counter/ace_core_components_counter_pattern_ng_ohos.inputdeps.stamp
[OHOS INFO] [NINJA] [3578/4492] STAMP obj/foundation/arkui/ace_engine/frameworks/core/components_ng/pattern/data_panel/ace_core_components_data_panel_pattern_ng_ohos.inputdeps.stamp
[OHOS INFO] [NINJA] [3579/4492] STAMP obj/foundation/arkui/ace_engine/frameworks/core/components_ng/pattern/date_picker/ace_core_components_date_picker_pattern_ng_ohos.inputdeps.stamp
[OHOS INFO] [NINJA] [3580/4492] STAMP obj/foundation/arkui/ace_engine/frameworks/core/components_ng/pattern/dialog/ace_core_components_dialog_pattern_ng_ohos.inputdeps.stamp
[OHOS INFO] [NINJA] [3581/4492] STAMP obj/foundation/arkui/ace_engine/frameworks/core/components_ng/pattern/dynamiclayout/ace_core_components_dynamiclayout_pattern_ng_ohos.inputdeps.stamp
[OHOS INFO] [NINJA] [3582/4492] STAMP obj/foundation/arkui/ace_engine/frameworks/core/components_ng/pattern/folder_stack/ace_core_components_folder_stack_pattern_ng_ohos.inputdeps.stamp
[OHOS INFO] [NINJA] [3583/4492] STAMP obj/foundation/arkui/ace_engine/frameworks/core/components_ng/pattern/gauge/ace_core_components_gauge_pattern_ng_ohos.inputdeps.stamp
[OHOS INFO] [NINJA] [3584/4492] STAMP obj/foundation/arkui/ace_engine/frameworks/core/components_ng/pattern/grid/ace_core_components_grid_pattern_ng_ohos.inputdeps.stamp
[OHOS INFO] [NINJA] [3585/4492] STAMP obj/foundation/arkui/ace_engine/frameworks/core/components_ng/pattern/hyperlink/ace_core_components_hyperlink_pattern_ng_ohos.inputdeps.stamp
[OHOS INFO] [NINJA] [3586/4492] STAMP obj/foundation/arkui/ace_engine/frameworks/core/components_ng/pattern/image_animator/ace_core_components_image_animator_pattern_ng_ohos.inputdeps.stamp
[OHOS INFO] [NINJA] [3587/4492] STAMP obj/foundation/arkui/ace_engine/frameworks/core/components_ng/pattern/lazy_column_layout/ace_core_components_lazy_column_layout_pattern_ng_ohos.inputdeps.stamp
[OHOS INFO] [NINJA] [3588/4492] STAMP obj/foundation/arkui/ace_engine/frameworks/core/components_ng/pattern/lazy_grid_layout/ace_core_components_lazy_grid_layout_pattern_ng_ohos.inputdeps.stamp
[OHOS INFO] [NINJA] [3589/4492] STAMP obj/foundation/arkui/ace_engine/frameworks/core/components_ng/pattern/lazy_waterflow_layout/ace_core_components_lazy_waterflow_layout_pattern_ng_ohos.inputdeps.stamp
[OHOS INFO] [NINJA] [3590/4492] STAMP obj/foundation/arkui/ace_engine/frameworks/core/components_ng/pattern/linear_split/ace_core_components_linear_split_pattern_ng_ohos.inputdeps.stamp
[OHOS INFO] [NINJA] [3591/4492] STAMP obj/foundation/arkui/ace_engine/frameworks/core/components_ng/pattern/loading_progress/ace_core_components_loading_progress_pattern_ng_ohos.inputdeps.stamp
[OHOS INFO] [NINJA] [3592/4492] STAMP obj/foundation/arkui/ace_engine/frameworks/core/components_ng/pattern/marquee/ace_core_components_marquee_pattern_ng_ohos.inputdeps.stamp
[OHOS INFO] [NINJA] [3593/4492] STAMP obj/foundation/arkui/ace_engine/frameworks/core/components_ng/pattern/menu/ace_core_components_menu_pattern_ng_ohos.inputdeps.stamp
[OHOS INFO] [NINJA] [3594/4492] STAMP obj/foundation/arkui/ace_engine/frameworks/core/components_ng/pattern/navigator/ace_core_components_navigator_pattern_ng_ohos.inputdeps.stamp
[OHOS INFO] [NINJA] [3595/4492] STAMP obj/foundation/arkui/ace_engine/frameworks/core/components_ng/pattern/panel/ace_core_components_panel_pattern_ng_ohos.inputdeps.stamp
[OHOS INFO] [NINJA] [3596/4492] STAMP obj/foundation/arkui/ace_engine/frameworks/core/components_ng/pattern/patternlock/ace_core_components_patternlock_pattern_ng_ohos.inputdeps.stamp
[OHOS INFO] [NINJA] [3597/4492] STAMP obj/foundation/arkui/ace_engine/frameworks/core/components_ng/pattern/progress/ace_core_components_progress_pattern_ng_ohos.inputdeps.stamp
[OHOS INFO] [NINJA] [3598/4492] STAMP obj/foundation/arkui/ace_engine/frameworks/core/components_ng/pattern/qrcode/ace_core_components_qrcode_pattern_ng_ohos.inputdeps.stamp
[OHOS INFO] [NINJA] [3599/4492] STAMP obj/foundation/arkui/ace_engine/frameworks/core/components_ng/pattern/radio/ace_core_components_radio_pattern_ng_ohos.inputdeps.stamp
[OHOS INFO] [NINJA] [3600/4492] STAMP obj/foundation/arkui/ace_engine/frameworks/core/components_ng/pattern/rating/ace_core_components_rating_pattern_ng_ohos.inputdeps.stamp
[OHOS INFO] [NINJA] [3601/4492] STAMP obj/foundation/arkui/ace_engine/frameworks/core/components_ng/pattern/refresh/ace_core_components_refresh_pattern_ng_ohos.inputdeps.stamp
[OHOS INFO] [NINJA] [3602/4492] STAMP obj/foundation/arkui/ace_engine/frameworks/core/components_ng/pattern/relative_container/ace_core_components_relative_container_pattern_ng_ohos.inputdeps.stamp
[OHOS INFO] [NINJA] [3603/4492] STAMP obj/foundation/arkui/ace_engine/frameworks/core/components_ng/pattern/search/ace_core_components_search_pattern_ng_ohos.inputdeps.stamp
[OHOS INFO] [NINJA] [3604/4492] STAMP obj/foundation/arkui/ace_engine/frameworks/core/components_ng/pattern/select/ace_core_components_select_pattern_ng_ohos.inputdeps.stamp
[OHOS INFO] [NINJA] [3605/4492] STAMP obj/foundation/arkui/ace_engine/frameworks/core/components_ng/pattern/shape/ace_core_components_shape_pattern_ng_ohos.inputdeps.stamp
[OHOS INFO] [NINJA] [3606/4492] STAMP obj/foundation/arkui/ace_engine/frameworks/core/components_ng/pattern/sheet/ace_core_components_sheet_pattern_ng_ohos.inputdeps.stamp
[OHOS INFO] [NINJA] [3607/4492] STAMP obj/foundation/arkui/ace_engine/frameworks/core/components_ng/pattern/side_bar/ace_core_components_side_bar_pattern_ng_ohos.inputdeps.stamp
[OHOS INFO] [NINJA] [3608/4492] STAMP obj/foundation/arkui/ace_engine/frameworks/core/components_ng/pattern/slider/ace_core_components_slider_pattern_ng_ohos.inputdeps.stamp
[OHOS INFO] [NINJA] [3609/4492] STAMP obj/foundation/arkui/ace_engine/frameworks/core/components_ng/pattern/stepper/ace_core_components_stepper_pattern_ng_ohos.inputdeps.stamp
[OHOS INFO] [NINJA] [3610/4492] STAMP obj/foundation/arkui/ace_engine/frameworks/core/components_ng/pattern/symbol/ace_core_components_symbol_pattern_ng_ohos.inputdeps.stamp
[OHOS INFO] [NINJA] [3611/4492] STAMP obj/foundation/arkui/ace_engine/frameworks/core/components_ng/pattern/text/span/ace_core_components_span_pattern_ng_ohos.inputdeps.stamp
[OHOS INFO] [NINJA] [3612/4492] STAMP obj/foundation/arkui/ace_engine/frameworks/core/components_ng/pattern/text_clock/ace_core_components_text_clock_pattern_ng_ohos.inputdeps.stamp
[OHOS INFO] [NINJA] [3613/4492] STAMP obj/foundation/arkui/ace_engine/frameworks/core/components_ng/pattern/text_picker/ace_core_components_text_picker_pattern_ng_ohos.inputdeps.stamp
[OHOS INFO] [NINJA] [3614/4492] STAMP obj/foundation/arkui/ace_engine/frameworks/core/components_ng/pattern/texttimer/ace_core_components_texttimer_pattern_ng_ohos.inputdeps.stamp
[OHOS INFO] [NINJA] [3615/4492] STAMP obj/foundation/arkui/ace_engine/frameworks/core/components_ng/pattern/time_picker/ace_core_components_time_picker_pattern_ng_ohos.inputdeps.stamp
[OHOS INFO] [NINJA] [3616/4492] STAMP obj/foundation/arkui/ace_engine/frameworks/core/components_ng/pattern/toggle/ace_core_components_toggle_pattern_ng_ohos.inputdeps.stamp
[OHOS INFO] [NINJA] [3617/4492] STAMP obj/foundation/arkui/ace_engine/frameworks/core/components_ng/pattern/toolbaritem/ace_core_components_toolbaritem_pattern_ng_ohos.inputdeps.stamp
[OHOS INFO] [NINJA] [3618/4492] STAMP obj/foundation/arkui/ace_engine/frameworks/core/components_ng/pattern/video/ace_core_components_video_pattern_ng_ohos.inputdeps.stamp
[OHOS INFO] [NINJA] [3619/4492] STAMP obj/foundation/arkui/ace_engine/frameworks/core/components_ng/pattern/xcomponent/ace_core_components_xcomponent_pattern_ng_ohos.inputdeps.stamp
[OHOS INFO] [NINJA] [3620/4492] STAMP obj/foundation/arkui/ace_engine/interfaces/ets/ani/inspector/inspector_ani.inputdeps.stamp
[OHOS INFO] [NINJA] [3621/4492] STAMP obj/foundation/arkui/ace_engine/interfaces/ets/ani/pluginComponent/pluginComponent_ani.inputdeps.stamp
[OHOS INFO] [NINJA] [3622/4492] STAMP obj/foundation/bundlemanager/bundle_framework/interfaces/kits/js/launcher_bundle_manager/launcherbundlemanager.inputdeps.stamp
[OHOS INFO] [NINJA] [3623/4492] STAMP obj/foundation/bundlemanager/bundle_framework/services/bundlemgr/installs.inputdeps.stamp
[OHOS INFO] [NINJA] [3624/4492] STAMP obj/foundation/bundlemanager/bundle_framework/services/bundlemgr/libbms.inputdeps.stamp
[OHOS INFO] [NINJA] [3625/4492] STAMP obj/foundation/communication/dsoftbus/br_proxy/proxychannelmanager.inputdeps.stamp
[OHOS INFO] [NINJA] [3626/4492] STAMP obj/foundation/communication/fusion_connectivity/partner_agent/frameworks/napi/src/extension/partner_agent_extension.inputdeps.stamp
[OHOS INFO] [NINJA] [3627/4492] STAMP obj/foundation/communication/netmanager_base/frameworks/ets/ani/policy/policy_ani_static.inputdeps.stamp
[OHOS INFO] [NINJA] [3628/4492] STAMP obj/foundation/communication/wifi/wifi/services/wifi_standard/wifi_framework/wifi_manage/wifi_device_service_impl.inputdeps.stamp
[OHOS INFO] [NINJA] [3629/4492] STAMP obj/foundation/communication/wifi/wifi/services/wifi_standard/wifi_framework/wifi_manage/wifi_hotspot_service_impl.inputdeps.stamp
[OHOS INFO] [NINJA] [3630/4492] STAMP obj/foundation/communication/wifi/wifi/services/wifi_standard/wifi_framework/wifi_manage/wifi_p2p_service_impl.inputdeps.stamp
[OHOS INFO] [NINJA] [3631/4492] STAMP obj/foundation/communication/wifi/wifi/services/wifi_standard/wifi_framework/wifi_manage/wifi_scan_service_impl.inputdeps.stamp
[OHOS INFO] [NINJA] [3632/4492] STAMP obj/foundation/distributeddatamgr/datamgr_service/services/distributeddataservice/app/src/installer/distributeddata_installer.inputdeps.stamp
[OHOS INFO] [NINJA] [3633/4492] STAMP obj/foundation/distributeddatamgr/relational_store/frameworks/ets/taihe/relational_store/relationalstore_ani.inputdeps.stamp
[OHOS INFO] [NINJA] [3634/4492] STAMP obj/foundation/distributeddatamgr/udmf/interfaces/taihe/udmf_taihe_native.inputdeps.stamp
[OHOS INFO] [NINJA] [3635/4492] STAMP obj/foundation/distributedhardware/distributed_input/services/source/inputinject/libdinput_inject.inputdeps.stamp
[OHOS INFO] [NINJA] [3636/4492] STAMP obj/foundation/graphic/graphic_2d/interfaces/kits/ani/window_animation_manager/window_animation_manager_taihe.inputdeps.stamp
[OHOS INFO] [NINJA] [3637/4492] STAMP obj/foundation/multimedia/audio_framework/frameworks/native/audioadapter/pro_audio_service_adapter.inputdeps.stamp
[OHOS INFO] [NINJA] [3638/4492] STAMP obj/foundation/multimedia/audio_framework/services/audio_service/audio_process_service_static.inputdeps.stamp
[OHOS INFO] [NINJA] [3639/4492] STAMP obj/foundation/multimedia/av_session/services/session/avsession_service.inputdeps.stamp
[OHOS INFO] [NINJA] [3640/4492] STAMP obj/foundation/multimedia/camera_framework/frameworks/taihe/camera_taihe.inputdeps.stamp
[OHOS INFO] [NINJA] [3641/4492] STAMP obj/foundation/multimedia/camera_framework/mediastream/media_stream.inputdeps.stamp
[OHOS INFO] [NINJA] [3642/4492] STAMP obj/foundation/multimedia/media_library/frameworks/innerkitsimpl/medialibrary_data_extension/medialibrary_data_extension.inputdeps.stamp
[OHOS INFO] [NINJA] [3643/4492] STAMP obj/foundation/multimedia/player_framework/frameworks/taihe/soundpool_taihe.inputdeps.stamp
[OHOS INFO] [NINJA] [3644/4492] STAMP obj/foundation/multimodalinput/input/frameworks/ets/input_consumer/InputConsumer.inputdeps.stamp
[OHOS INFO] [NINJA] [3645/4492] STAMP obj/foundation/multimodalinput/input/frameworks/ets/input_event_client/InputEventClient.inputdeps.stamp
[OHOS INFO] [NINJA] [3646/4492] STAMP obj/foundation/multimodalinput/input/service/libmmi-server.inputdeps.stamp
[OHOS INFO] [NINJA] [3647/4492] STAMP obj/foundation/resourceschedule/background_task_mgr/interfaces/kits/backgroundtaskmanager.inputdeps.stamp
[OHOS INFO] [NINJA] [3648/4492] STAMP obj/foundation/resourceschedule/background_task_mgr/interfaces/kits/backgroundtaskmanager_napi.inputdeps.stamp
[OHOS INFO] [NINJA] [3649/4492] STAMP obj/foundation/systemabilitymgr/selectionfwk/frameworks/ets/taihe/SelectionManager/selectionManager_taihe_native.inputdeps.stamp
[OHOS INFO] [NINJA] [3650/4492] STAMP obj/foundation/window/window_manager/interfaces/kits/ani/display_runtime/displayani_kit.inputdeps.stamp
[OHOS INFO] [NINJA] [3651/4492] STAMP obj/foundation/window/window_manager/interfaces/kits/ani/float_view/fvwindowani_kit.inputdeps.stamp
[OHOS INFO] [NINJA] [3652/4492] STAMP obj/foundation/window/window_manager/interfaces/kits/ani/picture_in_picture_runtime/pipwindowani_kit.inputdeps.stamp
[OHOS INFO] [NINJA] [3653/4492] STAMP obj/foundation/window/window_manager/interfaces/kits/napi/float_view_napi/floatview_kit.inputdeps.stamp
[OHOS INFO] [NINJA] [3654/4492] STAMP obj/test/testfwk/arkxtest/testhelper/testhelper_core.inputdeps.stamp
[OHOS INFO] [NINJA] [3655/4492] STAMP obj/test/testfwk/arkxtest/uitest/uitest_addon.inputdeps.stamp
[OHOS INFO] [NINJA] [3656/4492] STAMP obj/third_party/mindspore/mindspore-src/source/mindspore-lite/src/litert/js_api/mindsporelite_napi.inputdeps.stamp
[OHOS INFO] [NINJA] [3657/4492] STAMP obj/base/account/os_account/interfaces/kits/napi/appaccount/appaccount.inputdeps.stamp
[OHOS INFO] [NINJA] [3658/4492] STAMP obj/base/account/os_account/interfaces/kits/napi/osaccount/osaccount.inputdeps.stamp
[OHOS INFO] [NINJA] [3659/4492] STAMP obj/base/customization/config_policy/interfaces/ets/ani/customconfig_ani.inputdeps.stamp
[OHOS INFO] [NINJA] [3660/4492] STAMP obj/base/customization/enterprise_device_management/framework/extension/enterprise_admin_extension.inputdeps.stamp
[OHOS INFO] [NINJA] [3661/4492] STAMP obj/base/hiviewdfx/hiview/plugins/faultlogger/framework/native/extension/faultlogextension.inputdeps.stamp
[OHOS INFO] [NINJA] [3662/4492] STAMP obj/base/inputmethod/imf/frameworks/ets/taihe/inputMethod/inputmethod_taihe_native.inputdeps.stamp
[OHOS INFO] [NINJA] [3663/4492] STAMP obj/base/inputmethod/imf/frameworks/ets/taihe/inputMethodEngine/inputmethod_engine_taihe_native.inputdeps.stamp
[OHOS INFO] [NINJA] [3664/4492] STAMP obj/base/inputmethod/imf/frameworks/ets/taihe/keyboardPanelManager/imf_syspanel_mgr_taihe_native.inputdeps.stamp
[OHOS INFO] [NINJA] [3665/4492] STAMP obj/base/inputmethod/imf/frameworks/kits/extension/inputmethod_extension.inputdeps.stamp
[OHOS INFO] [NINJA] [3666/4492] STAMP obj/base/location/location/frameworks/ets/taihe/locator_sdk/location_framework_taihe_native.inputdeps.stamp
[OHOS INFO] [NINJA] [3667/4492] STAMP obj/base/location/location/frameworks/js/napi/geolocation.inputdeps.stamp
[OHOS INFO] [NINJA] [3668/4492] STAMP obj/base/notification/common_event_service/frameworks/extension/static_subscriber_extension_ani.inputdeps.stamp
[OHOS INFO] [NINJA] [3669/4492] STAMP obj/base/notification/common_event_service/interfaces/kits/ani/common_event/ani_commoneventmanager.inputdeps.stamp
[OHOS INFO] [NINJA] [3670/4492] STAMP obj/base/notification/common_event_service/interfaces/kits/napi/common_event/commonevent.inputdeps.stamp
[OHOS INFO] [NINJA] [3671/4492] STAMP obj/base/notification/distributed_notification_service/frameworks/ets/ani/notification_subscribe_ani.inputdeps.stamp
[OHOS INFO] [NINJA] [3672/4492] STAMP obj/base/notification/distributed_notification_service/frameworks/ets/ani/notification_subscriber_extension_ani.inputdeps.stamp
[OHOS INFO] [NINJA] [3673/4492] STAMP obj/base/notification/distributed_notification_service/frameworks/ets/ani/notificationextensionsubscription_ani.inputdeps.stamp
[OHOS INFO] [NINJA] [3674/4492] STAMP obj/base/notification/distributed_notification_service/frameworks/js/napi/notification.inputdeps.stamp
[OHOS INFO] [NINJA] [3675/4492] STAMP obj/base/notification/distributed_notification_service/frameworks/js/napi/src/extension_subscription/notificationextensionsubscription.inputdeps.stamp
[OHOS INFO] [NINJA] [3676/4492] CXX obj/out/rk3568/gen/foundation/arkui/ace_engine/idlize_gen/sig/arkoala-arkts/framework/native/src/generated/ArkoalaNative_ark/bridge_generated.o
[OHOS INFO] [NINJA] [3677/4492] STAMP obj/base/notification/distributed_notification_service/frameworks/js/napi/src/manager/notificationmanager.inputdeps.stamp
[OHOS INFO] [NINJA] [3678/4492] STAMP obj/base/notification/distributed_notification_service/frameworks/js/napi/src/reminder/reminderagent.inputdeps.stamp
[OHOS INFO] [NINJA] [3679/4492] STAMP obj/base/notification/distributed_notification_service/frameworks/js/napi/src/reminder/reminderagentmanager.inputdeps.stamp
[OHOS INFO] [NINJA] [3680/4492] STAMP obj/base/notification/distributed_notification_service/frameworks/js/napi/src/subscribe/notificationsubscribe.inputdeps.stamp
[OHOS INFO] [NINJA] [3681/4492] STAMP obj/base/notification/distributed_notification_service/frameworks/reminder_ani/reminder_agent_manager_ani.inputdeps.stamp
[OHOS INFO] [NINJA] [3682/4492] STAMP obj/base/notification/distributed_notification_service/services/distributed/libdans.inputdeps.stamp
[OHOS INFO] [NINJA] [3683/4492] STAMP obj/base/powermgr/battery_manager/services/battery_notification.inputdeps.stamp
[OHOS INFO] [NINJA] [3684/4492] STAMP obj/base/powermgr/battery_statistics/services/batterystats_service.inputdeps.stamp
[OHOS INFO] [NINJA] [3685/4492] STAMP obj/base/powermgr/power_manager/services/powermgrservice.inputdeps.stamp
[OHOS INFO] [NINJA] [3686/4492] STAMP obj/base/print/print_fwk/services/print_service/print_service.inputdeps.stamp
[OHOS INFO] [NINJA] [3687/4492] STAMP obj/base/print/print_fwk/services/scan_service/scan_service.inputdeps.stamp
[OHOS INFO] [NINJA] [3688/4492] STAMP obj/base/request/request/services/download_server_cxx.inputdeps.stamp
[OHOS INFO] [NINJA] [3689/4492] STAMP obj/base/security/access_token/frameworks/js/napi/accesstoken/libabilityaccessctrl.inputdeps.stamp
[OHOS INFO] [NINJA] [3690/4492] STAMP obj/base/security/access_token/interfaces/kits/cj/accesstoken/cj_ability_access_ctrl_ffi.inputdeps.stamp
[OHOS INFO] [NINJA] [3691/4492] STAMP obj/base/security/access_token/services/el5filekeymanager/el5_filekey_manager_service.inputdeps.stamp
[OHOS INFO] [NINJA] [3692/4492] STAMP obj/base/security/access_token/services/privacymanager/privacy_manager_service.inputdeps.stamp
[OHOS INFO] [NINJA] [3693/4492] STAMP obj/base/security/access_token/services/tokensyncmanager/token_sync_manager_service.inputdeps.stamp
[OHOS INFO] [NINJA] [3694/4492] STAMP obj/base/startup/appspawn/modules/ace_adapter/appspawn_ace.inputdeps.stamp
[OHOS INFO] [NINJA] [3695/4492] STAMP obj/base/telephony/call_manager/frameworks/ets/taihe/telephony_call_taihe_native.inputdeps.stamp
[OHOS INFO] [NINJA] [3696/4492] STAMP obj/base/telephony/sms_mms/frameworks/ets/taihe/telephony_sms_taihe_native.inputdeps.stamp
[OHOS INFO] [NINJA] [3697/4492] STAMP obj/base/theme/screenlock_mgr/services/screenlock_server.inputdeps.stamp
[OHOS INFO] [NINJA] [3698/4492] STAMP obj/base/theme/wallpaper_mgr/frameworks/ets/taihe/wallpapermgr/wallpapermgr_ani.inputdeps.stamp
[OHOS INFO] [NINJA] [3699/4492] STAMP obj/base/theme/wallpaper_mgr/frameworks/kits/extension/wallpaperextensionability.inputdeps.stamp
[OHOS INFO] [NINJA] [3700/4492] STAMP obj/base/theme/wallpaper_mgr/services/wallpaper_service.inputdeps.stamp
[OHOS INFO] [NINJA] [3701/4492] STAMP obj/base/useriam/companion_device_auth/frameworks/ets/ani/companiondeviceauth_ani.inputdeps.stamp
[OHOS INFO] [NINJA] [3702/4492] STAMP obj/base/useriam/user_auth_framework/frameworks/js/napi/user_auth/userauth.inputdeps.stamp
[OHOS INFO] [NINJA] [3703/4492] STAMP obj/base/useriam/user_auth_framework/frameworks/js/napi/user_auth_extension/module_loader/user_auth_extension.inputdeps.stamp
[OHOS INFO] [NINJA] [3704/4492] STAMP obj/base/web/webview/interfaces/kits/ani/webnativemessagingextension/ability/web_native_messaging_extension_context_ani_kit.inputdeps.stamp
[OHOS INFO] [NINJA] [3705/4492] STAMP obj/base/web/webview/interfaces/kits/ani/webnativemessagingextension/manager/web_native_messaging_extension_manager_ani_kit.inputdeps.stamp
[OHOS INFO] [NINJA] [3706/4492] STAMP obj/base/web/webview/interfaces/kits/ani/webview/webview_ani.inputdeps.stamp
[OHOS INFO] [NINJA] [3707/4492] STAMP obj/base/web/webview/interfaces/kits/napi/web_native_messaging_extension/extension_manager/webnativemessagingextensionmanager_napi.inputdeps.stamp
[OHOS INFO] [NINJA] [3708/4492] STAMP obj/domains/advertising/advertising/frameworks/js/napi/ads/advertising.inputdeps.stamp
[OHOS INFO] [NINJA] [3709/4492] STAMP obj/domains/game/game_controller_framework/frameworks/native/gamecontroller_event.inputdeps.stamp
[OHOS INFO] [NINJA] [3710/4492] STAMP obj/domains/game/game_controller_framework/interfaces/kits/c/ohgame_controller.inputdeps.stamp
[OHOS INFO] [NINJA] [3711/4492] STAMP obj/drivers/external_device_manager/frameworks/js/taihe/driver_extension_context/driverExtensionContext_taihe.stamp
[OHOS INFO] [NINJA] [3712/4492] STAMP obj/drivers/external_device_manager/services/native/driver_extension_manager/src/device_notification/notification_peripheral.inputdeps.stamp
[OHOS INFO] [NINJA] [3713/4492] STAMP obj/foundation/CastEngine/castengine_cast_framework/service/src/session/cast_session.inputdeps.stamp
[OHOS INFO] [NINJA] [3714/4492] STAMP obj/foundation/ability/ability_runtime/agent_runtime_framework/frameworks/ets/ani/agent_extension_ability/ets_agent_extension.inputdeps.stamp
[OHOS INFO] [NINJA] [3715/4492] STAMP obj/foundation/ability/ability_runtime/agent_runtime_framework/frameworks/js/napi/agent_extension_ability/js_agent_extension.inputdeps.stamp
[OHOS INFO] [NINJA] [3716/4492] STAMP obj/foundation/ability/ability_runtime/agent_runtime_framework/frameworks/js/napi/agent_manager/agentmanager_napi.inputdeps.stamp
[OHOS INFO] [NINJA] [3717/4492] STAMP obj/foundation/ability/ability_runtime/cli_tool_framework/frameworks/js/napi/script_manager/scriptmanager_napi.inputdeps.stamp
[OHOS INFO] [NINJA] [3718/4492] STAMP obj/foundation/ability/ability_runtime/frameworks/ets/ani/ability_delegator/ability_delegator_registry_ani_kit.inputdeps.stamp
[OHOS INFO] [NINJA] [3719/4492] STAMP obj/foundation/ability/ability_runtime/frameworks/ets/ani/ability_manager/ability_manager_ani_kit.inputdeps.stamp
[OHOS INFO] [NINJA] [3720/4492] STAMP obj/foundation/ability/ability_runtime/frameworks/ets/ani/ani_mission_manager/missionmanager_ani.inputdeps.stamp
[OHOS INFO] [NINJA] [3721/4492] STAMP obj/foundation/ability/ability_runtime/frameworks/ets/ani/app_manager/app_manager_ani.inputdeps.stamp
[OHOS INFO] [NINJA] [3722/4492] STAMP obj/foundation/ability/ability_runtime/frameworks/ets/ani/auto_fill_manager/ability_auto_fill_manager_ani_kit.inputdeps.stamp
[OHOS INFO] [NINJA] [3723/4492] STAMP obj/foundation/ability/ability_runtime/frameworks/ets/ani/business_ability_router/businessabilityrouter_ani.inputdeps.stamp
[OHOS INFO] [NINJA] [3724/4492] STAMP obj/foundation/ability/ability_runtime/frameworks/ets/ani/child_process_manager/ability_child_process_manager_ani_kit.inputdeps.stamp
[OHOS INFO] [NINJA] [3725/4492] STAMP obj/foundation/ability/ability_runtime/frameworks/ets/ani/dialog_session/dialog_session_ani_kit.inputdeps.stamp
[OHOS INFO] [NINJA] [3726/4492] STAMP obj/foundation/ability/ability_runtime/frameworks/ets/ani/error_manager/errorManager_ani.inputdeps.stamp
[OHOS INFO] [NINJA] [3727/4492] STAMP obj/foundation/ability/ability_runtime/frameworks/ets/ani/ets_dialog_request/dialogrequest_ani_kit.inputdeps.stamp
[OHOS INFO] [NINJA] [3728/4492] STAMP obj/foundation/ability/ability_runtime/frameworks/ets/ani/insight_intent/insight_intent_driver/insight_intent_driver_ani_kit.inputdeps.stamp
[OHOS INFO] [NINJA] [3729/4492] STAMP obj/foundation/ability/ability_runtime/frameworks/ets/ani/vertical_panel_manager/vertical_panel_manager_ani_kit.inputdeps.stamp
[OHOS INFO] [NINJA] [3730/4492] STAMP obj/foundation/ability/ability_runtime/frameworks/js/napi/ability_auto_startup_manager/autostartupmanager.inputdeps.stamp
[OHOS INFO] [NINJA] [3731/4492] STAMP obj/foundation/ability/ability_runtime/frameworks/js/napi/ability_manager/abilitymanager.inputdeps.stamp
[OHOS INFO] [NINJA] [3732/4492] STAMP obj/foundation/ability/ability_runtime/frameworks/js/napi/ability_manager/abilitymanager_napi.inputdeps.stamp
[OHOS INFO] [NINJA] [3733/4492] STAMP obj/foundation/ability/ability_runtime/frameworks/js/napi/ability_vertical_panel/verticalpanelmanager_napi.inputdeps.stamp
[OHOS INFO] [NINJA] [3734/4492] STAMP obj/foundation/ability/ability_runtime/frameworks/js/napi/app/ability_delegator/abilitydelegatorregistry.inputdeps.stamp
[OHOS INFO] [NINJA] [3735/4492] STAMP obj/foundation/ability/ability_runtime/frameworks/js/napi/app/ability_delegator/abilitydelegatorregistry_napi.inputdeps.stamp
[OHOS INFO] [NINJA] [3736/4492] STAMP obj/foundation/ability/ability_runtime/frameworks/js/napi/app/app_manager/appmanager_napi.inputdeps.stamp
[OHOS INFO] [NINJA] [3737/4492] STAMP obj/foundation/ability/ability_runtime/frameworks/js/napi/app/error_manager/errormanager.inputdeps.stamp
[OHOS INFO] [NINJA] [3738/4492] STAMP obj/foundation/ability/ability_runtime/frameworks/js/napi/app/error_manager/errormanager_napi.inputdeps.stamp
[OHOS INFO] [NINJA] [3739/4492] STAMP obj/foundation/ability/ability_runtime/frameworks/js/napi/app/js_app_manager/appmanager.inputdeps.stamp
[OHOS INFO] [NINJA] [3740/4492] STAMP obj/foundation/ability/ability_runtime/frameworks/js/napi/app/recovery/apprecovery_napi.inputdeps.stamp
[OHOS INFO] [NINJA] [3741/4492] STAMP obj/foundation/ability/ability_runtime/frameworks/js/napi/app/sendable_context_manager/sendablecontextmanager_napi.inputdeps.stamp
[OHOS INFO] [NINJA] [3742/4492] STAMP obj/foundation/ability/ability_runtime/frameworks/js/napi/app_startup/startup_manager/startupmanager_napi.inputdeps.stamp
[OHOS INFO] [NINJA] [3743/4492] STAMP obj/foundation/ability/ability_runtime/frameworks/js/napi/application/application_napi.inputdeps.stamp
[OHOS INFO] [NINJA] [3744/4492] STAMP obj/foundation/ability/ability_runtime/frameworks/js/napi/featureAbility/featureability.inputdeps.stamp
[OHOS INFO] [NINJA] [3745/4492] STAMP obj/foundation/ability/ability_runtime/frameworks/js/napi/feature_ability/featureability_napi.inputdeps.stamp
[OHOS INFO] [NINJA] [3746/4492] STAMP obj/foundation/ability/ability_runtime/frameworks/js/napi/insight_intent/insight_intent/insightintent_napi.inputdeps.stamp
[OHOS INFO] [NINJA] [3747/4492] STAMP obj/foundation/ability/ability_runtime/frameworks/js/napi/insight_intent/insight_intent_decorator/insightintentdecorator_napi.inputdeps.stamp
[OHOS INFO] [NINJA] [3748/4492] STAMP obj/foundation/ability/ability_runtime/frameworks/js/napi/insight_intent/insight_intent_driver/insightintentdriver_napi.inputdeps.stamp
[OHOS INFO] [NINJA] [3749/4492] STAMP obj/foundation/ability/ability_runtime/frameworks/js/napi/insight_intent/insight_intent_provider/insightintentprovider_napi.inputdeps.stamp
[OHOS INFO] [NINJA] [3750/4492] STAMP obj/foundation/ability/ability_runtime/frameworks/js/napi/js_child_process_manager/childprocessmanager_napi.inputdeps.stamp
[OHOS INFO] [NINJA] [3751/4492] STAMP obj/foundation/ability/ability_runtime/frameworks/js/napi/js_dialog_request/dialogrequest_napi.inputdeps.stamp
[OHOS INFO] [NINJA] [3752/4492] STAMP obj/foundation/ability/ability_runtime/frameworks/js/napi/js_dialog_session/dialogsession_napi.inputdeps.stamp
[OHOS INFO] [NINJA] [3753/4492] STAMP obj/foundation/ability/ability_runtime/frameworks/js/napi/js_mission_manager/missionmanager.inputdeps.stamp
[OHOS INFO] [NINJA] [3754/4492] STAMP obj/foundation/ability/ability_runtime/frameworks/js/napi/kiosk_manager/kioskmanager.inputdeps.stamp
[OHOS INFO] [NINJA] [3755/4492] STAMP obj/foundation/ability/ability_runtime/frameworks/js/napi/kiosk_manager/kioskmanager_napi.inputdeps.stamp
[OHOS INFO] [NINJA] [3756/4492] STAMP obj/foundation/ability/ability_runtime/frameworks/js/napi/mission_manager/distributedmissionmanager.inputdeps.stamp
[OHOS INFO] [NINJA] [3757/4492] STAMP obj/foundation/ability/ability_runtime/frameworks/js/napi/mission_manager/missionmanager_napi.inputdeps.stamp
[OHOS INFO] [NINJA] [3758/4492] STAMP obj/foundation/ability/ability_runtime/frameworks/js/napi/particleAbility/particleability.inputdeps.stamp
[OHOS INFO] [NINJA] [3759/4492] STAMP obj/foundation/ability/ability_runtime/frameworks/js/napi/quick_fix/quickfixmanager_napi.inputdeps.stamp
[OHOS INFO] [NINJA] [3760/4492] STAMP obj/foundation/ability/ability_runtime/frameworks/js/napi/uri_permission/uripermissionmanager_napi.inputdeps.stamp
[OHOS INFO] [NINJA] [3761/4492] STAMP obj/foundation/ability/ability_runtime/frameworks/js/napi/wantagent/wantagent.inputdeps.stamp
[OHOS INFO] [NINJA] [3762/4492] STAMP obj/foundation/ability/ability_runtime/services/dataobsmgr/dataobsms.inputdeps.stamp
[OHOS INFO] [NINJA] [3763/4492] STAMP obj/foundation/ability/ability_runtime/services/uripermmgr/libupms.inputdeps.stamp
[OHOS INFO] [NINJA] [3764/4492] STAMP obj/foundation/ability/ability_runtime/services/uripermmgr/plugins/media_ext/upms_media_ext.inputdeps.stamp
[OHOS INFO] [NINJA] [3765/4492] STAMP obj/foundation/ability/dmsfwk/frameworks/native/distributed_extension/distributed_extension_ability_native.inputdeps.stamp
[OHOS INFO] [NINJA] [3766/4492] STAMP obj/foundation/ability/dmsfwk/interfaces/kits/napi/ability_connection_manager/abilityconnectionmanager_napi.inputdeps.stamp
[OHOS INFO] [NINJA] [3767/4492] STAMP obj/foundation/ability/dmsfwk/interfaces/kits/napi/continuation_state_manager/continuemanager_napi.inputdeps.stamp
[OHOS INFO] [NINJA] [3768/4492] STAMP obj/foundation/ability/dmsfwk/interfaces/taihe/dmsfwk_taihe_native.inputdeps.stamp
[OHOS INFO] [NINJA] [3769/4492] STAMP obj/foundation/ability/dmsfwk/interfaces/taihe/etsContinueManager/continueManager_target.stamp
[OHOS INFO] [NINJA] [3770/4492] STAMP obj/foundation/ability/form_fwk/frameworks/ets/ani/form_observer/formobserver_ani.inputdeps.stamp
[OHOS INFO] [NINJA] [3771/4492] STAMP obj/foundation/ability/form_fwk/frameworks/js/napi/form_edit_extension_ani.inputdeps.stamp
[OHOS INFO] [NINJA] [3772/4492] STAMP obj/foundation/ability/form_fwk/frameworks/js/napi/formagent.inputdeps.stamp
[OHOS INFO] [NINJA] [3773/4492] STAMP obj/foundation/ability/form_fwk/frameworks/js/napi/formbindingdata.inputdeps.stamp
[OHOS INFO] [NINJA] [3774/4492] STAMP obj/foundation/ability/form_fwk/frameworks/js/napi/formerror_napi.inputdeps.stamp
[OHOS INFO] [NINJA] [3775/4492] STAMP obj/foundation/ability/form_fwk/frameworks/js/napi/formhost_napi.inputdeps.stamp
[OHOS INFO] [NINJA] [3776/4492] STAMP obj/foundation/ability/form_fwk/frameworks/js/napi/formobserver.inputdeps.stamp
[OHOS INFO] [NINJA] [3777/4492] STAMP obj/foundation/ability/form_fwk/frameworks/js/napi/formprovider.inputdeps.stamp
[OHOS INFO] [NINJA] [3778/4492] STAMP obj/foundation/ability/form_fwk/frameworks/js/napi/formprovider_napi.inputdeps.stamp
[OHOS INFO] [NINJA] [3779/4492] STAMP obj/foundation/ability/form_fwk/frameworks/js/napi/live_form_extension_ani.inputdeps.stamp
[OHOS INFO] [NINJA] [3780/4492] STAMP obj/foundation/arkui/ace_engine/frameworks/bridge/arkts_frontend/koala_projects/arkoala-arkts/arkui-ohos/src/ani/native/arkoala_native_ani.inputdeps.stamp
[OHOS INFO] [NINJA] [3781/4492] STAMP obj/foundation/arkui/ace_engine/interfaces/ets/ani/curves/curves_ani.inputdeps.stamp
[OHOS INFO] [NINJA] [3782/4492] STAMP obj/foundation/arkui/ace_engine/interfaces/ets/ani/promptaction/promptAction_ani.inputdeps.stamp
[OHOS INFO] [NINJA] [3783/4492] STAMP obj/foundation/arkui/ace_engine/interfaces/ets/ani/overlayManager/overlayManager_ani.inputdeps.stamp
[OHOS INFO] [NINJA] [3784/4492] STAMP obj/foundation/arkui/ace_engine/interfaces/ets/ani/shape/shape_ani.inputdeps.stamp
[OHOS INFO] [NINJA] [3785/4492] STAMP obj/foundation/arkui/ace_engine/interfaces/ets/ani/smartgesturecontroller/smartGestureController_ani.inputdeps.stamp
[OHOS INFO] [NINJA] [3786/4492] STAMP obj/foundation/barrierfree/accessibility/interfaces/kits/napi/accessibility_extension_module_loader/accessibility_extension_module.inputdeps.stamp
[OHOS INFO] [NINJA] [3787/4492] STAMP obj/foundation/bundlemanager/bundle_framework/interfaces/kits/ani/app_control/ani_app_control.inputdeps.stamp
[OHOS INFO] [NINJA] [3788/4492] STAMP obj/foundation/bundlemanager/bundle_framework/interfaces/kits/native/bundle/bundle_ndk_drawable.inputdeps.stamp
[OHOS INFO] [NINJA] [3789/4492] STAMP obj/foundation/communication/bluetooth_service/services/bluetooth/service/btservice.inputdeps.stamp
[OHOS INFO] [NINJA] [3790/4492] STAMP obj/foundation/communication/dsoftbus/br_proxy/taihe/proxychannelmanager_taihe_native.inputdeps.stamp
[OHOS INFO] [NINJA] [3791/4492] STAMP obj/foundation/communication/netmanager_ext/frameworks/js/napi/vpnext/vpnextension.inputdeps.stamp
[OHOS INFO] [NINJA] [3792/4492] STAMP obj/foundation/communication/wifi/wifi/services/wifi_standard/wifi_framework/wifi_manage/wifi_ap/wifi_ap_service.inputdeps.stamp
[OHOS INFO] [NINJA] [3793/4492] STAMP obj/foundation/communication/wifi/wifi/services/wifi_standard/wifi_framework/wifi_manage/wifi_p2p/wifi_p2p_service.inputdeps.stamp
[OHOS INFO] [NINJA] [3794/4492] STAMP obj/foundation/distributeddatamgr/data_object/frameworks/ets/taihe/ohos.data.distributedDataObject/distributed_dataobject_ani.inputdeps.stamp
[OHOS INFO] [NINJA] [3795/4492] STAMP obj/foundation/distributeddatamgr/data_object/interfaces/jskits/distributeddataobject.inputdeps.stamp
[OHOS INFO] [NINJA] [3796/4492] STAMP obj/foundation/distributeddatamgr/data_share/frameworks/js/napi/dataShare/datashare.inputdeps.stamp
[OHOS INFO] [NINJA] [3797/4492] STAMP obj/foundation/distributeddatamgr/datamgr_service/services/distributeddataservice/app/distributeddataservice.inputdeps.stamp
[OHOS INFO] [NINJA] [3798/4492] STAMP obj/foundation/distributeddatamgr/kv_store/frameworks/ets/taihe/kv_store/distributedkvstore_ani.inputdeps.stamp
[OHOS INFO] [NINJA] [3799/4492] STAMP obj/foundation/distributeddatamgr/kv_store/interfaces/jskits/distributeddata/distributeddata.inputdeps.stamp
[OHOS INFO] [NINJA] [3800/4492] STAMP obj/foundation/distributeddatamgr/kv_store/interfaces/jskits/distributedkvstore/distributedkvstore.inputdeps.stamp
[OHOS INFO] [NINJA] [3801/4492] STAMP obj/foundation/distributeddatamgr/pasteboard/interfaces/taihe/pasteboard_taihe_native.inputdeps.stamp
[OHOS INFO] [NINJA] [3802/4492] STAMP obj/foundation/distributeddatamgr/pasteboard/services/pasteboard_service_idl.inputdeps.stamp
[OHOS INFO] [NINJA] [3803/4492] STAMP obj/foundation/distributeddatamgr/pasteboard/tools/ohos-pasteboard/ohos-pasteboard_exec.inputdeps.stamp
[OHOS INFO] [NINJA] [3804/4492] STAMP obj/foundation/distributeddatamgr/preferences/frameworks/ets/taihe/preferences/preferences_taihe_native.inputdeps.stamp
[OHOS INFO] [NINJA] [3805/4492] STAMP obj/foundation/distributeddatamgr/preferences/frameworks/js/napi/common/preferences_jscommon.inputdeps.stamp
[OHOS INFO] [NINJA] [3806/4492] STAMP obj/foundation/distributeddatamgr/relational_store/frameworks/ets/taihe/cloud_data/cloud_data_taihe.inputdeps.stamp
[OHOS INFO] [NINJA] [3807/4492] STAMP obj/foundation/distributeddatamgr/udmf/interfaces/jskits/uniformtypedescriptor_napi.inputdeps.stamp
[OHOS INFO] [NINJA] [3808/4492] STAMP obj/foundation/distributedhardware/distributed_camera/services/cameraservice/cameraoperator/client/distributed_camera_client.inputdeps.stamp
[OHOS INFO] [NINJA] [3809/4492] STAMP obj/foundation/distributedhardware/distributed_camera/services/cameraservice/cameraoperator/handler/distributed_camera_handler.inputdeps.stamp
[OHOS INFO] [NINJA] [3810/4492] STAMP obj/foundation/distributedhardware/distributed_camera/services/channel/distributed_camera_channel.inputdeps.stamp
[OHOS INFO] [NINJA] [3811/4492] STAMP obj/foundation/distributedhardware/distributed_camera/services/data_process/distributed_camera_data_process.inputdeps.stamp
[OHOS INFO] [NINJA] [3812/4492] STAMP obj/foundation/distributedhardware/distributed_input/services/sink/inputcollector/libdinput_collector.inputdeps.stamp
[OHOS INFO] [NINJA] [3813/4492] STAMP obj/foundation/distributedhardware/distributed_screen/services/screenclient/distributed_screen_client.inputdeps.stamp
[OHOS INFO] [NINJA] [3814/4492] STAMP obj/foundation/distributedhardware/distributed_screen/services/screentransport/screensinktrans/distributed_screen_sinktrans.inputdeps.stamp
[OHOS INFO] [NINJA] [3815/4492] STAMP obj/foundation/distributedhardware/distributed_screen/services/screentransport/screensourcetrans/distributed_screen_sourcetrans.inputdeps.stamp
[OHOS INFO] [NINJA] [3816/4492] STAMP obj/foundation/filemanagement/app_file_service/frameworks/native/backup_ext/backup_extension_ability_native.inputdeps.stamp
[OHOS INFO] [NINJA] [3817/4492] STAMP obj/foundation/filemanagement/app_file_service/interfaces/kits/taihe/fileshare/file_share_taihe.inputdeps.stamp
[OHOS INFO] [NINJA] [3818/4492] STAMP obj/foundation/filemanagement/dfs_service/services/distributedfiledaemon/libdistributedfiledaemon.inputdeps.stamp
[OHOS INFO] [NINJA] [3819/4492] STAMP obj/foundation/filemanagement/disk_manager/interfaces/kits/js/volumemanager.inputdeps.stamp
[OHOS INFO] [NINJA] [3820/4492] STAMP obj/foundation/filemanagement/file_api/interfaces/kits/js/file_fs_taihe.inputdeps.stamp
[OHOS INFO] [NINJA] [3821/4492] STAMP obj/foundation/filemanagement/user_file_service/interfaces/kits/taihe/picker/file_picker_taihe.inputdeps.stamp
[OHOS INFO] [NINJA] [3822/4492] STAMP obj/foundation/graphic/graphic_2d/frameworks/bootanimation/bootanimation.inputdeps.stamp
[OHOS INFO] [NINJA] [3823/4492] STAMP obj/foundation/graphic/graphic_2d/interfaces/kits/napi/graphic/animation/window_animation_manager/windowanimationmanager_napi.inputdeps.stamp
[OHOS INFO] [NINJA] [3824/4492] STAMP obj/foundation/graphic/graphic_3d/kits/ets/scene_ani.inputdeps.stamp
[OHOS INFO] [NINJA] [3825/4492] STAMP obj/foundation/multimedia/audio_framework/frameworks/taihe/audio_taihe.inputdeps.stamp
[OHOS INFO] [NINJA] [3826/4492] STAMP obj/foundation/multimedia/audio_framework/services/audio_policy/audio_policy_service.inputdeps.stamp
[OHOS INFO] [NINJA] [3827/4492] STAMP obj/foundation/multimedia/audio_framework/services/audio_service/audio_service.inputdeps.stamp
[OHOS INFO] [NINJA] [3828/4492] STAMP obj/foundation/multimedia/av_session/frameworks/taihe/avsession_taihe.inputdeps.stamp
[OHOS INFO] [NINJA] [3829/4492] STAMP obj/foundation/multimedia/camera_framework/frameworks/taihe/camera_picker_taihe.inputdeps.stamp
[OHOS INFO] [NINJA] [3830/4492] STAMP obj/foundation/multimedia/camera_framework/services/camera_service/idls/camera_idl_sa_stub.inputdeps.stamp
[OHOS INFO] [NINJA] [3831/4492] STAMP obj/foundation/multimedia/camera_framework/services/deferred_processing_service/deferred_processing_service.inputdeps.stamp
[OHOS INFO] [NINJA] [3832/4492] STAMP obj/foundation/multimedia/drm_framework/services/drm_service/drm_service.inputdeps.stamp
[OHOS INFO] [NINJA] [3833/4492] STAMP obj/foundation/multimedia/media_library/services/media_mtp/media_mtp.inputdeps.stamp
[OHOS INFO] [NINJA] [3834/4492] STAMP obj/foundation/multimedia/player_framework/frameworks/taihe/audioHaptic/audioHaptic_taihe.inputdeps.stamp
[OHOS INFO] [NINJA] [3835/4492] STAMP obj/foundation/multimedia/player_framework/frameworks/taihe/media_taihe.inputdeps.stamp
[OHOS INFO] [NINJA] [3836/4492] STAMP obj/foundation/multimedia/player_framework/frameworks/taihe/system_sound_manager/system_sound_manager_taihe.inputdeps.stamp
[OHOS INFO] [NINJA] [3837/4492] STAMP obj/foundation/multimedia/player_framework/interfaces/kits/c/avmedia_source.inputdeps.stamp
[OHOS INFO] [NINJA] [3838/4492] STAMP obj/foundation/multimedia/player_framework/interfaces/kits/c/avmetadata_extractor.inputdeps.stamp
[OHOS INFO] [NINJA] [3839/4492] STAMP obj/foundation/multimedia/player_framework/interfaces/kits/c/lowpower_avsink.inputdeps.stamp
[OHOS INFO] [NINJA] [3840/4492] STAMP obj/foundation/multimedia/player_framework/services/services/media_service.inputdeps.stamp
[OHOS INFO] [NINJA] [3841/4492] STAMP obj/foundation/multimodalinput/input/frameworks/napi/input_consumer/inputconsumer.inputdeps.stamp
[OHOS INFO] [NINJA] [3842/4492] STAMP obj/foundation/multimodalinput/input/frameworks/napi/input_event_client/inputeventclient.inputdeps.stamp
[OHOS INFO] [NINJA] [3843/4492] STAMP obj/foundation/multimodalinput/input/frameworks/napi/input_monitor/inputmonitor.inputdeps.stamp
[OHOS INFO] [NINJA] [3844/4492] STAMP obj/foundation/multimodalinput/input/service/libcursor_drawing_adapter.inputdeps.stamp
[OHOS INFO] [NINJA] [3845/4492] STAMP obj/foundation/multimodalinput/input/service/joystick/mmi_joystick_event_normalization.inputdeps.stamp
[OHOS INFO] [NINJA] [3846/4492] STAMP obj/foundation/multimodalinput/input/service/mouse_event_normalize/mmi_mouse_event_normalizer.inputdeps.stamp
[OHOS INFO] [NINJA] [3847/4492] STAMP obj/foundation/multimodalinput/input/util/screen_capture/libmmi-screen_capture.inputdeps.stamp
[OHOS INFO] [NINJA] [3848/4492] STAMP obj/foundation/officeservice/object_editor/client/content_embed_client.inputdeps.stamp
[OHOS INFO] [NINJA] [3849/4492] STAMP obj/foundation/officeservice/object_editor/frameworks/kits/extension/content_embed_extension.inputdeps.stamp
[OHOS INFO] [NINJA] [3850/4492] STAMP obj/foundation/resourceschedule/background_task_mgr/services/bgtaskmgr_service.inputdeps.stamp
[OHOS INFO] [NINJA] [3851/4492] STAMP obj/foundation/resourceschedule/device_standby/interfaces/kits/devicestandby.inputdeps.stamp
[OHOS INFO] [NINJA] [3852/4492] STAMP obj/foundation/resourceschedule/device_standby/interfaces/kits/ani/device_standby_ani.inputdeps.stamp
[OHOS INFO] [NINJA] [3853/4492] STAMP obj/foundation/resourceschedule/work_scheduler/frameworks/extension/workschedextension.inputdeps.stamp
[OHOS INFO] [NINJA] [3854/4492] STAMP obj/foundation/resourceschedule/work_scheduler/services/workschedservice.inputdeps.stamp
[OHOS INFO] [NINJA] [3855/4492] STAMP obj/foundation/window/window_manager/extension/window_extension/libwindow_extension.inputdeps.stamp
[OHOS INFO] [NINJA] [3856/4492] STAMP obj/foundation/window/window_manager/interfaces/kits/napi/display_runtime/display_napi.inputdeps.stamp
[OHOS INFO] [NINJA] [3857/4492] STAMP obj/foundation/window/window_manager/interfaces/kits/napi/environmental/inner/windowenv_napi.inputdeps.stamp
[OHOS INFO] [NINJA] [3858/4492] STAMP obj/foundation/window/window_manager/interfaces/kits/napi/picture_in_picture_napi/inner/pip_napi.inputdeps.stamp
[OHOS INFO] [NINJA] [3859/4492] STAMP obj/foundation/window/window_manager/interfaces/kits/napi/window_runtime/window_napi.inputdeps.stamp
[OHOS INFO] [NINJA] [3860/4492] STAMP obj/foundation/window/window_manager/window_scene/interfaces/kits/napi/scene_session_manager/scenesessionmanager_napi.inputdeps.stamp
[OHOS INFO] [NINJA] [3861/4492] STAMP obj/foundation/window/window_manager/window_scene/interfaces/kits/napi/screen_session_manager/screensessionmanager_napi.inputdeps.stamp
[OHOS INFO] [NINJA] [3862/4492] STAMP obj/test/testfwk/arkxtest/uitest/uitest_server.inputdeps.stamp
[OHOS INFO] [NINJA] [3863/4492] STAMP obj/applications/standard/calendardata/calendarmanager/calendarmanager.inputdeps.stamp
[OHOS INFO] [NINJA] [3864/4492] STAMP obj/applications/standard/contacts_data/contacts/contact.inputdeps.stamp
[OHOS INFO] [NINJA] [3865/4492] STAMP obj/applications/standard/contacts_data/contactsCJ/contact_cj.inputdeps.stamp
[OHOS INFO] [NINJA] [3866/4492] STAMP obj/applications/standard/settings/ani/intelligentscene/intelligentscene_ani.inputdeps.stamp
[OHOS INFO] [NINJA] [3867/4492] STAMP obj/applications/standard/settings/ani/settings/settings_ani.inputdeps.stamp
[OHOS INFO] [NINJA] [3868/4492] STAMP obj/applications/standard/settings/napi/intelligentscene/intelligentscene.inputdeps.stamp
[OHOS INFO] [NINJA] [3869/4492] STAMP obj/applications/standard/settings/napi/settings/settings.inputdeps.stamp
[OHOS INFO] [NINJA] [3870/4492] STAMP obj/base/accesscontrol/sandbox_manager/services/sandbox_manager/sandbox_manager_service.inputdeps.stamp
[OHOS INFO] [NINJA] [3871/4492] STAMP obj/base/customization/enterprise_device_management/services/edm/edmservice.inputdeps.stamp
[OHOS INFO] [NINJA] [3872/4492] STAMP obj/base/customization/enterprise_device_management/services/edm_plugin/communication_plugin.inputdeps.stamp
[OHOS INFO] [NINJA] [3873/4492] STAMP obj/base/customization/enterprise_device_management/services/edm_plugin/device_core_plugin.inputdeps.stamp
[OHOS INFO] [NINJA] [3874/4492] STAMP obj/base/customization/enterprise_device_management/services/edm_plugin/need_extra_plugin.inputdeps.stamp
[OHOS INFO] [NINJA] [3875/4492] STAMP obj/base/customization/enterprise_device_management/services/edm_plugin/sys_service_plugin.inputdeps.stamp
[OHOS INFO] [NINJA] [3876/4492] STAMP obj/base/customization/enterprise_device_management/services/edm_plugin/watermark_plugin.inputdeps.stamp
[OHOS INFO] [NINJA] [3877/4492] STAMP obj/base/global/resource_management/frameworks/resmgr/ohresmgr.inputdeps.stamp
[OHOS INFO] [NINJA] [3878/4492] STAMP obj/base/global/resource_management/interfaces/js/kits/resourcemanager.inputdeps.stamp
[OHOS INFO] [NINJA] [3879/4492] STAMP obj/base/inputmethod/imf/frameworks/ets/extension/ani/inputmethod_extension_ani.inputdeps.stamp
[OHOS INFO] [NINJA] [3880/4492] STAMP obj/base/inputmethod/imf/frameworks/js/napi/inputmethodability/inputmethodengine.inputdeps.stamp
[OHOS INFO] [NINJA] [3881/4492] STAMP obj/base/inputmethod/imf/frameworks/js/napi/inputmethodclient/inputmethod.inputdeps.stamp
[OHOS INFO] [NINJA] [3882/4492] STAMP obj/base/inputmethod/imf/frameworks/js/napi/inputmethodpanel/panel.inputdeps.stamp
[OHOS INFO] [NINJA] [3883/4492] STAMP obj/base/inputmethod/imf/frameworks/js/napi/keyboardpanelmanager/inputmethodsystempanelmanager.inputdeps.stamp
[OHOS INFO] [NINJA] [3884/4492] STAMP obj/base/inputmethod/imf/frameworks/kits/extension_cj/cj_inputmethod_extension_ffi.inputdeps.stamp
[OHOS INFO] [NINJA] [3885/4492] STAMP obj/base/inputmethod/imf/frameworks/ndk/ohinputmethod.inputdeps.stamp
[OHOS INFO] [NINJA] [3886/4492] STAMP obj/base/inputmethod/imf/services/inputmethod_service.inputdeps.stamp
[OHOS INFO] [NINJA] [3887/4492] STAMP obj/base/location/location/frameworks/native/fence_extension_ability/fence_extension_ability.inputdeps.stamp
[OHOS INFO] [NINJA] [3888/4492] STAMP obj/base/location/location/frameworks/native/location_ndk/location_ndk.inputdeps.stamp
[OHOS INFO] [NINJA] [3889/4492] STAMP obj/base/location/location/services/location_geocode/geocode/lbsservice_geocode.inputdeps.stamp
[OHOS INFO] [NINJA] [3890/4492] STAMP obj/base/location/location/services/location_gnss/gnss/lbsservice_gnss.inputdeps.stamp
[OHOS INFO] [NINJA] [3891/4492] STAMP obj/base/location/location/services/location_locator/locator/lbsservice_locator.inputdeps.stamp
[OHOS INFO] [NINJA] [3892/4492] STAMP obj/base/location/location/services/location_network/network/lbsservice_network.inputdeps.stamp
[OHOS INFO] [NINJA] [3893/4492] STAMP obj/base/location/location/services/location_passive/passive/lbsservice_passive.inputdeps.stamp
[OHOS INFO] [NINJA] [3894/4492] STAMP obj/base/msdp/device_status/services/devicestatus_service.inputdeps.stamp
[OHOS INFO] [NINJA] [3895/4492] STAMP obj/base/notification/common_event_service/interfaces/kits/ndk/ohcommonevent.inputdeps.stamp
[OHOS INFO] [NINJA] [3896/4492] STAMP obj/base/print/print_fwk/frameworks/ohprint/ohprint.inputdeps.stamp
[OHOS INFO] [NINJA] [3897/4492] STAMP obj/base/print/print_fwk/frameworks/ohscan/ohscan.inputdeps.stamp
[OHOS INFO] [NINJA] [3898/4492] STAMP obj/base/print/print_fwk/interfaces/kits/napi/print_napi/print_napi.inputdeps.stamp
[OHOS INFO] [NINJA] [3899/4492] STAMP obj/base/print/print_fwk/interfaces/kits/napi/scan_napi/scan_napi.inputdeps.stamp
[OHOS INFO] [NINJA] [3900/4492] STAMP obj/base/request/request/frameworks/js/napi/request/request.inputdeps.stamp
[OHOS INFO] [NINJA] [3901/4492] STAMP obj/base/security/access_token/services/accesstokenmanager/accesstoken_manager_service.inputdeps.stamp
[OHOS INFO] [NINJA] [3902/4492] STAMP obj/base/security/certificate_manager/interfaces/kits/ani/certmanager_ani_group.stamp
[OHOS INFO] [NINJA] [3903/4492] STAMP obj/base/security/certificate_manager/interfaces/kits/ani/certmanager_dialog_ani_group.stamp
[OHOS INFO] [NINJA] [3904/4492] STAMP obj/base/telephony/call_manager/frameworks/js/call.inputdeps.stamp
[OHOS INFO] [NINJA] [3905/4492] STAMP obj/base/telephony/cellular_call/tel_cellular_call.inputdeps.stamp
[OHOS INFO] [NINJA] [3906/4492] STAMP obj/base/telephony/cellular_data/tel_cellular_data.inputdeps.stamp
[OHOS INFO] [NINJA] [3907/4492] STAMP obj/base/telephony/cellular_data/frameworks/js/data.inputdeps.stamp
[OHOS INFO] [NINJA] [3908/4492] STAMP obj/base/telephony/core_service/tel_core_service.inputdeps.stamp
[OHOS INFO] [NINJA] [3909/4492] STAMP obj/base/telephony/core_service/frameworks/js/network_search/radio.inputdeps.stamp
[OHOS INFO] [NINJA] [3910/4492] STAMP obj/base/telephony/core_service/frameworks/js/sim/sim.inputdeps.stamp
[OHOS INFO] [NINJA] [3911/4492] STAMP obj/base/telephony/core_service/frameworks/js/vcard/vcard.inputdeps.stamp
[OHOS INFO] [NINJA] [3912/4492] STAMP obj/base/telephony/sms_mms/tel_sms_mms.inputdeps.stamp
[OHOS INFO] [NINJA] [3913/4492] STAMP obj/base/telephony/sms_mms/frameworks/js/napi/sms.inputdeps.stamp
[OHOS INFO] [NINJA] [3914/4492] STAMP obj/base/telephony/state_registry/tel_state_registry.inputdeps.stamp
[OHOS INFO] [NINJA] [3915/4492] STAMP obj/base/telephony/state_registry/frameworks/js/napi/observer.inputdeps.stamp
[OHOS INFO] [NINJA] [3916/4492] STAMP obj/base/theme/wallpaper_mgr/frameworks/js/napi/wallpaper.inputdeps.stamp
[OHOS INFO] [NINJA] [3917/4492] STAMP obj/base/time/time_service/framework/js/napi/system_date_time/systemdatetime.inputdeps.stamp
[OHOS INFO] [NINJA] [3918/4492] STAMP obj/base/time/time_service/framework/js/napi/system_time/systemtime.inputdeps.stamp
[OHOS INFO] [NINJA] [3919/4492] STAMP obj/base/time/time_service/framework/js/napi/system_timer/systemtimer.inputdeps.stamp
[OHOS INFO] [NINJA] [3920/4492] STAMP obj/base/time/time_service/services/time_system_ability.inputdeps.stamp
[OHOS INFO] [NINJA] [3921/4492] STAMP obj/base/usb/usb_manager/services/usbservice.inputdeps.stamp
[OHOS INFO] [NINJA] [3922/4492] STAMP obj/base/useriam/companion_device_auth/frameworks/js/napi/companiondeviceauth.inputdeps.stamp
[OHOS INFO] [NINJA] [3923/4492] STAMP obj/base/useriam/user_auth_framework/frameworks/js/napi/user_access_ctrl/useraccessctrl.inputdeps.stamp
[OHOS INFO] [NINJA] [3924/4492] STAMP obj/base/useriam/user_auth_framework/services/userauthservice.inputdeps.stamp
[OHOS INFO] [NINJA] [3925/4492] STAMP obj/base/web/webview/interfaces/kits/napi/webview_napi.inputdeps.stamp
[OHOS INFO] [NINJA] [3926/4492] STAMP obj/developtools/smartperf_host/smartperf_device/device_command/SP_daemon.inputdeps.stamp
[OHOS INFO] [NINJA] [3927/4492] STAMP obj/drivers/external_device_manager/services/driver_extension_manager.inputdeps.stamp
[OHOS INFO] [NINJA] [3928/4492] STAMP obj/drivers/external_device_manager/services/driver_extension_manager_test.inputdeps.stamp
[OHOS INFO] [NINJA] [3929/4492] STAMP obj/foundation/CastEngine/castengine_cast_framework/service/cast_engine_service.inputdeps.stamp
[OHOS INFO] [NINJA] [3930/4492] STAMP obj/foundation/ability/ability_runtime/frameworks/native/ability/native/photo_editor_extension_ani.inputdeps.stamp
[OHOS INFO] [NINJA] [3931/4492] STAMP obj/foundation/ability/dmsfwk/services/dtbschedmgr/distributedschedsvr.inputdeps.stamp
[OHOS INFO] [NINJA] [3932/4492] STAMP obj/foundation/arkui/advanced_ui_component/customappbar/atomicservicemenubar/atomicservicemenubar.inputdeps.stamp
[OHOS INFO] [NINJA] [3933/4492] STAMP obj/foundation/barrierfree/accessibility/services/aams/accessibleabilityms.inputdeps.stamp
[OHOS INFO] [NINJA] [3934/4492] STAMP obj/foundation/barrierfree/accessibility/services/aams_ext/aams_ext.inputdeps.stamp
[OHOS INFO] [NINJA] [3935/4492] STAMP obj/foundation/communication/bluetooth_service/services/bluetooth/server/bluetooth_server.inputdeps.stamp
[OHOS INFO] [NINJA] [3936/4492] STAMP obj/foundation/barrierfree/accessibility/services/blinking_reminder/accessibleBlinking.inputdeps.stamp
[OHOS INFO] [NINJA] [3937/4492] STAMP obj/foundation/communication/fusion_connectivity/partner_agent/services/server/libpartner_agent_extension_service.inputdeps.stamp
[OHOS INFO] [NINJA] [3938/4492] STAMP obj/foundation/communication/netmanager_base/frameworks/js/napi/netpolicy/policy.inputdeps.stamp
[OHOS INFO] [NINJA] [3939/4492] STAMP obj/foundation/distributeddatamgr/pasteboard/interfaces/kits/pasteboard_napi.inputdeps.stamp
[OHOS INFO] [NINJA] [3940/4492] STAMP obj/foundation/distributeddatamgr/pasteboard/services/pasteboard_service.inputdeps.stamp
[OHOS INFO] [NINJA] [3941/4492] STAMP obj/foundation/distributeddatamgr/preferences/frameworks/js/napi/preferences/preferences.inputdeps.stamp
[OHOS INFO] [NINJA] [3942/4492] STAMP obj/foundation/distributeddatamgr/preferences/frameworks/js/napi/sendable_preferences/sendablepreferences.inputdeps.stamp
[OHOS INFO] [NINJA] [3943/4492] STAMP obj/foundation/distributeddatamgr/preferences/frameworks/js/napi/storage/storage.inputdeps.stamp
[OHOS INFO] [NINJA] [3944/4492] STAMP obj/foundation/distributeddatamgr/preferences/frameworks/js/napi/system_storage/storage_napi.inputdeps.stamp
[OHOS INFO] [NINJA] [3945/4492] STAMP obj/foundation/distributeddatamgr/relational_store/frameworks/js/napi/cloud_data/clouddata.inputdeps.stamp
[OHOS INFO] [NINJA] [3946/4492] STAMP obj/foundation/distributeddatamgr/relational_store/frameworks/js/napi/dataability/dataability.inputdeps.stamp
[OHOS INFO] [NINJA] [3947/4492] STAMP obj/foundation/distributeddatamgr/relational_store/frameworks/js/napi/sendablerelationalstore/sendablerelationalstore.inputdeps.stamp
[OHOS INFO] [NINJA] [3948/4492] STAMP obj/foundation/distributedhardware/distributed_audio/services/audiomanager/servicesink/distributed_audio_sink.inputdeps.stamp
[OHOS INFO] [NINJA] [3949/4492] STAMP obj/foundation/distributedhardware/distributed_audio/services/audiomanager/servicesource/distributed_audio_source.inputdeps.stamp
[OHOS INFO] [NINJA] [3950/4492] STAMP obj/foundation/distributedhardware/distributed_camera/services/cameraservice/sinkservice/distributed_camera_sink.inputdeps.stamp
[OHOS INFO] [NINJA] [3951/4492] STAMP obj/foundation/distributedhardware/distributed_camera/services/cameraservice/sourceservice/distributed_camera_source.inputdeps.stamp
[OHOS INFO] [NINJA] [3952/4492] STAMP obj/foundation/distributedhardware/distributed_hardware_fwk/av_transport/av_trans_handler/histreamer_ability_querier/histreamer_ability_querier.inputdeps.stamp
[OHOS INFO] [NINJA] [3953/4492] STAMP obj/foundation/distributedhardware/distributed_input/inputdevicehandler/libdinput_handler.inputdeps.stamp
[OHOS INFO] [NINJA] [3954/4492] STAMP obj/foundation/distributedhardware/distributed_input/services/sink/sinkmanager/libdinput_sink.inputdeps.stamp
[OHOS INFO] [NINJA] [3955/4492] STAMP obj/foundation/distributedhardware/distributed_input/services/source/sourcemanager/libdinput_source.inputdeps.stamp
[OHOS INFO] [NINJA] [3956/4492] STAMP obj/foundation/distributedhardware/distributed_input/sinkhandler/libdinput_sink_handler.inputdeps.stamp
[OHOS INFO] [NINJA] [3957/4492] STAMP obj/foundation/distributedhardware/distributed_input/sourcehandler/libdinput_source_handler.inputdeps.stamp
[OHOS INFO] [NINJA] [3958/4492] STAMP obj/foundation/distributedhardware/distributed_screen/services/screenservice/sinkservice/distributed_screen_sink.inputdeps.stamp
[OHOS INFO] [NINJA] [3959/4492] STAMP obj/foundation/distributedhardware/distributed_screen/services/screenservice/sourceservice/distributed_screen_source.inputdeps.stamp
[OHOS INFO] [NINJA] [3960/4492] STAMP obj/foundation/distributedhardware/mechbody_controller/interface/napi/mech_manager/mechanicmanager_napi.inputdeps.stamp
[OHOS INFO] [NINJA] [3961/4492] STAMP obj/foundation/distributedhardware/mechbody_controller/services/mechbody_service.inputdeps.stamp
[OHOS INFO] [NINJA] [3962/4492] STAMP obj/foundation/filemanagement/app_file_service/interfaces/kits/js/fileshare.inputdeps.stamp
[OHOS INFO] [NINJA] [3963/4492] STAMP obj/foundation/filemanagement/app_file_service/interfaces/kits/js/fileuri.inputdeps.stamp
[OHOS INFO] [NINJA] [3964/4492] STAMP obj/foundation/filemanagement/storage_service/services/storage_manager/storage_manager.inputdeps.stamp
[OHOS INFO] [NINJA] [3965/4492] STAMP obj/foundation/filemanagement/user_file_service/frameworks/js/napi/file_access_module/fileaccess.inputdeps.stamp
[OHOS INFO] [NINJA] [3966/4492] STAMP obj/foundation/filemanagement/user_file_service/interfaces/kits/native/trash/trash.inputdeps.stamp
[OHOS INFO] [NINJA] [3967/4492] STAMP obj/foundation/filemanagement/user_file_service/interfaces/kits/picker/picker.inputdeps.stamp
[OHOS INFO] [NINJA] [3968/4492] STAMP obj/foundation/multimedia/audio_framework/frameworks/js/napi/audio.inputdeps.stamp
[OHOS INFO] [NINJA] [3969/4492] STAMP obj/foundation/multimedia/av_session/frameworks/js/napi/session/avsession_napi.inputdeps.stamp
[OHOS INFO] [NINJA] [3970/4492] STAMP obj/foundation/multimedia/av_session/services/session/server/remote/remote_session_sink.inputdeps.stamp
[OHOS INFO] [NINJA] [3971/4492] STAMP obj/foundation/multimedia/av_session/services/session/server/remote/remote_session_source.inputdeps.stamp
[OHOS INFO] [NINJA] [3972/4492] STAMP obj/foundation/multimedia/camera_framework/dynamic_libs/camera_dynamic_media_manager.inputdeps.stamp
[OHOS INFO] [NINJA] [3973/4492] STAMP obj/foundation/multimedia/camera_framework/dynamic_libs/camera_dynamic_moving_photo.inputdeps.stamp
[OHOS INFO] [NINJA] [3974/4492] STAMP obj/foundation/multimedia/camera_framework/frameworks/native/ndk/ohcamera.inputdeps.stamp
[OHOS INFO] [NINJA] [3975/4492] STAMP obj/foundation/multimedia/camera_framework/interfaces/kits/js/camera_napi/resourcemanager_napi.inputdeps.stamp
[OHOS INFO] [NINJA] [3976/4492] STAMP obj/foundation/multimedia/camera_framework/interfaces/kits/js/camera_napi_for_sys/camera_napi_ex.inputdeps.stamp
[OHOS INFO] [NINJA] [3977/4492] STAMP obj/foundation/multimedia/camera_framework/moviefile/movie_file.inputdeps.stamp
[OHOS INFO] [NINJA] [3978/4492] STAMP obj/foundation/multimedia/camera_framework/services/camera_service/camera_service.inputdeps.stamp
[OHOS INFO] [NINJA] [3979/4492] STAMP obj/foundation/multimedia/media_library/frameworks/client/media_library_client.inputdeps.stamp
[OHOS INFO] [NINJA] [3980/4492] STAMP obj/foundation/multimedia/media_library/interfaces/kits/js/sendablephotoaccesshelper.inputdeps.stamp
[OHOS INFO] [NINJA] [3981/4492] STAMP obj/foundation/multimedia/media_library/tools/medialibrary_scanner/scanner.inputdeps.stamp
[OHOS INFO] [NINJA] [3982/4492] STAMP obj/foundation/multimedia/media_library/tools/medialibrary_tool/mediatool.inputdeps.stamp
[OHOS INFO] [NINJA] [3983/4492] STAMP obj/foundation/multimedia/ringtone_library/services/ringtonerestore.inputdeps.stamp
[OHOS INFO] [NINJA] [3984/4492] STAMP obj/foundation/officeservice/object_editor/frameworks/ndk/content_embed_ndk.inputdeps.stamp
[OHOS INFO] [NINJA] [3985/4492] STAMP obj/foundation/officeservice/object_editor/system_ability/content_embed_service.inputdeps.stamp
[OHOS INFO] [NINJA] [3986/4492] STAMP obj/foundation/resourceschedule/background_task_mgr/interfaces/kits/ets/taihe/background_task_manager_taihe.stamp
[OHOS INFO] [NINJA] [3987/4492] STAMP obj/foundation/resourceschedule/resource_schedule_service/ressched/plugins/frame_aware_plugin/frame_aware_plugin.inputdeps.stamp
[OHOS INFO] [NINJA] [3988/4492] STAMP obj/foundation/resourceschedule/resource_schedule_service/ressched/plugins/socperf_plugin/socperf_plugin.inputdeps.stamp
[OHOS INFO] [NINJA] [3989/4492] STAMP obj/foundation/resourceschedule/work_scheduler/interfaces/kits/ets/taihe/work_scheduler_extension/workschedulerextension_ani.stamp
[OHOS INFO] [NINJA] [3990/4492] STAMP obj/foundation/systemabilitymgr/selectionfwk/frameworks/js/napi/selection_ability/selectionmanager_napi.inputdeps.stamp
[OHOS INFO] [NINJA] [3991/4492] STAMP obj/foundation/systemabilitymgr/selectionfwk/frameworks/js/napi/selection_panel/selectionpanel_napi.inputdeps.stamp
[OHOS INFO] [NINJA] [3992/4492] STAMP obj/foundation/systemabilitymgr/selectionfwk/frameworks/native/selection_extension/selection_extension_ability_native.inputdeps.stamp
[OHOS INFO] [NINJA] [3993/4492] STAMP obj/foundation/systemabilitymgr/selectionfwk/service/selection_service.inputdeps.stamp
[OHOS INFO] [NINJA] [3994/4492] STAMP obj/foundation/systemabilitymgr/selectionfwk/service/plugins/selection_plugins_impl.inputdeps.stamp
[OHOS INFO] [NINJA] [3995/4492] STAMP obj/foundation/window/window_manager/wm/libwm_ndk.inputdeps.stamp
[OHOS INFO] [NINJA] [3996/4492] STAMP obj/out/rk3568/build_configs/ability/dmsfwk/dmsfwk_sdk_info.stamp
[OHOS INFO] [NINJA] [3997/4492] STAMP obj/test/ostest/wukong/wukong.inputdeps.stamp
[OHOS INFO] [NINJA] [3998/4492] STAMP obj/test/testfwk/arkxtest/testserver/src/test_server_service.inputdeps.stamp
[OHOS INFO] [NINJA] [3999/4492] STAMP obj/base/account/os_account/frameworks/ets/taihe/app_account_taihe_gp.stamp
[OHOS INFO] [NINJA] [4000/4492] STAMP obj/base/account/os_account/frameworks/ets/taihe/distributed_account_taihe_gp.stamp
[OHOS INFO] [NINJA] [4001/4492] STAMP obj/base/account/os_account/frameworks/ets/taihe/os_account_taihe_gp.stamp
[OHOS INFO] [NINJA] [4002/4492] CXX obj/base/location/location/services/location_locator/locator/source/lbsservice_locator/permission_status_change_cb.o
[OHOS INFO] [NINJA] [4003/4492] CXX obj/base/location/location/services/location_locator/locator/source/lbsservice_locator/subability_common.o
[OHOS INFO] [NINJA] [4004/4492] CXX obj/base/location/location/services/location_locator/locator/source/lbsservice_gnss/subability_common.o
[OHOS INFO] [NINJA] [4005/4492] CXX obj/base/location/location/services/location_gnss/gnss/source/lbsservice_gnss/fusion_fence_event_callback.o
[OHOS INFO] [NINJA] [4006/4492] CXX obj/base/location/location/frameworks/native/location_ndk/source/location_ndk/locator_c_impl.o
[OHOS INFO] [NINJA] [4007/4492] STAMP obj/base/print/print_fwk/interfaces/kits/ani/printani/printAnipackage.stamp
[OHOS INFO] [NINJA] [4008/4492] STAMP obj/base/print/print_fwk/interfaces/kits/ani/scanani/scanAnipackage.stamp
[OHOS INFO] [NINJA] [4009/4492] STAMP obj/base/security/access_token/frameworks/ets/ani/accesstoken/accesstoken_ets.stamp
[OHOS INFO] [NINJA] [4010/4492] STAMP obj/base/security/certificate_manager/cert_manager_ani.stamp
[OHOS INFO] [NINJA] [4011/4492] STAMP obj/base/security/certificate_manager/cert_manager_dialog_ani.stamp
[OHOS INFO] [NINJA] [4012/4492] STAMP obj/base/useriam/user_auth_framework/frameworks/ets/ani/user_auth/user_auth_ani.stamp
[OHOS INFO] [NINJA] [4013/4492] CXX obj/base/customization/enterprise_device_management/services/edm_plugin/src/location_manager/sys_service_plugin/location_policy_plugin.o
[OHOS INFO] [NINJA] [4014/4492] CXX obj/base/location/location/services/location_gnss/gnss/source/lbsservice_gnss/gnss_ability_skeleton.o
[OHOS INFO] [NINJA] [4015/4492] STAMP obj/drivers/external_device_manager/frameworks/js/ani/driver_extension_ability/driver_extensionAbility_ani.stamp
[OHOS INFO] [NINJA] [4016/4492] STAMP obj/foundation/ability/ability_runtime/frameworks/ets/taihe/distributedmissionmanager/distributedmissionmanager_ani_pack.stamp
[OHOS INFO] [NINJA] [4017/4492] CXX obj/base/location/location/services/location_gnss/gnss/source/lbsservice_gnss/fusion_fence_ability.o
[OHOS INFO] [NINJA] [4018/4492] STAMP obj/foundation/arkui/ace_engine/interfaces/ets/ani/pluginComponent/ani_pluginComponent_group.stamp
[OHOS INFO] [NINJA] [4019/4492] CXX obj/base/location/location/services/location_locator/locator/source/lbsservice_locator/self_request_manager.o
[OHOS INFO] [NINJA] [4020/4492] STAMP obj/foundation/graphic/graphic_2d/frameworks/text/interface/mlb/ani/text_engine_ani_group.stamp
[OHOS INFO] [NINJA] [4021/4492] CXX obj/base/location/location/services/location_locator/locator/source/lbsservice_locator/locator_event_subscriber.o
[OHOS INFO] [NINJA] [4022/4492] STAMP obj/foundation/graphic/graphic_2d/interfaces/kits/ani/drawing/ani_drawing.stamp
[OHOS INFO] [NINJA] [4023/4492] STAMP obj/foundation/graphic/graphic_2d/interfaces/kits/ani/window_animation_manager/window_animation_manager_taihe_group.stamp
[OHOS INFO] [NINJA] [4024/4492] CXX obj/base/location/location/services/location_locator/locator/source/lbsservice_locator/locator_background_proxy.o
[OHOS INFO] [NINJA] [4025/4492] STAMP obj/foundation/multimodalinput/input/frameworks/ets/input_consumer/ets_inputConsumer_package.stamp
[OHOS INFO] [NINJA] [4026/4492] STAMP obj/foundation/multimodalinput/input/frameworks/ets/input_event_client/ets_inputEventClient_package.stamp
[OHOS INFO] [NINJA] [4027/4492] CXX obj/base/location/location/services/location_locator/locator/source/lbsservice_locator/bluetooth_search_manager.o
[OHOS INFO] [NINJA] [4028/4492] STAMP obj/foundation/resourceschedule/background_task_mgr/interfaces/bgtaskmgr_interfaces.stamp
[OHOS INFO] [NINJA] [4029/4492] STAMP obj/foundation/systemabilitymgr/selectionfwk/frameworks/ets/taihe/SelectionManager/selectionManager_taihe.stamp
[OHOS INFO] [NINJA] [4030/4492] STAMP obj/foundation/window/window_manager/interfaces/kits/ani/display_runtime/display_ani.stamp
[OHOS INFO] [NINJA] [4031/4492] STAMP obj/foundation/window/window_manager/interfaces/kits/ani/embeddable_window_stage/embeddable_window_stage_ani.stamp
[OHOS INFO] [NINJA] [4032/4492] STAMP obj/foundation/window/window_manager/interfaces/kits/ani/environmental/window_env_static_packages.stamp
[OHOS INFO] [NINJA] [4033/4492] STAMP obj/foundation/window/window_manager/interfaces/kits/ani/float_view/fvwindow_ani_pack.stamp
[OHOS INFO] [NINJA] [4034/4492] CXX obj/base/location/location/services/location_locator/locator/source/lbsservice_locator/poi_info_manager.o
[OHOS INFO] [NINJA] [4035/4492] STAMP obj/foundation/window/window_manager/interfaces/kits/ani/floating_ball/fbwindow_ani_pack.stamp
[OHOS INFO] [NINJA] [4036/4492] STAMP obj/foundation/window/window_manager/interfaces/kits/ani/picture_in_picture_runtime/pipwindow_ani_pack.stamp
[OHOS INFO] [NINJA] [4037/4492] CXX obj/base/location/location/services/location_locator/locator/source/lbsservice_locator/locator_required_data_manager.o
[OHOS INFO] [NINJA] [4038/4492] CXX obj/base/location/location/services/location_locator/locator/source/lbsservice_locator/report_manager.o
[OHOS INFO] [NINJA] [4039/4492] CXX obj/base/location/location/services/location_locator/locator/source/lbsservice_locator/request_manager.o
[OHOS INFO] [NINJA] [4040/4492] STAMP obj/foundation/window/window_manager/interfaces/kits/ani/window_runtime/window_stage_ani_pack.stamp
[OHOS INFO] [NINJA] [4041/4492] STAMP obj/foundation/window/window_manager/window_scene/interfaces/kits/ani/scene_session_manager/scene_session_manager_ani.stamp
[OHOS INFO] [NINJA] [4042/4492] STAMP obj/third_party/mindspore/mindspore-src/source/mindspore-lite/mindspore.stamp
[OHOS INFO] [NINJA] [4043/4492] STAMP obj/base/account/os_account/frameworks/ets/taihe/account_taihe.stamp
[OHOS INFO] [NINJA] [4044/4492] CXX obj/base/location/location/services/location_locator/locator/source/lbsservice_network/subability_common.o
[OHOS INFO] [NINJA] [4045/4492] CXX obj/base/location/location/services/location_locator/locator/source/lbsservice_passive/subability_common.o
[OHOS INFO] [NINJA] [4046/4492] STAMP obj/base/customization/config_policy/ani_config_policy_components.stamp
[OHOS INFO] [NINJA] [4047/4492] CXX obj/base/web/webview/ohos_wrapper/src/nweb_ohos_wrapper/nweb_location_wrapper.o
[OHOS INFO] [NINJA] [4048/4492] STAMP obj/base/hiviewdfx/hiview/plugins/faultlogger/fwk_group_fault_log_extension.stamp
[OHOS INFO] [NINJA] [4049/4492] STAMP obj/base/inputmethod/imf/frameworks/ets/taihe/inputMethod/inputmethod_taihe.stamp
[OHOS INFO] [NINJA] [4050/4492] STAMP obj/base/inputmethod/imf/frameworks/ets/taihe/inputMethodEngine/inputmethod_engine_taihe.stamp
[OHOS INFO] [NINJA] [4051/4492] STAMP obj/base/inputmethod/imf/frameworks/ets/taihe/keyboardPanelManager/systempanelmanager_taihe.stamp
[OHOS INFO] [NINJA] [4052/4492] STAMP obj/base/location/location/frameworks/ets/taihe/locator_sdk/locationframework_taihe.stamp
[OHOS INFO] [NINJA] [4053/4492] STAMP obj/base/notification/common_event_service/interfaces/kits/ani/ani_common_event_packages.stamp
[OHOS INFO] [NINJA] [4054/4492] STAMP obj/base/notification/distributed_notification_service/frameworks/ets/ani_packages.stamp
[OHOS INFO] [NINJA] [4055/4492] STAMP obj/base/notification/distributed_notification_service/frameworks/reminder_ani/reminder_agent_manager_taihe.stamp
[OHOS INFO] [NINJA] [4056/4492] STAMP obj/base/print/print_fwk/interfaces/kits/ani/anipackage.stamp
[OHOS INFO] [NINJA] [4057/4492] STAMP obj/base/request/request/frameworks/ets/ani/ani_package.stamp
[OHOS INFO] [NINJA] [4058/4492] STAMP obj/base/security/access_token/frameworks/ets/ani/arkts_package.stamp
[OHOS INFO] [NINJA] [4059/4492] CXX obj/base/location/location/services/location_gnss/gnss/source/lbsservice_gnss/gnss_ability.o
[OHOS INFO] [NINJA] [4060/4492] STAMP obj/base/security/certificate_manager/cert_manager_type_base.stamp
[OHOS INFO] [NINJA] [4061/4492] STAMP obj/base/telephony/cellular_data/frameworks/ets/ani/cellular_data_ani_group.stamp
[OHOS INFO] [NINJA] [4062/4492] STAMP obj/base/telephony/call_manager/frameworks/ets/taihe/telephony_call_taihe.stamp
[OHOS INFO] [NINJA] [4063/4492] STAMP obj/base/telephony/core_service/frameworks/ets/ani/radio/telephony_radio_ani_group.stamp
[OHOS INFO] [NINJA] [4064/4492] STAMP obj/base/telephony/core_service/frameworks/ets/ani/sim/sim_ani_group.stamp
[OHOS INFO] [NINJA] [4065/4492] STAMP obj/base/telephony/core_service/frameworks/ets/ani/vcard/vcard_ani_group.stamp
[OHOS INFO] [NINJA] [4066/4492] STAMP obj/base/telephony/sms_mms/frameworks/ets/taihe/telephony_sms_taihe.stamp
[OHOS INFO] [NINJA] [4067/4492] STAMP obj/base/telephony/state_registry/frameworks/ets/ani/observer/observer_ani_group.stamp
[OHOS INFO] [NINJA] [4068/4492] STAMP obj/base/theme/wallpaper_mgr/frameworks/ets/taihe/wallpapermgr/wallpapermgr_taihe.stamp
[OHOS INFO] [NINJA] [4069/4492] STAMP obj/base/useriam/companion_device_auth/frameworks/ets/ani/companion_device_auth_ani.stamp
[OHOS INFO] [NINJA] [4070/4492] CXX obj/base/location/location/services/location_locator/locator/source/lbsservice_locator/locator_ability.o
[OHOS INFO] [NINJA] [4071/4492] STAMP obj/base/useriam/user_auth_framework/frameworks/ets/ani/user_auth_framework_ani.stamp
[OHOS INFO] [NINJA] [4072/4492] STAMP obj/base/web/webview/interfaces/kits/ani/ani_packages.stamp
[OHOS INFO] [NINJA] [4073/4492] CXX obj/foundation/communication/fusion_connectivity/partner_agent/services/server/src/extension/libpartner_agent_extension_service/extension_service_connection.o
[OHOS INFO] [NINJA] [4074/4492] CXX obj/foundation/communication/fusion_connectivity/partner_agent/services/server/src/extension/libpartner_agent_extension_service/extension_service_extern_interface.o
[OHOS INFO] [NINJA] [4075/4492] STAMP obj/drivers/external_device_manager/frameworks/ext_devmgr_frameworks.stamp
[OHOS INFO] [NINJA] [4076/4492] STAMP obj/foundation/ability/ability_runtime/frameworks/ets/ani/ani_packages.stamp
[OHOS INFO] [NINJA] [4077/4492] CXX obj/foundation/communication/fusion_connectivity/partner_agent/services/server/src/extension/libpartner_agent_extension_service/extension_service_connection_service.o
[OHOS INFO] [NINJA] [4078/4492] STAMP obj/foundation/ability/dmsfwk/interfaces/taihe/dmsfwk_taihe.stamp
[OHOS INFO] [NINJA] [4079/4492] STAMP obj/foundation/ability/form_fwk/form_ani_packages.stamp
[OHOS INFO] [NINJA] [4080/4492] STAMP obj/foundation/bundlemanager/bundle_framework/interfaces/kits/ani/ani_bms_packages.stamp
[OHOS INFO] [NINJA] [4081/4492] STAMP obj/foundation/communication/dsoftbus/br_proxy/taihe/proxychannelmanager_taihe.stamp
[OHOS INFO] [NINJA] [4082/4492] STAMP obj/foundation/communication/netmanager_base/frameworks/ets/ani/ani_package.stamp
[OHOS INFO] [NINJA] [4083/4492] STAMP obj/foundation/communication/dsoftbus/core/softbus_server.stamp
[OHOS INFO] [NINJA] [4084/4492] STAMP obj/foundation/communication/netmanager_ext/vpn_ext_packages.stamp
[OHOS INFO] [NINJA] [4085/4492] CXX obj/foundation/multimedia/av_session/services/session/server/remote/remote_session_sink/remote_session_sink_impl.o
[OHOS INFO] [NINJA] [4086/4492] STAMP obj/foundation/distributeddatamgr/data_object/frameworks/ets/taihe/ohos.data.distributedDataObject/distributed_dataobject_ani_pack.stamp
[OHOS INFO] [NINJA] [4087/4492] STAMP obj/foundation/distributeddatamgr/kv_store/frameworks/ets/taihe/kv_store/distributedkvstore_ani_pack.stamp
[OHOS INFO] [NINJA] [4088/4492] STAMP obj/foundation/distributeddatamgr/pasteboard/interfaces/taihe/pasteboard_taihe.stamp
[OHOS INFO] [NINJA] [4089/4492] STAMP obj/foundation/distributeddatamgr/preferences/frameworks/ets/taihe/preferences/preferences_taihe.stamp
[OHOS INFO] [NINJA] [4090/4492] STAMP obj/foundation/distributeddatamgr/relational_store/frameworks/ets/taihe/cloud_data/clouddata_ani_pack.stamp
[OHOS INFO] [NINJA] [4091/4492] STAMP obj/foundation/distributeddatamgr/relational_store/frameworks/ets/taihe/relational_store/relationalstore_ani_pack.stamp
[OHOS INFO] [NINJA] [4092/4492] STAMP obj/foundation/distributeddatamgr/udmf/interfaces/taihe/udmf_taihe.stamp
[OHOS INFO] [NINJA] [4093/4492] STAMP obj/foundation/filemanagement/app_file_service/interfaces/kits/taihe/fileshare/afs_fileshare_taihe.stamp
[OHOS INFO] [NINJA] [4094/4492] STAMP obj/foundation/filemanagement/user_file_service/interfaces/kits/taihe/picker/afs_picker_taihe.stamp
[OHOS INFO] [NINJA] [4095/4492] STAMP obj/foundation/graphic/graphic_2d/interfaces/kits/ani/ani_packages.stamp
[OHOS INFO] [NINJA] [4096/4492] CXX obj/foundation/multimedia/av_session/services/session/server/remote/remote_session_source/remote_session_source_impl.o
[OHOS INFO] [NINJA] [4097/4492] STAMP obj/foundation/graphic/graphic_3d/kits/ets/graphics_3d_taihe.stamp
[OHOS INFO] [NINJA] [4098/4492] STAMP obj/foundation/multimedia/audio_framework/frameworks/taihe/audio_framework_taihe.stamp
[OHOS INFO] [NINJA] [4099/4492] STAMP obj/foundation/multimedia/av_session/frameworks/taihe/av_session_taihe.stamp
[OHOS INFO] [NINJA] [4100/4492] STAMP obj/foundation/multimedia/camera_framework/frameworks/taihe/camera_framework_taihe.stamp
[OHOS INFO] [NINJA] [4101/4492] STAMP obj/foundation/multimedia/drm_framework/frameworks/taihe/drm_framework_taihe.stamp
[OHOS INFO] [NINJA] [4102/4492] STAMP obj/foundation/multimedia/media_library/frameworks/ani/media_library_ani.stamp
[OHOS INFO] [NINJA] [4103/4492] STAMP obj/foundation/multimedia/player_framework/frameworks/taihe/player_framework_taihe.stamp
[OHOS INFO] [NINJA] [4104/4492] STAMP obj/foundation/multimodalinput/input/input_ets_group.stamp
[OHOS INFO] [NINJA] [4105/4492] STAMP obj/foundation/resourceschedule/background_task_mgr/fwk_group_background_task_mgr_all.stamp
[OHOS INFO] [NINJA] [4106/4492] STAMP obj/foundation/resourceschedule/device_standby/interfaces/kits/ani/device_standby_taihe.stamp
[OHOS INFO] [NINJA] [4107/4492] STAMP obj/foundation/resourceschedule/work_scheduler/fwk_group_work_scheduler_all.stamp
[OHOS INFO] [NINJA] [4108/4492] STAMP obj/foundation/systemabilitymgr/selectionfwk/frameworks/ets/taihe/selection_taihe_group.stamp
[OHOS INFO] [NINJA] [4109/4492] STAMP obj/foundation/window/window_manager/window_scene/interfaces/kits/ani/window_scene_ani_packages.stamp
[OHOS INFO] [NINJA] [4110/4492] STAMP obj/foundation/window/window_manager/interfaces/kits/ani/ani_packages.stamp
[OHOS INFO] [NINJA] [4111/4492] STAMP obj/test/testfwk/arkxtest/uitest/uitestkit.stamp
[OHOS INFO] [NINJA] [4112/4492] STAMP obj/third_party/mindspore/mindspore-all.stamp
[OHOS INFO] [NINJA] [4113/4492] STAMP obj/out/rk3568/build_configs/ability/ability_runtime/ability_runtime_info.stamp
[OHOS INFO] [NINJA] [4114/4492] STAMP obj/out/rk3568/build_configs/ability/form_fwk/form_fwk_info.stamp
[OHOS INFO] [NINJA] [4115/4492] STAMP obj/out/rk3568/build_configs/account/os_account/os_account_info.stamp
[OHOS INFO] [NINJA] [4116/4492] STAMP obj/out/rk3568/build_configs/ai/intelligent_voice_framework/intelligent_voice_framework_info.stamp
[OHOS INFO] [NINJA] [4117/4492] STAMP obj/out/rk3568/build_configs/applications/settings/settings_info.stamp
[OHOS INFO] [NINJA] [4118/4492] STAMP obj/out/rk3568/build_configs/bundlemanager/bundle_framework/bundle_framework_info.stamp
[OHOS INFO] [NINJA] [4119/4492] STAMP obj/out/rk3568/build_configs/barrierfree/accessibility/accessibility_info.stamp
[OHOS INFO] [NINJA] [4120/4492] STAMP obj/out/rk3568/build_configs/communication/dsoftbus/dsoftbus_info.stamp
[OHOS INFO] [NINJA] [4121/4492] STAMP obj/out/rk3568/build_configs/communication/netmanager_base/netmanager_base_info.stamp
[OHOS INFO] [NINJA] [4122/4492] STAMP obj/out/rk3568/build_configs/communication/netmanager_ext/netmanager_ext_info.stamp
[OHOS INFO] [NINJA] [4123/4492] STAMP obj/out/rk3568/build_configs/customization/config_policy/config_policy_info.stamp
[OHOS INFO] [NINJA] [4124/4492] STAMP obj/out/rk3568/build_configs/communication/wifi/wifi_info.stamp
[OHOS INFO] [NINJA] [4125/4492] STAMP obj/out/rk3568/build_configs/distributeddatamgr/data_object/data_object_info.stamp
[OHOS INFO] [NINJA] [4126/4492] STAMP obj/out/rk3568/build_configs/distributeddatamgr/data_share/data_share_info.stamp
[OHOS INFO] [NINJA] [4127/4492] STAMP obj/out/rk3568/build_configs/distributeddatamgr/kv_store/kv_store_info.stamp
[OHOS INFO] [NINJA] [4128/4492] STAMP obj/out/rk3568/build_configs/distributeddatamgr/preferences/preferences_info.stamp
[OHOS INFO] [NINJA] [4129/4492] STAMP obj/out/rk3568/build_configs/distributeddatamgr/relational_store/relational_store_info.stamp
[OHOS INFO] [NINJA] [4130/4492] STAMP obj/out/rk3568/build_configs/distributeddatamgr/udmf/udmf_info.stamp
[OHOS INFO] [NINJA] [4131/4492] STAMP obj/out/rk3568/build_configs/distributedhardware/distributed_hardware_fwk/distributed_hardware_fwk_info.stamp
[OHOS INFO] [NINJA] [4132/4492] STAMP obj/out/rk3568/build_configs/distributedhardware/mechbody_controller/mechbody_controller_info.stamp
[OHOS INFO] [NINJA] [4133/4492] CXX obj/foundation/multimedia/av_session/frameworks/js/napi/session/src/avsession_napi/napi_session_listener.o
[OHOS INFO] [NINJA] [4134/4492] STAMP obj/out/rk3568/build_configs/filemanagement/app_file_service/app_file_service_info.stamp
[OHOS INFO] [NINJA] [4135/4492] STAMP obj/out/rk3568/build_configs/filemanagement/dfs_service/dfs_service_info.stamp
[OHOS INFO] [NINJA] [4136/4492] STAMP obj/out/rk3568/build_configs/filemanagement/disk_manager/disk_manager_info.stamp
[OHOS INFO] [NINJA] [4137/4492] STAMP obj/out/rk3568/build_configs/filemanagement/storage_service/storage_service_info.stamp
[OHOS INFO] [NINJA] [4138/4492] STAMP obj/out/rk3568/build_configs/filemanagement/user_file_service/user_file_service_info.stamp
[OHOS INFO] [NINJA] [4139/4492] STAMP obj/out/rk3568/build_configs/global/i18n/i18n_info.stamp
[OHOS INFO] [NINJA] [4140/4492] STAMP obj/out/rk3568/build_configs/global/resource_management/resource_management_info.stamp
[OHOS INFO] [NINJA] [4141/4492] STAMP obj/out/rk3568/build_configs/graphic/graphic_2d/graphic_2d_info.stamp
[OHOS INFO] [NINJA] [4142/4492] STAMP obj/out/rk3568/build_configs/graphic/graphic_3d/graphic_3d_info.stamp
[OHOS INFO] [NINJA] [4143/4492] STAMP obj/out/rk3568/build_configs/hdf/external_device_manager/external_device_manager_info.stamp
[OHOS INFO] [NINJA] [4144/4492] STAMP obj/out/rk3568/build_configs/hiviewdfx/hiview/hiview_info.stamp
[OHOS INFO] [NINJA] [4145/4492] STAMP obj/out/rk3568/build_configs/hiviewdfx/hichecker/hichecker_info.stamp
[OHOS INFO] [NINJA] [4146/4492] STAMP obj/out/rk3568/build_configs/inputmethod/imf/imf_info.stamp
[OHOS INFO] [NINJA] [4147/4492] STAMP obj/out/rk3568/build_configs/multimedia/audio_framework/audio_framework_info.stamp
[OHOS INFO] [NINJA] [4148/4492] STAMP obj/out/rk3568/build_configs/msdp/device_status/device_status_info.stamp
[OHOS INFO] [NINJA] [4149/4492] STAMP obj/out/rk3568/build_configs/multimedia/camera_framework/camera_framework_info.stamp
[OHOS INFO] [NINJA] [4150/4492] STAMP obj/out/rk3568/build_configs/multimedia/drm_framework/drm_framework_info.stamp
[OHOS INFO] [NINJA] [4151/4492] STAMP obj/out/rk3568/build_configs/multimedia/image_framework/image_framework_info.stamp
[OHOS INFO] [NINJA] [4152/4492] STAMP obj/out/rk3568/build_configs/multimedia/player_framework/player_framework_info.stamp
[OHOS INFO] [NINJA] [4153/4492] STAMP obj/out/rk3568/build_configs/multimedia/media_library/media_library_info.stamp
[OHOS INFO] [NINJA] [4154/4492] STAMP obj/out/rk3568/build_configs/notification/common_event_service/common_event_service_info.stamp
[OHOS INFO] [NINJA] [4155/4492] STAMP obj/out/rk3568/build_configs/multimodalinput/input/input_info.stamp
[OHOS INFO] [NINJA] [4156/4492] STAMP obj/out/rk3568/build_configs/notification/distributed_notification_service/distributed_notification_service_info.stamp
[OHOS INFO] [NINJA] [4157/4492] STAMP obj/out/rk3568/build_configs/powermgr/battery_manager/battery_manager_info.stamp
[OHOS INFO] [NINJA] [4158/4492] STAMP obj/out/rk3568/build_configs/powermgr/battery_statistics/battery_statistics_info.stamp
[OHOS INFO] [NINJA] [4159/4492] STAMP obj/out/rk3568/build_configs/powermgr/power_manager/power_manager_info.stamp
[OHOS INFO] [NINJA] [4160/4492] STAMP obj/out/rk3568/build_configs/print/print_fwk/print_fwk_info.stamp
[OHOS INFO] [NINJA] [4161/4492] STAMP obj/out/rk3568/build_configs/resourceschedule/background_task_mgr/background_task_mgr_info.stamp
[OHOS INFO] [NINJA] [4162/4492] STAMP obj/out/rk3568/build_configs/resourceschedule/resource_schedule_service/resource_schedule_service_info.stamp
[OHOS INFO] [NINJA] [4163/4492] STAMP obj/out/rk3568/build_configs/security/access_token/access_token_info.stamp
[OHOS INFO] [NINJA] [4164/4492] STAMP obj/out/rk3568/build_configs/security/certificate_manager/certificate_manager_info.stamp
[OHOS INFO] [NINJA] [4165/4492] STAMP obj/out/rk3568/build_configs/systemabilitymgr/selectionfwk/selectionfwk_info.stamp
[OHOS INFO] [NINJA] [4166/4492] STAMP obj/out/rk3568/build_configs/resourceschedule/work_scheduler/work_scheduler_info.stamp
[OHOS INFO] [NINJA] [4167/4492] STAMP obj/out/rk3568/build_configs/telephony/call_manager/call_manager_info.stamp
[OHOS INFO] [NINJA] [4168/4492] STAMP obj/out/rk3568/build_configs/telephony/cellular_data/cellular_data_info.stamp
[OHOS INFO] [NINJA] [4169/4492] STAMP obj/out/rk3568/build_configs/telephony/core_service/core_service_info.stamp
[OHOS INFO] [NINJA] [4170/4492] STAMP obj/out/rk3568/build_configs/request/request/request_info.stamp
[OHOS INFO] [NINJA] [4171/4492] STAMP obj/out/rk3568/build_configs/resourceschedule/device_standby/device_standby_info.stamp
[OHOS INFO] [NINJA] [4172/4492] STAMP obj/out/rk3568/build_configs/telephony/sms_mms/sms_mms_info.stamp
[OHOS INFO] [NINJA] [4173/4492] STAMP obj/out/rk3568/build_configs/telephony/state_registry/state_registry_info.stamp
[OHOS INFO] [NINJA] [4174/4492] STAMP obj/out/rk3568/build_configs/theme/screenlock_mgr/screenlock_mgr_info.stamp
[OHOS INFO] [NINJA] [4175/4492] STAMP obj/out/rk3568/build_configs/theme/wallpaper_mgr/wallpaper_mgr_info.stamp
[OHOS INFO] [NINJA] [4176/4492] STAMP obj/out/rk3568/build_configs/thirdparty/mindspore/mindspore_info.stamp
[OHOS INFO] [NINJA] [4177/4492] STAMP obj/out/rk3568/build_configs/time/time_service/time_service_info.stamp
[OHOS INFO] [NINJA] [4178/4492] STAMP obj/out/rk3568/build_configs/useriam/companion_device_auth/companion_device_auth_info.stamp
[OHOS INFO] [NINJA] [4179/4492] STAMP obj/out/rk3568/build_configs/useriam/user_auth_framework/user_auth_framework_info.stamp
[OHOS INFO] [NINJA] [4180/4492] STAMP obj/out/rk3568/build_configs/window/window_manager/window_manager_info.stamp
[OHOS INFO] [NINJA] [4181/4492] CXX obj/test/testfwk/arkxtest/testserver/src/service/test_server_service/test_server_service.o
[OHOS INFO] [NINJA] [4182/4492] ACTION //foundation/arkui/ace_engine/frameworks/bridge/arkts_frontend/koala_projects/arkoala-arkts:arkoala_annotate(//build/toolchain/ohos:ohos_clang_arm)
[OHOS INFO] [NINJA] [4183/4491] ACTION //out/rk3568/build_configs/ability/dmsfwk:dmsfwk_inner_kits(//build/toolchain/ohos:ohos_clang_arm)
[OHOS INFO] [NINJA] [4184/4491] SOLINK web/webview/libnweb_ohos_wrapper.z.so
[OHOS INFO] [NINJA] [4185/4491] ACTION //out/rk3568/build_configs/applications/settings:settings(//build/toolchain/ohos:ohos_clang_arm)
[OHOS INFO] [NINJA] [4186/4491] STAMP obj/out/rk3568/build_configs/ability/dmsfwk/dmsfwk_inner_kits.stamp
[OHOS INFO] [NINJA] [4187/4491] ACTION //out/rk3568/build_configs/barrierfree/accessibility:accessibility(//build/toolchain/ohos:ohos_clang_arm)
[OHOS INFO] [NINJA] [4188/4491] STAMP obj/out/rk3568/build_configs/ability/dmsfwk/dmsfwk_info.stamp
[OHOS INFO] [NINJA] [4189/4491] STAMP obj/out/rk3568/build_configs/web/webview/webview_info.stamp
[OHOS INFO] [NINJA] [4190/4491] ACTION //out/rk3568/build_configs/account/os_account:os_account(//build/toolchain/ohos:ohos_clang_arm)
[OHOS INFO] [NINJA] [4191/4491] ACTION //out/rk3568/build_configs/communication/dsoftbus:dsoftbus(//build/toolchain/ohos:ohos_clang_arm)
[OHOS INFO] [NINJA] [4192/4491] ACTION //out/rk3568/build_configs/communication/netmanager_base:netmanager_base(//build/toolchain/ohos:ohos_clang_arm)
[OHOS INFO] [NINJA] [4193/4491] ACTION //foundation/arkui/ace_engine/frameworks/bridge/arkts_frontend/koala_projects/arkoala-arkts:arkoala_process(//build/toolchain/ohos:ohos_clang_arm)
[OHOS INFO] [NINJA] [4194/4490] ACTION //out/rk3568/build_configs/ai/intelligent_voice_framework:intelligent_voice_framework(//build/toolchain/ohos:ohos_clang_arm)
[OHOS INFO] [NINJA] [4195/4490] ACTION //out/rk3568/build_configs/bundlemanager/bundle_framework:bundle_framework(//build/toolchain/ohos:ohos_clang_arm)
[OHOS INFO] [NINJA] [4196/4490] ACTION //out/rk3568/build_configs/ability/form_fwk:form_fwk(//build/toolchain/ohos:ohos_clang_arm)
[OHOS INFO] [NINJA] [4197/4490] ACTION //out/rk3568/build_configs/ability/ability_runtime:ability_runtime(//build/toolchain/ohos:ohos_clang_arm)
[OHOS INFO] [NINJA] [4198/4490] ACTION //out/rk3568/build_configs/ability/dmsfwk:dmsfwk(//build/toolchain/ohos:ohos_clang_arm)
[OHOS INFO] [NINJA] [4199/4490] ACTION //out/rk3568/build_configs/communication/netmanager_ext:netmanager_ext(//build/toolchain/ohos:ohos_clang_arm)
[OHOS INFO] [NINJA] [4200/4490] ACTION //out/rk3568/build_configs/distributeddatamgr/data_share:data_share(//build/toolchain/ohos:ohos_clang_arm)
[OHOS INFO] [NINJA] [4201/4490] ACTION //out/rk3568/build_configs/distributeddatamgr/data_object:data_object(//build/toolchain/ohos:ohos_clang_arm)
[OHOS INFO] [NINJA] [4202/4490] ACTION //out/rk3568/build_configs/customization/config_policy:config_policy(//build/toolchain/ohos:ohos_clang_arm)
[OHOS INFO] [NINJA] [4203/4490] ACTION //out/rk3568/build_configs/distributeddatamgr/kv_store:kv_store(//build/toolchain/ohos:ohos_clang_arm)
[OHOS INFO] [NINJA] [4204/4490] ACTION //out/rk3568/build_configs/distributeddatamgr/preferences:preferences(//build/toolchain/ohos:ohos_clang_arm)
[OHOS INFO] [NINJA] [4205/4490] ACTION //out/rk3568/build_configs/communication/wifi:wifi(//build/toolchain/ohos:ohos_clang_arm)
[OHOS INFO] [NINJA] [4206/4490] ACTION //out/rk3568/build_configs/distributeddatamgr/relational_store:relational_store(//build/toolchain/ohos:ohos_clang_arm)
[OHOS INFO] [NINJA] [4207/4490] SOLINK location/location/liblocation_ndk.so
[OHOS INFO] [NINJA] [4208/4490] SOLINK location/location/liblbsservice_gnss.z.so
[OHOS INFO] [NINJA] [4209/4490] ACTION //out/rk3568/build_configs/distributeddatamgr/udmf:udmf(//build/toolchain/ohos:ohos_clang_arm)
[OHOS INFO] [NINJA] [4210/4490] ACTION //out/rk3568/build_configs/distributedhardware/distributed_hardware_fwk:distributed_hardware_fwk(//build/toolchain/ohos:ohos_clang_arm)
[OHOS INFO] [NINJA] [4211/4490] ACTION //out/rk3568/build_configs/distributedhardware/mechbody_controller:mechbody_controller(//build/toolchain/ohos:ohos_clang_arm)
[OHOS INFO] [NINJA] [4212/4490] ACTION //out/rk3568/build_configs/filemanagement/app_file_service:app_file_service(//build/toolchain/ohos:ohos_clang_arm)
[OHOS INFO] [NINJA] [4213/4490] ACTION //out/rk3568/build_configs/filemanagement/disk_manager:disk_manager(//build/toolchain/ohos:ohos_clang_arm)
[OHOS INFO] [NINJA] [4214/4490] ACTION //out/rk3568/build_configs/filemanagement/user_file_service:user_file_service(//build/toolchain/ohos:ohos_clang_arm)
[OHOS INFO] [NINJA] [4215/4490] ACTION //out/rk3568/build_configs/filemanagement/storage_service:storage_service(//build/toolchain/ohos:ohos_clang_arm)
[OHOS INFO] [NINJA] [4216/4490] ACTION //out/rk3568/build_configs/global/i18n:i18n(//build/toolchain/ohos:ohos_clang_arm)
[OHOS INFO] [NINJA] [4217/4490] ACTION //out/rk3568/build_configs/filemanagement/dfs_service:dfs_service(//build/toolchain/ohos:ohos_clang_arm)
[OHOS INFO] [NINJA] [4218/4490] SOLINK location/location/liblbsservice_passive.z.so
[OHOS INFO] [NINJA] [4219/4490] SOLINK location/location/liblbsservice_locator.z.so
[OHOS INFO] [NINJA] [4220/4490] ACTION //out/rk3568/build_configs/global/resource_management:resource_management(//build/toolchain/ohos:ohos_clang_arm)
[OHOS INFO] [NINJA] [4221/4490] ACTION //out/rk3568/build_configs/graphic/graphic_3d:graphic_3d(//build/toolchain/ohos:ohos_clang_arm)
[OHOS INFO] [NINJA] [4222/4490] ACTION //out/rk3568/build_configs/graphic/graphic_2d:graphic_2d(//build/toolchain/ohos:ohos_clang_arm)
[OHOS INFO] [NINJA] [4223/4490] ACTION //out/rk3568/build_configs/hdf/external_device_manager:external_device_manager(//build/toolchain/ohos:ohos_clang_arm)
[OHOS INFO] [NINJA] [4224/4490] ACTION //out/rk3568/build_configs/hiviewdfx/hiview:hiview(//build/toolchain/ohos:ohos_clang_arm)
[OHOS INFO] [NINJA] [4225/4490] ACTION //out/rk3568/build_configs/hiviewdfx/hichecker:hichecker(//build/toolchain/ohos:ohos_clang_arm)
[OHOS INFO] [NINJA] [4226/4490] SOLINK arkui/ace_engine/libArkoalaNative_ark.z.so
[OHOS INFO] [NINJA] [4227/4490] ACTION //out/rk3568/build_configs/msdp/device_status:device_status(//build/toolchain/ohos:ohos_clang_arm)
[OHOS INFO] [NINJA] [4228/4490] ACTION //out/rk3568/build_configs/inputmethod/imf:imf(//build/toolchain/ohos:ohos_clang_arm)
[OHOS INFO] [NINJA] [4229/4490] ACTION //foundation/distributeddatamgr/pasteboard/services/dialog:pasteboard_dialog_hap__js_assets(//build/toolchain/ohos:ohos_clang_arm)
[OHOS INFO] [NINJA] [4230/4487] STAMP obj/out/rk3568/build_configs/distributeddatamgr/pasteboard/pasteboard_info.stamp
[OHOS INFO] [NINJA] [4231/4487] ACTION //out/rk3568/build_configs/multimedia/audio_framework:audio_framework(//build/toolchain/ohos:ohos_clang_arm)
[OHOS INFO] [NINJA] [4232/4487] ACTION //out/rk3568/build_configs/multimedia/camera_framework:camera_framework(//build/toolchain/ohos:ohos_clang_arm)
[OHOS INFO] [NINJA] [4233/4487] ACTION //out/rk3568/build_configs/multimedia/drm_framework:drm_framework(//build/toolchain/ohos:ohos_clang_arm)
[OHOS INFO] [NINJA] [4234/4487] ACTION //out/rk3568/build_configs/multimedia/media_library:media_library(//build/toolchain/ohos:ohos_clang_arm)
[OHOS INFO] [NINJA] [4235/4487] SOLINK testfwk/arkxtest/libtest_server_service.z.so
[OHOS INFO] [NINJA] [4236/4487] ACTION //out/rk3568/build_configs/multimedia/image_framework:image_framework(//build/toolchain/ohos:ohos_clang_arm)
[OHOS INFO] [NINJA] [4237/4487] STAMP obj/out/rk3568/build_configs/testfwk/arkxtest/arkxtest_info.stamp
[OHOS INFO] [NINJA] [4238/4487] ACTION //out/rk3568/build_configs/multimodalinput/input:input(//build/toolchain/ohos:ohos_clang_arm)
[OHOS INFO] [NINJA] [4239/4487] ACTION //out/rk3568/build_configs/multimedia/player_framework:player_framework(//build/toolchain/ohos:ohos_clang_arm)
[OHOS INFO] [NINJA] [4240/4487] ACTION //out/rk3568/build_configs/notification/common_event_service:common_event_service(//build/toolchain/ohos:ohos_clang_arm)
[OHOS INFO] [NINJA] [4241/4487] ACTION //out/rk3568/build_configs/notification/distributed_notification_service:distributed_notification_service(//build/toolchain/ohos:ohos_clang_arm)
[OHOS INFO] [NINJA] [4242/4487] ACTION //out/rk3568/build_configs/distributeddatamgr/pasteboard:pasteboard(//build/toolchain/ohos:ohos_clang_arm)
[OHOS INFO] [NINJA] [4243/4487] ACTION //out/rk3568/build_configs/powermgr/battery_manager:battery_manager(//build/toolchain/ohos:ohos_clang_arm)
[OHOS INFO] [NINJA] [4244/4487] ACTION //out/rk3568/build_configs/powermgr/battery_statistics:battery_statistics(//build/toolchain/ohos:ohos_clang_arm)
[OHOS INFO] [NINJA] [4245/4487] ACTION //out/rk3568/build_configs/print/print_fwk:print_fwk(//build/toolchain/ohos:ohos_clang_arm)
[OHOS INFO] [NINJA] [4246/4487] ACTION //applications/standard/contacts_data:Contacts_DataAbility(//build/toolchain/ohos:ohos_clang_arm)
[OHOS INFO] [NINJA] [4247/4484] SOLINK arkui/ace_engine/libarkts_frontend.z.so
[OHOS INFO] [NINJA] [4248/4484] ACTION //out/rk3568/build_configs/powermgr/power_manager:power_manager(//build/toolchain/ohos:ohos_clang_arm)
[OHOS INFO] [NINJA] [4249/4484] SOLINK arkui/ace_engine/libarkuicustomnode_ani.so
[OHOS INFO] [NINJA] [4250/4484] STAMP obj/foundation/arkui/ace_engine/frameworks/bridge/arkts_frontend/koala_projects/arkoala-arkts/arkui-ohos/src/ani/native/custom/arkuicustomnode_group.stamp
[OHOS INFO] [NINJA] [4251/4484] STAMP obj/foundation/arkui/ace_engine/frameworks/bridge/arkts_frontend/koala_projects/arkoala-arkts/arkui-ohos/src/ani/native/ace_ani_native_package.stamp
[OHOS INFO] [NINJA] [4252/4484] ACTION //out/rk3568/build_configs/request/request:request(//build/toolchain/ohos:ohos_clang_arm)
[OHOS INFO] [NINJA] [4253/4484] STAMP obj/foundation/arkui/ace_engine/frameworks/bridge/arkts_frontend/arkts_frontend_native_package.stamp
[OHOS INFO] [NINJA] [4254/4484] ACTION //base/telephony/telephony_data:Telephony_Data_Storage(//build/toolchain/ohos:ohos_clang_arm)
[OHOS INFO] [NINJA] [4255/4481] ACTION //out/rk3568/build_configs/resourceschedule/resource_schedule_service:resource_schedule_service(//build/toolchain/ohos:ohos_clang_arm)
[OHOS INFO] [NINJA] [4256/4481] ACTION //out/rk3568/build_configs/resourceschedule/device_standby:device_standby(//build/toolchain/ohos:ohos_clang_arm)
[OHOS INFO] [NINJA] [4257/4481] ACTION //out/rk3568/build_configs/resourceschedule/background_task_mgr:background_task_mgr(//build/toolchain/ohos:ohos_clang_arm)
[OHOS INFO] [NINJA] [4258/4481] ACTION //out/rk3568/build_configs/resourceschedule/work_scheduler:work_scheduler(//build/toolchain/ohos:ohos_clang_arm)
[OHOS INFO] [NINJA] [4259/4481] ACTION //out/rk3568/build_configs/security/certificate_manager:certificate_manager(//build/toolchain/ohos:ohos_clang_arm)
[OHOS INFO] [NINJA] [4260/4481] ACTION //out/rk3568/build_configs/systemabilitymgr/selectionfwk:selectionfwk(//build/toolchain/ohos:ohos_clang_arm)
[OHOS INFO] [NINJA] [4261/4481] ACTION //out/rk3568/build_configs/security/access_token:access_token(//build/toolchain/ohos:ohos_clang_arm)
[OHOS INFO] [NINJA] [4262/4481] ACTION //out/rk3568/build_configs/telephony/cellular_data:cellular_data(//build/toolchain/ohos:ohos_clang_arm)
[OHOS INFO] [NINJA] [4263/4481] SOLINK communication/fusion_connectivity/libpartner_agent_extension_service.z.so
[OHOS INFO] [NINJA] [4264/4481] STAMP obj/out/rk3568/build_configs/communication/fusion_connectivity/fusion_connectivity_info.stamp
[OHOS INFO] [NINJA] [4265/4481] ACTION //out/rk3568/build_configs/telephony/call_manager:call_manager(//build/toolchain/ohos:ohos_clang_arm)
[OHOS INFO] [NINJA] [4266/4481] ACTION //out/rk3568/build_configs/telephony/sms_mms:sms_mms(//build/toolchain/ohos:ohos_clang_arm)
[OHOS INFO] [NINJA] [4267/4481] STAMP obj/out/rk3568/build_configs/ability/ability_runtime/ability_runtime.stamp
[OHOS INFO] [NINJA] [4268/4481] STAMP obj/out/rk3568/build_configs/ability/dmsfwk/dmsfwk.stamp
[OHOS INFO] [NINJA] [4269/4481] ACTION //out/rk3568/build_configs/telephony/core_service:core_service(//build/toolchain/ohos:ohos_clang_arm)
[OHOS INFO] [NINJA] [4270/4481] STAMP obj/out/rk3568/build_configs/account/os_account/os_account.stamp
[OHOS INFO] [NINJA] [4271/4481] STAMP obj/out/rk3568/build_configs/ability/form_fwk/form_fwk.stamp
[OHOS INFO] [NINJA] [4272/4481] STAMP obj/out/rk3568/build_configs/ai/intelligent_voice_framework/intelligent_voice_framework.stamp
[OHOS INFO] [NINJA] [4273/4481] STAMP obj/out/rk3568/build_configs/applications/settings/settings.stamp
[OHOS INFO] [NINJA] [4274/4481] STAMP obj/out/rk3568/build_configs/barrierfree/accessibility/accessibility.stamp
[OHOS INFO] [NINJA] [4275/4481] STAMP obj/out/rk3568/build_configs/bundlemanager/bundle_framework/bundle_framework.stamp
[OHOS INFO] [NINJA] [4276/4481] SOLINK location/location/liblbsservice_network.z.so
[OHOS INFO] [NINJA] [4277/4481] STAMP obj/out/rk3568/build_configs/communication/dsoftbus/dsoftbus.stamp
[OHOS INFO] [NINJA] [4278/4481] STAMP obj/out/rk3568/build_configs/communication/netmanager_base/netmanager_base.stamp
[OHOS INFO] [NINJA] [4279/4481] STAMP obj/out/rk3568/build_configs/communication/netmanager_ext/netmanager_ext.stamp
[OHOS INFO] [NINJA] [4280/4481] STAMP obj/out/rk3568/build_configs/communication/wifi/wifi.stamp
[OHOS INFO] [NINJA] [4281/4481] STAMP obj/out/rk3568/build_configs/customization/config_policy/config_policy.stamp
[OHOS INFO] [NINJA] [4282/4481] STAMP obj/out/rk3568/build_configs/distributeddatamgr/data_object/data_object.stamp
[OHOS INFO] [NINJA] [4283/4481] STAMP obj/out/rk3568/build_configs/distributeddatamgr/data_share/data_share.stamp
[OHOS INFO] [NINJA] [4284/4481] STAMP obj/out/rk3568/build_configs/distributeddatamgr/kv_store/kv_store.stamp
[OHOS INFO] [NINJA] [4285/4481] STAMP obj/out/rk3568/build_configs/distributeddatamgr/preferences/preferences.stamp
[OHOS INFO] [NINJA] [4286/4481] STAMP obj/out/rk3568/build_configs/distributeddatamgr/pasteboard/pasteboard.stamp
[OHOS INFO] [NINJA] [4287/4481] STAMP obj/out/rk3568/build_configs/distributeddatamgr/relational_store/relational_store.stamp
[OHOS INFO] [NINJA] [4288/4481] STAMP obj/out/rk3568/build_configs/distributeddatamgr/udmf/udmf.stamp
[OHOS INFO] [NINJA] [4289/4481] ACTION //out/rk3568/build_configs/testfwk/arkxtest:arkxtest(//build/toolchain/ohos:ohos_clang_arm)
[OHOS INFO] [NINJA] [4290/4481] STAMP obj/out/rk3568/build_configs/distributedhardware/distributed_hardware_fwk/distributed_hardware_fwk.stamp
[OHOS INFO] [NINJA] [4291/4481] STAMP obj/out/rk3568/build_configs/distributedhardware/mechbody_controller/mechbody_controller.stamp
[OHOS INFO] [NINJA] [4292/4481] STAMP obj/out/rk3568/build_configs/filemanagement/app_file_service/app_file_service.stamp
[OHOS INFO] [NINJA] [4293/4481] STAMP obj/out/rk3568/build_configs/filemanagement/dfs_service/dfs_service.stamp
[OHOS INFO] [NINJA] [4294/4481] STAMP obj/out/rk3568/build_configs/filemanagement/disk_manager/disk_manager.stamp
[OHOS INFO] [NINJA] [4295/4481] STAMP obj/out/rk3568/build_configs/filemanagement/storage_service/storage_service.stamp
[OHOS INFO] [NINJA] [4296/4481] STAMP obj/out/rk3568/build_configs/filemanagement/user_file_service/user_file_service.stamp
[OHOS INFO] [NINJA] [4297/4481] STAMP obj/out/rk3568/build_configs/global/i18n/i18n.stamp
[OHOS INFO] [NINJA] [4298/4481] STAMP obj/out/rk3568/build_configs/global/resource_management/resource_management.stamp
[OHOS INFO] [NINJA] [4299/4481] STAMP obj/out/rk3568/build_configs/graphic/graphic_2d/graphic_2d.stamp
[OHOS INFO] [NINJA] [4300/4481] STAMP obj/out/rk3568/build_configs/graphic/graphic_3d/graphic_3d.stamp
[OHOS INFO] [NINJA] [4301/4481] STAMP obj/out/rk3568/build_configs/hdf/external_device_manager/external_device_manager.stamp
[OHOS INFO] [NINJA] [4302/4481] STAMP obj/out/rk3568/build_configs/hiviewdfx/hichecker/hichecker.stamp
[OHOS INFO] [NINJA] [4303/4481] STAMP obj/out/rk3568/build_configs/inputmethod/imf/imf.stamp
[OHOS INFO] [NINJA] [4304/4481] STAMP obj/out/rk3568/build_configs/hiviewdfx/hiview/hiview.stamp
[OHOS INFO] [NINJA] [4305/4481] STAMP obj/out/rk3568/build_configs/msdp/device_status/device_status.stamp
[OHOS INFO] [NINJA] [4306/4481] STAMP obj/out/rk3568/build_configs/multimedia/audio_framework/audio_framework.stamp
[OHOS INFO] [NINJA] [4307/4481] STAMP obj/out/rk3568/build_configs/multimedia/drm_framework/drm_framework.stamp
[OHOS INFO] [NINJA] [4308/4481] STAMP obj/out/rk3568/build_configs/multimedia/camera_framework/camera_framework.stamp
[OHOS INFO] [NINJA] [4309/4481] STAMP obj/out/rk3568/build_configs/multimedia/image_framework/image_framework.stamp
[OHOS INFO] [NINJA] [4310/4481] STAMP obj/out/rk3568/build_configs/multimedia/media_library/media_library.stamp
[OHOS INFO] [NINJA] [4311/4481] STAMP obj/out/rk3568/build_configs/multimedia/player_framework/player_framework.stamp
[OHOS INFO] [NINJA] [4312/4481] STAMP obj/out/rk3568/build_configs/multimodalinput/input/input.stamp
[OHOS INFO] [NINJA] [4313/4481] STAMP obj/out/rk3568/build_configs/notification/common_event_service/common_event_service.stamp
[OHOS INFO] [NINJA] [4314/4481] STAMP obj/out/rk3568/build_configs/powermgr/battery_manager/battery_manager.stamp
[OHOS INFO] [NINJA] [4315/4481] STAMP obj/out/rk3568/build_configs/notification/distributed_notification_service/distributed_notification_service.stamp
[OHOS INFO] [NINJA] [4316/4481] STAMP obj/out/rk3568/build_configs/powermgr/battery_statistics/battery_statistics.stamp
[OHOS INFO] [NINJA] [4317/4481] STAMP obj/out/rk3568/build_configs/powermgr/power_manager/power_manager.stamp
[OHOS INFO] [NINJA] [4318/4481] STAMP obj/out/rk3568/build_configs/request/request/request.stamp
[OHOS INFO] [NINJA] [4319/4481] STAMP obj/out/rk3568/build_configs/print/print_fwk/print_fwk.stamp
[OHOS INFO] [NINJA] [4320/4481] STAMP obj/out/rk3568/build_configs/resourceschedule/device_standby/device_standby.stamp
[OHOS INFO] [NINJA] [4321/4481] SOLINK arkui/ace_engine/libinspector_ani.so
[OHOS INFO] [NINJA] [4322/4481] STAMP obj/out/rk3568/build_configs/resourceschedule/background_task_mgr/background_task_mgr.stamp
[OHOS INFO] [NINJA] [4323/4481] STAMP obj/out/rk3568/build_configs/resourceschedule/resource_schedule_service/resource_schedule_service.stamp
[OHOS INFO] [NINJA] [4324/4481] STAMP obj/out/rk3568/build_configs/resourceschedule/work_scheduler/work_scheduler.stamp
[OHOS INFO] [NINJA] [4325/4481] STAMP obj/out/rk3568/build_configs/security/access_token/access_token.stamp
[OHOS INFO] [NINJA] [4326/4481] STAMP obj/foundation/arkui/ace_engine/interfaces/ets/ani/inspector/ani_inspector_group.stamp
[OHOS INFO] [NINJA] [4327/4481] STAMP obj/out/rk3568/build_configs/security/certificate_manager/certificate_manager.stamp
[OHOS INFO] [NINJA] [4328/4481] STAMP obj/out/rk3568/build_configs/telephony/call_manager/call_manager.stamp
[OHOS INFO] [NINJA] [4329/4481] STAMP obj/out/rk3568/build_configs/systemabilitymgr/selectionfwk/selectionfwk.stamp
[OHOS INFO] [NINJA] [4330/4481] STAMP obj/out/rk3568/build_configs/telephony/cellular_data/cellular_data.stamp
[OHOS INFO] [NINJA] [4331/4481] STAMP obj/foundation/arkui/ace_engine/interfaces/ets/ace_ani_package.stamp
[OHOS INFO] [NINJA] [4332/4481] STAMP obj/out/rk3568/build_configs/telephony/core_service/core_service.stamp
[OHOS INFO] [NINJA] [4333/4481] STAMP obj/out/rk3568/build_configs/telephony/sms_mms/sms_mms.stamp
[OHOS INFO] [NINJA] [4334/4481] STAMP obj/out/rk3568/build_configs/testfwk/arkxtest/arkxtest.stamp
[OHOS INFO] [NINJA] [4335/4481] STAMP obj/out/rk3568/build_configs/inner_kits.stamp
[OHOS INFO] [NINJA] [4336/4481] STAMP obj/build/core/gn/make_inner_kits.stamp
[OHOS INFO] [NINJA] [4337/4481] ACTION //out/rk3568/build_configs/theme/wallpaper_mgr:wallpaper_mgr(//build/toolchain/ohos:ohos_clang_arm)
[OHOS INFO] [NINJA] [4338/4481] STAMP obj/out/rk3568/build_configs/theme/wallpaper_mgr/wallpaper_mgr.stamp
[OHOS INFO] [NINJA] [4339/4481] ACTION //out/rk3568/build_configs/telephony/state_registry:state_registry(//build/toolchain/ohos:ohos_clang_arm)
[OHOS INFO] [NINJA] [4340/4481] STAMP obj/out/rk3568/build_configs/telephony/state_registry/state_registry.stamp
[OHOS INFO] [NINJA] [4341/4481] ACTION //out/rk3568/build_configs/theme/screenlock_mgr:screenlock_mgr(//build/toolchain/ohos:ohos_clang_arm)
[OHOS INFO] [NINJA] [4342/4481] STAMP obj/out/rk3568/build_configs/theme/screenlock_mgr/screenlock_mgr.stamp
[OHOS INFO] [NINJA] [4343/4481] ACTION //out/rk3568/build_configs/time/time_service:time_service(//build/toolchain/ohos:ohos_clang_arm)
[OHOS INFO] [NINJA] [4344/4481] STAMP obj/out/rk3568/build_configs/time/time_service/time_service.stamp
[OHOS INFO] [NINJA] [4345/4481] ACTION //out/rk3568/build_configs/thirdparty/mindspore:mindspore(//build/toolchain/ohos:ohos_clang_arm)
[OHOS INFO] [NINJA] [4346/4481] STAMP obj/out/rk3568/build_configs/thirdparty/mindspore/mindspore.stamp
[OHOS INFO] [NINJA] [4347/4481] ACTION //out/rk3568/build_configs/useriam/user_auth_framework:user_auth_framework(//build/toolchain/ohos:ohos_clang_arm)
[OHOS INFO] [NINJA] [4348/4481] STAMP obj/out/rk3568/build_configs/useriam/user_auth_framework/user_auth_framework.stamp
[OHOS INFO] [NINJA] [4349/4481] ACTION //out/rk3568/build_configs/web/webview:webview(//build/toolchain/ohos:ohos_clang_arm)
[OHOS INFO] [NINJA] [4350/4481] STAMP obj/out/rk3568/build_configs/web/webview/webview.stamp
[OHOS INFO] [NINJA] [4351/4481] ACTION //out/rk3568/build_configs/useriam/companion_device_auth:companion_device_auth(//build/toolchain/ohos:ohos_clang_arm)
[OHOS INFO] [NINJA] [4352/4481] STAMP obj/out/rk3568/build_configs/useriam/companion_device_auth/companion_device_auth.stamp
[OHOS INFO] [NINJA] [4353/4481] ACTION //out/rk3568/build_configs/window/window_manager:window_manager(//build/toolchain/ohos:ohos_clang_arm)
[OHOS INFO] [NINJA] [4354/4481] STAMP obj/out/rk3568/build_configs/window/window_manager/window_manager.stamp
[OHOS INFO] [NINJA] [4355/4481] ACTION //base/location/location/services/location_ui:location_dialog_hap__js_assets(//build/toolchain/ohos:ohos_clang_arm)
[OHOS INFO] [NINJA] [4356/4478] STAMP obj/out/rk3568/build_configs/location/location/location_info.stamp
[OHOS INFO] [NINJA] [4357/4478] SOLINK arkui/ace_engine/libarkoala_native_ani.so
[OHOS INFO] [NINJA] [4358/4478] ACTION //out/rk3568/build_configs/communication/fusion_connectivity:fusion_connectivity(//build/toolchain/ohos:ohos_clang_arm)
[OHOS INFO] [NINJA] [4359/4478] STAMP obj/out/rk3568/build_configs/communication/fusion_connectivity/fusion_connectivity.stamp
[OHOS INFO] [NINJA] [4360/4478] ACTION //out/rk3568/build_configs/location/location:location(//build/toolchain/ohos:ohos_clang_arm)
[OHOS INFO] [NINJA] [4361/4478] STAMP obj/out/rk3568/build_configs/location/location/location.stamp
[OHOS INFO] [NINJA] [4362/4478] SOLINK multimedia/av_session/libremote_session_sink.z.so
[OHOS INFO] [NINJA] [4363/4478] ACTION //base/usb/usb_manager/frameworks/dialog/dialog_ui/usb_right_dialog:dialog_hap__js_assets(//build/toolchain/ohos:ohos_clang_arm)
[OHOS INFO] [NINJA] [4364/4475] STAMP obj/out/rk3568/build_configs/usb/usb_manager/usb_manager_info.stamp
[OHOS INFO] [NINJA] [4365/4475] SOLINK multimedia/av_session/libremote_session_source.z.so
[OHOS INFO] [NINJA] [4366/4475] ACTION //out/rk3568/build_configs/usb/usb_manager:usb_manager(//build/toolchain/ohos:ohos_clang_arm)
[OHOS INFO] [NINJA] [4367/4475] STAMP obj/out/rk3568/build_configs/usb/usb_manager/usb_manager.stamp
[OHOS INFO] [NINJA] [4368/4475] ACTION //foundation/communication/bluetooth/bluetooth_ui:bluetooth_hap__js_assets(//build/toolchain/ohos:ohos_clang_arm)
[OHOS INFO] [NINJA] [4369/4472] STAMP obj/out/rk3568/build_configs/communication/bluetooth/bluetooth_info.stamp
[OHOS INFO] [NINJA] [4370/4472] ACTION //out/rk3568/build_configs/communication/bluetooth:bluetooth(//build/toolchain/ohos:ohos_clang_arm)
[OHOS INFO] [NINJA] [4371/4472] STAMP obj/out/rk3568/build_configs/communication/bluetooth/bluetooth.stamp
[OHOS INFO] [NINJA] [4372/4472] ACTION //commonlibrary/ets_utils/base_sdk:base_transfer(//build/toolchain/ohos:ohos_clang_arm)
[OHOS INFO] [NINJA] [4373/4472] STAMP obj/commonlibrary/ets_utils/base_sdk/base_transfer.stamp
[OHOS INFO] [NINJA] [4374/4472] COPY obj/commonlibrary/ets_utils/base_sdk/base_transfer.abc obj/commonlibrary/ets_utils/base_sdk/out/rk3568/obj/commonlibrary/ets_utils/base_sdk/base_transfer.abc
[OHOS INFO] [NINJA] [4375/4472] STAMP obj/commonlibrary/ets_utils/base_sdk/base_transfer_ets.stamp
[OHOS INFO] [NINJA] [4376/4472] STAMP obj/out/rk3568/build_configs/commonlibrary/ets_utils/ets_utils_info.stamp
[OHOS INFO] [NINJA] [4377/4472] ACTION //out/rk3568/build_configs/commonlibrary/ets_utils:ets_utils(//build/toolchain/ohos:ohos_clang_arm)
[OHOS INFO] [NINJA] [4378/4472] STAMP obj/out/rk3568/build_configs/commonlibrary/ets_utils/ets_utils.stamp
[OHOS INFO] [NINJA] [4379/4472] ACTION //foundation/distributedhardware/device_manager/display/entry:DeviceManager_UI__js_assets(//build/toolchain/ohos:ohos_clang_arm)
[OHOS INFO] [NINJA] [4380/4468] STAMP obj/out/rk3568/build_configs/distributedhardware/device_manager/device_manager_info.stamp
[OHOS INFO] [NINJA] [4381/4468] ACTION //out/rk3568/build_configs/distributedhardware/device_manager:device_manager(//build/toolchain/ohos:ohos_clang_arm)
[OHOS INFO] [NINJA] [4382/4468] STAMP obj/out/rk3568/build_configs/distributedhardware/device_manager/device_manager.stamp
[OHOS INFO] [NINJA] [4383/4468] SOLINK customization/enterprise_device_management/libsys_service_plugin.z.so
[OHOS INFO] [NINJA] [4384/4468] STAMP obj/out/rk3568/build_configs/customization/enterprise_device_management/enterprise_device_management_info.stamp
[OHOS INFO] [NINJA] [4385/4468] ACTION //out/rk3568/build_configs/customization/enterprise_device_management:enterprise_device_management(//build/toolchain/ohos:ohos_clang_arm)
[OHOS INFO] [NINJA] [4386/4468] STAMP obj/out/rk3568/build_configs/customization/enterprise_device_management/enterprise_device_management.stamp
[OHOS INFO] [NINJA] [4387/4468] ACTION //applications/standard/auth_widget:auth_widget__js_assets(//build/toolchain/ohos:ohos_clang_arm)
[OHOS INFO] [NINJA] [4388/4462] SOLINK multimedia/av_session/libavsession_napi.z.so
[OHOS INFO] [NINJA] [4389/4462] STAMP obj/out/rk3568/build_configs/multimedia/av_session/av_session_info.stamp
[OHOS INFO] [NINJA] [4390/4462] ACTION //out/rk3568/build_configs/multimedia/av_session:av_session(//build/toolchain/ohos:ohos_clang_arm)
[OHOS INFO] [NINJA] [4391/4462] STAMP obj/out/rk3568/build_configs/multimedia/av_session/av_session.stamp
[OHOS INFO] [NINJA] [4392/4462] ACTION //foundation/arkui/ace_engine/frameworks/bridge/arkts_frontend/koala_projects/arkoala-arkts:components_compile_abc(//build/toolchain/ohos:ohos_clang_arm)
[OHOS INFO] [NINJA] [4393/4462] STAMP obj/foundation/arkui/ace_engine/frameworks/bridge/arkts_frontend/koala_projects/arkoala-arkts/components_compile_abc.stamp
[OHOS INFO] [NINJA] [4394/4462] COPY obj/foundation/arkui/ace_engine/frameworks/bridge/arkts_frontend/koala_projects/arkoala-arkts/components_compile_abc/modules_static.abc obj/foundation/arkui/ace_engine/frameworks/bridge/arkts_frontend/koala_projects/arkoala-arkts/components.abc
[OHOS INFO] [NINJA] [4395/4462] STAMP obj/foundation/arkui/ace_engine/frameworks/bridge/arkts_frontend/koala_projects/arkoala-arkts/components_abc.stamp
[OHOS INFO] [NINJA] [4396/4462] ACTION //foundation/arkui/ace_engine/frameworks/bridge/arkts_frontend:arkoala_abc(//build/toolchain/ohos:ohos_clang_arm)
[OHOS INFO] [NINJA] [4397/4462] STAMP obj/foundation/arkui/ace_engine/frameworks/bridge/arkts_frontend/arkoala_abc.stamp
[OHOS INFO] [NINJA] [4398/4462] COPY obj/foundation/arkui/ace_engine/frameworks/bridge/arkts_frontend/arkoala.abc obj/foundation/arkui/ace_engine/frameworks/bridge/arkts_frontend/out/rk3568/obj/foundation/arkui/ace_engine/frameworks/bridge/arkts_frontend/arkoala.abc
[OHOS INFO] [NINJA] [4399/4462] STAMP obj/foundation/arkui/ace_engine/frameworks/bridge/arkts_frontend/arkoala_abc_prebuild.stamp
[OHOS INFO] [NINJA] [4400/4462] STAMP obj/foundation/arkui/ace_engine/adapter/ohos/build/ace_packages.stamp
[OHOS INFO] [NINJA] [4401/4462] STAMP obj/out/rk3568/build_configs/arkui/ace_engine/ace_engine_info.stamp
[OHOS INFO] [NINJA] [4402/4462] ACTION //out/rk3568/build_configs/arkui/ace_engine:ace_engine(//build/toolchain/ohos:ohos_clang_arm)
[OHOS INFO] [NINJA] [4403/4462] STAMP obj/out/rk3568/build_configs/arkui/ace_engine/ace_engine.stamp
[OHOS INFO] [NINJA] [4404/4462] STAMP obj/build/ohos/common/generate_src_installed_info.stamp
[OHOS INFO] [NINJA] [4405/4462] STAMP obj/build/ohos/common/generate_host_info.stamp
[OHOS INFO] [NINJA] [4406/4462] STAMP obj/build/ohos/sa_profile/generated_src_sa_profile.stamp
[OHOS INFO] [NINJA] [4407/4462] ACTION //build/ohos/packages:generate_host_symlink(//build/toolchain/ohos:ohos_clang_arm)
[OHOS INFO] [NINJA] [4408/4462] STAMP obj/build/ohos/packages/generate_host_symlink.stamp
[OHOS INFO] [NINJA] [4409/4462] ACTION //build/ohos/common:gen_binary_installed_info(//build/toolchain/ohos:ohos_clang_arm)
[OHOS INFO] [NINJA] [4410/4462] STAMP obj/build/ohos/common/gen_binary_installed_info.stamp
[OHOS INFO] [NINJA] [4411/4462] ACTION //build/ohos/sa_profile:src_sa_infos_process(//build/toolchain/ohos:ohos_clang_arm)
[OHOS INFO] [NINJA] [4412/4462] STAMP obj/build/ohos/sa_profile/src_sa_infos_process.stamp
[OHOS INFO] [NINJA] [4413/4462] ACTION //build/ohos/common:merge_all_parts(//build/toolchain/ohos:ohos_clang_arm)
[OHOS INFO] [NINJA] [4414/4462] STAMP obj/build/ohos/common/merge_all_parts.stamp
[OHOS INFO] [NINJA] [4415/4462] ACTION //build/ohos/packages:phone_parts_list(//build/toolchain/ohos:ohos_clang_arm)
[OHOS INFO] [NINJA] [4416/4462] STAMP obj/build/ohos/packages/phone_parts_list.stamp
[OHOS INFO] [NINJA] [4417/4462] ACTION //build/ohos/packages:sa_profile_src_phone(//build/toolchain/ohos:ohos_clang_arm)
[OHOS INFO] [NINJA] [4418/4462] STAMP obj/build/ohos/packages/sa_profile_src_phone.stamp
[OHOS INFO] [NINJA] [4419/4462] ACTION //build/ohos/packages:sa_profile_binary_phone(//build/toolchain/ohos:ohos_clang_arm)
[OHOS INFO] [NINJA] [4420/4462] STAMP obj/build/ohos/packages/sa_profile_binary_phone.stamp
[OHOS INFO] [NINJA] [4421/4462] ACTION //build/ohos/packages:phone_sa_profile_install_info(//build/toolchain/ohos:ohos_clang_arm)
[OHOS INFO] [NINJA] [4422/4462] STAMP obj/build/ohos/packages/phone_sa_profile_install_info.stamp
[OHOS INFO] [NINJA] [4423/4462] ACTION //build/ohos/packages:gen_required_modules_phone(//build/toolchain/ohos:ohos_clang_arm)
[OHOS INFO] [NINJA] [4424/4462] STAMP obj/build/ohos/packages/gen_required_modules_phone.stamp
[OHOS INFO] [NINJA] [4425/4462] ACTION //build/ohos/packages:phone_hisysevent_install_info(//build/toolchain/ohos:ohos_clang_arm)
[OHOS INFO] [NINJA] [4426/4462] STAMP obj/build/ohos/packages/phone_hisysevent_install_info.stamp
[OHOS INFO] [NINJA] [4427/4462] ACTION //build/ohos/packages:collect_notice_files__phone(//build/toolchain/ohos:ohos_clang_arm)
[OHOS INFO] [NINJA] [4428/4462] STAMP obj/build/ohos/packages/collect_notice_files__phone.stamp
[OHOS INFO] [NINJA] [4429/4462] ACTION //build/ohos/packages:merge_system_notice_file_phone(//build/toolchain/ohos:ohos_clang_arm)
[OHOS INFO] [NINJA] [4430/4459] ACTION //build/ohos/packages:phone_install_modules(//build/toolchain/ohos:ohos_clang_arm)
[OHOS INFO] [NINJA] [4431/4459] STAMP obj/build/ohos/packages/phone_install_modules.stamp
[OHOS INFO] [NINJA] [4432/4459] STAMP obj/build/ohos/packages/make_packages.stamp
[OHOS INFO] [NINJA] [4433/4459] STAMP obj/build/core/gn/packages.stamp
[OHOS INFO] [NINJA] [4434/4459] ACTION //build/ohos/packages:process_field_validate(//build/toolchain/ohos:ohos_clang_arm)
[OHOS INFO] [NINJA] [4435/4458] ACTION //build/ohos/packages:check_seccomp_filter_name(//build/toolchain/ohos:ohos_clang_arm)
[OHOS INFO] [NINJA] [4436/4457] ACTION //build/ohos/images:phone_eng_chipset_image(//build/toolchain/ohos:ohos_clang_arm)
[OHOS INFO] [NINJA] [4437/4456] ACTION //build/ohos/images:phone_chip_prod_image(//build/toolchain/ohos:ohos_clang_arm)
[OHOS INFO] [NINJA] [4438/4456] ACTION //build/ohos/images:phone_sys_prod_image(//build/toolchain/ohos:ohos_clang_arm)
[OHOS INFO] [NINJA] [4439/4456] ACTION //build/ohos/images:phone_eng_system_image(//build/toolchain/ohos:ohos_clang_arm)
[OHOS INFO] [NINJA] [4440/4456] STAMP obj/build/ohos/images/phone_chip_prod_image.stamp
[OHOS INFO] [NINJA] [4441/4456] STAMP obj/build/ohos/images/phone_sys_prod_image.stamp
[OHOS INFO] [NINJA] [4442/4456] STAMP obj/build/ohos/images/phone_eng_system_image.stamp
[OHOS INFO] [NINJA] [4443/4456] STAMP obj/build/ohos/images/chip_prod_image.stamp
[OHOS INFO] [NINJA] [4444/4456] ACTION //build/ohos/images:phone_userdata_image(//build/toolchain/ohos:ohos_clang_arm)
[OHOS INFO] [NINJA] [4445/4456] STAMP obj/build/ohos/images/phone_userdata_image.stamp
[OHOS INFO] [NINJA] [4446/4456] ACTION //build/ohos/images:phone_vendor_image(//build/toolchain/ohos:ohos_clang_arm)
[OHOS INFO] [NINJA] [4447/4456] STAMP obj/build/ohos/images/phone_vendor_image.stamp
[OHOS INFO] [NINJA] [4448/4456] ACTION //build/ohos/images:phone_ramdisk_image(//build/toolchain/ohos:ohos_clang_arm)
[OHOS INFO] [NINJA] [4449/4455] ACTION //build/ohos/images:phone_updater_ramdisk_image(//build/toolchain/ohos:ohos_clang_arm)
[OHOS INFO] [NINJA] [4450/4454] ACTION //build/ohos/images:phone_system_image(//build/toolchain/ohos:ohos_clang_arm)
[OHOS INFO] [NINJA] [4451/4454] STAMP obj/build/ohos/images/phone_system_image.stamp
[OHOS INFO] [NINJA] [4452/4454] STAMP obj/build/ohos/images/make_images.stamp
[OHOS INFO] [NINJA] [4453/4454] STAMP obj/build/core/gn/images.stamp
[OHOS INFO] [NINJA] [4454/4454] STAMP obj/build/core/gn/make_all.stamp
[OHOS INFO]  The run time for _ninja is 225.99 s
[OHOS INFO] [POSTBUILD] ccache_dir = /root/.ccache, ccache_exec = /usr/bin/ccache
[OHOS INFO] [POSTBUILD] --------------------------------------------
[OHOS INFO] [POSTBUILD] ccache summary:
[OHOS INFO] [POSTBUILD] ccache version: 4.5.1
[OHOS INFO] [POSTBUILD] cache hit (direct): 46
[OHOS INFO] [POSTBUILD] cache hit (preprocessed): 0
[OHOS INFO] [POSTBUILD] cache miss: 0
[OHOS INFO] [POSTBUILD] hit rate: 100.00% 
[OHOS INFO] [POSTBUILD] miss rate: 0.00% 
[OHOS INFO] [POSTBUILD] Cache size (GB): 13.21 / 100.00 (13.21 %)
[OHOS INFO] [POSTBUILD] ---------------------------------------------
[OHOS INFO] [POSTBUILD] unrecognized ninja log format, we need # ninja log v5
[OHOS INFO] [POSTBUILD] 
[OHOS INFO] [POSTBUILD] c targets overlap rate statistics
[OHOS INFO] [POSTBUILD] subsystem       	files NO.	percentage	builds NO.	percentage	overlap rate
[OHOS INFO] [POSTBUILD] thirdparty      	   11533	21.5%	   14931	25.8%	1.29
[OHOS INFO] [POSTBUILD] arkcompiler     	    3967	7.4%	    4663	8.0%	1.18
[OHOS INFO] [POSTBUILD] updater         	     375	0.7%	     401	0.7%	1.07
[OHOS INFO] [POSTBUILD] ability         	    2176	4.1%	    2323	4.0%	1.07
[OHOS INFO] [POSTBUILD] developtools    	     608	1.1%	     640	1.1%	1.05
[OHOS INFO] [POSTBUILD] commonlibrary   	     218	0.4%	     222	0.4%	1.02
[OHOS INFO] [POSTBUILD] hiviewdfx       	    1138	2.1%	    1152	2.0%	1.01
[OHOS INFO] [POSTBUILD] arkui           	    5139	9.6%	    5165	8.9%	1.01
[OHOS INFO] [POSTBUILD] accesscontrol   	      34	0.1%	      34	0.1%	1.00
[OHOS INFO] [POSTBUILD] account         	     271	0.5%	     271	0.5%	1.00
[OHOS INFO] [POSTBUILD] advertising     	      49	0.1%	      49	0.1%	1.00
[OHOS INFO] [POSTBUILD] ai              	     248	0.5%	     248	0.4%	1.00
[OHOS INFO] [POSTBUILD] applications    	     130	0.2%	     130	0.2%	1.00
[OHOS INFO] [POSTBUILD] barrierfree     	     154	0.3%	     154	0.3%	1.00
[OHOS INFO] [POSTBUILD] bundlemanager   	     601	1.1%	     601	1.0%	1.00
[OHOS INFO] [POSTBUILD] castplus        	     212	0.4%	     212	0.4%	1.00
[OHOS INFO] [POSTBUILD] communication   	    2497	4.7%	    2497	4.3%	1.00
[OHOS INFO] [POSTBUILD] customization   	     460	0.9%	     460	0.8%	1.00
[OHOS INFO] [POSTBUILD] deviceprofile   	      90	0.2%	      90	0.2%	1.00
[OHOS INFO] [POSTBUILD] distributeddatamgr	    1366	2.5%	    1366	2.4%	1.00
[OHOS INFO] [POSTBUILD] distributedhardware	     803	1.5%	     803	1.4%	1.00
[OHOS INFO] [POSTBUILD] filemanagement  	    1060	2.0%	    1060	1.8%	1.00
[OHOS INFO] [POSTBUILD] game            	      63	0.1%	      63	0.1%	1.00
[OHOS INFO] [POSTBUILD] global          	     231	0.4%	     231	0.4%	1.00
[OHOS INFO] [POSTBUILD] graphic         	    2151	4.0%	    2151	3.7%	1.00
[OHOS INFO] [POSTBUILD] hdf             	    1501	2.8%	    1501	2.6%	1.00
[OHOS INFO] [POSTBUILD] inputmethod     	     235	0.4%	     235	0.4%	1.00
[OHOS INFO] [POSTBUILD] location        	     243	0.5%	     243	0.4%	1.00
[OHOS INFO] [POSTBUILD] msdp            	     199	0.4%	     199	0.3%	1.00
[OHOS INFO] [POSTBUILD] multimedia      	    4482	8.4%	    4482	7.7%	1.00
[OHOS INFO] [POSTBUILD] multimodalinput 	     335	0.6%	     335	0.6%	1.00
[OHOS INFO] [POSTBUILD] notification    	     597	1.1%	     597	1.0%	1.00
[OHOS INFO] [POSTBUILD] officeservice   	      55	0.1%	      55	0.1%	1.00
[OHOS INFO] [POSTBUILD] ostest          	      56	0.1%	      56	0.1%	1.00
[OHOS INFO] [POSTBUILD] powermgr        	     297	0.6%	     297	0.5%	1.00
[OHOS INFO] [POSTBUILD] print           	     200	0.4%	     200	0.3%	1.00
[OHOS INFO] [POSTBUILD] request         	     105	0.2%	     105	0.2%	1.00
[OHOS INFO] [POSTBUILD] resourceschedule	     598	1.1%	     598	1.0%	1.00
[OHOS INFO] [POSTBUILD] security        	    1434	2.7%	    1434	2.5%	1.00
[OHOS INFO] [POSTBUILD] sensors         	     135	0.3%	     135	0.2%	1.00
[OHOS INFO] [POSTBUILD] startup         	     342	0.6%	     342	0.6%	1.00
[OHOS INFO] [POSTBUILD] systemabilitymgr	     122	0.2%	     122	0.2%	1.00
[OHOS INFO] [POSTBUILD] tee             	      37	0.1%	      37	0.1%	1.00
[OHOS INFO] [POSTBUILD] telephony       	     636	1.2%	     636	1.1%	1.00
[OHOS INFO] [POSTBUILD] test            	     160	0.3%	     160	0.3%	1.00
[OHOS INFO] [POSTBUILD] testfwk         	      65	0.1%	      65	0.1%	1.00
[OHOS INFO] [POSTBUILD] theme           	      80	0.1%	      80	0.1%	1.00
[OHOS INFO] [POSTBUILD] time            	      59	0.1%	      59	0.1%	1.00
[OHOS INFO] [POSTBUILD] usb             	      52	0.1%	      52	0.1%	1.00
[OHOS INFO] [POSTBUILD] useriam         	     419	0.8%	     419	0.7%	1.00
[OHOS INFO] [POSTBUILD] web             	     855	1.6%	     855	1.5%	1.00
[OHOS INFO] [POSTBUILD] window          	     549	1.0%	     549	0.9%	1.00
[OHOS INFO] [POSTBUILD] xts             	      39	0.1%	      39	0.1%	1.00
[OHOS INFO] [POSTBUILD] 
[OHOS INFO] [POSTBUILD] c overall build overlap rate: 1.08
[OHOS INFO] [POSTBUILD] 
[OHOS INFO] [POSTBUILD] 
Scanning 3327 ELF files now ...
Build dependence tree for 3327 ELF files now ...
Warning: can not find depended library [libadlt_app.so] for hiperf
Warning: can not find depended library [libarktsplugin.z.so] for hiprofiler_plugins
Warning: can not find depended library [libhiebpfplugin.z.so] for hiprofiler_plugins
Warning: can not find depended library [libaccount_posix_adapter.z.so] for toybox
Warning: can not find depended library [libgpu_reclaim.so] for init
Warning: can not find depended library [libchrome_crashpad_handler.so] for arkweb_crashpad_handler
Warning: can not find depended library [libsecurity_component_client_enhance.z.so] for libsecurity_component_common.z.so
Warning: can not find depended library [libsecurity_component_service_enhance.z.so] for libsecurity_component_common.z.so
Warning: can not find depended library [libedmplugin.z.so] for libedmservice.z.so
Warning: can not find depended library [libavsession_migration.z.so] for libavsession_service.z.so
Warning: can not find depended library [libcameraextend_service.z.so] for libcamera_napi_base.z.so
Warning: can not find depended library [libsuspend_manager_service.z.so] for libresschedexesvc.z.so
Warning: can not find depended library [libble_scan_filter.z.so] for libbtservice.z.so
Warning: can not find depended library [libarkweb_engine.so] for libohos_adapter_glue_source.z.so
Warning: can not find depended library [libcameraextend_service.z.so] for libaccessibleBlinking.z.so
Warning: can not find depended library [libvideoprocessingengineservice_ext.z.so] for libvideoprocessingserviceimpl.z.so
Warning: can not find depended library [libarkweb_engine.so] for libarkweb_core_loader_glue.z.so
Warning: can not find depended library [libVkLayer_Trace3DCapture.so] for libVkLayer_Trace3D.so
Warning: can not find depended library [libmemleak_tracker.so] for ld-musl-arm.so.1
Warning: can not find depended library [libliveview.z.so] for libans_base.z.so
Warning: can not find depended library [libnotification_voice.z.so] for libans_base.z.so
Warning: can not find depended library [libprocess_utility_ex.z.so] for libadft.z.so
Warning: can not find depended library [libhevcdec_ohos.z.so] for libhevc_decoder.z.so
Warning: can not find depended library [libmodule-effect-sink.z.so] for libaudio_policy_service.z.so
Warning: can not find depended library [libmodule-receiver-sink.z.so] for libaudio_policy_service.z.so
Warning: can not find depended library [libmodule-cluster-sink.z.so] for libaudio_policy_service.z.so
Warning: can not find depended library [libmodule-inner-capturer-sink.z.so] for libaudio_policy_service.z.so
Warning: can not find depended library [libmodule-split-stream-sink.z.so] for libaudio_policy_service.z.so
Warning: can not find depended library [libmodule-hdi-sink.z.so] for libaudio_policy_service.z.so
Warning: can not find depended library [libmodule-pipe-sink.z.so] for libaudio_policy_service.z.so
Warning: can not find depended library [libmodule-hdi-source.z.so] for libaudio_policy_service.z.so
Warning: can not find depended library [libmodule-pipe-source.z.so] for libaudio_policy_service.z.so
Warning: can not find depended library [libmodule-inner-capturer-sink.z.so] for libhpae_engine_manager.z.so
Warning: can not find depended library [libmodule-split-stream-sink.z.so] for libhpae_engine_manager.z.so
Warning: can not find depended library [libmodule-hdi-source.z.so] for libhpae_engine_manager.z.so
Warning: can not find depended library [libcameraextend_service.z.so] for libdistributed_camera_client.z.so
Warning: can not find depended library [libspatial_awareness_client.z.so] for libspatialawareness_ani.z.so
Warning: can not find depended library [libdistributed_screen_dbg_itf.z.so] for libdistributed_screen_sourcetrans.z.so
Warning: can not find depended library [libyuv.z.so] for libdistributed_camera_utils.z.so
Warning: can not find depended library [libtheme_manager_client.z.so] for libaccountmgr.z.so
Warning: can not find depended library [librecovery_key_service_client.z.so] for libaccountmgr.z.so
Warning: can not find depended library [libactivation_lock_sdk.z.so] for libaccountmgr.z.so
Warning: can not find depended library [libdomain_account_plugin.z.so] for libaccountmgr.z.so
Warning: can not find depended library [libsuspend_manager_service.z.so] for libstandby_utils_policy.z.so
Warning: can not find depended library [libinfrared_emitter_adapter.z.so] for libmmi-server.z.so
Warning: can not find depended library [libedm_customize.z.so] for libmmi-server.z.so
Warning: can not find depended library [libcfwk_allconnect_client.z.so] for libdistributed_camera_channel.z.so
Warning: can not find depended library [libdevicemanagerriskdetect.z.so] for libdevicemanagerservicetest.z.so
Warning: can not find depended library [libdevicemanagerresident.z.so] for libdevicemanagerservicetest.z.so
Warning: can not find depended library [libbackup_ext_interface.z.so] for libbackup_sa.z.so
Warning: can not find depended library [libdevice_auth_ext.z.so] for libdeviceauth_service.z.so
Warning: can not find depended library [libcameraextend_service.z.so] for libmovie_file.z.so
Warning: can not find depended library [libtelephony_ext_service.z.so] for libtel_cellular_call.z.so
Warning: can not find depended library [libtel_vsim_symbol.z.so] for libtel_cellular_data.z.so
Warning: can not find depended library [libtelephony_ext_service.z.so] for libtel_cellular_data.z.so
Warning: can not find depended library [libtel_dynamic_load_service.z.so] for libtel_cellular_data.z.so
Warning: can not find depended library [libtel_vsim_symbol.z.so] for libtel_core_service.z.so
Warning: can not find depended library [libtelephony_ext_service.z.so] for libtel_core_service.z.so
Warning: can not find depended library [libtel_dynamic_load_service.z.so] for libtel_core_service.z.so
Warning: can not find depended library [libwifi_self_cure.z.so] for libwifi_manager_service.z.so
Warning: can not find depended library [libwifi_scan_service.z.so] for libwifi_manager_service.z.so
Warning: can not find depended library [libwifi_aware_service.z.so] for libwifi_manager_service.z.so
Warning: can not find depended library [libwifi_sta_service.z.so] for libwifi_manager_service.z.so
Warning: can not find depended library [libwifi_enhance_interface.z.so] for libwifi_manager_service.z.so
Warning: can not find depended library [libdistributed_call_client.z.so] for libtel_call_manager.z.so
Warning: can not find depended library [libtelephony_ext_innerkits.z.so] for libtel_call_manager.z.so
Warning: can not find depended library [libdia_sdk.z.so] for libtel_call_manager.z.so
Warning: can not find depended library [libtelephony_cust_api.z.so] for libtel_call_manager.z.so
Warning: can not find depended library [libtelephony_ext_service.z.so] for libtel_call_manager.z.so
Warning: can not find depended library [libanti_fraud_service_client.so] for libtel_call_manager.z.so
Warning: can not find depended library [libcameraextend_service.z.so] for libcamera_service.z.so
Warning: can not find depended library [libhuks_ext.z.so] for libhuks_service.z.so
Warning: can not find depended library [libresource_quota_manager.z.so] for libbgtaskmgr_service.z.so
Warning: can not find depended library [libcameraextend_service.z.so] for libdistributed_camera_source.z.so
Warning: can not find depended library [libdm_auth_cert.z.so] for libdevicemanagerserviceimpl.z.so
Warning: can not find depended library [libdevicemanagerext_decision.z.so] for libdevicemanagerserviceimpl.z.so
Warning: can not find depended library [libcgroup_sched_ext.z.so] for libcgroup_sched.z.so
Warning: can not find depended library [libcameraextend_service.z.so] for libcamera_dynamic_moving_photo.z.so
Warning: can not find depended library [libvideo_mv_analyzer.z.so] for libav_codec_service.z.so
Warning: can not find depended library [libvideo_nalu_analyzer.z.so] for libav_codec_service.z.so
Warning: can not find depended library [libcameraextend_service.z.so] for libdistributed_camera_handler.z.so
Warning: can not find depended library [libcameraextend_service.z.so] for libcamera_utils.z.so
Warning: can not find depended library [libchipset_vsync.z.so] for librender_service.z.so
Warning: can not find depended library [libprevalidate_client.z.so] for librender_service.z.so
Warning: can not find depended library [libans_ext.z.so] for libans.z.so
Warning: can not find depended library [libtelephony_cust_api.z.so] for libans.z.so
Warning: can not find depended library [libnotification_ai.z.so] for libans.z.so
Warning: can not find depended library [libuser_status_client.z.so] for libbms.z.so
Warning: can not find depended library [libtelephony_ext_service.z.so] for libtel_sms_mms.z.so
Warning: can not find depended library [libcfwk_allconnect_client.z.so] for libdistributedfiledaemon.z.so
Warning: can not find depended library [libaps_client.z.so] for libvulkan_swapchain.so
Warning: can not find depended library [libgameservice_graphic_plugin.z.so] for libvulkan_swapchain.so
Warning: can not find depended library [libcgroup_sched_ext.z.so] for libresschedsvc.z.so
Warning: can not find depended library [libapp_preload_plugin.z.so] for libresschedsvc.z.so
Warning: can not find depended library [libsuspend_manager_service.z.so] for libresschedsvc.z.so
Warning: can not find depended library [libipc_core.z.so] for libbdfr_base.z.so
Warning: can not find depended library [libart.so] for libbdfr_base.z.so
Warning: can not find depended library [libc_fdleak_debug.so] for libbdfr_base.z.so
Warning: can not find depended library [libcameraextend_service.z.so] for libmechbody_service.z.so
Warning: can not find depended library [libsecurity_component_client_enhance.z.so] for libsecurity_component_sdk.z.so
Warning: can not find depended library [libsecurity_component_service_enhance.z.so] for libsecurity_component_sdk.z.so
Warning: can not find depended library [libtask_controller.z.so] for libconcurrentsvc.z.so
Warning: can not find depended library [libliveview.z.so] for libdans.z.so
Warning: can not find depended library [libai_nlu_innerapi.z.so] for libpasteboard_service.z.so
Warning: can not find depended library [libabnormal_mgr.z.so] for libmedialibrary_data_extension.z.so
Warning: can not find depended library [libarkdata_db_core.z.so] for libmedialibrary_data_extension.z.so
Warning: can not find depended library [libcameraextend_service.z.so] for libmedialibrary_data_extension.z.so
Warning: can not find depended library [libfile_monitor_ipc_interface.z.so] for libmedialibrary_data_extension.z.so
Warning: can not find depended library [libarkweb_engine.so] for libmedialibrary_data_extension.z.so
Warning: can not find depended library [libcameraextend_service.z.so] for libcamera_napi_ex.z.so
Warning: can not find depended library [libdevicemanagerresident.z.so] for libdevicemanagerservice.z.so
Warning: can not find depended library [libdevicemanagerriskdetect.z.so] for libdevicemanagerservice.z.so
Warning: can not find depended library [libvideoprocessingengine_ext.z.so] for libvideoprocessingengine.z.so
Warning: can not find depended library [libGLES_mali.so] for libvideoprocessingengine.z.so
Warning: can not find depended library [libdistributedmodem_ext.z.so] for libdistributedhardwarefwksvr.z.so
Warning: can not find depended library [libdwarf.so] for libets_sdk_native.so
Warning: can not find depended library [libcameraextend_service.z.so] for libdeferred_processing_service.z.so
Warning: can not find depended library [libams_broker_ext.z.so] for libupms.z.so
Warning: can not find depended library [libcameraextend_service.z.so] for libdistributed_camera_sink.z.so
Warning: can not find depended library [libtel_ext_symbol.z.so] for libtel_state_registry.z.so
Warning: can not find depended library [libha_client_lite.z.so] for libavsession_item.z.so
Warning: can not find depended library [libuser_status_client.z.so] for libaccessibleabilityms.z.so
Warning: can not find depended library [libdwarf.so] for libarktsbase.so
Warning: can not find depended library [libpower_manager_ext.z.so] for libpowermgrservice.z.so
Warning: can not find depended library [libcameraextend_service.z.so] for libmedia_stream.z.so
Warning: can not find depended library [libaam_connection_inner_client.z.so] for libintelligentvoice_engine.z.so
Warning: can not find depended library [libswing_client.z.so] for libintelligentvoice_engine.z.so
Warning: can not find depended library [libavcenc_ohos.z.so] for libavc_encoder.z.so
Warning: can not find depended library [libcameraextend_service.z.so] for libtel_cm_deps_adapter.z.so
Warning: can not find depended library [libdeviceprofileadapter.z.so] for libdistributed_device_profile_svr.z.so
Warning: can not find depended library [libvideo_dragging_player.z.so] for libmedia_engine_histreamer.z.so
Warning: can not find depended library [libav_codec_reference_parser.z.so] for libmedia_plugin_Mpeg4Demuxer.z.so
Warning: can not find depended library [libav_codec_vvc_parser.z.so] for libmedia_plugin_Mpeg4Demuxer.z.so
Warning: can not find depended library [libav_codec_hevc_parser.z.so] for libmedia_plugin_Mpeg4Demuxer.z.so
Warning: can not find depended library [libav_codec_hevc_parser.z.so] for libmedia_plugin_FFmpegMuxer.z.so
Warning: can not find depended library [libav_codec_reference_parser.z.so] for libmedia_plugin_FFmpegDemuxer.z.so
Warning: can not find depended library [libav_codec_vvc_parser.z.so] for libmedia_plugin_FFmpegDemuxer.z.so
Warning: can not find depended library [libav_codec_hevc_parser.z.so] for libmedia_plugin_FFmpegDemuxer.z.so
Warning: can not find depended library [libav_codec_hevc_parser.z.so] for libmedia_plugin_Mpeg4Muxer.z.so
Warning: can not find depended library [libarkweb_render.so] for libappspawn_nweb.z.so
Warning: can not find depended library [libarkweb_engine.so] for libappspawn_nweb.z.so
Warning: can not find depended library [libhvgr.so] for libPluginAGPRender.z.so
Warning: can not find depended library [libcameraextend_service.z.so] for libohcamera.so
Warning: can not find depended library [libhispeed_compress.so] for liboharchive.so
Warning: can not find depended library [libgewu_client.z.so] for libqos.so
Warning: can not find depended library [libmindspore-lite-turbo.so] for libmindspore_lite_ndk.so
Warning: can not find depended library [libAudioVividMetaBuilder.z.so] for libnative_media_core.so
Warning: can not find depended library [lib_cpuboost.so] for libffrt.so
Warning: can not find depended library [libneural_network_runtime_ext.so] for libneural_network_core.so
Warning: can not find depended library [libdllite_service_client.z.so] for libneural_network_core.so
Warning: can not find depended library [libapp_nap_client.z.so] for libbackground_process_manager.z.so
Warning: can not find depended library [libpartner_agent_extension_ani.z.so] for libpartner_agent_extension_module.z.so
Warning: can not find depended library [libhmos_distribute.z.so] for libinsightintentdriver_napi.z.so
Warning: can not find depended library [libcameraextend_service.z.so] for libcamera_napi.z.so
Warning: can not find depended library [libcameraextend_service.z.so] for libcamerapicker_napi.z.so
Warning: can not find depended library [libuser_status_client.z.so] for libuserstatus_napi.z.so
Warning: can not find depended library [libuser_status_client.z.so] for libmotion_napi.z.so
Warning: can not find depended library [libspatial_awareness_client.z.so] for libspatialawareness_napi.z.so
Warning: can not find depended library [libuser_status_client.z.so] for libunderageModel_so.z.so
Warning: can not find depended library [libcameraextend_service.z.so] for libcamera_picker_taihe.z.so
Warning: can not find depended library [libcameraextend_service.z.so] for libcamera_taihe.z.so
Warning: can not find depended library [libz.so] for libcj_environment.z.so
Warning: can not find depended library [libohosadaptor.so] for libcj_environment.z.so
Warning: can not find depended library [libnative_buffer.so] for libcj_environment.z.so
Warning: can not find depended library [libclang_rt.tsan.so] for libcj_environment.z.so
Warning: can not find depended library [libm.so] for libcj_environment.z.so
Warning: can not find depended library [libdl.so] for libcj_environment.z.so
Warning: can not find depended library [libcangjie-runtime.so] for libcj_environment.z.so
Warning: can not find depended library [libcj_debugger.z.so] for libcj_environment.z.so
Warning: can not find depended library [libarkweb_engine.so] for libarkweb_utils.z.so
Warning: can not find depended library [libz.so] for libace_napi.z.so
Warning: can not find depended library [libohosadaptor.so] for libace_napi.z.so
Warning: can not find depended library [libnative_buffer.so] for libace_napi.z.so
Warning: can not find depended library [libclang_rt.tsan.so] for libace_napi.z.so
Warning: can not find depended library [libclang_rt.hwasan.so] for libace_napi.z.so
Warning: can not find depended library [libm.so] for libace_napi.z.so
Warning: can not find depended library [libdl.so] for libace_napi.z.so
Warning: can not find depended library [libOpenCL.so] for libace_napi.z.so
Warning: can not find depended library [libav_codec_ext_base.z.so] for libav_codec_client.z.so
Warning: can not find depended library [libfast_image.so] for libav_codec_client.z.so
Warning: can not find depended library [libhiretrieval_ext.z.so] for libhiretrieval.z.so
Warning: can not find depended library [libarkdata_db_core.z.so] for libdistributeddb.z.so
Warning: can not find depended library [libdataflow_engine.z.so] for libdistributeddb.z.so
Warning: can not find depended library [libgaussdb_rd.z.so] for libdistributeddb.z.so
Warning: can not find depended library [libapipolicy_client.z.so] for libstack_utils_common.z.so
Warning: can not find depended library [libhianimation_client.z.so] for librender_service_base.z.so
Warning: can not find depended library [libgraphic_innovation.z.so] for librender_service_base.z.so
Warning: can not find depended library [libmhc_client.so] for librender_service_base.z.so
Warning: can not find depended library [libaps_client.z.so] for librender_service_base.z.so
Warning: can not find depended library [libyuv.z.so] for libimage_utils.z.so
Warning: can not find depended library [libimage_codec_ext_native.so] for libimage_utils.z.so
Warning: can not find depended library [libhispeed_image.so] for libimage_utils.z.so
Warning: can not find depended library [libcameraextend_service.z.so] for libnweb_ohos_adapter.z.so
Warning: can not find depended library [libjsvm.so] for libappkit_native.z.so
Warning: can not find depended library [libaps_client.z.so] for libace_compatible.z.so
Warning: can not find depended library [libha_ace_engine.z.so] for libace_compatible.z.so
Warning: can not find depended library [libGLES_mali.so] for libopencl_wrapper.so
Warning: can not find depended library [libhvgr_v200.so] for libopencl_wrapper.so
Warning: can not find depended library [libams_broker_ext.z.so] for libwmutil.z.so
Warning: can not find depended library [libzstd.z.so] for libsqlitecompressvfs.z.so
Warning: can not find depended library [libimage_effect_ext.so] for libimage_effect_impl.so
Warning: can not find depended library [libhmos_pageconfig.z.so] for libpage_config_manager.z.so
Warning: can not find depended library [libdvsync.z.so] for libvsync.z.so
Warning: can not find depended library [libcameraextend_service.z.so] for libcj_camera_ffi.z.so
Warning: can not find depended library [libarkdata_db_core.z.so] for libdistributeddb_client.z.so
Warning: can not find depended library [libace.z.so] for libace_forward_compatibility.z.so
Warning: can not find depended library [libda_register.z.so] for libruntime.z.so
Warning: can not find depended library [libcangjie-runtime.so] for libruntime.z.so
Warning: can not find depended library [libtelephony_ext_innerkits.z.so] for libtel_common.z.so
Warning: can not find depended library [libcameraextend_service.z.so] for libcamera_framework_ex.z.so
Warning: can not find depended library [libarkdata_tokenizer.z.so] for libcustomtokenizer.z.so
Warning: can not find depended library [libyuv.z.so] for libextplugin.z.so
Warning: can not find depended library [libimage_cuva_parser.z.so] for libextplugin.z.so
Warning: can not find depended library [libaps_client.z.so] for libEGL.so
Warning: can not find depended library [libgameservice_graphic_plugin.z.so] for libEGL.so
Warning: can not find depended library [libiGraphicsCore.z.so] for libEGL.so
Warning: can not find depended library [libsquid.so] for libEGL.so
Warning: can not find depended library [libdeobfuscator_lib.z.so] for libmindspore-lite.so
Warning: can not find depended library [libcameraextend_service.z.so] for libcamera_framework.z.so
Warning: can not find depended library [libarkdata_db_core.z.so] for libsqlite.z.so
Warning: can not find depended library [libclang_rt.hwasan.so] for libasan_logger.z.so
Warning: can not find depended library [libclang_rt.hwasan.so] for libark_jsruntime.so
Warning: can not find depended library [libark_jsoptimizer.so] for libark_jsruntime.so
Warning: can not find depended library [libaip_knowledge_processor.z.so] for libnative_rdb.z.so
Warning: can not find depended library [libarkdata_db_core.z.so] for libnative_rdb.z.so
Warning: can not find depended library [libarkweb_engine.so] for libunwinder.z.so
Warning: can not find depended library [libv8_shared.so] for libunwinder.z.so
Warning: can not find depended library [libjsvm.so] for libunwinder.z.so
Warning: can not find depended library [libgame_acc_sched_client.z.so] for libsurface.z.so
Warning: can not find depended library [libdelegator.z.so] for libsurface.z.so
Warning: can not find depended library [libaps_client.z.so] for libsurface.z.so
Warning: can not find depended library [libwifi_hal_hw.z.so] for libchip_controller_chip_interface_service_2.0.z.so
Warning: can not find depended library [libnb_mac.z.so] for libhci_interface_service_1.0.z.so
Warning: can not find depended library [libnearlink_mac.z.so] for libsle_hci_interface_service_1.1.z.so
Warning: can not find depended library [libdisplay_composer_vdi_impl_default.z.so] for libdisplay_composer_service_1.5.z.so
Warning: can not find depended library [libdisplay_buffer_vdi_impl_default.z.so] for liballocator_service_1.0.z.so
Warning: can not find depended library [liboff_find_vendor_common_ext.z.so] for liboff_find_interface_service_1.0.z.so
Warning: can not find depended library [libhdi_product_sensor_impl.z.so] for libsensor_interface_service_3.1.z.so
Warning: can not find depended library [libhdi_motion_impl.z.so] for libmotion_interface_service_1.1.z.so
Warning: can not find depended library [libhdi_product_vibrator_impl.z.so] for libvibrator_interface_service_2.0.z.so
Warning: can not find depended library [libhdi_wlan_impl.z.so] for libwlan_service_extend.z.so
Warning: can not find depended library [libzcodec_vdi_impl.z.so] for libhdi_z_factory_service_1.0.z.so
Warning: can not find depended library [libheif_vdi_impl.z.so] for libcodec_image_service_2.1.z.so
Warning: can not find depended library [libheifdecode_vdi_impl.z.so] for libcodec_image_service_2.1.z.so
Warning: can not find depended library [libomx_audio_codec.z.so] for libcodec_component_manager_service_4.0.z.so
Warning: can not find depended library [libmemorytracker.default.so] for libmemory_tracker_interface_service_1.0.z.so
Warning: can not find depended library [librk_vpuapi.so] for libomxvpu_enc.z.so
Warning: can not find depended library [librk_vpuapi.so] for libomxvpu_dec.z.so
    Got 29972 dependencies
Load compile information now ...
system/lib/ndk/libipc_capi.z.so does not match in module info file
1 modules has no component info
/srv/workspace/openharmony_master_default_20260723175927_huawei_33e607913/code/out/rk3568/packages/phone/vendor/etc/hdfconfig/hdf_default.hcb or /srv/workspace/openharmony_master_default_20260723175927_huawei_33e607913/code/out/rk3568/obj/drivers/hdf_core/framework/tools/hc-gen/hc-gen not exist
Do NO-Depends-On-NAPI rule checking now:
Do NO-Depends-On-SA rule checking now:
[35m[WARNING][0m: sa module libethernet_manager.z.so has no shlib_type="sa", add it in //foundation/communication/netmanager_ext/services/ethernetmanager:ethernet_manager
[35m[WARNING][0m: sa module libnet_conn_manager.z.so has no shlib_type="sa", add it in //foundation/communication/netmanager_base/services/netconnmanager:net_conn_manager
[35m[WARNING][0m: sa module libdistributed_screen_sink.z.so has no shlib_type="sa", add it in //foundation/distributedhardware/distributed_screen/services/screenservice/sinkservice:distributed_screen_sink
[35m[WARNING][0m: sa module libdistributed_screen_source.z.so has no shlib_type="sa", add it in //foundation/distributedhardware/distributed_screen/services/screenservice/sourceservice:distributed_screen_source
[35m[WARNING][0m: sa module libsharing_service.z.so has no shlib_type="sa", add it in //foundation/CastEngine/castengine_wifi_display/services:sharing_service
[35m[WARNING][0m: sa module libecologicalrulemgr_service.z.so has no shlib_type="sa", add it in //foundation/bundlemanager/ecological_rule_manager/services:ecologicalrulemgr_service
[35m[WARNING][0m: sa module libmedia_service.z.so has no shlib_type="sa", add it in //foundation/multimedia/player_framework/services/services:media_service
[35m[WARNING][0m: sa module libdevattest_service.z.so has no shlib_type="sa", add it in //test/xts/device_attest/services/devattest_ability:devattest_service
[35m[WARNING][0m: sa module libnet_policy_manager.z.so has no shlib_type="sa", add it in //foundation/communication/netmanager_base/services/netpolicymanager:net_policy_manager
[35m[WARNING][0m: sa module libfingerprintauthservice.z.so has no shlib_type="sa", add it in //base/useriam/fingerprint_auth/services:fingerprintauthservice
[35m[WARNING][0m: sa module libcert_manager_service.z.so has no shlib_type="sa", add it in //base/security/certificate_manager/services/cert_manager_standard:cert_manager_service
[35m[WARNING][0m: sa module libaudio_policy_service.z.so has no shlib_type="sa", add it in //foundation/multimedia/audio_framework/services/audio_policy:audio_policy_service
[35m[WARNING][0m: sa module libmmi-server.z.so has no shlib_type="sa", add it in //foundation/multimodalinput/input/service:libmmi-server
[35m[WARNING][0m: sa module libthermalservice.z.so has no shlib_type="sa", add it in //base/powermgr/thermal_manager/services:thermalservice
[35m[WARNING][0m: sa module libsg_classify_service.z.so has no shlib_type="sa", add it in //base/security/security_guard/services/risk_classify:sg_classify_service
[35m[WARNING][0m: sa module libsecurity_component_service.z.so has no shlib_type="sa", add it in //base/security/security_component_manager/services/security_component_service/sa:security_component_service
[35m[WARNING][0m: sa module libnet_vpn_manager.z.so has no shlib_type="sa", add it in //foundation/communication/netmanager_ext/services/vpnmanager:net_vpn_manager
[35m[WARNING][0m: sa module libnet_tether_manager.z.so has no shlib_type="sa", add it in //foundation/communication/netmanager_ext/services/networksharemanager:net_tether_manager
[35m[WARNING][0m: sa module libapp_domain_verify_mgr_service.z.so has no shlib_type="sa", add it in //foundation/bundlemanager/app_domain_verify/services:app_domain_verify_mgr_service
[35m[WARNING][0m: sa module libinputmethod_service.z.so has no shlib_type="sa", add it in //base/inputmethod/imf/services:inputmethod_service
[35m[WARNING][0m: sa module libmedia_monitor.z.so has no shlib_type="sa", add it in //foundation/multimedia/media_foundation/services/media_monitor:media_monitor
[35m[WARNING][0m: sa module libdrm_service.z.so has no shlib_type="sa", add it in //foundation/multimedia/drm_framework/services/drm_service:drm_service
[35m[WARNING][0m: sa module libtest_server_service.z.so has no shlib_type="sa", add it in //test/testfwk/arkxtest/testserver/src:test_server_service
[35m[WARNING][0m: sa module libbackup_sa.z.so has no shlib_type="sa", add it in //foundation/filemanagement/app_file_service/services/backup_sa:backup_sa
[35m[WARNING][0m: sa module libdeviceauth_service.z.so has no shlib_type="sa", add it in //base/security/device_auth/services:deviceauth_service
[35m[WARNING][0m: sa module libcontent_embed_service.z.so has no shlib_type="sa", add it in //foundation/officeservice/object_editor/system_ability:content_embed_service
[35m[WARNING][0m: sa module libdlp_permission_service.z.so has no shlib_type="sa", add it in //base/security/dlp_permission_service/services/dlp_permission/sa:dlp_permission_service
[35m[WARNING][0m: sa module libtel_cellular_call.z.so has no shlib_type="sa", add it in //base/telephony/cellular_call:tel_cellular_call
[35m[WARNING][0m: sa module libcadaemon.z.so has no shlib_type="sa", add it in //base/tee/tee_client/services/cadaemon/build/standard:libcadaemon
[35m[WARNING][0m: sa module libtel_cellular_data.z.so has no shlib_type="sa", add it in //base/telephony/cellular_data:tel_cellular_data
[35m[WARNING][0m: sa module libtel_core_service.z.so has no shlib_type="sa", add it in //base/telephony/core_service:tel_core_service
[35m[WARNING][0m: sa module libsecurity_collector_service.z.so has no shlib_type="sa", add it in //base/security/security_guard/services/security_collector:security_collector_service
[35m[WARNING][0m: sa module libbatterystats_service.z.so has no shlib_type="sa", add it in //base/powermgr/battery_statistics/services:batterystats_service
[35m[WARNING][0m: sa module libpinauthservice.z.so has no shlib_type="sa", add it in //base/useriam/pin_auth/services:pinauthservice
[35m[WARNING][0m: sa module libstorage_manager.z.so has no shlib_type="sa", add it in //foundation/filemanagement/storage_service/services/storage_manager:storage_manager
[35m[WARNING][0m: sa module libuiservice.z.so has no shlib_type="sa", add it in //foundation/arkui/ace_engine/adapter/ohos/services/uiservice:uiservice
[35m[WARNING][0m: sa module libtel_call_manager.z.so has no shlib_type="sa", add it in //base/telephony/call_manager:tel_call_manager
[35m[WARNING][0m: sa module libsandbox_manager_service.z.so has no shlib_type="sa", add it in //base/accesscontrol/sandbox_manager/services/sandbox_manager:sandbox_manager_service
[35m[WARNING][0m: sa module libdisk_manager_server.z.so has no shlib_type="sa", add it in //foundation/filemanagement/disk_manager/services/disk_manager:disk_manager_server
[35m[WARNING][0m: sa module libcamera_service.z.so has no shlib_type="sa", add it in //foundation/multimedia/camera_framework/services/camera_service:camera_service
[35m[WARNING][0m: sa module libbatteryservice.z.so has no shlib_type="sa", add it in //base/powermgr/battery_manager/services:batteryservice
[35m[WARNING][0m: sa module libdinput_sink.z.so has no shlib_type="sa", add it in //foundation/distributedhardware/distributed_input/services/sink/sinkmanager:libdinput_sink
[35m[WARNING][0m: sa module libhuks_service.z.so has no shlib_type="sa", add it in //base/security/huks/services/huks_standard:huks_service
[35m[WARNING][0m: sa module libdistributeddataservice.z.so has no shlib_type="sa", add it in //foundation/distributeddatamgr/datamgr_service/services/distributeddataservice/app:distributeddataservice
[35m[WARNING][0m: sa module libdistributed_camera_source.z.so has no shlib_type="sa", add it in //foundation/distributedhardware/distributed_camera/services/cameraservice/sourceservice:distributed_camera_source
[35m[WARNING][0m: sa module liblbsservice_network.z.so has no shlib_type="sa", add it in //base/location/location/services/location_network/network:lbsservice_network
[35m[WARNING][0m: sa module libtime_system_ability.z.so has no shlib_type="sa", add it in //base/time/time_service/services:time_system_ability
[35m[WARNING][0m: sa module libpartner_device_agent_server.z.so has no shlib_type="sa", add it in //foundation/communication/fusion_connectivity/partner_agent/services/server:partner_device_agent_server
[35m[WARNING][0m: sa module libui_appearance_service.z.so has no shlib_type="sa", add it in //foundation/arkui/ui_appearance/services:ui_appearance_service
[35m[WARNING][0m: sa module libav_codec_service.z.so has no shlib_type="sa", add it in //foundation/multimedia/av_codec/services/services:av_codec_service
[35m[WARNING][0m: sa module libdistributed_audio_sink.z.so has no shlib_type="sa", add it in //foundation/distributedhardware/distributed_audio/services/audiomanager/servicesink:distributed_audio_sink
[35m[WARNING][0m: sa module liboaid_service.z.so has no shlib_type="sa", add it in //domains/advertising/oaid/services:oaid_service
[35m[WARNING][0m: sa module libmemmgrservice.z.so has no shlib_type="sa", add it in //foundation/resourceschedule/memmgr/services/memmgrservice:memmgrservice
[35m[WARNING][0m: sa module libnet_stats_manager.z.so has no shlib_type="sa", add it in //foundation/communication/netmanager_base/services/netstatsmanager:net_stats_manager
[35m[WARNING][0m: sa module libsane_service.z.so has no shlib_type="sa", add it in //base/print/print_fwk/services/sane_service:sane_service
[35m[WARNING][0m: sa module libcast_engine_service.z.so has no shlib_type="sa", add it in //foundation/CastEngine/castengine_cast_framework/service:cast_engine_service
[35m[WARNING][0m: sa module libbms.z.so has no shlib_type="sa", add it in //foundation/bundlemanager/bundle_framework/services/bundlemgr:libbms
[35m[WARNING][0m: sa module libasset_service.dylib.so has no shlib_type="sa", add it in //base/security/asset/services/asset/core_service:asset_service
[35m[WARNING][0m: sa module libtel_sms_mms.z.so has no shlib_type="sa", add it in //base/telephony/sms_mms:tel_sms_mms
[35m[WARNING][0m: sa module libdistributedfiledaemon.z.so has no shlib_type="sa", add it in //foundation/filemanagement/dfs_service/services/distributedfiledaemon:libdistributedfiledaemon
[35m[WARNING][0m: sa module libscan_service.z.so has no shlib_type="sa", add it in //base/print/print_fwk/services/scan_service:scan_service
[35m[WARNING][0m: sa module libdistributed_audio_source.z.so has no shlib_type="sa", add it in //foundation/distributedhardware/distributed_audio/services/audiomanager/servicesource:distributed_audio_source
[35m[WARNING][0m: sa module libintell_voice_server.z.so has no shlib_type="sa", add it in //foundation/ai/intelligent_voice_framework/services/intell_voice_service:intell_voice_server
[35m[WARNING][0m: sa module libdistributed_ability_manager_svr.z.so has no shlib_type="sa", add it in //foundation/ability/dmsfwk/services/dtbabilitymgr:distributed_ability_manager_svr
[35m[WARNING][0m: sa module libbluetooth_server.z.so has no shlib_type="sa", add it in //foundation/communication/bluetooth_service/services/bluetooth/server:bluetooth_server
[35m[WARNING][0m: sa module libmidi_service.z.so has no shlib_type="sa", add it in //foundation/multimedia/midi_framework/services:midi_service
[35m[WARNING][0m: sa module libfusion_ranging_server.z.so has no shlib_type="sa", add it in //foundation/communication/fusion_connectivity/fusion_ranging/services/server:fusion_ranging_server
[35m[WARNING][0m: sa module libmechbody_service.z.so has no shlib_type="sa", add it in //foundation/distributedhardware/mechbody_controller/services:mechbody_service
[35m[WARNING][0m: sa module libuserauthservice.z.so has no shlib_type="sa", add it in //base/useriam/user_auth_framework/services:userauthservice
[35m[WARNING][0m: sa module liblbsservice_gnss.z.so has no shlib_type="sa", add it in //base/location/location/services/location_gnss/gnss:lbsservice_gnss
[35m[WARNING][0m: sa module libsrms.z.so has no shlib_type="sa", add it in //foundation/ability/ability_runtime/service_router_framework/services/srms:libsrms
[35m[WARNING][0m: sa module libi18n_sa.z.so has no shlib_type="sa", add it in //base/global/i18n/services:i18n_sa
[35m[WARNING][0m: sa module libapp_domain_verify_agent_service.z.so has no shlib_type="sa", add it in //foundation/bundlemanager/app_domain_verify/services:app_domain_verify_agent_service
[35m[WARNING][0m: sa module liblbsservice_passive.z.so has no shlib_type="sa", add it in //base/location/location/services/location_passive/passive:lbsservice_passive
[35m[WARNING][0m: sa module libcompaniondeviceauthservice.z.so has no shlib_type="sa", add it in //base/useriam/companion_device_auth/services:companiondeviceauthservice
[35m[WARNING][0m: sa module libpasteboard_service.z.so has no shlib_type="sa", add it in //foundation/distributeddatamgr/pasteboard/services:pasteboard_service
[35m[WARNING][0m: sa module liblbsservice_geocode.z.so has no shlib_type="sa", add it in //base/location/location/services/location_geocode/geocode:lbsservice_geocode
[35m[WARNING][0m: sa module libdevicemanagerservice.z.so has no shlib_type="sa", add it in //foundation/distributedhardware/device_manager/services/service:devicemanagerservice
[35m[WARNING][0m: sa module libselection_service.z.so has no shlib_type="sa", add it in //foundation/systemabilitymgr/selectionfwk/service:selection_service
[35m[WARNING][0m: sa module libsecure_access_fence_service.dylib.so has no shlib_type="sa", add it in //base/security/asset/services/secure_access_fence/core_service:secure_access_fence_service
[35m[WARNING][0m: sa module libdistributed_camera_sink.z.so has no shlib_type="sa", add it in //foundation/distributedhardware/distributed_camera/services/cameraservice/sinkservice:distributed_camera_sink
[35m[WARNING][0m: sa module libtel_state_registry.z.so has no shlib_type="sa", add it in //base/telephony/state_registry:tel_state_registry
[35m[WARNING][0m: sa module libprint_service.z.so has no shlib_type="sa", add it in //base/print/print_fwk/services/print_service:print_service
[35m[WARNING][0m: sa module libwallpaper_service.z.so has no shlib_type="sa", add it in //base/theme/wallpaper_mgr/services:wallpaper_service
[35m[WARNING][0m: sa module libaccessibleabilityms.z.so has no shlib_type="sa", add it in //foundation/barrierfree/accessibility/services/aams:accessibleabilityms
[35m[WARNING][0m: sa module libinstalls.z.so has no shlib_type="sa", add it in //foundation/bundlemanager/bundle_framework/services/bundlemgr:installs
[35m[WARNING][0m: sa module libpowermgrservice.z.so has no shlib_type="sa", add it in //base/powermgr/power_manager/services:powermgrservice
[35m[WARNING][0m: sa module libwms.z.so has no shlib_type="sa", add it in //foundation/window/window_manager/wmserver:libwms
[35m[WARNING][0m: sa module libaudio_service.z.so has no shlib_type="sa", add it in //foundation/multimedia/audio_framework/services/audio_service:audio_service
[35m[WARNING][0m: sa module libdownload_server.dylib.so has no shlib_type="sa", add it in //base/request/request/services:download_server
[35m[WARNING][0m: sa module libsys_installer.z.so has no shlib_type="sa", add it in //base/update/sys_installer/frameworks/ipc_server:sys_installer
[35m[WARNING][0m: sa module libdinput_source.z.so has no shlib_type="sa", add it in //foundation/distributedhardware/distributed_input/services/source/sourcemanager:libdinput_source
[35m[WARNING][0m: sa module libfaceauthservice.z.so has no shlib_type="sa", add it in //base/useriam/face_auth/services:faceauthservice
[35m[WARNING][0m: sa module libmdns_manager.z.so has no shlib_type="sa", add it in //foundation/communication/netmanager_ext/services/mdnsmanager:mdns_manager
[35m[WARNING][0m: sa module libdistributed_device_profile_svr.z.so has no shlib_type="sa", add it in //foundation/deviceprofile/device_info_manager/services/core:distributed_device_profile_svr
[35m[WARNING][0m: sa module libdistributedschedsvr.z.so has no shlib_type="sa", add it in //foundation/ability/dmsfwk/services/dtbschedmgr:distributedschedsvr
[35m[WARNING][0m: sa module libagentmgr.z.so has no shlib_type="sa", add it in //foundation/ability/ability_runtime/agent_runtime_framework/services/agentmgr:agentmgr
[35m[WARNING][0m: non sa module libcloudfiledaemon.z.so with shlib_type="sa", //foundation/filemanagement/dfs_service/services/cloudfiledaemon:cloudfiledaemon
Do NO-Depends-On-HDI rule checking now:
[35m[WARNING][0m: non hdi module libdisplay_composer_driver_1.0.z.so with shlib_type="hdi", //drivers/peripheral/display/composer/hdi_service:libdisplay_composer_driver_1.0
[35m[WARNING][0m: non hdi module libchip_hdi_driver.z.so with shlib_type="hdi", //drivers/peripheral/wlan/chip/hdi_service:libchip_hdi_driver
[35m[WARNING][0m: non hdi module liblocation_agnss_hdi_driver.z.so with shlib_type="hdi", //drivers/peripheral/location/agnss/hdi_service:liblocation_agnss_hdi_driver
[35m[WARNING][0m: non hdi module libwifi_hdi_c_device.z.so with shlib_type="hdi", //drivers/peripheral/wlan/hdi_service:libwifi_hdi_c_device
[35m[WARNING][0m: non hdi module libusbhost_acm_rawapi.z.so with shlib_type="hdi", //drivers/peripheral/usb/serial:libusbhost_acm_rawapi
[35m[WARNING][0m: non hdi module libeffect_model_service.z.so with shlib_type="hdi", //drivers/peripheral/audio/effect/host:effect_model_service
[35m[WARNING][0m: non hdi module libusbhost_rndis_rawapi.z.so with shlib_type="hdi", //drivers/peripheral/usb/net:libusbhost_rndis_rawapi
[35m[WARNING][0m: non hdi module libusb_ddk_driver.z.so with shlib_type="hdi", //drivers/peripheral/usb/ddk_service/usb_service:libusb_ddk_driver
[35m[WARNING][0m: non hdi module libmetadata_driver_1.1.z.so with shlib_type="hdi", //drivers/peripheral/display/buffer/hdi_service:libmetadata_driver_1.1
[35m[WARNING][0m: non hdi module libsensor_driver.z.so with shlib_type="hdi", //drivers/peripheral/sensor/hdi_service_3.0:libsensor_driver
[35m[WARNING][0m: non hdi module libbattery_driver.z.so with shlib_type="hdi", //drivers/peripheral/battery/interfaces/hdi_service:libbattery_driver
[35m[WARNING][0m: non hdi module liblight_driver.z.so with shlib_type="hdi", //drivers/peripheral/light/hdi_service:liblight_driver
[35m[WARNING][0m: non hdi module libface_auth_driver.z.so with shlib_type="hdi", //drivers/peripheral/face_auth/hdi_service:libface_auth_driver
[35m[WARNING][0m: non hdi module liboff_find_hdi_driver.z.so with shlib_type="hdi", //drivers/peripheral/nearlink/off_find/hdi_service:liboff_find_hdi_driver
[35m[WARNING][0m: non hdi module liblocation_gnss_hdi_driver.z.so with shlib_type="hdi", //drivers/peripheral/location/gnss/hdi_service:liblocation_gnss_hdi_driver
[35m[WARNING][0m: non hdi module libthermal_driver.z.so with shlib_type="hdi", //drivers/peripheral/thermal/interfaces/hdi_service:libthermal_driver
[35m[WARNING][0m: non hdi module libclearplay_driver.z.so with shlib_type="hdi", //drivers/peripheral/clearplay/interfaces:libclearplay_driver
[35m[WARNING][0m: non hdi module libnearlink_hci_hdi_driver.z.so with shlib_type="hdi", //drivers/peripheral/nearlink/dli/dli_service:libnearlink_hci_hdi_driver
[35m[WARNING][0m: non hdi module libusbfn_cdcecm.z.so with shlib_type="hdi", //drivers/peripheral/usb/gadget/function/ecm:libusbfn_cdcecm
[35m[WARNING][0m: non hdi module libintell_voice_engine_driver.z.so with shlib_type="hdi", //drivers/peripheral/intelligent_voice/hdi_service/engine:intell_voice_engine_driver
[35m[WARNING][0m: non hdi module libbluetooth_hci_hdi_driver.z.so with shlib_type="hdi", //drivers/peripheral/bluetooth/hci/hdi_service:libbluetooth_hci_hdi_driver
[35m[WARNING][0m: non hdi module libintell_voice_trigger_driver.z.so with shlib_type="hdi", //drivers/peripheral/intelligent_voice/hdi_service/trigger:intell_voice_trigger_driver
[35m[WARNING][0m: non hdi module libpartitionslot_driver.z.so with shlib_type="hdi", //drivers/peripheral/partitionslot/hdi_service:libpartitionslot_driver
[35m[WARNING][0m: non hdi module libusb_serial_ddk_driver.z.so with shlib_type="hdi", //drivers/peripheral/usb/ddk_service/serial_service:libusb_serial_ddk_driver
[35m[WARNING][0m: non hdi module libhid_ddk_driver.z.so with shlib_type="hdi", //drivers/peripheral/input/ddk_service:libhid_ddk_driver
[35m[WARNING][0m: non hdi module libdistributed_camera_provider_config.z.so with shlib_type="hdi", //drivers/peripheral/distributed_camera/hdi_service:libdistributed_camera_provider_config
[35m[WARNING][0m: non hdi module libusbhost_ecm.z.so with shlib_type="hdi", //drivers/peripheral/usb/net:libusbhost_ecm
[35m[WARNING][0m: non hdi module libvibrator_driver.z.so with shlib_type="hdi", //drivers/peripheral/vibrator/hdi_service_2.0:libvibrator_driver
[35m[WARNING][0m: non hdi module liblocation_geofence_hdi_driver.z.so with shlib_type="hdi", //drivers/peripheral/location/geofence/hdi_service:liblocation_geofence_hdi_driver
[35m[WARNING][0m: non hdi module libdistributed_camera_host_config.z.so with shlib_type="hdi", //drivers/peripheral/distributed_camera/hdi_service:libdistributed_camera_host_config
[35m[WARNING][0m: non hdi module libusb_device_driver.z.so with shlib_type="hdi", //drivers/peripheral/usb/hdi_service:libusb_device_driver
[35m[WARNING][0m: non hdi module libusbfn_cdcacm.z.so with shlib_type="hdi", //drivers/peripheral/usb/gadget/function/acm:libusbfn_cdcacm
[35m[WARNING][0m: non hdi module libpin_auth_driver.z.so with shlib_type="hdi", //drivers/peripheral/pin_auth/hdi_service:libpin_auth_driver
[35m[WARNING][0m: non hdi module libwpa_hdi_c_device.z.so with shlib_type="hdi", //drivers/peripheral/wlan/wpa/interfaces/hdi_service:libwpa_hdi_c_device
[35m[WARNING][0m: non hdi module libusb_port_driver.z.so with shlib_type="hdi", //drivers/peripheral/usb/hdi_service:libusb_port_driver
[35m[WARNING][0m: non hdi module libmotion_driver.z.so with shlib_type="hdi", //drivers/peripheral/motion/hdi_service:libmotion_driver
[35m[WARNING][0m: non hdi module libcodec_image_driver.z.so with shlib_type="hdi", //drivers/peripheral/codec/image:libcodec_image_driver
[35m[WARNING][0m: non hdi module libdaudio_primary_driver.z.so with shlib_type="hdi", //drivers/peripheral/distributed_audio/hdi_service/audio/v1_0:libdaudio_primary_driver
[35m[WARNING][0m: non hdi module libcamera_host_service_1.0.z.so with shlib_type="hdi", //drivers/peripheral/camera/hdi_service/v1_0:camera_host_service_1.0
[35m[WARNING][0m: non hdi module liballocator_driver_1.0.z.so with shlib_type="hdi", //drivers/peripheral/display/buffer/hdi_service:liballocator_driver_1.0
[35m[WARNING][0m: non hdi module libpower_driver.z.so with shlib_type="hdi", //drivers/peripheral/power/interfaces/hdi_service:libpower_driver
[35m[WARNING][0m: non hdi module libscsi_ddk_driver.z.so with shlib_type="hdi", //drivers/peripheral/usb/ddk_service/scsi_service:libscsi_ddk_driver
[35m[WARNING][0m: non hdi module libusbhost_acm.z.so with shlib_type="hdi", //drivers/peripheral/usb/serial:libusbhost_acm
[35m[WARNING][0m: non hdi module libaudio_bluetooth_hdi_adapter_server.z.so with shlib_type="hdi", //drivers/peripheral/bluetooth/audio/hal/hdi_binder/server:audio_bluetooth_hdi_adapter_server
[35m[WARNING][0m: non hdi module libcodec_driver.z.so with shlib_type="hdi", //drivers/peripheral/codec/hal/idl_service:libcodec_driver
[35m[WARNING][0m: non hdi module libfingerprint_auth_driver.z.so with shlib_type="hdi", //drivers/peripheral/fingerprint_auth/hdi_service:libfingerprint_auth_driver
[35m[WARNING][0m: non hdi module libusbfn_mtp_driver.z.so with shlib_type="hdi", //drivers/peripheral/usb/gadget/function/mtp:libusbfn_mtp_driver
[35m[WARNING][0m: non hdi module libethernet_hdi_c_device.z.so with shlib_type="hdi", //drivers/peripheral/ethernet/eth_interfaces/hdi_service:libethernet_hdi_c_device
[35m[WARNING][0m: non hdi module libusbfn.z.so with shlib_type="hdi", //drivers/peripheral/usb/gadget/function/usbfn:libusbfn
[35m[WARNING][0m: non hdi module libmapper_driver_1.0.z.so with shlib_type="hdi", //drivers/peripheral/display/buffer/hdi_service:libmapper_driver_1.0
[35m[WARNING][0m: non hdi module libril_driver.z.so with shlib_type="hdi", //drivers/peripheral/ril/interfaces/hdi_service:libril_driver
[35m[WARNING][0m: non hdi module libdaudio_ext_driver.z.so with shlib_type="hdi", //drivers/peripheral/distributed_audio/hdi_service/audio_ext/v1_0:libdaudio_ext_driver
[35m[WARNING][0m: non hdi module libhdi_audio_a2dp_server.z.so with shlib_type="hdi", //drivers/peripheral/audio/hal/hdi_binder/server:hdi_audio_a2dp_server
[35m[WARNING][0m: non hdi module libuser_auth_driver.z.so with shlib_type="hdi", //drivers/peripheral/user_auth/hdi_service:libuser_auth_driver
[35m[WARNING][0m: non hdi module libaudio_primary_driver.z.so with shlib_type="hdi", //drivers/peripheral/audio/hdi_service/primary:audio_primary_driver
[35m[WARNING][0m: non hdi module libhostapd_hdi_c_device.z.so with shlib_type="hdi", //drivers/peripheral/wlan/hostapd/interfaces/hdi_service:libhostapd_hdi_c_device
[35m[WARNING][0m: non hdi module libserial_interface_service_1.0.z.so with shlib_type="hdi", //drivers/peripheral/usb/serial:libserial_interface_service_1.0
[35m[WARNING][0m: non hdi module libusb_adapter.z.so with shlib_type="hdi", //drivers/peripheral/usb/libusb_adapter:libusb_adapter
****add chipsetsdk_rules_path path:/srv/workspace/openharmony_master_default_20260723175927_huawei_33e607913/code/developtools/integration_verification/tools/deps_guard/rules_checker/../rules****
****Parsing rules file in /srv/workspace/openharmony_master_default_20260723175927_huawei_33e607913/code/developtools/integration_verification/tools/deps_guard/rules_checker/../rules/ChipsetSDK/chipsetsdk_info.json****
Do ChipsetSDK rule checking now:
****add chipsetsdk_rules_path path:/srv/workspace/openharmony_master_default_20260723175927_huawei_33e607913/code/developtools/integration_verification/tools/deps_guard/rules_checker/../rules****
****Parsing rules file in /srv/workspace/openharmony_master_default_20260723175927_huawei_33e607913/code/developtools/integration_verification/tools/deps_guard/rules_checker/../rules/ChipsetSDK/chipsetsdk_info.json****
****add chipsetsdk_rules_path path:/srv/workspace/openharmony_master_default_20260723175927_huawei_33e607913/code/developtools/integration_verification/tools/deps_guard/rules_checker/../rules****
****Parsing rules file in /srv/workspace/openharmony_master_default_20260723175927_huawei_33e607913/code/developtools/integration_verification/tools/deps_guard/rules_checker/../rules/ChipsetSDK/chipsetsdk_indirect.json****
****chipsetsdk dep whitelist file is /srv/workspace/openharmony_master_default_20260723175927_huawei_33e607913/code/developtools/integration_verification/tools/deps_guard/rules_checker/../rules/chipsetsdk_dep_whitelist.json****
****chipsetsdk dep whitelist file is /srv/workspace/openharmony_master_default_20260723175927_huawei_33e607913/code/developtools/integration_verification/tools/deps_guard/rules_checker/../rules/chipsetsdk_dep_whitelist.json****
****check_depends_on_chipsetsdk result:True****
****add path:/srv/workspace/openharmony_master_default_20260723175927_huawei_33e607913/code/developtools/integration_verification/tools/deps_guard/rules_checker/../rules****
****Parsing rules file in /srv/workspace/openharmony_master_default_20260723175927_huawei_33e607913/code/developtools/integration_verification/tools/deps_guard/rules_checker/../rules/Passthrough/passthrough_info.json****
****add path:/srv/workspace/openharmony_master_default_20260723175927_huawei_33e607913/code/developtools/integration_verification/tools/deps_guard/rules_checker/../rules****
****Parsing rules file in /srv/workspace/openharmony_master_default_20260723175927_huawei_33e607913/code/developtools/integration_verification/tools/deps_guard/rules_checker/../rules/LLndk/llndk_info.json****
****add path:/srv/workspace/openharmony_master_default_20260723175927_huawei_33e607913/code/developtools/integration_verification/tools/deps_guard/rules_checker/../rules****
****Parsing rules file in /srv/workspace/openharmony_master_default_20260723175927_huawei_33e607913/code/developtools/integration_verification/tools/deps_guard/rules_checker/../rules/ChipsetsdkSP/chipsetsdk_sp_info.json****
****add path:/srv/workspace/openharmony_master_default_20260723175927_huawei_33e607913/code/developtools/integration_verification/tools/deps_guard/rules_checker/../rules****
****Parsing rules file in /srv/workspace/openharmony_master_default_20260723175927_huawei_33e607913/code/developtools/integration_verification/tools/deps_guard/rules_checker/../rules/ChipsetSDK/chipsetsdk_info.json****
****check_if_deps_correctly result:True****
****add path:/srv/workspace/openharmony_master_default_20260723175927_huawei_33e607913/code/developtools/integration_verification/tools/deps_guard/rules_checker/../rules****
****Parsing rules file in /srv/workspace/openharmony_master_default_20260723175927_huawei_33e607913/code/developtools/integration_verification/tools/deps_guard/rules_checker/../rules/Passthrough/passthrough_info.json****
****add path:/srv/workspace/openharmony_master_default_20260723175927_huawei_33e607913/code/developtools/integration_verification/tools/deps_guard/rules_checker/../rules****
****Parsing rules file in /srv/workspace/openharmony_master_default_20260723175927_huawei_33e607913/code/developtools/integration_verification/tools/deps_guard/rules_checker/../rules/LLndk/llndk_info.json****
****add path:/srv/workspace/openharmony_master_default_20260723175927_huawei_33e607913/code/developtools/integration_verification/tools/deps_guard/rules_checker/../rules****
****Parsing rules file in /srv/workspace/openharmony_master_default_20260723175927_huawei_33e607913/code/developtools/integration_verification/tools/deps_guard/rules_checker/../rules/ChipsetsdkSP/chipsetsdk_sp_info.json****
****add path:/srv/workspace/openharmony_master_default_20260723175927_huawei_33e607913/code/developtools/integration_verification/tools/deps_guard/rules_checker/../rules****
****Parsing rules file in /srv/workspace/openharmony_master_default_20260723175927_huawei_33e607913/code/developtools/integration_verification/tools/deps_guard/rules_checker/../rules/ChipsetSDK/chipsetsdk_info.json****
****check_if_deps_correctly indirect result:True****
****check_tagged_correctly result:True****
****add path:/srv/workspace/openharmony_master_default_20260723175927_huawei_33e607913/code/developtools/integration_verification/tools/deps_guard/rules_checker/../rules****
****Parsing rules file in /srv/workspace/openharmony_master_default_20260723175927_huawei_33e607913/code/developtools/integration_verification/tools/deps_guard/rules_checker/../rules/Passthrough/passthrough_info.json****
****add path:/srv/workspace/openharmony_master_default_20260723175927_huawei_33e607913/code/developtools/integration_verification/tools/deps_guard/rules_checker/../rules****
****Parsing rules file in /srv/workspace/openharmony_master_default_20260723175927_huawei_33e607913/code/developtools/integration_verification/tools/deps_guard/rules_checker/../rules/LLndk/llndk_info.json****
****add path:/srv/workspace/openharmony_master_default_20260723175927_huawei_33e607913/code/developtools/integration_verification/tools/deps_guard/rules_checker/../rules****
****Parsing rules file in /srv/workspace/openharmony_master_default_20260723175927_huawei_33e607913/code/developtools/integration_verification/tools/deps_guard/rules_checker/../rules/ChipsetsdkSP/chipsetsdk_sp_info.json****
****add path:/srv/workspace/openharmony_master_default_20260723175927_huawei_33e607913/code/developtools/integration_verification/tools/deps_guard/rules_checker/../rules****
****Parsing rules file in /srv/workspace/openharmony_master_default_20260723175927_huawei_33e607913/code/developtools/integration_verification/tools/deps_guard/rules_checker/../rules/ChipsetSDK/chipsetsdk_info.json****
Do BaseInnerApi rule checking now:
****chipsetsdk dep whitelist file is /srv/workspace/openharmony_master_default_20260723175927_huawei_33e607913/code/developtools/integration_verification/tools/deps_guard/rules_checker/../rules/chipsetsdk_dep_whitelist.json****
****add chipsetsdk_sp_rules_path path:/srv/workspace/openharmony_master_default_20260723175927_huawei_33e607913/code/developtools/integration_verification/tools/deps_guard/rules_checker/../rules****
****Parsing rules file in /srv/workspace/openharmony_master_default_20260723175927_huawei_33e607913/code/developtools/integration_verification/tools/deps_guard/rules_checker/../rules/ChipsetsdkSP/chipsetsdk_sp_info.json****
Do ChipsetsdkSP rule checking now:
****add chipsetsdk_sp_rules_path path:/srv/workspace/openharmony_master_default_20260723175927_huawei_33e607913/code/developtools/integration_verification/tools/deps_guard/rules_checker/../rules****
****Parsing rules file in /srv/workspace/openharmony_master_default_20260723175927_huawei_33e607913/code/developtools/integration_verification/tools/deps_guard/rules_checker/../rules/ChipsetsdkSP/chipsetsdk_sp_info.json****
****add chipsetsdk_sp_rules_path path:/srv/workspace/openharmony_master_default_20260723175927_huawei_33e607913/code/developtools/integration_verification/tools/deps_guard/rules_checker/../rules****
****Parsing rules file in /srv/workspace/openharmony_master_default_20260723175927_huawei_33e607913/code/developtools/integration_verification/tools/deps_guard/rules_checker/../rules/ChipsetsdkSP/chipsetsdk_sp_indirect.json****
****chipsetsdk dep whitelist file is /srv/workspace/openharmony_master_default_20260723175927_huawei_33e607913/code/developtools/integration_verification/tools/deps_guard/rules_checker/../rules/chipsetsdk_dep_whitelist.json****
****check_depends_on_chipsetsdk_sp result:True****
****add path:/srv/workspace/openharmony_master_default_20260723175927_huawei_33e607913/code/developtools/integration_verification/tools/deps_guard/rules_checker/../rules****
****Parsing rules file in /srv/workspace/openharmony_master_default_20260723175927_huawei_33e607913/code/developtools/integration_verification/tools/deps_guard/rules_checker/../rules/Passthrough/passthrough_info.json****
****add path:/srv/workspace/openharmony_master_default_20260723175927_huawei_33e607913/code/developtools/integration_verification/tools/deps_guard/rules_checker/../rules****
****Parsing rules file in /srv/workspace/openharmony_master_default_20260723175927_huawei_33e607913/code/developtools/integration_verification/tools/deps_guard/rules_checker/../rules/LLndk/llndk_info.json****
****add path:/srv/workspace/openharmony_master_default_20260723175927_huawei_33e607913/code/developtools/integration_verification/tools/deps_guard/rules_checker/../rules****
****Parsing rules file in /srv/workspace/openharmony_master_default_20260723175927_huawei_33e607913/code/developtools/integration_verification/tools/deps_guard/rules_checker/../rules/ChipsetsdkSP/chipsetsdk_sp_info.json****
****add path:/srv/workspace/openharmony_master_default_20260723175927_huawei_33e607913/code/developtools/integration_verification/tools/deps_guard/rules_checker/../rules****
****Parsing rules file in /srv/workspace/openharmony_master_default_20260723175927_huawei_33e607913/code/developtools/integration_verification/tools/deps_guard/rules_checker/../rules/ChipsetSDK/chipsetsdk_info.json****
****check_if_deps_correctly result:True****
****add path:/srv/workspace/openharmony_master_default_20260723175927_huawei_33e607913/code/developtools/integration_verification/tools/deps_guard/rules_checker/../rules****
****Parsing rules file in /srv/workspace/openharmony_master_default_20260723175927_huawei_33e607913/code/developtools/integration_verification/tools/deps_guard/rules_checker/../rules/Passthrough/passthrough_info.json****
****add path:/srv/workspace/openharmony_master_default_20260723175927_huawei_33e607913/code/developtools/integration_verification/tools/deps_guard/rules_checker/../rules****
****Parsing rules file in /srv/workspace/openharmony_master_default_20260723175927_huawei_33e607913/code/developtools/integration_verification/tools/deps_guard/rules_checker/../rules/LLndk/llndk_info.json****
****add path:/srv/workspace/openharmony_master_default_20260723175927_huawei_33e607913/code/developtools/integration_verification/tools/deps_guard/rules_checker/../rules****
****Parsing rules file in /srv/workspace/openharmony_master_default_20260723175927_huawei_33e607913/code/developtools/integration_verification/tools/deps_guard/rules_checker/../rules/ChipsetsdkSP/chipsetsdk_sp_info.json****
****add path:/srv/workspace/openharmony_master_default_20260723175927_huawei_33e607913/code/developtools/integration_verification/tools/deps_guard/rules_checker/../rules****
****Parsing rules file in /srv/workspace/openharmony_master_default_20260723175927_huawei_33e607913/code/developtools/integration_verification/tools/deps_guard/rules_checker/../rules/ChipsetSDK/chipsetsdk_info.json****
****check_if_deps_correctly indirect result:True****
****check_tagged_correctly result:True****
****add more llndk info in dir:/srv/workspace/openharmony_master_default_20260723175927_huawei_33e607913/code/developtools/integration_verification/tools/deps_guard/rules_checker/../rules****
****Parsing rules file in /srv/workspace/openharmony_master_default_20260723175927_huawei_33e607913/code/developtools/integration_verification/tools/deps_guard/rules_checker/../rules/LLndk/llndk_info.json****
Do LLndk rule checking now:
****chipsetsdk dep whitelist file is /srv/workspace/openharmony_master_default_20260723175927_huawei_33e607913/code/developtools/integration_verification/tools/deps_guard/rules_checker/../rules/chipsetsdk_dep_whitelist.json****
****add more llndk info in dir:/srv/workspace/openharmony_master_default_20260723175927_huawei_33e607913/code/developtools/integration_verification/tools/deps_guard/rules_checker/../rules****
****Parsing rules file in /srv/workspace/openharmony_master_default_20260723175927_huawei_33e607913/code/developtools/integration_verification/tools/deps_guard/rules_checker/../rules/LLndk/llndk_info.json****
****check_if_tagged_correctly result:True****
****add path:/srv/workspace/openharmony_master_default_20260723175927_huawei_33e607913/code/developtools/integration_verification/tools/deps_guard/rules_checker/../rules****
****Parsing rules file in /srv/workspace/openharmony_master_default_20260723175927_huawei_33e607913/code/developtools/integration_verification/tools/deps_guard/rules_checker/../rules/Passthrough/passthrough_info.json****
****add path:/srv/workspace/openharmony_master_default_20260723175927_huawei_33e607913/code/developtools/integration_verification/tools/deps_guard/rules_checker/../rules****
****Parsing rules file in /srv/workspace/openharmony_master_default_20260723175927_huawei_33e607913/code/developtools/integration_verification/tools/deps_guard/rules_checker/../rules/LLndk/llndk_info.json****
****add path:/srv/workspace/openharmony_master_default_20260723175927_huawei_33e607913/code/developtools/integration_verification/tools/deps_guard/rules_checker/../rules****
****Parsing rules file in /srv/workspace/openharmony_master_default_20260723175927_huawei_33e607913/code/developtools/integration_verification/tools/deps_guard/rules_checker/../rules/ChipsetsdkSP/chipsetsdk_sp_info.json****
****add path:/srv/workspace/openharmony_master_default_20260723175927_huawei_33e607913/code/developtools/integration_verification/tools/deps_guard/rules_checker/../rules****
****Parsing rules file in /srv/workspace/openharmony_master_default_20260723175927_huawei_33e607913/code/developtools/integration_verification/tools/deps_guard/rules_checker/../rules/ChipsetSDK/chipsetsdk_info.json****
****check_if_deps_correctly result:True****
****add more passthrough info in dir:/srv/workspace/openharmony_master_default_20260723175927_huawei_33e607913/code/developtools/integration_verification/tools/deps_guard/rules_checker/../rules****
****Parsing rules file in /srv/workspace/openharmony_master_default_20260723175927_huawei_33e607913/code/developtools/integration_verification/tools/deps_guard/rules_checker/../rules/Passthrough/passthrough_info.json****
Do Passthrough rule checking now:
****add more passthrough info in dir:/srv/workspace/openharmony_master_default_20260723175927_huawei_33e607913/code/developtools/integration_verification/tools/deps_guard/rules_checker/../rules****
****Parsing rules file in /srv/workspace/openharmony_master_default_20260723175927_huawei_33e607913/code/developtools/integration_verification/tools/deps_guard/rules_checker/../rules/Passthrough/passthrough_info.json****
****add more passthrough info in dir:/srv/workspace/openharmony_master_default_20260723175927_huawei_33e607913/code/developtools/integration_verification/tools/deps_guard/rules_checker/../rules****
****Parsing rules file in /srv/workspace/openharmony_master_default_20260723175927_huawei_33e607913/code/developtools/integration_verification/tools/deps_guard/rules_checker/../rules/Passthrough/passthrough_indirect.json****
****chipsetsdk dep whitelist file is /srv/workspace/openharmony_master_default_20260723175927_huawei_33e607913/code/developtools/integration_verification/tools/deps_guard/rules_checker/../rules/chipsetsdk_dep_whitelist.json****
****check_depends_on_passthrough result:True****
****add path:/srv/workspace/openharmony_master_default_20260723175927_huawei_33e607913/code/developtools/integration_verification/tools/deps_guard/rules_checker/../rules****
****Parsing rules file in /srv/workspace/openharmony_master_default_20260723175927_huawei_33e607913/code/developtools/integration_verification/tools/deps_guard/rules_checker/../rules/Passthrough/passthrough_info.json****
****add path:/srv/workspace/openharmony_master_default_20260723175927_huawei_33e607913/code/developtools/integration_verification/tools/deps_guard/rules_checker/../rules****
****Parsing rules file in /srv/workspace/openharmony_master_default_20260723175927_huawei_33e607913/code/developtools/integration_verification/tools/deps_guard/rules_checker/../rules/LLndk/llndk_info.json****
****add path:/srv/workspace/openharmony_master_default_20260723175927_huawei_33e607913/code/developtools/integration_verification/tools/deps_guard/rules_checker/../rules****
****Parsing rules file in /srv/workspace/openharmony_master_default_20260723175927_huawei_33e607913/code/developtools/integration_verification/tools/deps_guard/rules_checker/../rules/ChipsetsdkSP/chipsetsdk_sp_info.json****
****add path:/srv/workspace/openharmony_master_default_20260723175927_huawei_33e607913/code/developtools/integration_verification/tools/deps_guard/rules_checker/../rules****
****Parsing rules file in /srv/workspace/openharmony_master_default_20260723175927_huawei_33e607913/code/developtools/integration_verification/tools/deps_guard/rules_checker/../rules/ChipsetSDK/chipsetsdk_info.json****
****check_if_deps_correctly result:True****
****add path:/srv/workspace/openharmony_master_default_20260723175927_huawei_33e607913/code/developtools/integration_verification/tools/deps_guard/rules_checker/../rules****
****Parsing rules file in /srv/workspace/openharmony_master_default_20260723175927_huawei_33e607913/code/developtools/integration_verification/tools/deps_guard/rules_checker/../rules/Passthrough/passthrough_info.json****
****add path:/srv/workspace/openharmony_master_default_20260723175927_huawei_33e607913/code/developtools/integration_verification/tools/deps_guard/rules_checker/../rules****
****Parsing rules file in /srv/workspace/openharmony_master_default_20260723175927_huawei_33e607913/code/developtools/integration_verification/tools/deps_guard/rules_checker/../rules/LLndk/llndk_info.json****
****add path:/srv/workspace/openharmony_master_default_20260723175927_huawei_33e607913/code/developtools/integration_verification/tools/deps_guard/rules_checker/../rules****
****Parsing rules file in /srv/workspace/openharmony_master_default_20260723175927_huawei_33e607913/code/developtools/integration_verification/tools/deps_guard/rules_checker/../rules/ChipsetsdkSP/chipsetsdk_sp_info.json****
****add path:/srv/workspace/openharmony_master_default_20260723175927_huawei_33e607913/code/developtools/integration_verification/tools/deps_guard/rules_checker/../rules****
****Parsing rules file in /srv/workspace/openharmony_master_default_20260723175927_huawei_33e607913/code/developtools/integration_verification/tools/deps_guard/rules_checker/../rules/ChipsetSDK/chipsetsdk_info.json****
****check_if_deps_correctly indirect result:True****
****check_tagged_correctly result:True****
All rules passed
Do NO-Config-Cmds-In-Init rule checking now:
[35m[WARNING][0m: cupsd is not in start cmd list. path:/system/etc/init/cups_service.cfg
[35m[WARNING][0m: nwebspawn is not in start cmd list. path:/system/etc/init/nwebspawn.cfg
[35m[WARNING][0m: telephony is not in start cmd list. path:/system/etc/init/telephony.cfg
[35m[WARNING][0m: accesstoken_service is not in start cmd list. path:/system/etc/init/access_token.cfg
[35m[WARNING][0m: faultloggerd is not in start cmd list. path:/system/etc/init/faultloggerd.cfg
[35m[WARNING][0m: foundation is not in start cmd list. path:/system/etc/init/foundation.cfg
[35m[WARNING][0m: teecd is not in start cmd list. path:/system/etc/init/teecd.cfg
[35m[WARNING][0m: write_updater is not in start cmd list. path:/system/etc/init/updater_normal.cfg
[35m[WARNING][0m: intell_voice_service is not in start cmd list. path:/system/etc/init/intell_voice_service.cfg
[35m[WARNING][0m: hybridspawn is not in start cmd list. path:/system/etc/init/hybridspawn.cfg
[35m[WARNING][0m: audio_server is not in start cmd list. path:/system/etc/init/audio_server.cfg
[35m[WARNING][0m: el5_filekey_manager is not in start cmd list. path:/system/etc/init/el5_filekey_manager.cfg
[35m[WARNING][0m: key_enable is not in start cmd list. path:/system/etc/init/key_enable.cfg
[35m[WARNING][0m: cadaemon is not in start cmd list. path:/system/etc/init/cadaemon.cfg
[35m[WARNING][0m: hiprofiler_daemon_sa is not in start cmd list. path:/system/etc/init/hiprofilerd.cfg
[35m[WARNING][0m: resource_schedule_executor is not in start cmd list. path:/system/etc/init/resource_schedule_executor.cfg
[35m[WARNING][0m: msdp is not in start cmd list. path:/system/etc/init/msdp_musl.cfg
[91m[NOT ALLOWED][0m: device_usage_stats_service 'secon' is empty
[91m[NOT ALLOWED][0m: 'load_access_token_id' is timeout command, in /system/etc/init.cfg
[35m[WARNING][0m: 'nativespawn' cannot be started in boot mode
[35m[WARNING][0m: 'cupsd' cannot be started in conditional mode
[35m[WARNING][0m: 'tlogcat' cannot be started in conditional mode
[35m[WARNING][0m: 'nwebspawn' cannot be started in conditional mode
[35m[WARNING][0m: 'accesstoken_service' cannot be started in conditional mode
[35m[WARNING][0m: 'cjappspawn' cannot be started in boot mode
[35m[WARNING][0m: 'audio_server' cannot be started in conditional mode
[35m[WARNING][0m: 'memory_collector' cannot be started in conditional mode
[35m[WARNING][0m: 'key_enable' cannot be started in conditional mode
  Please refer to: [91mhttps://gitee.com/openharmony/developtools_integration_verification/tree/master/tools/startup_guard/rules/NO-Config-Cmds-In-Init/README.md[0m
Do NO-Config-SystemParameter-In-INIT rule checking now:
[91m[NOT ALLOWED][0m: DAC overallocated memory
  Please refer to: [91mhttps://gitee.com/openharmony/developtools_integration_verification/tree/master/tools/startup_guard/rules/NO-Config-SystemParameter-In-INIT/README.md[0m
Do NO-User-Group_In-Init rule checking now:
[91m[NOT ALLOWED][0m: quickfix has different passwd and group values
  Please refer to: [91mhttps://gitee.com/openharmony/developtools_integration_verification/tree/master/tools/startup_guard/rules/NO-User-Group_In-Init/README.md[0m
Do NO-Plug-In_Module-Init rule checking now:
[91m[NOT ALLOWED][0m: the dependent shared library libbegetutil.z.so of librebootmodule.z.so is not in whitelist
[91m[NOT ALLOWED][0m: the dependent shared library libhisysevent.z.so of librebootmodule.z.so is not in whitelist
[91m[NOT ALLOWED][0m: libmodule_update_init.z.so is not in whitelists
  Please refer to: [91mhttps://gitee.com/openharmony/developtools_integration_verification/tree/master/tools/startup_guard/rules/NO-Plug-In_Module-Init/README.md[0m
Do NO-Illegal-SA-Directory-Creation rule checking now:
Please modify according to README.md
[OHOS INFO]  rk3568 build success
[OHOS INFO]  Cost Time:  0:04:39
[32m=====build  successful=====[0m
2026-08-04 10:51:03
++++++++++++++++++++++++++++++++++++++++
real 286.27
user 1849.60
sys 196.92
